year,team,conference,poll_week,rank,rank_numeric,table_id
2010,UConn,Big East,Pre,1.0,1,1
2010,Stanford,Pac-10,Pre,2.0,2,1
2010,Tennessee,SEC,Pre,6.0,6,1
2010,Xavier,A-10,Pre,9.0,9,1
2010,Duke,ACC,Pre,11.0,11,1
2010,Notre Dame,Big East,Pre,5.0,5,1
2010,Ohio State,Big Ten,Pre,3.0,3,1
2010,Texas A&M,Big 12,Pre,15.0,15,1
2010,Florida State,ACC,Pre,13.0,13,1
2010,Oklahoma,Big 12,Pre,20.0,20,1
2010,Baylor,Big 12,Pre,8.0,8,1
2010,Texas,Big 12,Pre,10.0,10,1
2010,LSU,SEC,Pre,7.0,7,1
2010,Georgia,SEC,Pre,16.0,16,1
2010,Michigan State,Big Ten,Pre,21.0,21,1
2010,Virginia,ACC,Pre,12.0,12,1
2010,Vanderbilt,SEC,Pre,22.0,22,1
2010,UNC,ACC,Pre,4.0,4,1
2010,Kansas,Big 12,Pre,19.0,19,1
2010,Arizona State,Pac-10,Pre,14.0,14,1
2010,California,Pac-10,Pre,17.0,17,1
2010,DePaul,Big East,Pre,17.0,17,1
2010,Mississippi State,SEC,Pre,25.0,25,1
2010,Louisville,Big East,Pre,23.0,23,1
2010,Middle Tennessee,Sun Belt,Pre,24.0,24,1
2010,UConn,Big East,Final,1.0,1,1
2010,Stanford,Pac-10,Final,2.0,2,1
2010,Tennessee,SEC,Final,3.0,3,1
2010,Nebraska,Big 12,Final,4.0,4,1
2010,Xavier,A-10,Final,5.0,5,1
2010,Duke,ACC,Final,6.0,6,1
2010,Notre Dame,Big East,Final,7.0,7,1
2010,Ohio State,Big Ten,Final,8.0,8,1
2010,Texas A&M,Big 12,Final,9.0,9,1
2010,West Virginia,Big East,Final,10.0,10,1
2010,Florida State,ACC,Final,11.0,11,1
2010,Oklahoma,Big 12,Final,12.0,12,1
2010,Georgetown,Big East,Final,13.0,13,1
2010,Baylor,Big 12,Final,14.0,14,1
2010,St. John's (NY),Big East,Final,15.0,15,1
2010,Iowa State,Big 12,Final,16.0,16,1
2010,Texas,Big 12,Final,17.0,17,1
2010,Gonzaga,WCC,Final,18.0,18,1
2010,Kentucky,SEC,Final,19.0,19,1
2010,Oklahoma State,Big 12,Final,20.0,20,1
2010,LSU,SEC,Final,21.0,21,1
2010,UCLA,Pac-10,Final,22.0,22,1
2010,Georgia,SEC,Final,23.0,23,1
2010,Michigan State,Big Ten,Final,24.0,24,1
2010,Hartford,AmEast,Final,25.0,25,1
2010,UConn,Big East,11/23,1.0,1,1
2010,Stanford,Pac-10,11/23,2.0,2,1
2010,Tennessee,SEC,11/23,6.0,6,1
2010,Xavier,A-10,11/23,9.0,9,1
2010,Duke,ACC,11/23,10.0,10,1
2010,Notre Dame,Big East,11/23,5.0,5,1
2010,Ohio State,Big Ten,11/23,3.0,3,1
2010,Texas A&M,Big 12,11/23,11.0,11,1
2010,Florida State,ACC,11/23,12.0,12,1
2010,Oklahoma,Big 12,11/23,20.0,20,1
2010,Baylor,Big 12,11/23,8.0,8,1
2010,Texas,Big 12,11/23,13.0,13,1
2010,LSU,SEC,11/23,7.0,7,1
2010,Georgia,SEC,11/23,14.0,14,1
2010,Michigan State,Big Ten,11/23,25.0,25,1
2010,Virginia,ACC,11/23,15.0,15,1
2010,Vanderbilt,SEC,11/23,21.0,21,1
2010,UNC,ACC,11/23,4.0,4,1
2010,Kansas,Big 12,11/23,18.0,18,1
2010,Arizona State,Pac-10,11/23,17.0,17,1
2010,Pitt,Big East,11/23,24.0,24,1
2010,California,Pac-10,11/23,22.0,22,1
2010,DePaul,Big East,11/23,15.0,15,1
2010,Mississippi State,SEC,11/23,19.0,19,1
2010,San Diego State,MWC,11/23,23.0,23,1
2010,UConn,Big East,11/30,1.0,1,1
2010,Stanford,Pac-10,11/30,2.0,2,1
2010,Tennessee,SEC,11/30,6.0,6,1
2010,Xavier,A-10,11/30,9.0,9,1
2010,Duke,ACC,11/30,11.0,11,1
2010,Notre Dame,Big East,11/30,5.0,5,1
2010,Ohio State,Big Ten,11/30,3.0,3,1
2010,Texas A&M,Big 12,11/30,10.0,10,1
2010,Florida State,ACC,11/30,12.0,12,1
2010,Oklahoma,Big 12,11/30,18.0,18,1
2010,Baylor,Big 12,11/30,8.0,8,1
2010,Texas,Big 12,11/30,17.0,17,1
2010,LSU,SEC,11/30,7.0,7,1
2010,Georgia,SEC,11/30,13.0,13,1
2010,Michigan State,Big Ten,11/30,22.0,22,1
2010,Virginia,ACC,11/30,14.0,14,1
2010,Georgia Tech,ACC,11/30,23.0,23,1
2010,Vanderbilt,SEC,11/30,16.0,16,1
2010,UNC,ACC,11/30,4.0,4,1
2010,Kansas,Big 12,11/30,24.0,24,1
2010,Arizona State,Pac-10,11/30,15.0,15,1
2010,Pitt,Big East,11/30,19.0,19,1
2010,Dayton,A-10,11/30,25.0,25,1
2010,California,Pac-10,11/30,20.0,20,1
2010,DePaul,Big East,11/30,21.0,21,1
2010,UConn,Big East,12/7,1.0,1,1
2010,Stanford,Pac-10,12/7,2.0,2,1
2010,Tennessee,SEC,12/7,4.0,4,1
2010,Nebraska,Big 12,12/7,24.0,24,1
2010,Xavier,A-10,12/7,8.0,8,1
2010,Duke,ACC,12/7,7.0,7,1
2010,Notre Dame,Big East,12/7,3.0,3,1
2010,Ohio State,Big Ten,12/7,9.0,9,1
2010,Texas A&M,Big 12,12/7,10.0,10,1
2010,Florida State,ACC,12/7,12.0,12,1
2010,Oklahoma,Big 12,12/7,16.0,16,1
2010,Baylor,Big 12,12/7,6.0,6,1
2010,Texas,Big 12,12/7,17.0,17,1
2010,LSU,SEC,12/7,5.0,5,1
2010,Georgia,SEC,12/7,13.0,13,1
2010,Michigan State,Big Ten,12/7,21.0,21,1
2010,Virginia,ACC,12/7,19.0,19,1
2010,Vanderbilt,SEC,12/7,18.0,18,1
2010,UNC,ACC,12/7,11.0,11,1
2010,Kansas,Big 12,12/7,23.0,23,1
2010,Arizona State,Pac-10,12/7,14.0,14,1
2010,Pitt,Big East,12/7,15.0,15,1
2010,Dayton,A-10,12/7,20.0,20,1
2010,California,Pac-10,12/7,22.0,22,1
2010,Maryland,ACC,12/7,25.0,25,1
2010,UConn,Big East,12/14,1.0,1,1
2010,Stanford,Pac-10,12/14,2.0,2,1
2010,Tennessee,SEC,12/14,3.0,3,1
2010,Nebraska,Big 12,12/14,20.0,20,1
2010,Xavier,A-10,12/14,12.0,12,1
2010,Duke,ACC,12/14,7.0,7,1
2010,Notre Dame,Big East,12/14,4.0,4,1
2010,Ohio State,Big Ten,12/14,8.0,8,1
2010,Texas A&M,Big 12,12/14,13.0,13,1
2010,Florida State,ACC,12/14,10.0,10,1
2010,Oklahoma,Big 12,12/14,15.0,15,1
2010,Baylor,Big 12,12/14,6.0,6,1
2010,Texas,Big 12,12/14,17.0,17,1
2010,LSU,SEC,12/14,5.0,5,1
2010,Georgia,SEC,12/14,11.0,11,1
2010,Michigan State,Big Ten,12/14,16.0,16,1
2010,Virginia,ACC,12/14,19.0,19,1
2010,Georgia Tech,ACC,12/14,25.0,25,1
2010,Vanderbilt,SEC,12/14,18.0,18,1
2010,UNC,ACC,12/14,9.0,9,1
2010,Green Bay,Horizon,12/14,23.0,23,1
2010,Kansas,Big 12,12/14,22.0,22,1
2010,Arizona State,Pac-10,12/14,14.0,14,1
2010,Pitt,Big East,12/14,21.0,21,1
2010,James Madison,CAA,12/14,24.0,24,1
2010,UConn,Big East,12/21,1.0,1,1
2010,Stanford,Pac-10,12/21,2.0,2,1
2010,Tennessee,SEC,12/21,4.0,4,1
2010,Nebraska,Big 12,12/21,14.0,14,1
2010,Xavier,A-10,12/21,15.0,15,1
2010,Duke,ACC,12/21,8.0,8,1
2010,Notre Dame,Big East,12/21,3.0,3,1
2010,Ohio State,Big Ten,12/21,6.0,6,1
2010,Texas A&M,Big 12,12/21,10.0,10,1
2010,Florida State,ACC,12/21,12.0,12,1
2010,Oklahoma,Big 12,12/21,13.0,13,1
2010,Baylor,Big 12,12/21,5.0,5,1
2010,Texas,Big 12,12/21,17.0,17,1
2010,LSU,SEC,12/21,11.0,11,1
2010,Georgia,SEC,12/21,9.0,9,1
2010,Michigan State,Big Ten,12/21,16.0,16,1
2010,Virginia,ACC,12/21,23.0,23,1
2010,Georgia Tech,ACC,12/21,24.0,24,1
2010,Vanderbilt,SEC,12/21,19.0,19,1
2010,UNC,ACC,12/21,7.0,7,1
2010,Green Bay,Horizon,12/21,22.0,22,1
2010,Kansas,Big 12,12/21,21.0,21,1
2010,Arizona State,Pac-10,12/21,18.0,18,1
2010,Pitt,Big East,12/21,20.0,20,1
2010,James Madison,CAA,12/21,25.0,25,1
2010,UConn,Big East,12/28,1.0,1,1
2010,Stanford,Pac-10,12/28,2.0,2,1
2010,Tennessee,SEC,12/28,4.0,4,1
2010,Nebraska,Big 12,12/28,13.0,13,1
2010,Xavier,A-10,12/28,15.0,15,1
2010,Duke,ACC,12/28,8.0,8,1
2010,Notre Dame,Big East,12/28,3.0,3,1
2010,Ohio State,Big Ten,12/28,6.0,6,1
2010,Texas A&M,Big 12,12/28,10.0,10,1
2010,Florida State,ACC,12/28,12.0,12,1
2010,Oklahoma,Big 12,12/28,14.0,14,1
2010,Baylor,Big 12,12/28,5.0,5,1
2010,Texas,Big 12,12/28,17.0,17,1
2010,LSU,SEC,12/28,11.0,11,1
2010,Georgia,SEC,12/28,9.0,9,1
2010,Michigan State,Big Ten,12/28,16.0,16,1
2010,Virginia,ACC,12/28,23.0,23,1
2010,Georgia Tech,ACC,12/28,24.0,24,1
2010,Vanderbilt,SEC,12/28,18.0,18,1
2010,UNC,ACC,12/28,7.0,7,1
2010,Green Bay,Horizon,12/28,22.0,22,1
2010,Kansas,Big 12,12/28,21.0,21,1
2010,Arizona State,Pac-10,12/28,19.0,19,1
2010,Pitt,Big East,12/28,20.0,20,1
2010,James Madison,CAA,12/28,25.0,25,1
2010,UConn,Big East,1/4,1.0,1,1
2010,Stanford,Pac-10,1/4,2.0,2,1
2010,Tennessee,SEC,1/4,4.0,4,1
2010,Nebraska,Big 12,1/4,12.0,12,1
2010,Xavier,A-10,1/4,16.0,16,1
2010,Duke,ACC,1/4,9.0,9,1
2010,Notre Dame,Big East,1/4,3.0,3,1
2010,Ohio State,Big Ten,1/4,6.0,6,1
2010,Texas A&M,Big 12,1/4,10.0,10,1
2010,West Virginia,Big East,1/4,22.0,22,1
2010,Florida State,ACC,1/4,13.0,13,1
2010,Oklahoma,Big 12,1/4,14.0,14,1
2010,Baylor,Big 12,1/4,5.0,5,1
2010,Texas,Big 12,1/4,15.0,15,1
2010,Oklahoma State,Big 12,1/4,23.0,23,1
2010,LSU,SEC,1/4,11.0,11,1
2010,Georgia,SEC,1/4,8.0,8,1
2010,Michigan State,Big Ten,1/4,19.0,19,1
2010,Virginia,ACC,1/4,21.0,21,1
2010,Georgia Tech,ACC,1/4,20.0,20,1
2010,TCU,MWC,1/4,25.0,25,1
2010,Vanderbilt,SEC,1/4,17.0,17,1
2010,UNC,ACC,1/4,7.0,7,1
2010,Green Bay,Horizon,1/4,18.0,18,1
2010,Kansas,Big 12,1/4,24.0,24,1
2010,UConn,Big East,1/11,1.0,1,1
2010,Stanford,Pac-10,1/11,2.0,2,1
2010,Tennessee,SEC,1/11,4.0,4,1
2010,Nebraska,Big 12,1/11,11.0,11,1
2010,Xavier,A-10,1/11,14.0,14,1
2010,Duke,ACC,1/11,7.0,7,1
2010,Notre Dame,Big East,1/11,3.0,3,1
2010,Ohio State,Big Ten,1/11,5.0,5,1
2010,Texas A&M,Big 12,1/11,8.0,8,1
2010,West Virginia,Big East,1/11,18.0,18,1
2010,Florida State,ACC,1/11,16.0,16,1
2010,Oklahoma,Big 12,1/11,13.0,13,1
2010,Georgetown,Big East,1/11,24.0,24,1
2010,Baylor,Big 12,1/11,9.0,9,1
2010,Texas,Big 12,1/11,19.0,19,1
2010,Oklahoma State,Big 12,1/11,15.0,15,1
2010,LSU,SEC,1/11,12.0,12,1
2010,Georgia,SEC,1/11,6.0,6,1
2010,Michigan State,Big Ten,1/11,20.0,20,1
2010,Virginia,ACC,1/11,23.0,23,1
2010,Georgia Tech,ACC,1/11,21.0,21,1
2010,TCU,MWC,1/11,22.0,22,1
2010,UNC,ACC,1/11,10.0,10,1
2010,Green Bay,Horizon,1/11,17.0,17,1
2010,Miami (FL),ACC,1/11,25.0,25,1
2010,UConn,Big East,1/18,1.0,1,1
2010,Stanford,Pac-10,1/18,2.0,2,1
2010,Tennessee,SEC,1/18,3.0,3,1
2010,Nebraska,Big 12,1/18,7.0,7,1
2010,Xavier,A-10,1/18,11.0,11,1
2010,Duke,ACC,1/18,6.0,6,1
2010,Notre Dame,Big East,1/18,4.0,4,1
2010,Ohio State,Big Ten,1/18,5.0,5,1
2010,Texas A&M,Big 12,1/18,9.0,9,1
2010,West Virginia,Big East,1/18,16.0,16,1
2010,Florida State,ACC,1/18,15.0,15,1
2010,Oklahoma,Big 12,1/18,13.0,13,1
2010,Georgetown,Big East,1/18,19.0,19,1
2010,Baylor,Big 12,1/18,10.0,10,1
2010,Texas,Big 12,1/18,20.0,20,1
2010,Oklahoma State,Big 12,1/18,12.0,12,1
2010,LSU,SEC,1/18,18.0,18,1
2010,Georgia,SEC,1/18,8.0,8,1
2010,Virginia,ACC,1/18,25.0,25,1
2010,Georgia Tech,ACC,1/18,22.0,22,1
2010,TCU,MWC,1/18,23.0,23,1
2010,Vanderbilt,SEC,1/18,21.0,21,1
2010,UNC,ACC,1/18,14.0,14,1
2010,Green Bay,Horizon,1/18,17.0,17,1
2010,Vermont,AmEast,1/18,24.0,24,1
2010,UConn,Big East,1/25,1.0,1,1
2010,Stanford,Pac-10,1/25,2.0,2,1
2010,Tennessee,SEC,1/25,5.0,5,1
2010,Nebraska,Big 12,1/25,6.0,6,1
2010,Xavier,A-10,1/25,10.0,10,1
2010,Duke,ACC,1/25,7.0,7,1
2010,Notre Dame,Big East,1/25,3.0,3,1
2010,Ohio State,Big Ten,1/25,4.0,4,1
2010,Texas A&M,Big 12,1/25,8.0,8,1
2010,West Virginia,Big East,1/25,16.0,16,1
2010,Florida State,ACC,1/25,13.0,13,1
2010,Oklahoma,Big 12,1/25,11.0,11,1
2010,Georgetown,Big East,1/25,17.0,17,1
2010,Baylor,Big 12,1/25,14.0,14,1
2010,Iowa State,Big 12,1/25,22.0,22,1
2010,Texas,Big 12,1/25,19.0,19,1
2010,Oklahoma State,Big 12,1/25,15.0,15,1
2010,LSU,SEC,1/25,18.0,18,1
2010,Georgia,SEC,1/25,9.0,9,1
2010,Virginia,ACC,1/25,21.0,21,1
2010,Georgia Tech,ACC,1/25,25.0,25,1
2010,TCU,MWC,1/25,20.0,20,1
2010,UNC,ACC,1/25,12.0,12,1
2010,Green Bay,Horizon,1/25,24.0,24,1
2010,Penn State,Big Ten,1/25,23.0,23,1
2010,UConn,Big East,2/1,1.0,1,1
2010,Stanford,Pac-10,2/1,2.0,2,1
2010,Tennessee,SEC,2/1,5.0,5,1
2010,Nebraska,Big 12,2/1,4.0,4,1
2010,Xavier,A-10,2/1,7.0,7,1
2010,Duke,ACC,2/1,6.0,6,1
2010,Notre Dame,Big East,2/1,3.0,3,1
2010,Ohio State,Big Ten,2/1,8.0,8,1
2010,Texas A&M,Big 12,2/1,12.0,12,1
2010,West Virginia,Big East,2/1,11.0,11,1
2010,Florida State,ACC,2/1,15.0,15,1
2010,Oklahoma,Big 12,2/1,13.0,13,1
2010,Georgetown,Big East,2/1,18.0,18,1
2010,Baylor,Big 12,2/1,15.0,15,1
2010,St. John's (NY),Big East,2/1,25.0,25,1
2010,Iowa State,Big 12,2/1,22.0,22,1
2010,Texas,Big 12,2/1,17.0,17,1
2010,Gonzaga,WCC,2/1,24.0,24,1
2010,Kentucky,SEC,2/1,20.0,20,1
2010,Oklahoma State,Big 12,2/1,10.0,10,1
2010,LSU,SEC,2/1,19.0,19,1
2010,Georgia,SEC,2/1,14.0,14,1
2010,Georgia Tech,ACC,2/1,21.0,21,1
2010,UNC,ACC,2/1,9.0,9,1
2010,Green Bay,Horizon,2/1,23.0,23,1
2010,UConn,Big East,2/8,1.0,1,1
2010,Stanford,Pac-10,2/8,2.0,2,1
2010,Tennessee,SEC,2/8,5.0,5,1
2010,Nebraska,Big 12,2/8,3.0,3,1
2010,Xavier,A-10,2/8,6.0,6,1
2010,Duke,ACC,2/8,8.0,8,1
2010,Notre Dame,Big East,2/8,4.0,4,1
2010,Ohio State,Big Ten,2/8,7.0,7,1
2010,Texas A&M,Big 12,2/8,13.0,13,1
2010,West Virginia,Big East,2/8,9.0,9,1
2010,Florida State,ACC,2/8,10.0,10,1
2010,Oklahoma,Big 12,2/8,12.0,12,1
2010,Georgetown,Big East,2/8,16.0,16,1
2010,Baylor,Big 12,2/8,11.0,11,1
2010,St. John's (NY),Big East,2/8,25.0,25,1
2010,Iowa State,Big 12,2/8,20.0,20,1
2010,Texas,Big 12,2/8,14.0,14,1
2010,Gonzaga,WCC,2/8,22.0,22,1
2010,Kentucky,SEC,2/8,17.0,17,1
2010,Oklahoma State,Big 12,2/8,15.0,15,1
2010,LSU,SEC,2/8,23.0,23,1
2010,Georgia,SEC,2/8,19.0,19,1
2010,Georgia Tech,ACC,2/8,21.0,21,1
2010,TCU,MWC,2/8,24.0,24,1
2010,UNC,ACC,2/8,18.0,18,1
2010,UConn,Big East,2/15,1.0,1,1
2010,Stanford,Pac-10,2/15,2.0,2,1
2010,Tennessee,SEC,2/15,5.0,5,1
2010,Nebraska,Big 12,2/15,3.0,3,1
2010,Xavier,A-10,2/15,6.0,6,1
2010,Duke,ACC,2/15,8.0,8,1
2010,Notre Dame,Big East,2/15,4.0,4,1
2010,Ohio State,Big Ten,2/15,7.0,7,1
2010,Texas A&M,Big 12,2/15,15.0,15,1
2010,West Virginia,Big East,2/15,9.0,9,1
2010,Florida State,ACC,2/15,10.0,10,1
2010,Oklahoma,Big 12,2/15,11.0,11,1
2010,Georgetown,Big East,2/15,14.0,14,1
2010,Baylor,Big 12,2/15,18.0,18,1
2010,St. John's (NY),Big East,2/15,22.0,22,1
2010,Iowa State,Big 12,2/15,13.0,13,1
2010,Texas,Big 12,2/15,12.0,12,1
2010,Gonzaga,WCC,2/15,21.0,21,1
2010,Kentucky,SEC,2/15,16.0,16,1
2010,Oklahoma State,Big 12,2/15,17.0,17,1
2010,LSU,SEC,2/15,23.0,23,1
2010,Georgia,SEC,2/15,20.0,20,1
2010,Georgia Tech,ACC,2/15,19.0,19,1
2010,TCU,MWC,2/15,23.0,23,1
2010,Vanderbilt,SEC,2/15,25.0,25,1
2010,UConn,Big East,2/22,1.0,1,1
2010,Stanford,Pac-10,2/22,2.0,2,1
2010,Tennessee,SEC,2/22,4.0,4,1
2010,Nebraska,Big 12,2/22,3.0,3,1
2010,Xavier,A-10,2/22,5.0,5,1
2010,Duke,ACC,2/22,6.0,6,1
2010,Notre Dame,Big East,2/22,7.0,7,1
2010,Ohio State,Big Ten,2/22,10.0,10,1
2010,Texas A&M,Big 12,2/22,12.0,12,1
2010,West Virginia,Big East,2/22,8.0,8,1
2010,Florida State,ACC,2/22,9.0,9,1
2010,Oklahoma,Big 12,2/22,11.0,11,1
2010,Georgetown,Big East,2/22,13.0,13,1
2010,Baylor,Big 12,2/22,17.0,17,1
2010,St. John's (NY),Big East,2/22,18.0,18,1
2010,Iowa State,Big 12,2/22,15.0,15,1
2010,Texas,Big 12,2/22,14.0,14,1
2010,Gonzaga,WCC,2/22,19.0,19,1
2010,Kentucky,SEC,2/22,16.0,16,1
2010,Oklahoma State,Big 12,2/22,23.0,23,1
2010,LSU,SEC,2/22,20.0,20,1
2010,Georgia,SEC,2/22,24.0,24,1
2010,Hartford,AmEast,2/22,24.0,24,1
2010,Virginia,ACC,2/22,21.0,21,1
2010,Georgia Tech,ACC,2/22,22.0,22,1
2010,UConn,Big East,3/1,1.0,1,1
2010,Stanford,Pac-10,3/1,2.0,2,1
2010,Tennessee,SEC,3/1,4.0,4,1
2010,Nebraska,Big 12,3/1,3.0,3,1
2010,Xavier,A-10,3/1,5.0,5,1
2010,Duke,ACC,3/1,9.0,9,1
2010,Notre Dame,Big East,3/1,6.0,6,1
2010,Ohio State,Big Ten,3/1,10.0,10,1
2010,Texas A&M,Big 12,3/1,15.0,15,1
2010,West Virginia,Big East,3/1,7.0,7,1
2010,Florida State,ACC,3/1,8.0,8,1
2010,Oklahoma,Big 12,3/1,11.0,11,1
2010,Georgetown,Big East,3/1,12.0,12,1
2010,Baylor,Big 12,3/1,14.0,14,1
2010,St. John's (NY),Big East,3/1,16.0,16,1
2010,Iowa State,Big 12,3/1,13.0,13,1
2010,Texas,Big 12,3/1,18.0,18,1
2010,Gonzaga,WCC,3/1,17.0,17,1
2010,Kentucky,SEC,3/1,19.0,19,1
2010,Oklahoma State,Big 12,3/1,20.0,20,1
2010,LSU,SEC,3/1,21.0,21,1
2010,Georgia,SEC,3/1,22.0,22,1
2010,Michigan State,Big Ten,3/1,25.0,25,1
2010,Hartford,AmEast,3/1,23.0,23,1
2010,Virginia,ACC,3/1,24.0,24,1
2010,UConn,Big East,3/8,1.0,1,1
2010,Stanford,Pac-10,3/8,2.0,2,1
2010,Tennessee,SEC,3/8,4.0,4,1
2010,Nebraska,Big 12,3/8,3.0,3,1
2010,Xavier,A-10,3/8,5.0,5,1
2010,Duke,ACC,3/8,7.0,7,1
2010,Notre Dame,Big East,3/8,6.0,6,1
2010,Ohio State,Big Ten,3/8,8.0,8,1
2010,Texas A&M,Big 12,3/8,11.0,11,1
2010,West Virginia,Big East,3/8,9.0,9,1
2010,Florida State,ACC,3/8,10.0,10,1
2010,Oklahoma,Big 12,3/8,12.0,12,1
2010,Georgetown,Big East,3/8,13.0,13,1
2010,Baylor,Big 12,3/8,16.0,16,1
2010,St. John's (NY),Big East,3/8,17.0,17,1
2010,Iowa State,Big 12,3/8,14.0,14,1
2010,Texas,Big 12,3/8,15.0,15,1
2010,Gonzaga,WCC,3/8,18.0,18,1
2010,Kentucky,SEC,3/8,19.0,19,1
2010,Oklahoma State,Big 12,3/8,20.0,20,1
2010,LSU,SEC,3/8,22.0,22,1
2010,UCLA,Pac-10,3/8,23.0,23,1
2010,Georgia,SEC,3/8,24.0,24,1
2010,Michigan State,Big Ten,3/8,25.0,25,1
2010,Hartford,AmEast,3/8,21.0,21,1
2010,UConn,Big East,11/17,1.0,1,1
2010,Stanford,Pac-10,11/17,2.0,2,1
2010,Tennessee,SEC,11/17,6.0,6,1
2010,Xavier,A-10,11/17,9.0,9,1
2010,Duke,ACC,11/17,11.0,11,1
2010,Notre Dame,Big East,11/17,5.0,5,1
2010,Ohio State,Big Ten,11/17,3.0,3,1
2010,Texas A&M,Big 12,11/17,15.0,15,1
2010,Florida State,ACC,11/17,13.0,13,1
2010,Oklahoma,Big 12,11/17,20.0,20,1
2010,Baylor,Big 12,11/17,8.0,8,1
2010,Texas,Big 12,11/17,10.0,10,1
2010,LSU,SEC,11/17,7.0,7,1
2010,Georgia,SEC,11/17,16.0,16,1
2010,Michigan State,Big Ten,11/17,21.0,21,1
2010,Virginia,ACC,11/17,12.0,12,1
2010,Vanderbilt,SEC,11/17,22.0,22,1
2010,UNC,ACC,11/17,4.0,4,1
2010,Kansas,Big 12,11/17,19.0,19,1
2010,Arizona State,Pac-10,11/17,14.0,14,1
2010,California,Pac-10,11/17,17.0,17,1
2010,DePaul,Big East,11/17,17.0,17,1
2010,Mississippi State,SEC,11/17,25.0,25,1
2010,Louisville,Big East,11/17,23.0,23,1
2010,Middle Tennessee,Sun Belt,11/17,24.0,24,1
2011,UConn,Big East,Pre,1.0,1,1
2011,Stanford,Pac-10,Pre,3.0,3,1
2011,Baylor,Big 12,Pre,2.0,2,1
2011,Tennessee,SEC,Pre,4.0,4,1
2011,Xavier,A-10,Pre,5.0,5,1
2011,Duke,ACC,Pre,6.0,6,1
2011,Texas A&M,Big 12,Pre,8.0,8,1
2011,UCLA,Pac-10,Pre,16.0,16,1
2011,Notre Dame,Big East,Pre,12.0,12,1
2011,Michigan State,Big Ten,Pre,25.0,25,1
2011,UNC,ACC,Pre,15.0,15,1
2011,Florida State,ACC,Pre,18.0,18,1
2011,Maryland,ACC,Pre,21.0,21,1
2011,Kentucky,SEC,Pre,9.0,9,1
2011,Ohio State,Big Ten,Pre,7.0,7,1
2011,Oklahoma,Big 12,Pre,10.0,10,1
2011,Georgetown,Big East,Pre,13.0,13,1
2011,Iowa,Big Ten,Pre,22.0,22,1
2011,Iowa State,Big 12,Pre,20.0,20,1
2011,West Virginia,Big East,Pre,11.0,11,1
2011,Georgia,SEC,Pre,19.0,19,1
2011,St. John's (NY),Big East,Pre,14.0,14,1
2011,Texas,Big 12,Pre,17.0,17,1
2011,Vanderbilt,SEC,Pre,24.0,24,1
2011,TCU,MWC,Pre,23.0,23,1
2011,UConn,Big East,12/13,1.0,1,1
2011,Stanford,Pac-10,12/13,3.0,3,1
2011,Baylor,Big 12,12/13,2.0,2,1
2011,Tennessee,SEC,12/13,6.0,6,1
2011,Xavier,A-10,12/13,5.0,5,1
2011,Duke,ACC,12/13,4.0,4,1
2011,Texas A&M,Big 12,12/13,8.0,8,1
2011,UCLA,Pac-10,12/13,9.0,9,1
2011,Notre Dame,Big East,12/13,17.0,17,1
2011,DePaul,Big East,12/13,22.0,22,1
2011,Michigan State,Big Ten,12/13,14.0,14,1
2011,UNC,ACC,12/13,10.0,10,1
2011,Florida State,ACC,12/13,15.0,15,1
2011,Maryland,ACC,12/13,19.0,19,1
2011,Kentucky,SEC,12/13,13.0,13,1
2011,Ohio State,Big Ten,12/13,11.0,11,1
2011,Oklahoma,Big 12,12/13,12.0,12,1
2011,Georgetown,Big East,12/13,20.0,20,1
2011,Iowa,Big Ten,12/13,16.0,16,1
2011,Iowa State,Big 12,12/13,21.0,21,1
2011,West Virginia,Big East,12/13,7.0,7,1
2011,Syracuse,Big East,12/13,24.0,24,1
2011,St. John's (NY),Big East,12/13,18.0,18,1
2011,Texas,Big 12,12/13,23.0,23,1
2011,Boston College,ACC,12/13,25.0,25,1
2011,UConn,Big East,2/28,1.0,1,1
2011,Stanford,Pac-10,2/28,2.0,2,1
2011,Baylor,Big 12,2/28,3.0,3,1
2011,Tennessee,SEC,2/28,4.0,4,1
2011,Xavier,A-10,2/28,6.0,6,1
2011,Duke,ACC,2/28,8.0,8,1
2011,Texas A&M,Big 12,2/28,5.0,5,1
2011,UCLA,Pac-10,2/28,9.0,9,1
2011,Notre Dame,Big East,2/28,7.0,7,1
2011,DePaul,Big East,2/28,12.0,12,1
2011,Miami (FL),ACC,2/28,10.0,10,1
2011,Michigan State,Big Ten,2/28,11.0,11,1
2011,Green Bay,Horizon,2/28,15.0,15,1
2011,UNC,ACC,2/28,19.0,19,1
2011,Florida State,ACC,2/28,14.0,14,1
2011,Maryland,ACC,2/28,13.0,13,1
2011,Kentucky,SEC,2/28,16.0,16,1
2011,Marist,MAAC,2/28,21.0,21,1
2011,Gonzaga,WCC,2/28,22.0,22,1
2011,Oklahoma,Big 12,2/28,18.0,18,1
2011,Georgetown,Big East,2/28,17.0,17,1
2011,Marquette,Big East,2/28,20.0,20,1
2011,Iowa,Big Ten,2/28,24.0,24,1
2011,Houston,CUSA,2/28,25.0,25,1
2011,Iowa State,Big 12,2/28,23.0,23,1
2011,UConn,Big East,Final,1.0,1,1
2011,Stanford,Pac-10,Final,2.0,2,1
2011,Baylor,Big 12,Final,3.0,3,1
2011,Tennessee,SEC,Final,4.0,4,1
2011,Xavier,A-10,Final,5.0,5,1
2011,Duke,ACC,Final,6.0,6,1
2011,Texas A&M,Big 12,Final,7.0,7,1
2011,UCLA,Pac-10,Final,8.0,8,1
2011,Notre Dame,Big East,Final,9.0,9,1
2011,DePaul,Big East,Final,10.0,10,1
2011,Miami (FL),ACC,Final,11.0,11,1
2011,Michigan State,Big Ten,Final,12.0,12,1
2011,Green Bay,Horizon,Final,13.0,13,1
2011,UNC,ACC,Final,14.0,14,1
2011,Florida State,ACC,Final,15.0,15,1
2011,Maryland,ACC,Final,16.0,16,1
2011,Kentucky,SEC,Final,17.0,17,1
2011,Ohio State,Big Ten,Final,18.0,18,1
2011,Marist,MAAC,Final,19.0,19,1
2011,Gonzaga,WCC,Final,20.0,20,1
2011,Oklahoma,Big 12,Final,21.0,21,1
2011,Georgetown,Big East,Final,22.0,22,1
2011,Georgia Tech,ACC,Final,23.0,23,1
2011,Marquette,Big East,Final,24.0,24,1
2011,Iowa,Big Ten,Final,25.0,25,1
2011,UConn,Big East,11/15,1.0,1,1
2011,Stanford,Pac-10,11/15,3.0,3,1
2011,Baylor,Big 12,11/15,2.0,2,1
2011,Tennessee,SEC,11/15,4.0,4,1
2011,Xavier,A-10,11/15,5.0,5,1
2011,Duke,ACC,11/15,6.0,6,1
2011,Texas A&M,Big 12,11/15,8.0,8,1
2011,UCLA,Pac-10,11/15,15.0,15,1
2011,Notre Dame,Big East,11/15,12.0,12,1
2011,Michigan State,Big Ten,11/15,25.0,25,1
2011,UNC,ACC,11/15,14.0,14,1
2011,Florida State,ACC,11/15,16.0,16,1
2011,Maryland,ACC,11/15,21.0,21,1
2011,Kentucky,SEC,11/15,9.0,9,1
2011,Ohio State,Big Ten,11/15,7.0,7,1
2011,Oklahoma,Big 12,11/15,11.0,11,1
2011,Georgetown,Big East,11/15,13.0,13,1
2011,Iowa,Big Ten,11/15,22.0,22,1
2011,Iowa State,Big 12,11/15,19.0,19,1
2011,West Virginia,Big East,11/15,10.0,10,1
2011,Georgia,SEC,11/15,18.0,18,1
2011,St. John's (NY),Big East,11/15,20.0,20,1
2011,Texas,Big 12,11/15,17.0,17,1
2011,Vanderbilt,SEC,11/15,23.0,23,1
2011,TCU,MWC,11/15,24.0,24,1
2011,UConn,Big East,11/29,1.0,1,1
2011,Stanford,Pac-10,11/29,3.0,3,1
2011,Baylor,Big 12,11/29,2.0,2,1
2011,Tennessee,SEC,11/29,9.0,9,1
2011,Xavier,A-10,11/29,4.0,4,1
2011,Duke,ACC,11/29,5.0,5,1
2011,Texas A&M,Big 12,11/29,7.0,7,1
2011,UCLA,Pac-10,11/29,13.0,13,1
2011,Notre Dame,Big East,11/29,16.0,16,1
2011,Michigan State,Big Ten,11/29,25.0,25,1
2011,UNC,ACC,11/29,14.0,14,1
2011,Florida State,ACC,11/29,15.0,15,1
2011,Maryland,ACC,11/29,22.0,22,1
2011,Kentucky,SEC,11/29,8.0,8,1
2011,Ohio State,Big Ten,11/29,6.0,6,1
2011,Oklahoma,Big 12,11/29,11.0,11,1
2011,Georgetown,Big East,11/29,12.0,12,1
2011,Iowa,Big Ten,11/29,18.0,18,1
2011,Iowa State,Big 12,11/29,19.0,19,1
2011,West Virginia,Big East,11/29,10.0,10,1
2011,Georgia,SEC,11/29,21.0,21,1
2011,St. John's (NY),Big East,11/29,20.0,20,1
2011,Texas,Big 12,11/29,17.0,17,1
2011,Vanderbilt,SEC,11/29,23.0,23,1
2011,Nebraska,Big 12,11/29,24.0,24,1
2011,UConn,Big East,12/6,1.0,1,1
2011,Stanford,Pac-10,12/6,3.0,3,1
2011,Baylor,Big 12,12/6,2.0,2,1
2011,Tennessee,SEC,12/6,8.0,8,1
2011,Xavier,A-10,12/6,4.0,4,1
2011,Duke,ACC,12/6,5.0,5,1
2011,Texas A&M,Big 12,12/6,7.0,7,1
2011,UCLA,Pac-10,12/6,10.0,10,1
2011,Notre Dame,Big East,12/6,18.0,18,1
2011,DePaul,Big East,12/6,24.0,24,1
2011,Michigan State,Big Ten,12/6,15.0,15,1
2011,Green Bay,Horizon,12/6,23.0,23,1
2011,UNC,ACC,12/6,12.0,12,1
2011,Florida State,ACC,12/6,17.0,17,1
2011,Maryland,ACC,12/6,22.0,22,1
2011,Kentucky,SEC,12/6,14.0,14,1
2011,Ohio State,Big Ten,12/6,6.0,6,1
2011,Oklahoma,Big 12,12/6,13.0,13,1
2011,Georgetown,Big East,12/6,11.0,11,1
2011,Iowa,Big Ten,12/6,19.0,19,1
2011,Iowa State,Big 12,12/6,16.0,16,1
2011,West Virginia,Big East,12/6,9.0,9,1
2011,Georgia,SEC,12/6,25.0,25,1
2011,St. John's (NY),Big East,12/6,20.0,20,1
2011,Texas,Big 12,12/6,21.0,21,1
2011,UConn,Big East,12/20,1.0,1,1
2011,Stanford,Pac-10,12/20,8.0,8,1
2011,Baylor,Big 12,12/20,2.0,2,1
2011,Tennessee,SEC,12/20,5.0,5,1
2011,Xavier,A-10,12/20,4.0,4,1
2011,Duke,ACC,12/20,3.0,3,1
2011,Texas A&M,Big 12,12/20,7.0,7,1
2011,UCLA,Pac-10,12/20,9.0,9,1
2011,Notre Dame,Big East,12/20,17.0,17,1
2011,DePaul,Big East,12/20,16.0,16,1
2011,Michigan State,Big Ten,12/20,12.0,12,1
2011,UNC,ACC,12/20,10.0,10,1
2011,Florida State,ACC,12/20,22.0,22,1
2011,Maryland,ACC,12/20,19.0,19,1
2011,Kentucky,SEC,12/20,11.0,11,1
2011,Ohio State,Big Ten,12/20,13.0,13,1
2011,Oklahoma,Big 12,12/20,15.0,15,1
2011,Georgetown,Big East,12/20,20.0,20,1
2011,Iowa,Big Ten,12/20,14.0,14,1
2011,Iowa State,Big 12,12/20,21.0,21,1
2011,West Virginia,Big East,12/20,6.0,6,1
2011,Arkansas,SEC,12/20,25.0,25,1
2011,Syracuse,Big East,12/20,23.0,23,1
2011,St. John's (NY),Big East,12/20,18.0,18,1
2011,Boston College,ACC,12/20,24.0,24,1
2011,UConn,Big East,12/27,1.0,1,1
2011,Stanford,Pac-10,12/27,9.0,9,1
2011,Baylor,Big 12,12/27,2.0,2,1
2011,Tennessee,SEC,12/27,5.0,5,1
2011,Xavier,A-10,12/27,4.0,4,1
2011,Duke,ACC,12/27,3.0,3,1
2011,Texas A&M,Big 12,12/27,7.0,7,1
2011,UCLA,Pac-10,12/27,8.0,8,1
2011,Notre Dame,Big East,12/27,16.0,16,1
2011,DePaul,Big East,12/27,21.0,21,1
2011,Michigan State,Big Ten,12/27,12.0,12,1
2011,UNC,ACC,12/27,10.0,10,1
2011,Florida State,ACC,12/27,25.0,25,1
2011,Maryland,ACC,12/27,18.0,18,1
2011,Kentucky,SEC,12/27,11.0,11,1
2011,Ohio State,Big Ten,12/27,13.0,13,1
2011,Oklahoma,Big 12,12/27,15.0,15,1
2011,Georgetown,Big East,12/27,19.0,19,1
2011,Iowa,Big Ten,12/27,14.0,14,1
2011,Iowa State,Big 12,12/27,20.0,20,1
2011,West Virginia,Big East,12/27,6.0,6,1
2011,Arkansas,SEC,12/27,22.0,22,1
2011,Syracuse,Big East,12/27,24.0,24,1
2011,St. John's (NY),Big East,12/27,17.0,17,1
2011,Texas,Big 12,12/27,23.0,23,1
2011,UConn,Big East,1/3,2.0,2,1
2011,Stanford,Pac-10,1/3,4.0,4,1
2011,Baylor,Big 12,1/3,1.0,1,1
2011,Tennessee,SEC,1/3,5.0,5,1
2011,Xavier,A-10,1/3,9.0,9,1
2011,Duke,ACC,1/3,3.0,3,1
2011,Texas A&M,Big 12,1/3,7.0,7,1
2011,UCLA,Pac-10,1/3,12.0,12,1
2011,Notre Dame,Big East,1/3,13.0,13,1
2011,DePaul,Big East,1/3,16.0,16,1
2011,Michigan State,Big Ten,1/3,11.0,11,1
2011,UNC,ACC,1/3,8.0,8,1
2011,Florida State,ACC,1/3,24.0,24,1
2011,Maryland,ACC,1/3,14.0,14,1
2011,Kentucky,SEC,1/3,10.0,10,1
2011,Ohio State,Big Ten,1/3,20.0,20,1
2011,Oklahoma,Big 12,1/3,19.0,19,1
2011,Georgetown,Big East,1/3,15.0,15,1
2011,Iowa,Big Ten,1/3,21.0,21,1
2011,Iowa State,Big 12,1/3,17.0,17,1
2011,West Virginia,Big East,1/3,6.0,6,1
2011,Arkansas,SEC,1/3,25.0,25,1
2011,Syracuse,Big East,1/3,23.0,23,1
2011,St. John's (NY),Big East,1/3,18.0,18,1
2011,Texas,Big 12,1/3,22.0,22,1
2011,UConn,Big East,1/10,2.0,2,1
2011,Stanford,Pac-10,1/10,4.0,4,1
2011,Baylor,Big 12,1/10,1.0,1,1
2011,Tennessee,SEC,1/10,5.0,5,1
2011,Xavier,A-10,1/10,8.0,8,1
2011,Duke,ACC,1/10,3.0,3,1
2011,Texas A&M,Big 12,1/10,7.0,7,1
2011,UCLA,Pac-10,1/10,10.0,10,1
2011,Notre Dame,Big East,1/10,12.0,12,1
2011,DePaul,Big East,1/10,14.0,14,1
2011,Miami (FL),ACC,1/10,22.0,22,1
2011,Michigan State,Big Ten,1/10,9.0,9,1
2011,Green Bay,Horizon,1/10,23.0,23,1
2011,UNC,ACC,1/10,11.0,11,1
2011,Florida State,ACC,1/10,21.0,21,1
2011,Maryland,ACC,1/10,13.0,13,1
2011,Kentucky,SEC,1/10,19.0,19,1
2011,Ohio State,Big Ten,1/10,24.0,24,1
2011,Oklahoma,Big 12,1/10,15.0,15,1
2011,Georgetown,Big East,1/10,18.0,18,1
2011,Iowa,Big Ten,1/10,16.0,16,1
2011,Iowa State,Big 12,1/10,17.0,17,1
2011,West Virginia,Big East,1/10,6.0,6,1
2011,Arkansas,SEC,1/10,20.0,20,1
2011,Syracuse,Big East,1/10,25.0,25,1
2011,UConn,Big East,1/17,2.0,2,1
2011,Stanford,Pac-10,1/17,4.0,4,1
2011,Baylor,Big 12,1/17,1.0,1,1
2011,Tennessee,SEC,1/17,5.0,5,1
2011,Xavier,A-10,1/17,7.0,7,1
2011,Duke,ACC,1/17,3.0,3,1
2011,Texas A&M,Big 12,1/17,6.0,6,1
2011,UCLA,Pac-10,1/17,8.0,8,1
2011,Notre Dame,Big East,1/17,11.0,11,1
2011,DePaul,Big East,1/17,13.0,13,1
2011,Miami (FL),ACC,1/17,17.0,17,1
2011,Michigan State,Big Ten,1/17,12.0,12,1
2011,Green Bay,Horizon,1/17,21.0,21,1
2011,UNC,ACC,1/17,10.0,10,1
2011,Florida State,ACC,1/17,22.0,22,1
2011,Maryland,ACC,1/17,15.0,15,1
2011,Kentucky,SEC,1/17,19.0,19,1
2011,Ohio State,Big Ten,1/17,25.0,25,1
2011,Oklahoma,Big 12,1/17,14.0,14,1
2011,Georgetown,Big East,1/17,16.0,16,1
2011,Iowa,Big Ten,1/17,18.0,18,1
2011,Iowa State,Big 12,1/17,20.0,20,1
2011,West Virginia,Big East,1/17,9.0,9,1
2011,Georgia,SEC,1/17,24.0,24,1
2011,Arkansas,SEC,1/17,23.0,23,1
2011,UConn,Big East,1/24,2.0,2,1
2011,Stanford,Pac-10,1/24,4.0,4,1
2011,Baylor,Big 12,1/24,1.0,1,1
2011,Tennessee,SEC,1/24,5.0,5,1
2011,Xavier,A-10,1/24,7.0,7,1
2011,Duke,ACC,1/24,3.0,3,1
2011,Texas A&M,Big 12,1/24,6.0,6,1
2011,UCLA,Pac-10,1/24,11.0,11,1
2011,Notre Dame,Big East,1/24,9.0,9,1
2011,DePaul,Big East,1/24,12.0,12,1
2011,Miami (FL),ACC,1/24,16.0,16,1
2011,Michigan State,Big Ten,1/24,10.0,10,1
2011,Green Bay,Horizon,1/24,22.0,22,1
2011,UNC,ACC,1/24,15.0,15,1
2011,Florida State,ACC,1/24,21.0,21,1
2011,Maryland,ACC,1/24,14.0,14,1
2011,Kentucky,SEC,1/24,17.0,17,1
2011,Ohio State,Big Ten,1/24,24.0,24,1
2011,Oklahoma,Big 12,1/24,13.0,13,1
2011,Georgetown,Big East,1/24,19.0,19,1
2011,Georgia Tech,ACC,1/24,25.0,25,1
2011,Iowa,Big Ten,1/24,18.0,18,1
2011,Iowa State,Big 12,1/24,23.0,23,1
2011,West Virginia,Big East,1/24,8.0,8,1
2011,Georgia,SEC,1/24,20.0,20,1
2011,UConn,Big East,1/31,2.0,2,1
2011,Stanford,Pac-10,1/31,4.0,4,1
2011,Baylor,Big 12,1/31,1.0,1,1
2011,Tennessee,SEC,1/31,5.0,5,1
2011,Xavier,A-10,1/31,7.0,7,1
2011,Duke,ACC,1/31,3.0,3,1
2011,Texas A&M,Big 12,1/31,6.0,6,1
2011,UCLA,Pac-10,1/31,10.0,10,1
2011,Notre Dame,Big East,1/31,8.0,8,1
2011,DePaul,Big East,1/31,9.0,9,1
2011,Miami (FL),ACC,1/31,18.0,18,1
2011,Michigan State,Big Ten,1/31,11.0,11,1
2011,Green Bay,Horizon,1/31,21.0,21,1
2011,UNC,ACC,1/31,15.0,15,1
2011,Florida State,ACC,1/31,19.0,19,1
2011,Maryland,ACC,1/31,12.0,12,1
2011,Kentucky,SEC,1/31,16.0,16,1
2011,Oklahoma,Big 12,1/31,13.0,13,1
2011,Georgetown,Big East,1/31,17.0,17,1
2011,Georgia Tech,ACC,1/31,25.0,25,1
2011,Marquette,Big East,1/31,23.0,23,1
2011,Iowa,Big Ten,1/31,20.0,20,1
2011,Iowa State,Big 12,1/31,22.0,22,1
2011,West Virginia,Big East,1/31,14.0,14,1
2011,Georgia,SEC,1/31,24.0,24,1
2011,UConn,Big East,2/7,2.0,2,1
2011,Stanford,Pac-10,2/7,3.0,3,1
2011,Baylor,Big 12,2/7,1.0,1,1
2011,Tennessee,SEC,2/7,4.0,4,1
2011,Xavier,A-10,2/7,7.0,7,1
2011,Duke,ACC,2/7,5.0,5,1
2011,Texas A&M,Big 12,2/7,6.0,6,1
2011,UCLA,Pac-10,2/7,9.0,9,1
2011,Notre Dame,Big East,2/7,8.0,8,1
2011,DePaul,Big East,2/7,10.0,10,1
2011,Miami (FL),ACC,2/7,20.0,20,1
2011,Michigan State,Big Ten,2/7,11.0,11,1
2011,Green Bay,Horizon,2/7,18.0,18,1
2011,UNC,ACC,2/7,13.0,13,1
2011,Florida State,ACC,2/7,19.0,19,1
2011,Maryland,ACC,2/7,12.0,12,1
2011,Kentucky,SEC,2/7,15.0,15,1
2011,Marist,MAAC,2/7,25.0,25,1
2011,Oklahoma,Big 12,2/7,14.0,14,1
2011,Georgetown,Big East,2/7,16.0,16,1
2011,Marquette,Big East,2/7,21.0,21,1
2011,Iowa State,Big 12,2/7,22.0,22,1
2011,West Virginia,Big East,2/7,17.0,17,1
2011,Georgia,SEC,2/7,24.0,24,1
2011,Penn State,Big Ten,2/7,23.0,23,1
2011,UConn,Big East,2/14,2.0,2,1
2011,Stanford,Pac-10,2/14,3.0,3,1
2011,Baylor,Big 12,2/14,1.0,1,1
2011,Tennessee,SEC,2/14,4.0,4,1
2011,Xavier,A-10,2/14,6.0,6,1
2011,Duke,ACC,2/14,7.0,7,1
2011,Texas A&M,Big 12,2/14,5.0,5,1
2011,UCLA,Pac-10,2/14,9.0,9,1
2011,Notre Dame,Big East,2/14,8.0,8,1
2011,DePaul,Big East,2/14,10.0,10,1
2011,Miami (FL),ACC,2/14,13.0,13,1
2011,Michigan State,Big Ten,2/14,11.0,11,1
2011,Green Bay,Horizon,2/14,17.0,17,1
2011,UNC,ACC,2/14,12.0,12,1
2011,Florida State,ACC,2/14,15.0,15,1
2011,Maryland,ACC,2/14,16.0,16,1
2011,Kentucky,SEC,2/14,19.0,19,1
2011,Marist,MAAC,2/14,24.0,24,1
2011,Gonzaga,WCC,2/14,25.0,25,1
2011,Oklahoma,Big 12,2/14,14.0,14,1
2011,Georgetown,Big East,2/14,18.0,18,1
2011,Marquette,Big East,2/14,22.0,22,1
2011,Iowa State,Big 12,2/14,20.0,20,1
2011,West Virginia,Big East,2/14,21.0,21,1
2011,Penn State,Big Ten,2/14,23.0,23,1
2011,UConn,Big East,2/21,1.0,1,1
2011,Stanford,Pac-10,2/21,2.0,2,1
2011,Baylor,Big 12,2/21,3.0,3,1
2011,Tennessee,SEC,2/21,4.0,4,1
2011,Xavier,A-10,2/21,6.0,6,1
2011,Duke,ACC,2/21,9.0,9,1
2011,Texas A&M,Big 12,2/21,5.0,5,1
2011,UCLA,Pac-10,2/21,11.0,11,1
2011,Notre Dame,Big East,2/21,8.0,8,1
2011,DePaul,Big East,2/21,7.0,7,1
2011,Miami (FL),ACC,2/21,12.0,12,1
2011,Michigan State,Big Ten,2/21,10.0,10,1
2011,Green Bay,Horizon,2/21,17.0,17,1
2011,UNC,ACC,2/21,13.0,13,1
2011,Florida State,ACC,2/21,14.0,14,1
2011,Maryland,ACC,2/21,15.0,15,1
2011,Kentucky,SEC,2/21,20.0,20,1
2011,Marist,MAAC,2/21,21.0,21,1
2011,Gonzaga,WCC,2/21,23.0,23,1
2011,Oklahoma,Big 12,2/21,16.0,16,1
2011,Georgetown,Big East,2/21,18.0,18,1
2011,Marquette,Big East,2/21,24.0,24,1
2011,Iowa State,Big 12,2/21,25.0,25,1
2011,West Virginia,Big East,2/21,19.0,19,1
2011,Georgia,SEC,2/21,22.0,22,1
2011,UConn,Big East,3/7,1.0,1,1
2011,Stanford,Pac-10,3/7,2.0,2,1
2011,Baylor,Big 12,3/7,3.0,3,1
2011,Tennessee,SEC,3/7,4.0,4,1
2011,Xavier,A-10,3/7,5.0,5,1
2011,Duke,ACC,3/7,6.0,6,1
2011,Texas A&M,Big 12,3/7,8.0,8,1
2011,UCLA,Pac-10,3/7,7.0,7,1
2011,Notre Dame,Big East,3/7,10.0,10,1
2011,DePaul,Big East,3/7,9.0,9,1
2011,Miami (FL),ACC,3/7,11.0,11,1
2011,Michigan State,Big Ten,3/7,12.0,12,1
2011,Green Bay,Horizon,3/7,13.0,13,1
2011,UNC,ACC,3/7,14.0,14,1
2011,Florida State,ACC,3/7,15.0,15,1
2011,Maryland,ACC,3/7,16.0,16,1
2011,Kentucky,SEC,3/7,17.0,17,1
2011,Ohio State,Big Ten,3/7,18.0,18,1
2011,Marist,MAAC,3/7,19.0,19,1
2011,Gonzaga,WCC,3/7,20.0,20,1
2011,Oklahoma,Big 12,3/7,21.0,21,1
2011,Georgetown,Big East,3/7,23.0,23,1
2011,Georgia Tech,ACC,3/7,24.0,24,1
2011,Marquette,Big East,3/7,25.0,25,1
2011,Houston,CUSA,3/7,22.0,22,1
2011,UConn,Big East,11/22,1.0,1,1
2011,Stanford,Pac-10,11/22,3.0,3,1
2011,Baylor,Big 12,11/22,2.0,2,1
2011,Tennessee,SEC,11/22,4.0,4,1
2011,Xavier,A-10,11/22,5.0,5,1
2011,Duke,ACC,11/22,6.0,6,1
2011,Texas A&M,Big 12,11/22,8.0,8,1
2011,UCLA,Pac-10,11/22,13.0,13,1
2011,Notre Dame,Big East,11/22,18.0,18,1
2011,Michigan State,Big Ten,11/22,25.0,25,1
2011,UNC,ACC,11/22,14.0,14,1
2011,Florida State,ACC,11/22,15.0,15,1
2011,Maryland,ACC,11/22,23.0,23,1
2011,Kentucky,SEC,11/22,9.0,9,1
2011,Ohio State,Big Ten,11/22,7.0,7,1
2011,Oklahoma,Big 12,11/22,11.0,11,1
2011,Georgetown,Big East,11/22,12.0,12,1
2011,Iowa,Big Ten,11/22,20.0,20,1
2011,Iowa State,Big 12,11/22,19.0,19,1
2011,West Virginia,Big East,11/22,10.0,10,1
2011,Georgia,SEC,11/22,17.0,17,1
2011,St. John's (NY),Big East,11/22,22.0,22,1
2011,Texas,Big 12,11/22,16.0,16,1
2011,Vanderbilt,SEC,11/22,24.0,24,1
2011,TCU,MWC,11/22,21.0,21,1
2012,Baylor,Big 12,Pre,1.0,1,1
2012,Stanford,Pac-12,Pre,5.0,5,1
2012,UConn,Big East,Pre,4.0,4,1
2012,Notre Dame,Big East,Pre,2.0,2,1
2012,Maryland,ACC,Pre,10.0,10,1
2012,Duke,ACC,Pre,8.0,8,1
2012,Miami (FL),ACC,Pre,7.0,7,1
2012,Tennessee,SEC,Pre,3.0,3,1
2012,Penn State,Big Ten,Pre,11.0,11,1
2012,Kentucky,SEC,Pre,17.0,17,1
2012,Purdue,Big Ten,Pre,16.0,16,1
2012,Ohio State,Big Ten,Pre,24.0,24,1
2012,Georgetown,Big East,Pre,14.0,14,1
2012,Louisville,Big East,Pre,9.0,9,1
2012,Georgia,SEC,Pre,12.0,12,1
2012,Texas A&M,Big 12,Pre,6.0,6,1
2012,Rutgers,Big East,Pre,15.0,15,1
2012,DePaul,Big East,Pre,18.0,18,1
2012,UNC,ACC,Pre,19.0,19,1
2012,Texas Tech,Big 12,Pre,25.0,25,1
2012,Oklahoma,Big 12,Pre,13.0,13,1
2012,LSU,SEC,Pre,20.0,20,1
2012,UCLA,Pac-12,Pre,22.0,22,1
2012,Florida State,ACC,Pre,21.0,21,1
2012,USC,Pac-12,Pre,23.0,23,1
2012,Baylor,Big 12,11/14,1.0,1,1
2012,Stanford,Pac-12,11/14,5.0,5,1
2012,UConn,Big East,11/14,4.0,4,1
2012,Notre Dame,Big East,11/14,2.0,2,1
2012,Maryland,ACC,11/14,10.0,10,1
2012,Duke,ACC,11/14,8.0,8,1
2012,Miami (FL),ACC,11/14,7.0,7,1
2012,Tennessee,SEC,11/14,3.0,3,1
2012,Penn State,Big Ten,11/14,11.0,11,1
2012,Kentucky,SEC,11/14,17.0,17,1
2012,Purdue,Big Ten,11/14,16.0,16,1
2012,Ohio State,Big Ten,11/14,24.0,24,1
2012,Georgetown,Big East,11/14,14.0,14,1
2012,Louisville,Big East,11/14,9.0,9,1
2012,Georgia,SEC,11/14,12.0,12,1
2012,Texas A&M,Big 12,11/14,6.0,6,1
2012,Rutgers,Big East,11/14,15.0,15,1
2012,DePaul,Big East,11/14,18.0,18,1
2012,UNC,ACC,11/14,19.0,19,1
2012,Texas Tech,Big 12,11/14,25.0,25,1
2012,Oklahoma,Big 12,11/14,13.0,13,1
2012,LSU,SEC,11/14,20.0,20,1
2012,UCLA,Pac-12,11/14,22.0,22,1
2012,Florida State,ACC,11/14,21.0,21,1
2012,USC,Pac-12,11/14,23.0,23,1
2012,Baylor,Big 12,11/21,1.0,1,1
2012,Stanford,Pac-12,11/21,3.0,3,1
2012,UConn,Big East,11/21,2.0,2,1
2012,Notre Dame,Big East,11/21,4.0,4,1
2012,Maryland,ACC,11/21,8.0,8,1
2012,Duke,ACC,11/21,7.0,7,1
2012,Miami (FL),ACC,11/21,9.0,9,1
2012,Tennessee,SEC,11/21,6.0,6,1
2012,Penn State,Big Ten,11/21,17.0,17,1
2012,Kentucky,SEC,11/21,14.0,14,1
2012,Purdue,Big Ten,11/21,15.0,15,1
2012,Ohio State,Big Ten,11/21,18.0,18,1
2012,Georgetown,Big East,11/21,21.0,21,1
2012,Louisville,Big East,11/21,11.0,11,1
2012,Georgia,SEC,11/21,10.0,10,1
2012,Texas A&M,Big 12,11/21,5.0,5,1
2012,Rutgers,Big East,11/21,13.0,13,1
2012,DePaul,Big East,11/21,23.0,23,1
2012,UNC,ACC,11/21,16.0,16,1
2012,Texas Tech,Big 12,11/21,19.0,19,1
2012,Texas,Big 12,11/21,24.0,24,1
2012,Oklahoma,Big 12,11/21,12.0,12,1
2012,LSU,SEC,11/21,20.0,20,1
2012,Virginia,ACC,11/21,22.0,22,1
2012,UCLA,Pac-12,11/21,25.0,25,1
2012,Baylor,Big 12,11/28,1.0,1,1
2012,Stanford,Pac-12,11/28,5.0,5,1
2012,UConn,Big East,11/28,2.0,2,1
2012,Notre Dame,Big East,11/28,3.0,3,1
2012,Maryland,ACC,11/28,6.0,6,1
2012,Duke,ACC,11/28,7.0,7,1
2012,Delaware,CAA,11/28,24.0,24,1
2012,Miami (FL),ACC,11/28,9.0,9,1
2012,Tennessee,SEC,11/28,8.0,8,1
2012,Green Bay,Horizon,11/28,23.0,23,1
2012,Penn State,Big Ten,11/28,16.0,16,1
2012,Kentucky,SEC,11/28,12.0,12,1
2012,Purdue,Big Ten,11/28,13.0,13,1
2012,Ohio State,Big Ten,11/28,17.0,17,1
2012,Georgetown,Big East,11/28,20.0,20,1
2012,Louisville,Big East,11/28,10.0,10,1
2012,Georgia,SEC,11/28,15.0,15,1
2012,Texas A&M,Big 12,11/28,4.0,4,1
2012,Rutgers,Big East,11/28,11.0,11,1
2012,DePaul,Big East,11/28,22.0,22,1
2012,UNC,ACC,11/28,14.0,14,1
2012,Texas Tech,Big 12,11/28,19.0,19,1
2012,Vanderbilt,SEC,11/28,25.0,25,1
2012,Texas,Big 12,11/28,21.0,21,1
2012,Oklahoma,Big 12,11/28,18.0,18,1
2012,Baylor,Big 12,12/5,1.0,1,1
2012,Stanford,Pac-12,12/5,4.0,4,1
2012,UConn,Big East,12/5,2.0,2,1
2012,Notre Dame,Big East,12/5,3.0,3,1
2012,Maryland,ACC,12/5,5.0,5,1
2012,Duke,ACC,12/5,6.0,6,1
2012,Delaware,CAA,12/5,22.0,22,1
2012,Miami (FL),ACC,12/5,9.0,9,1
2012,Tennessee,SEC,12/5,7.0,7,1
2012,Green Bay,Horizon,12/5,21.0,21,1
2012,Penn State,Big Ten,12/5,17.0,17,1
2012,Kentucky,SEC,12/5,10.0,10,1
2012,Purdue,Big Ten,12/5,12.0,12,1
2012,Ohio State,Big Ten,12/5,13.0,13,1
2012,Georgetown,Big East,12/5,19.0,19,1
2012,Louisville,Big East,12/5,15.0,15,1
2012,Georgia,SEC,12/5,14.0,14,1
2012,Texas A&M,Big 12,12/5,8.0,8,1
2012,Rutgers,Big East,12/5,11.0,11,1
2012,DePaul,Big East,12/5,20.0,20,1
2012,UNC,ACC,12/5,18.0,18,1
2012,Texas Tech,Big 12,12/5,16.0,16,1
2012,Vanderbilt,SEC,12/5,23.0,23,1
2012,Texas,Big 12,12/5,25.0,25,1
2012,Oklahoma,Big 12,12/5,24.0,24,1
2012,Baylor,Big 12,12/19,1.0,1,1
2012,Stanford,Pac-12,12/19,4.0,4,1
2012,UConn,Big East,12/19,2.0,2,1
2012,Notre Dame,Big East,12/19,3.0,3,1
2012,Maryland,ACC,12/19,5.0,5,1
2012,Duke,ACC,12/19,9.0,9,1
2012,Delaware,CAA,12/19,19.0,19,1
2012,Miami (FL),ACC,12/19,7.0,7,1
2012,Tennessee,SEC,12/19,6.0,6,1
2012,Green Bay,Horizon,12/19,18.0,18,1
2012,Penn State,Big Ten,12/19,16.0,16,1
2012,Kentucky,SEC,12/19,8.0,8,1
2012,Purdue,Big Ten,12/19,20.0,20,1
2012,Ohio State,Big Ten,12/19,11.0,11,1
2012,Georgetown,Big East,12/19,17.0,17,1
2012,Nebraska,Big Ten,12/19,24.0,24,1
2012,Louisville,Big East,12/19,14.0,14,1
2012,Georgia,SEC,12/19,13.0,13,1
2012,Texas A&M,Big 12,12/19,10.0,10,1
2012,Rutgers,Big East,12/19,12.0,12,1
2012,DePaul,Big East,12/19,21.0,21,1
2012,UNC,ACC,12/19,23.0,23,1
2012,Texas Tech,Big 12,12/19,15.0,15,1
2012,Vanderbilt,SEC,12/19,25.0,25,1
2012,Texas,Big 12,12/19,22.0,22,1
2012,Baylor,Big 12,12/26,1.0,1,1
2012,Stanford,Pac-12,12/26,4.0,4,1
2012,UConn,Big East,12/26,2.0,2,1
2012,Notre Dame,Big East,12/26,3.0,3,1
2012,Maryland,ACC,12/26,5.0,5,1
2012,Duke,ACC,12/26,8.0,8,1
2012,Delaware,CAA,12/26,19.0,19,1
2012,Miami (FL),ACC,12/26,12.0,12,1
2012,Tennessee,SEC,12/26,7.0,7,1
2012,Green Bay,Horizon,12/26,18.0,18,1
2012,Penn State,Big Ten,12/26,16.0,16,1
2012,Kentucky,SEC,12/26,6.0,6,1
2012,Purdue,Big Ten,12/26,20.0,20,1
2012,Ohio State,Big Ten,12/26,9.0,9,1
2012,Georgetown,Big East,12/26,15.0,15,1
2012,Nebraska,Big Ten,12/26,23.0,23,1
2012,Louisville,Big East,12/26,14.0,14,1
2012,Georgia,SEC,12/26,17.0,17,1
2012,Texas A&M,Big 12,12/26,10.0,10,1
2012,Rutgers,Big East,12/26,11.0,11,1
2012,DePaul,Big East,12/26,21.0,21,1
2012,UNC,ACC,12/26,24.0,24,1
2012,Texas Tech,Big 12,12/26,13.0,13,1
2012,Vanderbilt,SEC,12/26,25.0,25,1
2012,Texas,Big 12,12/26,22.0,22,1
2012,Baylor,Big 12,1/2,1.0,1,1
2012,Stanford,Pac-12,1/2,4.0,4,1
2012,UConn,Big East,1/2,2.0,2,1
2012,Notre Dame,Big East,1/2,3.0,3,1
2012,Maryland,ACC,1/2,5.0,5,1
2012,Duke,ACC,1/2,7.0,7,1
2012,Delaware,CAA,1/2,21.0,21,1
2012,Miami (FL),ACC,1/2,12.0,12,1
2012,Tennessee,SEC,1/2,6.0,6,1
2012,Green Bay,Horizon,1/2,17.0,17,1
2012,Penn State,Big Ten,1/2,22.0,22,1
2012,Kentucky,SEC,1/2,11.0,11,1
2012,Purdue,Big Ten,1/2,18.0,18,1
2012,Ohio State,Big Ten,1/2,8.0,8,1
2012,Georgetown,Big East,1/2,15.0,15,1
2012,Nebraska,Big Ten,1/2,19.0,19,1
2012,Louisville,Big East,1/2,14.0,14,1
2012,Georgia,SEC,1/2,16.0,16,1
2012,Texas A&M,Big 12,1/2,9.0,9,1
2012,Rutgers,Big East,1/2,10.0,10,1
2012,DePaul,Big East,1/2,20.0,20,1
2012,UNC,ACC,1/2,25.0,25,1
2012,Texas Tech,Big 12,1/2,13.0,13,1
2012,Vanderbilt,SEC,1/2,24.0,24,1
2012,Texas,Big 12,1/2,23.0,23,1
2012,Baylor,Big 12,1/9,1.0,1,1
2012,Stanford,Pac-12,1/9,4.0,4,1
2012,UConn,Big East,1/9,3.0,3,1
2012,Notre Dame,Big East,1/9,2.0,2,1
2012,Maryland,ACC,1/9,5.0,5,1
2012,Duke,ACC,1/9,7.0,7,1
2012,Delaware,CAA,1/9,20.0,20,1
2012,Miami (FL),ACC,1/9,13.0,13,1
2012,Tennessee,SEC,1/9,6.0,6,1
2012,Green Bay,Horizon,1/9,14.0,14,1
2012,Kentucky,SEC,1/9,9.0,9,1
2012,Purdue,Big Ten,1/9,17.0,17,1
2012,Ohio State,Big Ten,1/9,11.0,11,1
2012,Georgetown,Big East,1/9,18.0,18,1
2012,Nebraska,Big Ten,1/9,15.0,15,1
2012,Louisville,Big East,1/9,16.0,16,1
2012,Georgia,SEC,1/9,19.0,19,1
2012,Texas A&M,Big 12,1/9,12.0,12,1
2012,Rutgers,Big East,1/9,8.0,8,1
2012,South Carolina,SEC,1/9,24.0,24,1
2012,Gonzaga,WCC,1/9,23.0,23,1
2012,DePaul,Big East,1/9,21.0,21,1
2012,UNC,ACC,1/9,22.0,22,1
2012,Texas Tech,Big 12,1/9,10.0,10,1
2012,Vanderbilt,SEC,1/9,25.0,25,1
2012,Baylor,Big 12,1/16,1.0,1,1
2012,Stanford,Pac-12,1/16,4.0,4,1
2012,UConn,Big East,1/16,3.0,3,1
2012,Notre Dame,Big East,1/16,2.0,2,1
2012,Maryland,ACC,1/16,8.0,8,1
2012,Duke,ACC,1/16,5.0,5,1
2012,Delaware,CAA,1/16,16.0,16,1
2012,Miami (FL),ACC,1/16,11.0,11,1
2012,Tennessee,SEC,1/16,9.0,9,1
2012,Green Bay,Horizon,1/16,12.0,12,1
2012,Penn State,Big Ten,1/16,22.0,22,1
2012,Kentucky,SEC,1/16,6.0,6,1
2012,Purdue,Big Ten,1/16,13.0,13,1
2012,Ohio State,Big Ten,1/16,10.0,10,1
2012,Georgetown,Big East,1/16,19.0,19,1
2012,Nebraska,Big Ten,1/16,20.0,20,1
2012,Louisville,Big East,1/16,18.0,18,1
2012,Georgia,SEC,1/16,15.0,15,1
2012,Texas A&M,Big 12,1/16,14.0,14,1
2012,Rutgers,Big East,1/16,7.0,7,1
2012,DePaul,Big East,1/16,21.0,21,1
2012,UNC,ACC,1/16,24.0,24,1
2012,Texas Tech,Big 12,1/16,17.0,17,1
2012,Kansas State,Big 12,1/16,23.0,23,1
2012,Vanderbilt,SEC,1/16,25.0,25,1
2012,Baylor,Big 12,1/23,1.0,1,1
2012,Stanford,Pac-12,1/23,4.0,4,1
2012,UConn,Big East,1/23,3.0,3,1
2012,Notre Dame,Big East,1/23,2.0,2,1
2012,Maryland,ACC,1/23,8.0,8,1
2012,Duke,ACC,1/23,5.0,5,1
2012,Delaware,CAA,1/23,15.0,15,1
2012,Miami (FL),ACC,1/23,10.0,10,1
2012,Tennessee,SEC,1/23,7.0,7,1
2012,Green Bay,Horizon,1/23,12.0,12,1
2012,Penn State,Big Ten,1/23,18.0,18,1
2012,Kentucky,SEC,1/23,6.0,6,1
2012,Purdue,Big Ten,1/23,13.0,13,1
2012,Ohio State,Big Ten,1/23,9.0,9,1
2012,Georgetown,Big East,1/23,20.0,20,1
2012,Nebraska,Big Ten,1/23,19.0,19,1
2012,Louisville,Big East,1/23,16.0,16,1
2012,Georgia,SEC,1/23,17.0,17,1
2012,Texas A&M,Big 12,1/23,14.0,14,1
2012,Rutgers,Big East,1/23,11.0,11,1
2012,Gonzaga,WCC,1/23,22.0,22,1
2012,DePaul,Big East,1/23,23.0,23,1
2012,BYU,WCC,1/23,23.0,23,1
2012,UNC,ACC,1/23,25.0,25,1
2012,Texas Tech,Big 12,1/23,21.0,21,1
2012,Baylor,Big 12,1/30,1.0,1,1
2012,Stanford,Pac-12,1/30,4.0,4,1
2012,UConn,Big East,1/30,3.0,3,1
2012,Notre Dame,Big East,1/30,2.0,2,1
2012,Maryland,ACC,1/30,9.0,9,1
2012,Duke,ACC,1/30,5.0,5,1
2012,Delaware,CAA,1/30,12.0,12,1
2012,Miami (FL),ACC,1/30,7.0,7,1
2012,Tennessee,SEC,1/30,8.0,8,1
2012,Green Bay,Horizon,1/30,10.0,10,1
2012,Penn State,Big Ten,1/30,19.0,19,1
2012,Kentucky,SEC,1/30,6.0,6,1
2012,Purdue,Big Ten,1/30,15.0,15,1
2012,Georgia Tech,ACC,1/30,24.0,24,1
2012,Ohio State,Big Ten,1/30,11.0,11,1
2012,Georgetown,Big East,1/30,17.0,17,1
2012,Nebraska,Big Ten,1/30,16.0,16,1
2012,Louisville,Big East,1/30,14.0,14,1
2012,Georgia,SEC,1/30,21.0,21,1
2012,Texas A&M,Big 12,1/30,18.0,18,1
2012,Rutgers,Big East,1/30,13.0,13,1
2012,Gonzaga,WCC,1/30,20.0,20,1
2012,BYU,WCC,1/30,22.0,22,1
2012,UNC,ACC,1/30,23.0,23,1
2012,Texas Tech,Big 12,1/30,25.0,25,1
2012,Baylor,Big 12,2/6,1.0,1,1
2012,Stanford,Pac-12,2/6,4.0,4,1
2012,UConn,Big East,2/6,3.0,3,1
2012,Notre Dame,Big East,2/6,2.0,2,1
2012,Maryland,ACC,2/6,8.0,8,1
2012,Duke,ACC,2/6,5.0,5,1
2012,Delaware,CAA,2/6,12.0,12,1
2012,Miami (FL),ACC,2/6,6.0,6,1
2012,Tennessee,SEC,2/6,11.0,11,1
2012,Green Bay,Horizon,2/6,9.0,9,1
2012,Penn State,Big Ten,2/6,18.0,18,1
2012,Kentucky,SEC,2/6,7.0,7,1
2012,Purdue,Big Ten,2/6,16.0,16,1
2012,Georgia Tech,ACC,2/6,22.0,22,1
2012,Ohio State,Big Ten,2/6,10.0,10,1
2012,Georgetown,Big East,2/6,14.0,14,1
2012,Nebraska,Big Ten,2/6,13.0,13,1
2012,Louisville,Big East,2/6,20.0,20,1
2012,Georgia,SEC,2/6,21.0,21,1
2012,St. Bonaventure,A-10,2/6,25.0,25,1
2012,Texas A&M,Big 12,2/6,15.0,15,1
2012,Rutgers,Big East,2/6,17.0,17,1
2012,South Carolina,SEC,2/6,24.0,24,1
2012,Gonzaga,WCC,2/6,19.0,19,1
2012,UNC,ACC,2/6,22.0,22,1
2012,Baylor,Big 12,2/13,1.0,1,1
2012,Stanford,Pac-12,2/13,3.0,3,1
2012,UConn,Big East,2/13,2.0,2,1
2012,Notre Dame,Big East,2/13,4.0,4,1
2012,Maryland,ACC,2/13,8.0,8,1
2012,Duke,ACC,2/13,5.0,5,1
2012,Delaware,CAA,2/13,10.0,10,1
2012,Miami (FL),ACC,2/13,6.0,6,1
2012,Tennessee,SEC,2/13,13.0,13,1
2012,Green Bay,Horizon,2/13,11.0,11,1
2012,Penn State,Big Ten,2/13,12.0,12,1
2012,Kentucky,SEC,2/13,7.0,7,1
2012,Purdue,Big Ten,2/13,17.0,17,1
2012,Georgia Tech,ACC,2/13,20.0,20,1
2012,Ohio State,Big Ten,2/13,9.0,9,1
2012,Georgetown,Big East,2/13,15.0,15,1
2012,Nebraska,Big Ten,2/13,16.0,16,1
2012,Louisville,Big East,2/13,19.0,19,1
2012,Georgia,SEC,2/13,18.0,18,1
2012,St. Bonaventure,A-10,2/13,22.0,22,1
2012,Texas A&M,Big 12,2/13,14.0,14,1
2012,Rutgers,Big East,2/13,21.0,21,1
2012,South Carolina,SEC,2/13,25.0,25,1
2012,DePaul,Big East,2/13,24.0,24,1
2012,BYU,WCC,2/13,23.0,23,1
2012,Baylor,Big 12,2/20,1.0,1,1
2012,Stanford,Pac-12,2/20,2.0,2,1
2012,UConn,Big East,2/20,4.0,4,1
2012,Notre Dame,Big East,2/20,3.0,3,1
2012,Maryland,ACC,2/20,6.0,6,1
2012,Duke,ACC,2/20,7.0,7,1
2012,Delaware,CAA,2/20,9.0,9,1
2012,Miami (FL),ACC,2/20,5.0,5,1
2012,Tennessee,SEC,2/20,10.0,10,1
2012,Green Bay,Horizon,2/20,12.0,12,1
2012,Penn State,Big Ten,2/20,11.0,11,1
2012,Kentucky,SEC,2/20,13.0,13,1
2012,Purdue,Big Ten,2/20,22.0,22,1
2012,St. John's (NY),Big East,2/20,20.0,20,1
2012,Georgia Tech,ACC,2/20,17.0,17,1
2012,Ohio State,Big Ten,2/20,8.0,8,1
2012,Georgetown,Big East,2/20,15.0,15,1
2012,Nebraska,Big Ten,2/20,23.0,23,1
2012,Louisville,Big East,2/20,16.0,16,1
2012,Georgia,SEC,2/20,18.0,18,1
2012,St. Bonaventure,A-10,2/20,19.0,19,1
2012,Texas A&M,Big 12,2/20,14.0,14,1
2012,Rutgers,Big East,2/20,24.0,24,1
2012,Gonzaga,WCC,2/20,25.0,25,1
2012,DePaul,Big East,2/20,21.0,21,1
2012,Baylor,Big 12,Final,1.0,1,1
2012,Stanford,Pac-12,Final,2.0,2,1
2012,UConn,Big East,Final,3.0,3,1
2012,Notre Dame,Big East,Final,4.0,4,1
2012,Maryland,ACC,Final,5.0,5,1
2012,Duke,ACC,Final,6.0,6,1
2012,Delaware,CAA,Final,7.0,7,1
2012,Miami (FL),ACC,Final,8.0,8,1
2012,Tennessee,SEC,Final,9.0,9,1
2012,Green Bay,Horizon,Final,10.0,10,1
2012,Penn State,Big Ten,Final,11.0,11,1
2012,Kentucky,SEC,Final,12.0,12,1
2012,Purdue,Big Ten,Final,13.0,13,1
2012,St. John's (NY),Big East,Final,14.0,14,1
2012,Georgia Tech,ACC,Final,15.0,15,1
2012,Ohio State,Big Ten,Final,16.0,16,1
2012,Georgetown,Big East,Final,17.0,17,1
2012,Nebraska,Big Ten,Final,17.0,17,1
2012,Louisville,Big East,Final,19.0,19,1
2012,Georgia,SEC,Final,20.0,20,1
2012,St. Bonaventure,A-10,Final,21.0,21,1
2012,Texas A&M,Big 12,Final,22.0,22,1
2012,Rutgers,Big East,Final,23.0,23,1
2012,Princeton,Ivy,Final,24.0,24,1
2012,South Carolina,SEC,Final,25.0,25,1
2012,Baylor,Big 12,3/5,1.0,1,1
2012,Stanford,Pac-12,3/5,2.0,2,1
2012,UConn,Big East,3/5,3.0,3,1
2012,Notre Dame,Big East,3/5,4.0,4,1
2012,Maryland,ACC,3/5,5.0,5,1
2012,Duke,ACC,3/5,6.0,6,1
2012,Delaware,CAA,3/5,7.0,7,1
2012,Miami (FL),ACC,3/5,8.0,8,1
2012,Tennessee,SEC,3/5,9.0,9,1
2012,Green Bay,Horizon,3/5,10.0,10,1
2012,Penn State,Big Ten,3/5,11.0,11,1
2012,Kentucky,SEC,3/5,12.0,12,1
2012,Purdue,Big Ten,3/5,13.0,13,1
2012,St. John's (NY),Big East,3/5,14.0,14,1
2012,Georgia Tech,ACC,3/5,15.0,15,1
2012,Ohio State,Big Ten,3/5,16.0,16,1
2012,Georgetown,Big East,3/5,17.0,17,1
2012,Nebraska,Big Ten,3/5,17.0,17,1
2012,Louisville,Big East,3/5,19.0,19,1
2012,Georgia,SEC,3/5,20.0,20,1
2012,St. Bonaventure,A-10,3/5,21.0,21,1
2012,Texas A&M,Big 12,3/5,22.0,22,1
2012,Rutgers,Big East,3/5,23.0,23,1
2012,Princeton,Ivy,3/5,24.0,24,1
2012,South Carolina,SEC,3/5,25.0,25,1
2012,Baylor,Big 12,12/12,1.0,1,1
2012,Stanford,Pac-12,12/12,4.0,4,1
2012,UConn,Big East,12/12,2.0,2,1
2012,Notre Dame,Big East,12/12,3.0,3,1
2012,Maryland,ACC,12/12,5.0,5,1
2012,Duke,ACC,12/12,9.0,9,1
2012,Delaware,CAA,12/12,21.0,21,1
2012,Miami (FL),ACC,12/12,7.0,7,1
2012,Tennessee,SEC,12/12,6.0,6,1
2012,Green Bay,Horizon,12/12,19.0,19,1
2012,Penn State,Big Ten,12/12,16.0,16,1
2012,Kentucky,SEC,12/12,8.0,8,1
2012,Purdue,Big Ten,12/12,22.0,22,1
2012,Ohio State,Big Ten,12/12,12.0,12,1
2012,Georgetown,Big East,12/12,17.0,17,1
2012,Nebraska,Big Ten,12/12,25.0,25,1
2012,Louisville,Big East,12/12,14.0,14,1
2012,Georgia,SEC,12/12,13.0,13,1
2012,Texas A&M,Big 12,12/12,10.0,10,1
2012,Rutgers,Big East,12/12,11.0,11,1
2012,DePaul,Big East,12/12,23.0,23,1
2012,UNC,ACC,12/12,18.0,18,1
2012,Texas Tech,Big 12,12/12,15.0,15,1
2012,Vanderbilt,SEC,12/12,20.0,20,1
2012,Texas,Big 12,12/12,24.0,24,1
2012,Baylor,Big 12,2/27,1.0,1,1
2012,Stanford,Pac-12,2/27,2.0,2,1
2012,UConn,Big East,2/27,4.0,4,1
2012,Notre Dame,Big East,2/27,3.0,3,1
2012,Maryland,ACC,2/27,6.0,6,1
2012,Duke,ACC,2/27,5.0,5,1
2012,Delaware,CAA,2/27,8.0,8,1
2012,Miami (FL),ACC,2/27,7.0,7,1
2012,Tennessee,SEC,2/27,13.0,13,1
2012,Green Bay,Horizon,2/27,11.0,11,1
2012,Penn State,Big Ten,2/27,9.0,9,1
2012,Kentucky,SEC,2/27,10.0,10,1
2012,Purdue,Big Ten,2/27,21.0,21,1
2012,St. John's (NY),Big East,2/27,18.0,18,1
2012,Georgia Tech,ACC,2/27,15.0,15,1
2012,Ohio State,Big Ten,2/27,14.0,14,1
2012,Georgetown,Big East,2/27,12.0,12,1
2012,Nebraska,Big Ten,2/27,24.0,24,1
2012,Louisville,Big East,2/27,20.0,20,1
2012,Georgia,SEC,2/27,16.0,16,1
2012,St. Bonaventure,A-10,2/27,19.0,19,1
2012,Texas A&M,Big 12,2/27,17.0,17,1
2012,Rutgers,Big East,2/27,23.0,23,1
2012,South Carolina,SEC,2/27,25.0,25,1
2012,Gonzaga,WCC,2/27,22.0,22,1
2013,Baylor,Big 12,Pre,1.0,1,1
2013,Notre Dame,Big East,Pre,7.0,7,1
2013,UConn,Big East,Pre,2.0,2,1
2013,Stanford,Pac-12,Pre,4.0,4,1
2013,Duke,ACC,Pre,3.0,3,1
2013,California,Pac-12,Pre,13.0,13,1
2013,Kentucky,SEC,Pre,6.0,6,1
2013,Penn State,Big Ten,Pre,8.0,8,1
2013,Texas A&M,SEC,Pre,15.0,15,1
2013,Tennessee,SEC,Pre,20.0,20,1
2013,Maryland,ACC,Pre,5.0,5,1
2013,Georgia,SEC,Pre,10.0,10,1
2013,Delaware,CAA,Pre,11.0,11,1
2013,Louisville,Big East,Pre,9.0,9,1
2013,Purdue,Big Ten,Pre,21.0,21,1
2013,Nebraska,Big Ten,Pre,18.0,18,1
2013,Oklahoma State,Big 12,Pre,23.0,23,1
2013,Oklahoma,Big 12,Pre,12.0,12,1
2013,Miami (FL),ACC,Pre,24.0,24,1
2013,West Virginia,Big 12,Pre,17.0,17,1
2013,Ohio State,Big Ten,Pre,19.0,19,1
2013,St. John's (NY),Big East,Pre,14.0,14,1
2013,Vanderbilt,SEC,Pre,16.0,16,1
2013,Georgia Tech,ACC,Pre,22.0,22,1
2013,DePaul,Big East,Pre,25.0,25,1
2013,Baylor,Big 12,3/4,1.0,1,1
2013,Notre Dame,Big East,3/4,2.0,2,1
2013,UConn,Big East,3/4,3.0,3,1
2013,Stanford,Pac-12,3/4,4.0,4,1
2013,Duke,ACC,3/4,6.0,6,1
2013,California,Pac-12,3/4,5.0,5,1
2013,Kentucky,SEC,3/4,7.0,7,1
2013,Penn State,Big Ten,3/4,8.0,8,1
2013,Texas A&M,SEC,3/4,19.0,19,1
2013,Tennessee,SEC,3/4,9.0,9,1
2013,UCLA,Pac-12,3/4,14.0,14,1
2013,Maryland,ACC,3/4,10.0,10,1
2013,UNC,ACC,3/4,15.0,15,1
2013,Georgia,SEC,3/4,12.0,12,1
2013,Delaware,CAA,3/4,16.0,16,1
2013,Louisville,Big East,3/4,13.0,13,1
2013,South Carolina,SEC,3/4,17.0,17,1
2013,Dayton,A-10,3/4,11.0,11,1
2013,Colorado,Pac-12,3/4,18.0,18,1
2013,Green Bay,Horizon,3/4,20.0,20,1
2013,Syracuse,Big East,3/4,24.0,24,1
2013,Nebraska,Big Ten,3/4,21.0,21,1
2013,Florida State,ACC,3/4,23.0,23,1
2013,LSU,SEC,3/4,22.0,22,1
2013,Toledo,MAC,3/4,25.0,25,1
2013,Baylor,Big 12,3/11,1.0,1,1
2013,Notre Dame,Big East,3/11,2.0,2,1
2013,UConn,Big East,3/11,3.0,3,1
2013,Stanford,Pac-12,3/11,4.0,4,1
2013,Duke,ACC,3/11,5.0,5,1
2013,California,Pac-12,3/11,6.0,6,1
2013,Kentucky,SEC,3/11,7.0,7,1
2013,Penn State,Big Ten,3/11,8.0,8,1
2013,Texas A&M,SEC,3/11,9.0,9,1
2013,Tennessee,SEC,3/11,10.0,10,1
2013,UCLA,Pac-12,3/11,11.0,11,1
2013,Maryland,ACC,3/11,12.0,12,1
2013,UNC,ACC,3/11,13.0,13,1
2013,Georgia,SEC,3/11,14.0,14,1
2013,Delaware,CAA,3/11,15.0,15,1
2013,Louisville,Big East,3/11,16.0,16,1
2013,South Carolina,SEC,3/11,17.0,17,1
2013,Dayton,A-10,3/11,18.0,18,1
2013,Colorado,Pac-12,3/11,19.0,19,1
2013,Green Bay,Horizon,3/11,20.0,20,1
2013,Purdue,Big Ten,3/11,21.0,21,1
2013,Syracuse,Big East,3/11,22.0,22,1
2013,Iowa State,Big 12,3/11,23.0,23,1
2013,Nebraska,Big Ten,3/11,24.0,24,1
2013,Florida State,ACC,3/11,25.0,25,1
2013,Baylor,Big 12,Final,1.0,1,1
2013,Notre Dame,Big East,Final,2.0,2,1
2013,UConn,Big East,Final,3.0,3,1
2013,Stanford,Pac-12,Final,4.0,4,1
2013,Duke,ACC,Final,5.0,5,1
2013,California,Pac-12,Final,6.0,6,1
2013,Kentucky,SEC,Final,7.0,7,1
2013,Penn State,Big Ten,Final,8.0,8,1
2013,Texas A&M,SEC,Final,9.0,9,1
2013,Tennessee,SEC,Final,10.0,10,1
2013,UCLA,Pac-12,Final,11.0,11,1
2013,Maryland,ACC,Final,12.0,12,1
2013,UNC,ACC,Final,13.0,13,1
2013,Georgia,SEC,Final,14.0,14,1
2013,Delaware,CAA,Final,15.0,15,1
2013,Louisville,Big East,Final,16.0,16,1
2013,South Carolina,SEC,Final,17.0,17,1
2013,Dayton,A-10,Final,18.0,18,1
2013,Colorado,Pac-12,Final,19.0,19,1
2013,Green Bay,Horizon,Final,20.0,20,1
2013,Purdue,Big Ten,Final,21.0,21,1
2013,Syracuse,Big East,Final,22.0,22,1
2013,Iowa State,Big 12,Final,23.0,23,1
2013,Nebraska,Big Ten,Final,24.0,24,1
2013,Florida State,ACC,Final,25.0,25,1
2013,Baylor,Big 12,11/12,1.0,1,1
2013,Notre Dame,Big East,11/12,7.0,7,1
2013,UConn,Big East,11/12,2.0,2,1
2013,Stanford,Pac-12,11/12,4.0,4,1
2013,Duke,ACC,11/12,3.0,3,1
2013,California,Pac-12,11/12,12.0,12,1
2013,Kentucky,SEC,11/12,6.0,6,1
2013,Penn State,Big Ten,11/12,9.0,9,1
2013,Texas A&M,SEC,11/12,16.0,16,1
2013,Tennessee,SEC,11/12,24.0,24,1
2013,Maryland,ACC,11/12,5.0,5,1
2013,Georgia,SEC,11/12,10.0,10,1
2013,Delaware,CAA,11/12,17.0,17,1
2013,Louisville,Big East,11/12,8.0,8,1
2013,Purdue,Big Ten,11/12,18.0,18,1
2013,Nebraska,Big Ten,11/12,15.0,15,1
2013,Oklahoma State,Big 12,11/12,22.0,22,1
2013,Oklahoma,Big 12,11/12,11.0,11,1
2013,Miami (FL),ACC,11/12,23.0,23,1
2013,Texas,Big 12,11/12,19.0,19,1
2013,West Virginia,Big 12,11/12,14.0,14,1
2013,Ohio State,Big Ten,11/12,20.0,20,1
2013,St. John's (NY),Big East,11/12,20.0,20,1
2013,Vanderbilt,SEC,11/12,13.0,13,1
2013,Georgetown,Big East,11/12,25.0,25,1
2013,Baylor,Big 12,11/19,3.0,3,1
2013,Notre Dame,Big East,11/19,5.0,5,1
2013,UConn,Big East,11/19,2.0,2,1
2013,Stanford,Pac-12,11/19,1.0,1,1
2013,Duke,ACC,11/19,4.0,4,1
2013,California,Pac-12,11/19,11.0,11,1
2013,Kentucky,SEC,11/19,9.0,9,1
2013,Penn State,Big Ten,11/19,6.0,6,1
2013,Tennessee,SEC,11/19,20.0,20,1
2013,UCLA,Pac-12,11/19,19.0,19,1
2013,Maryland,ACC,11/19,10.0,10,1
2013,UNC,ACC,11/19,25.0,25,1
2013,Georgia,SEC,11/19,8.0,8,1
2013,Louisville,Big East,11/19,7.0,7,1
2013,Dayton,A-10,11/19,24.0,24,1
2013,Purdue,Big Ten,11/19,14.0,14,1
2013,Nebraska,Big Ten,11/19,23.0,23,1
2013,Oklahoma State,Big 12,11/19,21.0,21,1
2013,Oklahoma,Big 12,11/19,13.0,13,1
2013,Kansas,Big 12,11/19,22.0,22,1
2013,Texas,Big 12,11/19,15.0,15,1
2013,West Virginia,Big 12,11/19,12.0,12,1
2013,Ohio State,Big Ten,11/19,16.0,16,1
2013,St. John's (NY),Big East,11/19,18.0,18,1
2013,Vanderbilt,SEC,11/19,17.0,17,1
2013,Baylor,Big 12,11/26,3.0,3,1
2013,Notre Dame,Big East,11/26,5.0,5,1
2013,UConn,Big East,11/26,2.0,2,1
2013,Stanford,Pac-12,11/26,1.0,1,1
2013,Duke,ACC,11/26,4.0,4,1
2013,California,Pac-12,11/26,10.0,10,1
2013,Kentucky,SEC,11/26,9.0,9,1
2013,Penn State,Big Ten,11/26,6.0,6,1
2013,Tennessee,SEC,11/26,16.0,16,1
2013,UCLA,Pac-12,11/26,19.0,19,1
2013,Maryland,ACC,11/26,11.0,11,1
2013,UNC,ACC,11/26,22.0,22,1
2013,Georgia,SEC,11/26,8.0,8,1
2013,Louisville,Big East,11/26,7.0,7,1
2013,Dayton,A-10,11/26,23.0,23,1
2013,Purdue,Big Ten,11/26,14.0,14,1
2013,Iowa State,Big 12,11/26,24.0,24,1
2013,Nebraska,Big Ten,11/26,21.0,21,1
2013,Oklahoma State,Big 12,11/26,18.0,18,1
2013,Oklahoma,Big 12,11/26,12.0,12,1
2013,Kansas,Big 12,11/26,20.0,20,1
2013,Texas,Big 12,11/26,13.0,13,1
2013,West Virginia,Big 12,11/26,25.0,25,1
2013,Ohio State,Big Ten,11/26,15.0,15,1
2013,St. John's (NY),Big East,11/26,17.0,17,1
2013,Baylor,Big 12,12/3,3.0,3,1
2013,Notre Dame,Big East,12/3,5.0,5,1
2013,UConn,Big East,12/3,2.0,2,1
2013,Stanford,Pac-12,12/3,1.0,1,1
2013,Duke,ACC,12/3,4.0,4,1
2013,California,Pac-12,12/3,11.0,11,1
2013,Kentucky,SEC,12/3,7.0,7,1
2013,Penn State,Big Ten,12/3,10.0,10,1
2013,Tennessee,SEC,12/3,14.0,14,1
2013,UCLA,Pac-12,12/3,17.0,17,1
2013,Maryland,ACC,12/3,9.0,9,1
2013,UNC,ACC,12/3,21.0,21,1
2013,Georgia,SEC,12/3,6.0,6,1
2013,Louisville,Big East,12/3,8.0,8,1
2013,Dayton,A-10,12/3,19.0,19,1
2013,Purdue,Big Ten,12/3,15.0,15,1
2013,Iowa State,Big 12,12/3,22.0,22,1
2013,Nebraska,Big Ten,12/3,25.0,25,1
2013,Florida State,ACC,12/3,24.0,24,1
2013,Oklahoma State,Big 12,12/3,16.0,16,1
2013,Oklahoma,Big 12,12/3,13.0,13,1
2013,Kansas,Big 12,12/3,17.0,17,1
2013,Miami (FL),ACC,12/3,23.0,23,1
2013,Texas,Big 12,12/3,12.0,12,1
2013,Ohio State,Big Ten,12/3,20.0,20,1
2013,Baylor,Big 12,12/10,3.0,3,1
2013,Notre Dame,Big East,12/10,5.0,5,1
2013,UConn,Big East,12/10,2.0,2,1
2013,Stanford,Pac-12,12/10,1.0,1,1
2013,Duke,ACC,12/10,4.0,4,1
2013,California,Pac-12,12/10,9.0,9,1
2013,Kentucky,SEC,12/10,7.0,7,1
2013,Penn State,Big Ten,12/10,11.0,11,1
2013,Texas A&M,SEC,12/10,23.0,23,1
2013,Tennessee,SEC,12/10,13.0,13,1
2013,UCLA,Pac-12,12/10,14.0,14,1
2013,Maryland,ACC,12/10,10.0,10,1
2013,UNC,ACC,12/10,19.0,19,1
2013,Georgia,SEC,12/10,6.0,6,1
2013,Louisville,Big East,12/10,8.0,8,1
2013,South Carolina,SEC,12/10,24.0,24,1
2013,Dayton,A-10,12/10,17.0,17,1
2013,Purdue,Big Ten,12/10,15.0,15,1
2013,Oklahoma State,Big 12,12/10,16.0,16,1
2013,Oklahoma,Big 12,12/10,12.0,12,1
2013,Kansas,Big 12,12/10,22.0,22,1
2013,Miami (FL),ACC,12/10,21.0,21,1
2013,Texas,Big 12,12/10,18.0,18,1
2013,West Virginia,Big 12,12/10,25.0,25,1
2013,Ohio State,Big Ten,12/10,20.0,20,1
2013,Baylor,Big 12,12/17,3.0,3,1
2013,Notre Dame,Big East,12/17,5.0,5,1
2013,UConn,Big East,12/17,2.0,2,1
2013,Stanford,Pac-12,12/17,1.0,1,1
2013,Duke,ACC,12/17,4.0,4,1
2013,California,Pac-12,12/17,8.0,8,1
2013,Kentucky,SEC,12/17,7.0,7,1
2013,Penn State,Big Ten,12/17,11.0,11,1
2013,Texas A&M,SEC,12/17,22.0,22,1
2013,Tennessee,SEC,12/17,10.0,10,1
2013,UCLA,Pac-12,12/17,12.0,12,1
2013,Maryland,ACC,12/17,9.0,9,1
2013,UNC,ACC,12/17,17.0,17,1
2013,Georgia,SEC,12/17,6.0,6,1
2013,Louisville,Big East,12/17,14.0,14,1
2013,South Carolina,SEC,12/17,21.0,21,1
2013,Dayton,A-10,12/17,16.0,16,1
2013,Colorado,Pac-12,12/17,25.0,25,1
2013,Purdue,Big Ten,12/17,13.0,13,1
2013,Florida State,ACC,12/17,23.0,23,1
2013,Oklahoma State,Big 12,12/17,15.0,15,1
2013,Oklahoma,Big 12,12/17,18.0,18,1
2013,Kansas,Big 12,12/17,19.0,19,1
2013,Texas,Big 12,12/17,20.0,20,1
2013,West Virginia,Big 12,12/17,24.0,24,1
2013,Baylor,Big 12,12/24,3.0,3,1
2013,Notre Dame,Big East,12/24,5.0,5,1
2013,UConn,Big East,12/24,2.0,2,1
2013,Stanford,Pac-12,12/24,1.0,1,1
2013,Duke,ACC,12/24,4.0,4,1
2013,California,Pac-12,12/24,8.0,8,1
2013,Kentucky,SEC,12/24,7.0,7,1
2013,Penn State,Big Ten,12/24,10.0,10,1
2013,Texas A&M,SEC,12/24,24.0,24,1
2013,Tennessee,SEC,12/24,13.0,13,1
2013,UCLA,Pac-12,12/24,17.0,17,1
2013,Maryland,ACC,12/24,9.0,9,1
2013,UNC,ACC,12/24,16.0,16,1
2013,Georgia,SEC,12/24,6.0,6,1
2013,Louisville,Big East,12/24,12.0,12,1
2013,South Carolina,SEC,12/24,19.0,19,1
2013,Dayton,A-10,12/24,15.0,15,1
2013,Colorado,Pac-12,12/24,23.0,23,1
2013,Purdue,Big Ten,12/24,11.0,11,1
2013,Florida State,ACC,12/24,21.0,21,1
2013,Oklahoma State,Big 12,12/24,14.0,14,1
2013,Oklahoma,Big 12,12/24,18.0,18,1
2013,Kansas,Big 12,12/24,22.0,22,1
2013,Arkansas,SEC,12/24,25.0,25,1
2013,Texas,Big 12,12/24,20.0,20,1
2013,Baylor,Big 12,12/31,2.0,2,1
2013,Notre Dame,Big East,12/31,5.0,5,1
2013,UConn,Big East,12/31,1.0,1,1
2013,Stanford,Pac-12,12/31,4.0,4,1
2013,Duke,ACC,12/31,3.0,3,1
2013,California,Pac-12,12/31,7.0,7,1
2013,Kentucky,SEC,12/31,6.0,6,1
2013,Penn State,Big Ten,12/31,9.0,9,1
2013,Texas A&M,SEC,12/31,24.0,24,1
2013,Tennessee,SEC,12/31,12.0,12,1
2013,UCLA,Pac-12,12/31,16.0,16,1
2013,Maryland,ACC,12/31,8.0,8,1
2013,UNC,ACC,12/31,15.0,15,1
2013,Georgia,SEC,12/31,10.0,10,1
2013,Louisville,Big East,12/31,11.0,11,1
2013,South Carolina,SEC,12/31,18.0,18,1
2013,Dayton,A-10,12/31,22.0,22,1
2013,Colorado,Pac-12,12/31,20.0,20,1
2013,Purdue,Big Ten,12/31,14.0,14,1
2013,Nebraska,Big Ten,12/31,25.0,25,1
2013,Florida State,ACC,12/31,19.0,19,1
2013,Oklahoma State,Big 12,12/31,13.0,13,1
2013,Oklahoma,Big 12,12/31,17.0,17,1
2013,Kansas,Big 12,12/31,21.0,21,1
2013,Arkansas,SEC,12/31,23.0,23,1
2013,Baylor,Big 12,1/7,1.0,1,1
2013,Notre Dame,Big East,1/7,2.0,2,1
2013,UConn,Big East,1/7,3.0,3,1
2013,Stanford,Pac-12,1/7,5.0,5,1
2013,Duke,ACC,1/7,4.0,4,1
2013,California,Pac-12,1/7,7.0,7,1
2013,Kentucky,SEC,1/7,6.0,6,1
2013,Penn State,Big Ten,1/7,8.0,8,1
2013,Texas A&M,SEC,1/7,20.0,20,1
2013,Tennessee,SEC,1/7,9.0,9,1
2013,UCLA,Pac-12,1/7,14.0,14,1
2013,Maryland,ACC,1/7,10.0,10,1
2013,UNC,ACC,1/7,11.0,11,1
2013,Georgia,SEC,1/7,13.0,13,1
2013,Louisville,Big East,1/7,15.0,15,1
2013,South Carolina,SEC,1/7,18.0,18,1
2013,Dayton,A-10,1/7,22.0,22,1
2013,Colorado,Pac-12,1/7,23.0,23,1
2013,Purdue,Big Ten,1/7,12.0,12,1
2013,Iowa State,Big 12,1/7,25.0,25,1
2013,Florida State,ACC,1/7,18.0,18,1
2013,Oklahoma State,Big 12,1/7,21.0,21,1
2013,Oklahoma,Big 12,1/7,16.0,16,1
2013,Kansas,Big 12,1/7,17.0,17,1
2013,Miami (FL),ACC,1/7,24.0,24,1
2013,Baylor,Big 12,1/14,1.0,1,1
2013,Notre Dame,Big East,1/14,2.0,2,1
2013,UConn,Big East,1/14,3.0,3,1
2013,Stanford,Pac-12,1/14,6.0,6,1
2013,Duke,ACC,1/14,4.0,4,1
2013,California,Pac-12,1/14,7.0,7,1
2013,Kentucky,SEC,1/14,5.0,5,1
2013,Penn State,Big Ten,1/14,8.0,8,1
2013,Texas A&M,SEC,1/14,20.0,20,1
2013,Tennessee,SEC,1/14,9.0,9,1
2013,UCLA,Pac-12,1/14,14.0,14,1
2013,Maryland,ACC,1/14,10.0,10,1
2013,UNC,ACC,1/14,11.0,11,1
2013,Georgia,SEC,1/14,13.0,13,1
2013,Louisville,Big East,1/14,15.0,15,1
2013,South Carolina,SEC,1/14,19.0,19,1
2013,Dayton,A-10,1/14,18.0,18,1
2013,Colorado,Pac-12,1/14,21.0,21,1
2013,Purdue,Big Ten,1/14,12.0,12,1
2013,Iowa State,Big 12,1/14,24.0,24,1
2013,Florida State,ACC,1/14,22.0,22,1
2013,Oklahoma State,Big 12,1/14,17.0,17,1
2013,Oklahoma,Big 12,1/14,16.0,16,1
2013,Michigan,Big Ten,1/14,25.0,25,1
2013,Kansas,Big 12,1/14,23.0,23,1
2013,Baylor,Big 12,1/21,1.0,1,1
2013,Notre Dame,Big East,1/21,2.0,2,1
2013,UConn,Big East,1/21,3.0,3,1
2013,Stanford,Pac-12,1/21,6.0,6,1
2013,Duke,ACC,1/21,4.0,4,1
2013,California,Pac-12,1/21,7.0,7,1
2013,Kentucky,SEC,1/21,5.0,5,1
2013,Penn State,Big Ten,1/21,8.0,8,1
2013,Texas A&M,SEC,1/21,16.0,16,1
2013,Tennessee,SEC,1/21,9.0,9,1
2013,UCLA,Pac-12,1/21,19.0,19,1
2013,Maryland,ACC,1/21,10.0,10,1
2013,UNC,ACC,1/21,11.0,11,1
2013,Georgia,SEC,1/21,14.0,14,1
2013,Louisville,Big East,1/21,13.0,13,1
2013,South Carolina,SEC,1/21,18.0,18,1
2013,Dayton,A-10,1/21,17.0,17,1
2013,Colorado,Pac-12,1/21,20.0,20,1
2013,Purdue,Big Ten,1/21,15.0,15,1
2013,Iowa State,Big 12,1/21,24.0,24,1
2013,Florida State,ACC,1/21,22.0,22,1
2013,Oklahoma State,Big 12,1/21,12.0,12,1
2013,Oklahoma,Big 12,1/21,20.0,20,1
2013,Michigan,Big Ten,1/21,23.0,23,1
2013,Michigan State,Big Ten,1/21,25.0,25,1
2013,Baylor,Big 12,1/28,1.0,1,1
2013,Notre Dame,Big East,1/28,2.0,2,1
2013,UConn,Big East,1/28,3.0,3,1
2013,Stanford,Pac-12,1/28,4.0,4,1
2013,Duke,ACC,1/28,5.0,5,1
2013,California,Pac-12,1/28,6.0,6,1
2013,Kentucky,SEC,1/28,8.0,8,1
2013,Penn State,Big Ten,1/28,7.0,7,1
2013,Texas A&M,SEC,1/28,16.0,16,1
2013,Tennessee,SEC,1/28,9.0,9,1
2013,UCLA,Pac-12,1/28,18.0,18,1
2013,Maryland,ACC,1/28,10.0,10,1
2013,UNC,ACC,1/28,11.0,11,1
2013,Georgia,SEC,1/28,13.0,13,1
2013,Delaware,CAA,1/28,25.0,25,1
2013,Louisville,Big East,1/28,12.0,12,1
2013,South Carolina,SEC,1/28,15.0,15,1
2013,Dayton,A-10,1/28,17.0,17,1
2013,Colorado,Pac-12,1/28,22.0,22,1
2013,Purdue,Big Ten,1/28,14.0,14,1
2013,Iowa State,Big 12,1/28,23.0,23,1
2013,Florida State,ACC,1/28,20.0,20,1
2013,Oklahoma State,Big 12,1/28,19.0,19,1
2013,Oklahoma,Big 12,1/28,21.0,21,1
2013,Iowa,Big Ten,1/28,24.0,24,1
2013,Baylor,Big 12,2/4,1.0,1,1
2013,Notre Dame,Big East,2/4,2.0,2,1
2013,UConn,Big East,2/4,3.0,3,1
2013,Stanford,Pac-12,2/4,4.0,4,1
2013,Duke,ACC,2/4,5.0,5,1
2013,California,Pac-12,2/4,6.0,6,1
2013,Kentucky,SEC,2/4,10.0,10,1
2013,Penn State,Big Ten,2/4,8.0,8,1
2013,Texas A&M,SEC,2/4,14.0,14,1
2013,Tennessee,SEC,2/4,12.0,12,1
2013,UCLA,Pac-12,2/4,17.0,17,1
2013,Maryland,ACC,2/4,7.0,7,1
2013,UNC,ACC,2/4,16.0,16,1
2013,Georgia,SEC,2/4,9.0,9,1
2013,Delaware,CAA,2/4,20.0,20,1
2013,Louisville,Big East,2/4,11.0,11,1
2013,South Carolina,SEC,2/4,15.0,15,1
2013,Dayton,A-10,2/4,18.0,18,1
2013,Colorado,Pac-12,2/4,21.0,21,1
2013,Purdue,Big Ten,2/4,13.0,13,1
2013,Syracuse,Big East,2/4,24.0,24,1
2013,Iowa State,Big 12,2/4,25.0,25,1
2013,Florida State,ACC,2/4,19.0,19,1
2013,Oklahoma State,Big 12,2/4,22.0,22,1
2013,Oklahoma,Big 12,2/4,23.0,23,1
2013,Baylor,Big 12,2/11,1.0,1,1
2013,Notre Dame,Big East,2/11,2.0,2,1
2013,UConn,Big East,2/11,3.0,3,1
2013,Stanford,Pac-12,2/11,4.0,4,1
2013,Duke,ACC,2/11,5.0,5,1
2013,California,Pac-12,2/11,6.0,6,1
2013,Kentucky,SEC,2/11,9.0,9,1
2013,Penn State,Big Ten,2/11,8.0,8,1
2013,Texas A&M,SEC,2/11,11.0,11,1
2013,Tennessee,SEC,2/11,12.0,12,1
2013,UCLA,Pac-12,2/11,15.0,15,1
2013,Maryland,ACC,2/11,7.0,7,1
2013,UNC,ACC,2/11,14.0,14,1
2013,Georgia,SEC,2/11,13.0,13,1
2013,Delaware,CAA,2/11,20.0,20,1
2013,Louisville,Big East,2/11,10.0,10,1
2013,South Carolina,SEC,2/11,16.0,16,1
2013,Dayton,A-10,2/11,17.0,17,1
2013,Colorado,Pac-12,2/11,21.0,21,1
2013,Purdue,Big Ten,2/11,18.0,18,1
2013,Syracuse,Big East,2/11,23.0,23,1
2013,Iowa State,Big 12,2/11,24.0,24,1
2013,Florida State,ACC,2/11,19.0,19,1
2013,Oklahoma State,Big 12,2/11,25.0,25,1
2013,Oklahoma,Big 12,2/11,22.0,22,1
2013,Baylor,Big 12,2/18,1.0,1,1
2013,Notre Dame,Big East,2/18,2.0,2,1
2013,UConn,Big East,2/18,3.0,3,1
2013,Stanford,Pac-12,2/18,4.0,4,1
2013,Duke,ACC,2/18,5.0,5,1
2013,California,Pac-12,2/18,6.0,6,1
2013,Kentucky,SEC,2/18,8.0,8,1
2013,Penn State,Big Ten,2/18,7.0,7,1
2013,Texas A&M,SEC,2/18,10.0,10,1
2013,Tennessee,SEC,2/18,11.0,11,1
2013,UCLA,Pac-12,2/18,17.0,17,1
2013,Maryland,ACC,2/18,8.0,8,1
2013,UNC,ACC,2/18,16.0,16,1
2013,Georgia,SEC,2/18,13.0,13,1
2013,Delaware,CAA,2/18,18.0,18,1
2013,Louisville,Big East,2/18,12.0,12,1
2013,South Carolina,SEC,2/18,15.0,15,1
2013,Dayton,A-10,2/18,14.0,14,1
2013,Colorado,Pac-12,2/18,20.0,20,1
2013,Green Bay,Horizon,2/18,25.0,25,1
2013,Purdue,Big Ten,2/18,22.0,22,1
2013,Syracuse,Big East,2/18,21.0,21,1
2013,Nebraska,Big Ten,2/18,24.0,24,1
2013,Florida State,ACC,2/18,19.0,19,1
2013,Oklahoma State,Big 12,2/18,23.0,23,1
2013,Baylor,Big 12,2/25,1.0,1,1
2013,Notre Dame,Big East,2/25,2.0,2,1
2013,UConn,Big East,2/25,3.0,3,1
2013,Stanford,Pac-12,2/25,4.0,4,1
2013,Duke,ACC,2/25,5.0,5,1
2013,California,Pac-12,2/25,6.0,6,1
2013,Kentucky,SEC,2/25,10.0,10,1
2013,Penn State,Big Ten,2/25,7.0,7,1
2013,Texas A&M,SEC,2/25,13.0,13,1
2013,Tennessee,SEC,2/25,8.0,8,1
2013,UCLA,Pac-12,2/25,17.0,17,1
2013,Maryland,ACC,2/25,9.0,9,1
2013,UNC,ACC,2/25,15.0,15,1
2013,Georgia,SEC,2/25,11.0,11,1
2013,Delaware,CAA,2/25,18.0,18,1
2013,Louisville,Big East,2/25,16.0,16,1
2013,South Carolina,SEC,2/25,14.0,14,1
2013,Dayton,A-10,2/25,12.0,12,1
2013,Colorado,Pac-12,2/25,19.0,19,1
2013,Green Bay,Horizon,2/25,21.0,21,1
2013,Purdue,Big Ten,2/25,25.0,25,1
2013,Syracuse,Big East,2/25,22.0,22,1
2013,Iowa State,Big 12,2/25,23.0,23,1
2013,Nebraska,Big Ten,2/25,20.0,20,1
2013,Florida State,ACC,2/25,24.0,24,1
2014,UConn,AAC,Pre,1.0,1,1
2014,Notre Dame,ACC,Pre,6.0,6,1
2014,Tennessee,SEC,Pre,4.0,4,1
2014,Louisville,AAC,Pre,5.0,5,1
2014,Baylor,Big 12,Pre,10.0,10,1
2014,Stanford,Pac-12,Pre,3.0,3,1
2014,South Carolina,SEC,Pre,22.0,22,1
2014,Duke,ACC,Pre,2.0,2,1
2014,Kentucky,SEC,Pre,7.0,7,1
2014,Maryland,ACC,Pre,8.0,8,1
2014,UNC,ACC,Pre,12.0,12,1
2014,Nebraska,Big Ten,Pre,17.0,17,1
2014,Penn State,Big Ten,Pre,13.0,13,1
2014,Texas A&M,SEC,Pre,16.0,16,1
2014,Purdue,Big Ten,Pre,18.0,18,1
2014,Gonzaga,WCC,Pre,25.0,25,1
2014,Michigan State,Big Ten,Pre,20.0,20,1
2014,Oklahoma State,Big 12,Pre,21.0,21,1
2014,California,Pac-12,Pre,9.0,9,1
2014,LSU,SEC,Pre,15.0,15,1
2014,Iowa State,Big 12,Pre,23.0,23,1
2014,Colorado,Pac-12,Pre,19.0,19,1
2014,Georgia,SEC,Pre,24.0,24,1
2014,Oklahoma,Big 12,Pre,11.0,11,1
2014,Dayton,A-10,Pre,14.0,14,1
2014,UConn,AAC,11/11,1.0,1,1
2014,Notre Dame,ACC,11/11,6.0,6,1
2014,Tennessee,SEC,11/11,4.0,4,1
2014,Louisville,AAC,11/11,5.0,5,1
2014,Baylor,Big 12,11/11,9.0,9,1
2014,Stanford,Pac-12,11/11,3.0,3,1
2014,South Carolina,SEC,11/11,21.0,21,1
2014,Duke,ACC,11/11,2.0,2,1
2014,Kentucky,SEC,11/11,7.0,7,1
2014,Maryland,ACC,11/11,8.0,8,1
2014,UNC,ACC,11/11,12.0,12,1
2014,Nebraska,Big Ten,11/11,15.0,15,1
2014,Penn State,Big Ten,11/11,13.0,13,1
2014,Texas A&M,SEC,11/11,16.0,16,1
2014,Purdue,Big Ten,11/11,18.0,18,1
2014,Gonzaga,WCC,11/11,25.0,25,1
2014,Michigan State,Big Ten,11/11,19.0,19,1
2014,Oklahoma State,Big 12,11/11,20.0,20,1
2014,California,Pac-12,11/11,10.0,10,1
2014,LSU,SEC,11/11,14.0,14,1
2014,Iowa State,Big 12,11/11,22.0,22,1
2014,Colorado,Pac-12,11/11,17.0,17,1
2014,Georgia,SEC,11/11,24.0,24,1
2014,Oklahoma,Big 12,11/11,11.0,11,1
2014,Dayton,A-10,11/11,23.0,23,1
2014,UConn,AAC,11/18,1.0,1,1
2014,Notre Dame,ACC,11/18,5.0,5,1
2014,Tennessee,SEC,11/18,3.0,3,1
2014,Louisville,AAC,11/18,4.0,4,1
2014,Baylor,Big 12,11/18,9.0,9,1
2014,Stanford,Pac-12,11/18,6.0,6,1
2014,South Carolina,SEC,11/18,19.0,19,1
2014,Duke,ACC,11/18,2.0,2,1
2014,Kentucky,SEC,11/18,7.0,7,1
2014,Maryland,ACC,11/18,8.0,8,1
2014,UNC,ACC,11/18,12.0,12,1
2014,Nebraska,Big Ten,11/18,11.0,11,1
2014,Penn State,Big Ten,11/18,14.0,14,1
2014,Texas A&M,SEC,11/18,13.0,13,1
2014,Purdue,Big Ten,11/18,18.0,18,1
2014,Gonzaga,WCC,11/18,24.0,24,1
2014,Michigan State,Big Ten,11/18,21.0,21,1
2014,Oklahoma State,Big 12,11/18,20.0,20,1
2014,DePaul,Big East,11/18,25.0,25,1
2014,California,Pac-12,11/18,17.0,17,1
2014,LSU,SEC,11/18,15.0,15,1
2014,Iowa State,Big 12,11/18,22.0,22,1
2014,Colorado,Pac-12,11/18,16.0,16,1
2014,Georgia,SEC,11/18,23.0,23,1
2014,Oklahoma,Big 12,11/18,10.0,10,1
2014,UConn,AAC,11/25,1.0,1,1
2014,Notre Dame,ACC,11/25,5.0,5,1
2014,Tennessee,SEC,11/25,3.0,3,1
2014,Louisville,AAC,11/25,4.0,4,1
2014,Baylor,Big 12,11/25,9.0,9,1
2014,Stanford,Pac-12,11/25,6.0,6,1
2014,South Carolina,SEC,11/25,17.0,17,1
2014,Duke,ACC,11/25,2.0,2,1
2014,Kentucky,SEC,11/25,7.0,7,1
2014,Maryland,ACC,11/25,8.0,8,1
2014,UNC,ACC,11/25,11.0,11,1
2014,Nebraska,Big Ten,11/25,10.0,10,1
2014,Penn State,Big Ten,11/25,13.0,13,1
2014,Texas A&M,SEC,11/25,12.0,12,1
2014,Purdue,Big Ten,11/25,16.0,16,1
2014,Gonzaga,WCC,11/25,24.0,24,1
2014,Michigan State,Big Ten,11/25,21.0,21,1
2014,Oklahoma State,Big 12,11/25,19.0,19,1
2014,DePaul,Big East,11/25,25.0,25,1
2014,California,Pac-12,11/25,20.0,20,1
2014,LSU,SEC,11/25,15.0,15,1
2014,Iowa State,Big 12,11/25,23.0,23,1
2014,Colorado,Pac-12,11/25,14.0,14,1
2014,Georgia,SEC,11/25,22.0,22,1
2014,Oklahoma,Big 12,11/25,18.0,18,1
2014,UConn,AAC,12/2,1.0,1,1
2014,Notre Dame,ACC,12/2,4.0,4,1
2014,Tennessee,SEC,12/2,3.0,3,1
2014,Louisville,AAC,12/2,7.0,7,1
2014,Baylor,Big 12,12/2,9.0,9,1
2014,Stanford,Pac-12,12/2,6.0,6,1
2014,South Carolina,SEC,12/2,12.0,12,1
2014,Duke,ACC,12/2,2.0,2,1
2014,Kentucky,SEC,12/2,5.0,5,1
2014,Maryland,ACC,12/2,8.0,8,1
2014,UNC,ACC,12/2,18.0,18,1
2014,Nebraska,Big Ten,12/2,15.0,15,1
2014,Penn State,Big Ten,12/2,10.0,10,1
2014,Texas A&M,SEC,12/2,23.0,23,1
2014,Purdue,Big Ten,12/2,16.0,16,1
2014,Gonzaga,WCC,12/2,24.0,24,1
2014,Iowa,Big Ten,12/2,25.0,25,1
2014,Oklahoma State,Big 12,12/2,14.0,14,1
2014,California,Pac-12,12/2,21.0,21,1
2014,LSU,SEC,12/2,13.0,13,1
2014,Iowa State,Big 12,12/2,20.0,20,1
2014,Colorado,Pac-12,12/2,11.0,11,1
2014,Georgia,SEC,12/2,19.0,19,1
2014,Syracuse,ACC,12/2,22.0,22,1
2014,Oklahoma,Big 12,12/2,17.0,17,1
2014,UConn,AAC,12/9,1.0,1,1
2014,Notre Dame,ACC,12/9,4.0,4,1
2014,Tennessee,SEC,12/9,3.0,3,1
2014,Louisville,AAC,12/9,7.0,7,1
2014,Baylor,Big 12,12/9,9.0,9,1
2014,Stanford,Pac-12,12/9,6.0,6,1
2014,South Carolina,SEC,12/9,10.0,10,1
2014,Duke,ACC,12/9,2.0,2,1
2014,Kentucky,SEC,12/9,5.0,5,1
2014,Maryland,ACC,12/9,8.0,8,1
2014,UNC,ACC,12/9,15.0,15,1
2014,Nebraska,Big Ten,12/9,19.0,19,1
2014,Penn State,Big Ten,12/9,12.0,12,1
2014,Texas A&M,SEC,12/9,24.0,24,1
2014,Purdue,Big Ten,12/9,18.0,18,1
2014,Gonzaga,WCC,12/9,23.0,23,1
2014,Iowa,Big Ten,12/9,21.0,21,1
2014,Oklahoma State,Big 12,12/9,14.0,14,1
2014,California,Pac-12,12/9,22.0,22,1
2014,LSU,SEC,12/9,13.0,13,1
2014,Iowa State,Big 12,12/9,17.0,17,1
2014,Colorado,Pac-12,12/9,11.0,11,1
2014,Georgia,SEC,12/9,16.0,16,1
2014,Syracuse,ACC,12/9,25.0,25,1
2014,Oklahoma,Big 12,12/9,20.0,20,1
2014,UConn,AAC,12/16,1.0,1,1
2014,Notre Dame,ACC,12/16,4.0,4,1
2014,Tennessee,SEC,12/16,3.0,3,1
2014,Louisville,AAC,12/16,7.0,7,1
2014,Baylor,Big 12,12/16,9.0,9,1
2014,Stanford,Pac-12,12/16,6.0,6,1
2014,South Carolina,SEC,12/16,10.0,10,1
2014,Duke,ACC,12/16,2.0,2,1
2014,Kentucky,SEC,12/16,5.0,5,1
2014,Maryland,ACC,12/16,8.0,8,1
2014,UNC,ACC,12/16,14.0,14,1
2014,Nebraska,Big Ten,12/16,19.0,19,1
2014,Penn State,Big Ten,12/16,17.0,17,1
2014,Purdue,Big Ten,12/16,18.0,18,1
2014,Gonzaga,WCC,12/16,25.0,25,1
2014,Iowa,Big Ten,12/16,22.0,22,1
2014,Oklahoma State,Big 12,12/16,13.0,13,1
2014,California,Pac-12,12/16,21.0,21,1
2014,LSU,SEC,12/16,12.0,12,1
2014,Iowa State,Big 12,12/16,15.0,15,1
2014,Florida State,ACC,12/16,24.0,24,1
2014,Colorado,Pac-12,12/16,11.0,11,1
2014,Georgia,SEC,12/16,16.0,16,1
2014,Syracuse,ACC,12/16,23.0,23,1
2014,Oklahoma,Big 12,12/16,20.0,20,1
2014,UConn,AAC,12/23,1.0,1,1
2014,Notre Dame,ACC,12/23,2.0,2,1
2014,Tennessee,SEC,12/23,5.0,5,1
2014,Louisville,AAC,12/23,7.0,7,1
2014,Baylor,Big 12,12/23,9.0,9,1
2014,Stanford,Pac-12,12/23,4.0,4,1
2014,South Carolina,SEC,12/23,13.0,13,1
2014,Duke,ACC,12/23,3.0,3,1
2014,Kentucky,SEC,12/23,6.0,6,1
2014,Maryland,ACC,12/23,8.0,8,1
2014,UNC,ACC,12/23,10.0,10,1
2014,Nebraska,Big Ten,12/23,18.0,18,1
2014,Penn State,Big Ten,12/23,15.0,15,1
2014,Purdue,Big Ten,12/23,17.0,17,1
2014,Gonzaga,WCC,12/23,24.0,24,1
2014,Iowa,Big Ten,12/23,21.0,21,1
2014,Oklahoma State,Big 12,12/23,11.0,11,1
2014,California,Pac-12,12/23,23.0,23,1
2014,LSU,SEC,12/23,16.0,16,1
2014,Iowa State,Big 12,12/23,14.0,14,1
2014,Florida State,ACC,12/23,22.0,22,1
2014,Colorado,Pac-12,12/23,12.0,12,1
2014,Georgia,SEC,12/23,19.0,19,1
2014,Syracuse,ACC,12/23,20.0,20,1
2014,Oklahoma,Big 12,12/23,25.0,25,1
2014,UConn,AAC,12/30,1.0,1,1
2014,Notre Dame,ACC,12/30,2.0,2,1
2014,Tennessee,SEC,12/30,5.0,5,1
2014,Louisville,AAC,12/30,7.0,7,1
2014,Baylor,Big 12,12/30,9.0,9,1
2014,Stanford,Pac-12,12/30,4.0,4,1
2014,South Carolina,SEC,12/30,13.0,13,1
2014,Duke,ACC,12/30,3.0,3,1
2014,Kentucky,SEC,12/30,6.0,6,1
2014,Maryland,ACC,12/30,8.0,8,1
2014,UNC,ACC,12/30,10.0,10,1
2014,Nebraska,Big Ten,12/30,18.0,18,1
2014,Penn State,Big Ten,12/30,15.0,15,1
2014,Purdue,Big Ten,12/30,17.0,17,1
2014,Iowa,Big Ten,12/30,22.0,22,1
2014,Oklahoma State,Big 12,12/30,11.0,11,1
2014,California,Pac-12,12/30,23.0,23,1
2014,Arizona State,Pac-12,12/30,24.0,24,1
2014,LSU,SEC,12/30,16.0,16,1
2014,Iowa State,Big 12,12/30,14.0,14,1
2014,Florida State,ACC,12/30,21.0,21,1
2014,Colorado,Pac-12,12/30,12.0,12,1
2014,Georgia,SEC,12/30,19.0,19,1
2014,Syracuse,ACC,12/30,20.0,20,1
2014,Oklahoma,Big 12,12/30,25.0,25,1
2014,UConn,AAC,1/6,1.0,1,1
2014,Notre Dame,ACC,1/6,2.0,2,1
2014,Tennessee,SEC,1/6,8.0,8,1
2014,Louisville,AAC,1/6,5.0,5,1
2014,Baylor,Big 12,1/6,7.0,7,1
2014,Stanford,Pac-12,1/6,4.0,4,1
2014,South Carolina,SEC,1/6,10.0,10,1
2014,Duke,ACC,1/6,3.0,3,1
2014,Kentucky,SEC,1/6,9.0,9,1
2014,Maryland,ACC,1/6,6.0,6,1
2014,UNC,ACC,1/6,13.0,13,1
2014,Nebraska,Big Ten,1/6,16.0,16,1
2014,Penn State,Big Ten,1/6,14.0,14,1
2014,NC State,ACC,1/6,20.0,20,1
2014,Purdue,Big Ten,1/6,21.0,21,1
2014,Oklahoma State,Big 12,1/6,15.0,15,1
2014,California,Pac-12,1/6,19.0,19,1
2014,Arizona State,Pac-12,1/6,23.0,23,1
2014,LSU,SEC,1/6,12.0,12,1
2014,Iowa State,Big 12,1/6,11.0,11,1
2014,Florida State,ACC,1/6,18.0,18,1
2014,Colorado,Pac-12,1/6,17.0,17,1
2014,Indiana,Big Ten,1/6,22.0,22,1
2014,San Diego,WCC,1/6,24.0,24,1
2014,Georgia,SEC,1/6,25.0,25,1
2014,UConn,AAC,1/13,1.0,1,1
2014,Notre Dame,ACC,1/13,2.0,2,1
2014,Tennessee,SEC,1/13,12.0,12,1
2014,Louisville,AAC,1/13,5.0,5,1
2014,Baylor,Big 12,1/13,7.0,7,1
2014,Stanford,Pac-12,1/13,4.0,4,1
2014,South Carolina,SEC,1/13,8.0,8,1
2014,Duke,ACC,1/13,3.0,3,1
2014,Kentucky,SEC,1/13,10.0,10,1
2014,Maryland,ACC,1/13,6.0,6,1
2014,UNC,ACC,1/13,9.0,9,1
2014,Nebraska,Big Ten,1/13,18.0,18,1
2014,Penn State,Big Ten,1/13,16.0,16,1
2014,Texas A&M,SEC,1/13,25.0,25,1
2014,NC State,ACC,1/13,20.0,20,1
2014,Purdue,Big Ten,1/13,22.0,22,1
2014,Oklahoma State,Big 12,1/13,11.0,11,1
2014,California,Pac-12,1/13,15.0,15,1
2014,Rutgers,AAC,1/13,23.0,23,1
2014,Arizona State,Pac-12,1/13,19.0,19,1
2014,LSU,SEC,1/13,14.0,14,1
2014,Vanderbilt,SEC,1/13,24.0,24,1
2014,Iowa State,Big 12,1/13,13.0,13,1
2014,Florida State,ACC,1/13,17.0,17,1
2014,Colorado,Pac-12,1/13,21.0,21,1
2014,UConn,AAC,1/20,1.0,1,1
2014,Notre Dame,ACC,1/20,2.0,2,1
2014,Tennessee,SEC,1/20,11.0,11,1
2014,Louisville,AAC,1/20,5.0,5,1
2014,Baylor,Big 12,1/20,12.0,12,1
2014,Stanford,Pac-12,1/20,4.0,4,1
2014,West Virginia,Big 12,1/20,18.0,18,1
2014,South Carolina,SEC,1/20,10.0,10,1
2014,Duke,ACC,1/20,3.0,3,1
2014,Kentucky,SEC,1/20,9.0,9,1
2014,Maryland,ACC,1/20,6.0,6,1
2014,UNC,ACC,1/20,7.0,7,1
2014,Nebraska,Big Ten,1/20,21.0,21,1
2014,Penn State,Big Ten,1/20,13.0,13,1
2014,Texas A&M,SEC,1/20,17.0,17,1
2014,NC State,ACC,1/20,23.0,23,1
2014,Purdue,Big Ten,1/20,22.0,22,1
2014,Gonzaga,WCC,1/20,25.0,25,1
2014,Oklahoma State,Big 12,1/20,8.0,8,1
2014,California,Pac-12,1/20,19.0,19,1
2014,Arizona State,Pac-12,1/20,14.0,14,1
2014,LSU,SEC,1/20,15.0,15,1
2014,Vanderbilt,SEC,1/20,16.0,16,1
2014,Iowa State,Big 12,1/20,20.0,20,1
2014,Florida State,ACC,1/20,24.0,24,1
2014,UConn,AAC,1/27,1.0,1,1
2014,Notre Dame,ACC,1/27,2.0,2,1
2014,Tennessee,SEC,1/27,10.0,10,1
2014,Louisville,AAC,1/27,5.0,5,1
2014,Baylor,Big 12,1/27,9.0,9,1
2014,Stanford,Pac-12,1/27,4.0,4,1
2014,West Virginia,Big 12,1/27,20.0,20,1
2014,South Carolina,SEC,1/27,7.0,7,1
2014,Duke,ACC,1/27,3.0,3,1
2014,Kentucky,SEC,1/27,13.0,13,1
2014,Maryland,ACC,1/27,8.0,8,1
2014,UNC,ACC,1/27,6.0,6,1
2014,Penn State,Big Ten,1/27,12.0,12,1
2014,Texas A&M,SEC,1/27,17.0,17,1
2014,NC State,ACC,1/27,18.0,18,1
2014,Purdue,Big Ten,1/27,19.0,19,1
2014,Gonzaga,WCC,1/27,22.0,22,1
2014,Oklahoma State,Big 12,1/27,11.0,11,1
2014,Middle Tennessee,CUSA,1/27,25.0,25,1
2014,California,Pac-12,1/27,21.0,21,1
2014,Arizona State,Pac-12,1/27,15.0,15,1
2014,LSU,SEC,1/27,14.0,14,1
2014,Vanderbilt,SEC,1/27,16.0,16,1
2014,Iowa State,Big 12,1/27,23.0,23,1
2014,Florida State,ACC,1/27,23.0,23,1
2014,UConn,AAC,2/3,1.0,1,1
2014,Notre Dame,ACC,2/3,2.0,2,1
2014,Tennessee,SEC,2/3,8.0,8,1
2014,Louisville,AAC,2/3,4.0,4,1
2014,Baylor,Big 12,2/3,7.0,7,1
2014,Stanford,Pac-12,2/3,3.0,3,1
2014,West Virginia,Big 12,2/3,17.0,17,1
2014,South Carolina,SEC,2/3,6.0,6,1
2014,Duke,ACC,2/3,5.0,5,1
2014,Kentucky,SEC,2/3,15.0,15,1
2014,Maryland,ACC,2/3,10.0,10,1
2014,UNC,ACC,2/3,13.0,13,1
2014,Nebraska,Big Ten,2/3,22.0,22,1
2014,Penn State,Big Ten,2/3,9.0,9,1
2014,Texas A&M,SEC,2/3,19.0,19,1
2014,NC State,ACC,2/3,14.0,14,1
2014,Purdue,Big Ten,2/3,25.0,25,1
2014,Gonzaga,WCC,2/3,20.0,20,1
2014,Michigan State,Big Ten,2/3,24.0,24,1
2014,Oklahoma State,Big 12,2/3,12.0,12,1
2014,Middle Tennessee,CUSA,2/3,21.0,21,1
2014,California,Pac-12,2/3,23.0,23,1
2014,Arizona State,Pac-12,2/3,11.0,11,1
2014,LSU,SEC,2/3,16.0,16,1
2014,Vanderbilt,SEC,2/3,18.0,18,1
2014,UConn,AAC,2/10,1.0,1,1
2014,Notre Dame,ACC,2/10,2.0,2,1
2014,Tennessee,SEC,2/10,8.0,8,1
2014,Louisville,AAC,2/10,4.0,4,1
2014,Baylor,Big 12,2/10,7.0,7,1
2014,Stanford,Pac-12,2/10,6.0,6,1
2014,West Virginia,Big 12,2/10,13.0,13,1
2014,South Carolina,SEC,2/10,5.0,5,1
2014,Duke,ACC,2/10,3.0,3,1
2014,Kentucky,SEC,2/10,18.0,18,1
2014,Maryland,ACC,2/10,9.0,9,1
2014,UNC,ACC,2/10,17.0,17,1
2014,Nebraska,Big Ten,2/10,21.0,21,1
2014,Penn State,Big Ten,2/10,11.0,11,1
2014,Texas A&M,SEC,2/10,14.0,14,1
2014,NC State,ACC,2/10,10.0,10,1
2014,Purdue,Big Ten,2/10,23.0,23,1
2014,Gonzaga,WCC,2/10,20.0,20,1
2014,Michigan State,Big Ten,2/10,25.0,25,1
2014,Oklahoma State,Big 12,2/10,12.0,12,1
2014,California,Pac-12,2/10,22.0,22,1
2014,Arizona State,Pac-12,2/10,15.0,15,1
2014,LSU,SEC,2/10,19.0,19,1
2014,St. John's (NY),Big East,2/10,24.0,24,1
2014,Vanderbilt,SEC,2/10,16.0,16,1
2014,UConn,AAC,2/17,1.0,1,1
2014,Notre Dame,ACC,2/17,2.0,2,1
2014,Tennessee,SEC,2/17,10.0,10,1
2014,Louisville,AAC,2/17,3.0,3,1
2014,Baylor,Big 12,2/17,6.0,6,1
2014,Stanford,Pac-12,2/17,5.0,5,1
2014,West Virginia,Big 12,2/17,13.0,13,1
2014,South Carolina,SEC,2/17,4.0,4,1
2014,Duke,ACC,2/17,7.0,7,1
2014,Kentucky,SEC,2/17,15.0,15,1
2014,Maryland,ACC,2/17,8.0,8,1
2014,UNC,ACC,2/17,11.0,11,1
2014,Nebraska,Big Ten,2/17,17.0,17,1
2014,Penn State,Big Ten,2/17,9.0,9,1
2014,Texas A&M,SEC,2/17,16.0,16,1
2014,NC State,ACC,2/17,14.0,14,1
2014,Purdue,Big Ten,2/17,21.0,21,1
2014,Gonzaga,WCC,2/17,24.0,24,1
2014,Michigan State,Big Ten,2/17,23.0,23,1
2014,Oklahoma State,Big 12,2/17,12.0,12,1
2014,California,Pac-12,2/17,18.0,18,1
2014,Rutgers,AAC,2/17,25.0,25,1
2014,Arizona State,Pac-12,2/17,20.0,20,1
2014,LSU,SEC,2/17,19.0,19,1
2014,St. John's (NY),Big East,2/17,22.0,22,1
2014,UConn,AAC,2/24,1.0,1,1
2014,Notre Dame,ACC,2/24,2.0,2,1
2014,Tennessee,SEC,2/24,10.0,10,1
2014,Louisville,AAC,2/24,3.0,3,1
2014,Baylor,Big 12,2/24,6.0,6,1
2014,Stanford,Pac-12,2/24,5.0,5,1
2014,West Virginia,Big 12,2/24,11.0,11,1
2014,South Carolina,SEC,2/24,4.0,4,1
2014,Duke,ACC,2/24,7.0,7,1
2014,Kentucky,SEC,2/24,12.0,12,1
2014,Maryland,ACC,2/24,9.0,9,1
2014,UNC,ACC,2/24,14.0,14,1
2014,Nebraska,Big Ten,2/24,16.0,16,1
2014,Penn State,Big Ten,2/24,8.0,8,1
2014,Texas A&M,SEC,2/24,17.0,17,1
2014,NC State,ACC,2/24,13.0,13,1
2014,Purdue,Big Ten,2/24,19.0,19,1
2014,Gonzaga,WCC,2/24,22.0,22,1
2014,Iowa,Big Ten,2/24,25.0,25,1
2014,Michigan State,Big Ten,2/24,21.0,21,1
2014,Oklahoma State,Big 12,2/24,15.0,15,1
2014,Middle Tennessee,CUSA,2/24,23.0,23,1
2014,California,Pac-12,2/24,18.0,18,1
2014,Rutgers,AAC,2/24,24.0,24,1
2014,Arizona State,Pac-12,2/24,20.0,20,1
2014,UConn,AAC,3/3,1.0,1,1
2014,Notre Dame,ACC,3/3,2.0,2,1
2014,Tennessee,SEC,3/3,6.0,6,1
2014,Louisville,AAC,3/3,3.0,3,1
2014,Baylor,Big 12,3/3,9.0,9,1
2014,Stanford,Pac-12,3/3,4.0,4,1
2014,West Virginia,Big 12,3/3,7.0,7,1
2014,South Carolina,SEC,3/3,5.0,5,1
2014,Duke,ACC,3/3,10.0,10,1
2014,Kentucky,SEC,3/3,12.0,12,1
2014,Maryland,ACC,3/3,8.0,8,1
2014,UNC,ACC,3/3,13.0,13,1
2014,Nebraska,Big Ten,3/3,16.0,16,1
2014,Penn State,Big Ten,3/3,11.0,11,1
2014,Texas A&M,SEC,3/3,15.0,15,1
2014,NC State,ACC,3/3,14.0,14,1
2014,Purdue,Big Ten,3/3,17.0,17,1
2014,Gonzaga,WCC,3/3,21.0,21,1
2014,Iowa,Big Ten,3/3,23.0,23,1
2014,Michigan State,Big Ten,3/3,19.0,19,1
2014,Oklahoma State,Big 12,3/3,18.0,18,1
2014,Middle Tennessee,CUSA,3/3,22.0,22,1
2014,DePaul,Big East,3/3,25.0,25,1
2014,California,Pac-12,3/3,20.0,20,1
2014,Rutgers,AAC,3/3,24.0,24,1
2014,UConn,AAC,3/10,1.0,1,1
2014,Notre Dame,ACC,3/10,2.0,2,1
2014,Tennessee,SEC,3/10,4.0,4,1
2014,Louisville,AAC,3/10,3.0,3,1
2014,Baylor,Big 12,3/10,7.0,7,1
2014,Stanford,Pac-12,3/10,6.0,6,1
2014,West Virginia,Big 12,3/10,5.0,5,1
2014,South Carolina,SEC,3/10,8.0,8,1
2014,Duke,ACC,3/10,9.0,9,1
2014,Kentucky,SEC,3/10,10.0,10,1
2014,Maryland,ACC,3/10,11.0,11,1
2014,UNC,ACC,3/10,12.0,12,1
2014,Nebraska,Big Ten,3/10,13.0,13,1
2014,Penn State,Big Ten,3/10,14.0,14,1
2014,Texas A&M,SEC,3/10,15.0,15,1
2014,NC State,ACC,3/10,16.0,16,1
2014,Purdue,Big Ten,3/10,17.0,17,1
2014,Gonzaga,WCC,3/10,18.0,18,1
2014,Iowa,Big Ten,3/10,19.0,19,1
2014,Michigan State,Big Ten,3/10,20.0,20,1
2014,Oklahoma State,Big 12,3/10,21.0,21,1
2014,Middle Tennessee,CUSA,3/10,22.0,22,1
2014,DePaul,Big East,3/10,23.0,23,1
2014,California,Pac-12,3/10,24.0,24,1
2014,Bowling Green,MAC,3/10,25.0,25,1
2014,UConn,AAC,Final,1.0,1,1
2014,Notre Dame,ACC,Final,2.0,2,1
2014,Tennessee,SEC,Final,3.0,3,1
2014,Louisville,AAC,Final,4.0,4,1
2014,Baylor,Big 12,Final,5.0,5,1
2014,Stanford,Pac-12,Final,6.0,6,1
2014,West Virginia,Big 12,Final,7.0,7,1
2014,South Carolina,SEC,Final,8.0,8,1
2014,Duke,ACC,Final,9.0,9,1
2014,Kentucky,SEC,Final,10.0,10,1
2014,Maryland,ACC,Final,11.0,11,1
2014,UNC,ACC,Final,12.0,12,1
2014,Nebraska,Big Ten,Final,13.0,13,1
2014,Penn State,Big Ten,Final,14.0,14,1
2014,Texas A&M,SEC,Final,15.0,15,1
2014,NC State,ACC,Final,16.0,16,1
2014,Purdue,Big Ten,Final,17.0,17,1
2014,Gonzaga,WCC,Final,18.0,18,1
2014,Iowa,Big Ten,Final,19.0,19,1
2014,Michigan State,Big Ten,Final,20.0,20,1
2014,Oklahoma State,Big 12,Final,21.0,21,1
2014,Middle Tennessee,CUSA,Final,22.0,22,1
2014,DePaul,Big East,Final,23.0,23,1
2014,California,Pac-12,Final,24.0,24,1
2014,USC,Pac-12,Final,25.0,25,1
2015,UConn,AAC,Pre,1.0,1,1
2015,Notre Dame,ACC,Pre,3.0,3,1
2015,South Carolina,SEC,Pre,2.0,2,1
2015,Maryland,Big Ten,Pre,10.0,10,1
2015,Baylor,Big 12,Pre,8.0,8,1
2015,Tennessee,SEC,Pre,4.0,4,1
2015,Louisville,ACC,Pre,12.0,12,1
2015,Oregon State,Pac-12,Pre,20.0,20,1
2015,Kentucky,SEC,Pre,11.0,11,1
2015,Stanford,Pac-12,Pre,6.0,6,1
2015,UNC,ACC,Pre,13.0,13,1
2015,Duke,ACC,Pre,7.0,7,1
2015,Iowa,Big Ten,Pre,19.0,19,1
2015,Texas A&M,SEC,Pre,5.0,5,1
2015,California,Pac-12,Pre,15.0,15,1
2015,Syracuse,ACC,Pre,25.0,25,1
2015,Rutgers,Big Ten,Pre,24.0,24,1
2015,Nebraska,Big Ten,Pre,16.0,16,1
2015,Texas,Big 12,Pre,9.0,9,1
2015,Oklahoma State,Big 12,Pre,21.0,21,1
2015,Michigan State,Big Ten,Pre,14.0,14,1
2015,DePaul,Big East,Pre,18.0,18,1
2015,West Virginia,Big 12,Pre,17.0,17,1
2015,Dayton,A-10,Pre,22.0,22,1
2015,UCLA,Pac-12,Pre,23.0,23,1
2015,UConn,AAC,Final,1.0,1,1
2015,Notre Dame,ACC,Final,2.0,2,1
2015,South Carolina,SEC,Final,3.0,3,1
2015,Maryland,Big Ten,Final,4.0,4,1
2015,Baylor,Big 12,Final,5.0,5,1
2015,Tennessee,SEC,Final,6.0,6,1
2015,Florida State,ACC,Final,7.0,7,1
2015,Louisville,ACC,Final,8.0,8,1
2015,Arizona State,Pac-12,Final,9.0,9,1
2015,Oregon State,Pac-12,Final,10.0,10,1
2015,Kentucky,SEC,Final,11.0,11,1
2015,Mississippi State,SEC,Final,12.0,12,1
2015,Princeton,Ivy,Final,13.0,13,1
2015,Stanford,Pac-12,Final,14.0,14,1
2015,UNC,ACC,Final,15.0,15,1
2015,Duke,ACC,Final,16.0,16,1
2015,Chattanooga,Southern,Final,17.0,17,1
2015,Iowa,Big Ten,Final,18.0,18,1
2015,George Washington,A-10,Final,19.0,19,1
2015,Florida Gulf Coast,A-Sun,Final,20.0,20,1
2015,Texas A&M,SEC,Final,21.0,21,1
2015,Northwestern,Big Ten,Final,22.0,22,1
2015,Ohio State,Big Ten,Final,23.0,23,1
2015,California,Pac-12,Final,24.0,24,1
2015,South Florida,AAC,Final,25.0,25,1
2015,UConn,AAC,3/2,1.0,1,1
2015,Notre Dame,ACC,3/2,2.0,2,1
2015,South Carolina,SEC,3/2,3.0,3,1
2015,Maryland,Big Ten,3/2,4.0,4,1
2015,Baylor,Big 12,3/2,6.0,6,1
2015,Tennessee,SEC,3/2,5.0,5,1
2015,Florida State,ACC,3/2,7.0,7,1
2015,Louisville,ACC,3/2,10.0,10,1
2015,Arizona State,Pac-12,3/2,9.0,9,1
2015,Oregon State,Pac-12,3/2,8.0,8,1
2015,Kentucky,SEC,3/2,12.0,12,1
2015,Mississippi State,SEC,3/2,11.0,11,1
2015,Princeton,Ivy,3/2,13.0,13,1
2015,Stanford,Pac-12,3/2,19.0,19,1
2015,UNC,ACC,3/2,15.0,15,1
2015,Duke,ACC,3/2,16.0,16,1
2015,Chattanooga,Southern,3/2,17.0,17,1
2015,Iowa,Big Ten,3/2,14.0,14,1
2015,George Washington,A-10,3/2,21.0,21,1
2015,Florida Gulf Coast,A-Sun,3/2,20.0,20,1
2015,Texas A&M,SEC,3/2,18.0,18,1
2015,Northwestern,Big Ten,3/2,24.0,24,1
2015,Seton Hall,Big East,3/2,25.0,25,1
2015,Syracuse,ACC,3/2,22.0,22,1
2015,Rutgers,Big Ten,3/2,23.0,23,1
2015,UConn,AAC,11/17,1.0,1,1
2015,Notre Dame,ACC,11/17,3.0,3,1
2015,South Carolina,SEC,11/17,2.0,2,1
2015,Maryland,Big Ten,11/17,9.0,9,1
2015,Baylor,Big 12,11/17,8.0,8,1
2015,Tennessee,SEC,11/17,4.0,4,1
2015,Louisville,ACC,11/17,12.0,12,1
2015,Oregon State,Pac-12,11/17,20.0,20,1
2015,Kentucky,SEC,11/17,13.0,13,1
2015,Stanford,Pac-12,11/17,6.0,6,1
2015,UNC,ACC,11/17,11.0,11,1
2015,Duke,ACC,11/17,7.0,7,1
2015,Iowa,Big Ten,11/17,18.0,18,1
2015,Texas A&M,SEC,11/17,5.0,5,1
2015,California,Pac-12,11/17,14.0,14,1
2015,Syracuse,ACC,11/17,23.0,23,1
2015,Rutgers,Big Ten,11/17,22.0,22,1
2015,Nebraska,Big Ten,11/17,16.0,16,1
2015,Georgia,SEC,11/17,24.0,24,1
2015,Texas,Big 12,11/17,10.0,10,1
2015,Oklahoma State,Big 12,11/17,21.0,21,1
2015,Michigan State,Big Ten,11/17,15.0,15,1
2015,DePaul,Big East,11/17,18.0,18,1
2015,West Virginia,Big 12,11/17,17.0,17,1
2015,Purdue,Big Ten,11/17,24.0,24,1
2015,Gonzaga,WCC,11/17,24.0,24,1
2015,UConn,AAC,11/24,3.0,3,1
2015,Notre Dame,ACC,11/24,2.0,2,1
2015,South Carolina,SEC,11/24,1.0,1,1
2015,Maryland,Big Ten,11/24,10.0,10,1
2015,Baylor,Big 12,11/24,13.0,13,1
2015,Tennessee,SEC,11/24,4.0,4,1
2015,Louisville,ACC,11/24,12.0,12,1
2015,Oregon State,Pac-12,11/24,19.0,19,1
2015,Kentucky,SEC,11/24,9.0,9,1
2015,Mississippi State,SEC,11/24,25.0,25,1
2015,Stanford,Pac-12,11/24,5.0,5,1
2015,UNC,ACC,11/24,11.0,11,1
2015,Duke,ACC,11/24,8.0,8,1
2015,Iowa,Big Ten,11/24,17.0,17,1
2015,Texas A&M,SEC,11/24,7.0,7,1
2015,California,Pac-12,11/24,14.0,14,1
2015,Syracuse,ACC,11/24,22.0,22,1
2015,Nebraska,Big Ten,11/24,15.0,15,1
2015,Georgia,SEC,11/24,22.0,22,1
2015,Texas,Big 12,11/24,6.0,6,1
2015,Oklahoma State,Big 12,11/24,20.0,20,1
2015,Michigan State,Big Ten,11/24,16.0,16,1
2015,DePaul,Big East,11/24,18.0,18,1
2015,West Virginia,Big 12,11/24,22.0,22,1
2015,UConn,AAC,12/1,3.0,3,1
2015,Notre Dame,ACC,12/1,2.0,2,1
2015,South Carolina,SEC,12/1,1.0,1,1
2015,Maryland,Big Ten,12/1,15.0,15,1
2015,Baylor,Big 12,12/1,11.0,11,1
2015,Tennessee,SEC,12/1,14.0,14,1
2015,Louisville,ACC,12/1,7.0,7,1
2015,Oregon State,Pac-12,12/1,17.0,17,1
2015,Kentucky,SEC,12/1,13.0,13,1
2015,Mississippi State,SEC,12/1,23.0,23,1
2015,Stanford,Pac-12,12/1,8.0,8,1
2015,UNC,ACC,12/1,6.0,6,1
2015,Duke,ACC,12/1,9.0,9,1
2015,Iowa,Big Ten,12/1,22.0,22,1
2015,Texas A&M,SEC,12/1,5.0,5,1
2015,California,Pac-12,12/1,10.0,10,1
2015,Syracuse,ACC,12/1,21.0,21,1
2015,Rutgers,Big Ten,12/1,18.0,18,1
2015,Nebraska,Big Ten,12/1,12.0,12,1
2015,Georgia,SEC,12/1,19.0,19,1
2015,Texas,Big 12,12/1,4.0,4,1
2015,Oklahoma State,Big 12,12/1,20.0,20,1
2015,Michigan State,Big Ten,12/1,16.0,16,1
2015,DePaul,Big East,12/1,25.0,25,1
2015,West Virginia,Big 12,12/1,24.0,24,1
2015,Arkansas,SEC,12/1,25.0,25,1
2015,UConn,AAC,12/8,2.0,2,1
2015,Notre Dame,ACC,12/8,5.0,5,1
2015,South Carolina,SEC,12/8,1.0,1,1
2015,Maryland,Big Ten,12/8,14.0,14,1
2015,Baylor,Big 12,12/8,9.0,9,1
2015,Tennessee,SEC,12/8,11.0,11,1
2015,Louisville,ACC,12/8,10.0,10,1
2015,Oregon State,Pac-12,12/8,15.0,15,1
2015,Kentucky,SEC,12/8,8.0,8,1
2015,Mississippi State,SEC,12/8,22.0,22,1
2015,Stanford,Pac-12,12/8,7.0,7,1
2015,UNC,ACC,12/8,6.0,6,1
2015,Duke,ACC,12/8,13.0,13,1
2015,Iowa,Big Ten,12/8,24.0,24,1
2015,Texas A&M,SEC,12/8,4.0,4,1
2015,California,Pac-12,12/8,18.0,18,1
2015,Syracuse,ACC,12/8,20.0,20,1
2015,Rutgers,Big Ten,12/8,17.0,17,1
2015,Nebraska,Big Ten,12/8,12.0,12,1
2015,Georgia,SEC,12/8,16.0,16,1
2015,Texas,Big 12,12/8,3.0,3,1
2015,Oklahoma State,Big 12,12/8,20.0,20,1
2015,Michigan State,Big Ten,12/8,19.0,19,1
2015,DePaul,Big East,12/8,25.0,25,1
2015,West Virginia,Big 12,12/8,23.0,23,1
2015,UConn,AAC,12/15,2.0,2,1
2015,Notre Dame,ACC,12/15,5.0,5,1
2015,South Carolina,SEC,12/15,1.0,1,1
2015,Maryland,Big Ten,12/15,14.0,14,1
2015,Baylor,Big 12,12/15,9.0,9,1
2015,Tennessee,SEC,12/15,11.0,11,1
2015,Louisville,ACC,12/15,10.0,10,1
2015,Oregon State,Pac-12,12/15,16.0,16,1
2015,Kentucky,SEC,12/15,8.0,8,1
2015,Mississippi State,SEC,12/15,21.0,21,1
2015,Stanford,Pac-12,12/15,7.0,7,1
2015,UNC,ACC,12/15,6.0,6,1
2015,Duke,ACC,12/15,13.0,13,1
2015,Iowa,Big Ten,12/15,23.0,23,1
2015,Texas A&M,SEC,12/15,4.0,4,1
2015,California,Pac-12,12/15,24.0,24,1
2015,Syracuse,ACC,12/15,19.0,19,1
2015,Rutgers,Big Ten,12/15,17.0,17,1
2015,Nebraska,Big Ten,12/15,12.0,12,1
2015,Georgia,SEC,12/15,15.0,15,1
2015,Texas,Big 12,12/15,3.0,3,1
2015,Oklahoma State,Big 12,12/15,19.0,19,1
2015,Michigan State,Big Ten,12/15,18.0,18,1
2015,DePaul,Big East,12/15,25.0,25,1
2015,West Virginia,Big 12,12/15,22.0,22,1
2015,UConn,AAC,12/22,2.0,2,1
2015,Notre Dame,ACC,12/22,4.0,4,1
2015,South Carolina,SEC,12/22,1.0,1,1
2015,Maryland,Big Ten,12/22,15.0,15,1
2015,Baylor,Big 12,12/22,6.0,6,1
2015,Tennessee,SEC,12/22,8.0,8,1
2015,Louisville,ACC,12/22,7.0,7,1
2015,Arizona State,Pac-12,12/22,25.0,25,1
2015,Oregon State,Pac-12,12/22,10.0,10,1
2015,Kentucky,SEC,12/22,12.0,12,1
2015,Mississippi State,SEC,12/22,19.0,19,1
2015,Stanford,Pac-12,12/22,16.0,16,1
2015,UNC,ACC,12/22,9.0,9,1
2015,Duke,ACC,12/22,10.0,10,1
2015,Iowa,Big Ten,12/22,23.0,23,1
2015,Texas A&M,SEC,12/22,5.0,5,1
2015,Syracuse,ACC,12/22,22.0,22,1
2015,Rutgers,Big Ten,12/22,17.0,17,1
2015,Nebraska,Big Ten,12/22,12.0,12,1
2015,Georgia,SEC,12/22,14.0,14,1
2015,Texas,Big 12,12/22,3.0,3,1
2015,Oklahoma State,Big 12,12/22,18.0,18,1
2015,Michigan State,Big Ten,12/22,20.0,20,1
2015,West Virginia,Big 12,12/22,21.0,21,1
2015,Green Bay,Horizon,12/22,24.0,24,1
2015,UConn,AAC,12/29,2.0,2,1
2015,Notre Dame,ACC,12/29,4.0,4,1
2015,South Carolina,SEC,12/29,1.0,1,1
2015,Maryland,Big Ten,12/29,14.0,14,1
2015,Baylor,Big 12,12/29,6.0,6,1
2015,Tennessee,SEC,12/29,8.0,8,1
2015,Louisville,ACC,12/29,7.0,7,1
2015,Arizona State,Pac-12,12/29,22.0,22,1
2015,Oregon State,Pac-12,12/29,13.0,13,1
2015,Kentucky,SEC,12/29,11.0,11,1
2015,Mississippi State,SEC,12/29,17.0,17,1
2015,Stanford,Pac-12,12/29,15.0,15,1
2015,UNC,ACC,12/29,9.0,9,1
2015,Duke,ACC,12/29,10.0,10,1
2015,Iowa,Big Ten,12/29,20.0,20,1
2015,Texas A&M,SEC,12/29,5.0,5,1
2015,Seton Hall,Big East,12/29,23.0,23,1
2015,Syracuse,ACC,12/29,21.0,21,1
2015,Rutgers,Big Ten,12/29,16.0,16,1
2015,Nebraska,Big Ten,12/29,12.0,12,1
2015,Georgia,SEC,12/29,19.0,19,1
2015,Texas,Big 12,12/29,3.0,3,1
2015,Oklahoma State,Big 12,12/29,18.0,18,1
2015,Michigan State,Big Ten,12/29,24.0,24,1
2015,DePaul,Big East,12/29,25.0,25,1
2015,UConn,AAC,1/5,2.0,2,1
2015,Notre Dame,ACC,1/5,4.0,4,1
2015,South Carolina,SEC,1/5,1.0,1,1
2015,Maryland,Big Ten,1/5,12.0,12,1
2015,Baylor,Big 12,1/5,5.0,5,1
2015,Tennessee,SEC,1/5,7.0,7,1
2015,Louisville,ACC,1/5,6.0,6,1
2015,Arizona State,Pac-12,1/5,18.0,18,1
2015,Oregon State,Pac-12,1/5,11.0,11,1
2015,Kentucky,SEC,1/5,10.0,10,1
2015,Mississippi State,SEC,1/5,14.0,14,1
2015,Princeton,Ivy,1/5,22.0,22,1
2015,Stanford,Pac-12,1/5,15.0,15,1
2015,UNC,ACC,1/5,8.0,8,1
2015,Duke,ACC,1/5,13.0,13,1
2015,Iowa,Big Ten,1/5,17.0,17,1
2015,Texas A&M,SEC,1/5,9.0,9,1
2015,Syracuse,ACC,1/5,21.0,21,1
2015,Rutgers,Big Ten,1/5,24.0,24,1
2015,Nebraska,Big Ten,1/5,19.0,19,1
2015,Georgia,SEC,1/5,20.0,20,1
2015,Texas,Big 12,1/5,3.0,3,1
2015,Minnesota,Big Ten,1/5,23.0,23,1
2015,Western Kentucky,CUSA,1/5,25.0,25,1
2015,Oklahoma State,Big 12,1/5,16.0,16,1
2015,UConn,AAC,1/12,2.0,2,1
2015,Notre Dame,ACC,1/12,7.0,7,1
2015,South Carolina,SEC,1/12,1.0,1,1
2015,Maryland,Big Ten,1/12,8.0,8,1
2015,Baylor,Big 12,1/12,3.0,3,1
2015,Tennessee,SEC,1/12,6.0,6,1
2015,Florida State,ACC,1/12,20.0,20,1
2015,Louisville,ACC,1/12,4.0,4,1
2015,Arizona State,Pac-12,1/12,14.0,14,1
2015,Oregon State,Pac-12,1/12,9.0,9,1
2015,Kentucky,SEC,1/12,10.0,10,1
2015,Mississippi State,SEC,1/12,15.0,15,1
2015,Princeton,Ivy,1/12,19.0,19,1
2015,Stanford,Pac-12,1/12,13.0,13,1
2015,UNC,ACC,1/12,12.0,12,1
2015,Duke,ACC,1/12,16.0,16,1
2015,Iowa,Big Ten,1/12,22.0,22,1
2015,Texas A&M,SEC,1/12,11.0,11,1
2015,Syracuse,ACC,1/12,25.0,25,1
2015,Rutgers,Big Ten,1/12,24.0,24,1
2015,Nebraska,Big Ten,1/12,17.0,17,1
2015,Georgia,SEC,1/12,18.0,18,1
2015,Texas,Big 12,1/12,5.0,5,1
2015,Minnesota,Big Ten,1/12,23.0,23,1
2015,Oklahoma State,Big 12,1/12,21.0,21,1
2015,UConn,AAC,1/19,2.0,2,1
2015,Notre Dame,ACC,1/19,6.0,6,1
2015,South Carolina,SEC,1/19,1.0,1,1
2015,Maryland,Big Ten,1/19,7.0,7,1
2015,Baylor,Big 12,1/19,3.0,3,1
2015,Tennessee,SEC,1/19,5.0,5,1
2015,Florida State,ACC,1/19,17.0,17,1
2015,Louisville,ACC,1/19,4.0,4,1
2015,Arizona State,Pac-12,1/19,13.0,13,1
2015,Oregon State,Pac-12,1/19,9.0,9,1
2015,Kentucky,SEC,1/19,14.0,14,1
2015,Mississippi State,SEC,1/19,18.0,18,1
2015,Princeton,Ivy,1/19,19.0,19,1
2015,Stanford,Pac-12,1/19,11.0,11,1
2015,UNC,ACC,1/19,12.0,12,1
2015,Duke,ACC,1/19,15.0,15,1
2015,Iowa,Big Ten,1/19,20.0,20,1
2015,Texas A&M,SEC,1/19,10.0,10,1
2015,Syracuse,ACC,1/19,23.0,23,1
2015,Rutgers,Big Ten,1/19,25.0,25,1
2015,Nebraska,Big Ten,1/19,16.0,16,1
2015,Georgia,SEC,1/19,22.0,22,1
2015,Texas,Big 12,1/19,8.0,8,1
2015,Minnesota,Big Ten,1/19,21.0,21,1
2015,Western Kentucky,CUSA,1/19,24.0,24,1
2015,UConn,AAC,1/26,2.0,2,1
2015,Notre Dame,ACC,1/26,4.0,4,1
2015,South Carolina,SEC,1/26,1.0,1,1
2015,Maryland,Big Ten,1/26,5.0,5,1
2015,Baylor,Big 12,1/26,3.0,3,1
2015,Tennessee,SEC,1/26,6.0,6,1
2015,Florida State,ACC,1/26,9.0,9,1
2015,Louisville,ACC,1/26,8.0,8,1
2015,Arizona State,Pac-12,1/26,11.0,11,1
2015,Oregon State,Pac-12,1/26,7.0,7,1
2015,Kentucky,SEC,1/26,10.0,10,1
2015,Mississippi State,SEC,1/26,18.0,18,1
2015,Princeton,Ivy,1/26,19.0,19,1
2015,Stanford,Pac-12,1/26,12.0,12,1
2015,UNC,ACC,1/26,16.0,16,1
2015,Duke,ACC,1/26,17.0,17,1
2015,Chattanooga,Southern,1/26,25.0,25,1
2015,Iowa,Big Ten,1/26,20.0,20,1
2015,Texas A&M,SEC,1/26,12.0,12,1
2015,Syracuse,ACC,1/26,23.0,23,1
2015,Rutgers,Big Ten,1/26,22.0,22,1
2015,Nebraska,Big Ten,1/26,15.0,15,1
2015,Georgia,SEC,1/26,21.0,21,1
2015,Texas,Big 12,1/26,14.0,14,1
2015,Oklahoma,Big 12,1/26,24.0,24,1
2015,UConn,AAC,2/2,2.0,2,1
2015,Notre Dame,ACC,2/2,4.0,4,1
2015,South Carolina,SEC,2/2,1.0,1,1
2015,Maryland,Big Ten,2/2,5.0,5,1
2015,Baylor,Big 12,2/2,3.0,3,1
2015,Tennessee,SEC,2/2,6.0,6,1
2015,Florida State,ACC,2/2,9.0,9,1
2015,Louisville,ACC,2/2,8.0,8,1
2015,Arizona State,Pac-12,2/2,10.0,10,1
2015,Oregon State,Pac-12,2/2,7.0,7,1
2015,Kentucky,SEC,2/2,11.0,11,1
2015,Mississippi State,SEC,2/2,17.0,17,1
2015,Princeton,Ivy,2/2,18.0,18,1
2015,Stanford,Pac-12,2/2,12.0,12,1
2015,UNC,ACC,2/2,13.0,13,1
2015,Duke,ACC,2/2,15.0,15,1
2015,Chattanooga,Southern,2/2,23.0,23,1
2015,Iowa,Big Ten,2/2,16.0,16,1
2015,George Washington,A-10,2/2,24.0,24,1
2015,Texas A&M,SEC,2/2,14.0,14,1
2015,Syracuse,ACC,2/2,25.0,25,1
2015,Rutgers,Big Ten,2/2,21.0,21,1
2015,Nebraska,Big Ten,2/2,19.0,19,1
2015,Georgia,SEC,2/2,22.0,22,1
2015,Texas,Big 12,2/2,20.0,20,1
2015,UConn,AAC,2/9,2.0,2,1
2015,Notre Dame,ACC,2/9,4.0,4,1
2015,South Carolina,SEC,2/9,1.0,1,1
2015,Maryland,Big Ten,2/9,5.0,5,1
2015,Baylor,Big 12,2/9,3.0,3,1
2015,Tennessee,SEC,2/9,6.0,6,1
2015,Florida State,ACC,2/9,7.0,7,1
2015,Louisville,ACC,2/9,9.0,9,1
2015,Arizona State,Pac-12,2/9,12.0,12,1
2015,Oregon State,Pac-12,2/9,8.0,8,1
2015,Kentucky,SEC,2/9,10.0,10,1
2015,Mississippi State,SEC,2/9,13.0,13,1
2015,Princeton,Ivy,2/9,16.0,16,1
2015,Stanford,Pac-12,2/9,19.0,19,1
2015,UNC,ACC,2/9,17.0,17,1
2015,Duke,ACC,2/9,11.0,11,1
2015,Chattanooga,Southern,2/9,21.0,21,1
2015,Iowa,Big Ten,2/9,14.0,14,1
2015,George Washington,A-10,2/9,20.0,20,1
2015,Texas A&M,SEC,2/9,15.0,15,1
2015,South Florida,AAC,2/9,25.0,25,1
2015,Syracuse,ACC,2/9,23.0,23,1
2015,Rutgers,Big Ten,2/9,18.0,18,1
2015,Nebraska,Big Ten,2/9,22.0,22,1
2015,Georgia,SEC,2/9,24.0,24,1
2015,UConn,AAC,2/16,1.0,1,1
2015,Notre Dame,ACC,2/16,4.0,4,1
2015,South Carolina,SEC,2/16,2.0,2,1
2015,Maryland,Big Ten,2/16,5.0,5,1
2015,Baylor,Big 12,2/16,3.0,3,1
2015,Tennessee,SEC,2/16,6.0,6,1
2015,Florida State,ACC,2/16,9.0,9,1
2015,Louisville,ACC,2/16,8.0,8,1
2015,Arizona State,Pac-12,2/16,12.0,12,1
2015,Oregon State,Pac-12,2/16,7.0,7,1
2015,Kentucky,SEC,2/16,11.0,11,1
2015,Mississippi State,SEC,2/16,14.0,14,1
2015,Princeton,Ivy,2/16,16.0,16,1
2015,Stanford,Pac-12,2/16,18.0,18,1
2015,UNC,ACC,2/16,17.0,17,1
2015,Duke,ACC,2/16,10.0,10,1
2015,Chattanooga,Southern,2/16,20.0,20,1
2015,Iowa,Big Ten,2/16,13.0,13,1
2015,George Washington,A-10,2/16,24.0,24,1
2015,Florida Gulf Coast,A-Sun,2/16,22.0,22,1
2015,Texas A&M,SEC,2/16,15.0,15,1
2015,Syracuse,ACC,2/16,25.0,25,1
2015,Rutgers,Big Ten,2/16,19.0,19,1
2015,Nebraska,Big Ten,2/16,21.0,21,1
2015,James Madison,CAA,2/16,23.0,23,1
2015,UConn,AAC,2/23,1.0,1,1
2015,Notre Dame,ACC,2/23,4.0,4,1
2015,South Carolina,SEC,2/23,2.0,2,1
2015,Maryland,Big Ten,2/23,5.0,5,1
2015,Baylor,Big 12,2/23,3.0,3,1
2015,Tennessee,SEC,2/23,6.0,6,1
2015,Florida State,ACC,2/23,9.0,9,1
2015,Louisville,ACC,2/23,8.0,8,1
2015,Arizona State,Pac-12,2/23,10.0,10,1
2015,Oregon State,Pac-12,2/23,7.0,7,1
2015,Kentucky,SEC,2/23,13.0,13,1
2015,Mississippi State,SEC,2/23,11.0,11,1
2015,Princeton,Ivy,2/23,14.0,14,1
2015,Stanford,Pac-12,2/23,19.0,19,1
2015,UNC,ACC,2/23,15.0,15,1
2015,Duke,ACC,2/23,16.0,16,1
2015,Chattanooga,Southern,2/23,18.0,18,1
2015,Iowa,Big Ten,2/23,17.0,17,1
2015,George Washington,A-10,2/23,22.0,22,1
2015,Florida Gulf Coast,A-Sun,2/23,21.0,21,1
2015,Texas A&M,SEC,2/23,12.0,12,1
2015,Northwestern,Big Ten,2/23,25.0,25,1
2015,California,Pac-12,2/23,24.0,24,1
2015,Syracuse,ACC,2/23,23.0,23,1
2015,Rutgers,Big Ten,2/23,20.0,20,1
2015,UConn,AAC,3/9,1.0,1,1
2015,Notre Dame,ACC,3/9,2.0,2,1
2015,South Carolina,SEC,3/9,3.0,3,1
2015,Maryland,Big Ten,3/9,4.0,4,1
2015,Baylor,Big 12,3/9,5.0,5,1
2015,Tennessee,SEC,3/9,6.0,6,1
2015,Florida State,ACC,3/9,7.0,7,1
2015,Louisville,ACC,3/9,8.0,8,1
2015,Arizona State,Pac-12,3/9,9.0,9,1
2015,Oregon State,Pac-12,3/9,10.0,10,1
2015,Kentucky,SEC,3/9,11.0,11,1
2015,Mississippi State,SEC,3/9,12.0,12,1
2015,Princeton,Ivy,3/9,13.0,13,1
2015,Stanford,Pac-12,3/9,14.0,14,1
2015,UNC,ACC,3/9,15.0,15,1
2015,Duke,ACC,3/9,16.0,16,1
2015,Chattanooga,Southern,3/9,17.0,17,1
2015,Iowa,Big Ten,3/9,18.0,18,1
2015,George Washington,A-10,3/9,19.0,19,1
2015,Florida Gulf Coast,A-Sun,3/9,20.0,20,1
2015,Texas A&M,SEC,3/9,21.0,21,1
2015,Northwestern,Big Ten,3/9,22.0,22,1
2015,Ohio State,Big Ten,3/9,23.0,23,1
2015,California,Pac-12,3/9,25.0,25,1
2015,Seton Hall,Big East,3/9,24.0,24,1
2016,UConn,AAC,Pre,1.0,1,1
2016,Notre Dame,ACC,Pre,3.0,3,1
2016,South Carolina,SEC,Pre,2.0,2,1
2016,Baylor,Big 12,Pre,5.0,5,1
2016,Maryland,Big Ten,Pre,9.0,9,1
2016,Oregon State,Pac-12,Pre,10.0,10,1
2016,Texas,Big 12,Pre,12.0,12,1
2016,Louisville,ACC,Pre,8.0,8,1
2016,Ohio State,Big Ten,Pre,6.0,6,1
2016,Arizona State,Pac-12,Pre,15.0,15,1
2016,Kentucky,SEC,Pre,18.0,18,1
2016,Stanford,Pac-12,Pre,16.0,16,1
2016,Syracuse,ACC,Pre,23.0,23,1
2016,Mississippi State,SEC,Pre,11.0,11,1
2016,Michigan State,Big Ten,Pre,24.0,24,1
2016,Florida State,ACC,Pre,7.0,7,1
2016,Texas A&M,SEC,Pre,13.0,13,1
2016,South Florida,AAC,Pre,20.0,20,1
2016,Oklahoma,Big 12,Pre,17.0,17,1
2016,Tennessee,SEC,Pre,4.0,4,1
2016,Duke,ACC,Pre,14.0,14,1
2016,Northwestern,Big Ten,Pre,19.0,19,1
2016,George Washington,A-10,Pre,21.0,21,1
2016,Chattanooga,Southern,Pre,25.0,25,1
2016,UNC,ACC,Pre,22.0,22,1
2016,UConn,AAC,Final,1.0,1,1
2016,Notre Dame,ACC,Final,2.0,2,1
2016,South Carolina,SEC,Final,3.0,3,1
2016,Baylor,Big 12,Final,4.0,4,1
2016,Maryland,Big Ten,Final,5.0,5,1
2016,Oregon State,Pac-12,Final,6.0,6,1
2016,Texas,Big 12,Final,7.0,7,1
2016,Louisville,ACC,Final,8.0,8,1
2016,Ohio State,Big Ten,Final,9.0,9,1
2016,UCLA,Pac-12,Final,10.0,10,1
2016,Arizona State,Pac-12,Final,11.0,11,1
2016,Kentucky,SEC,Final,12.0,12,1
2016,Stanford,Pac-12,Final,13.0,13,1
2016,Syracuse,ACC,Final,14.0,14,1
2016,Mississippi State,SEC,Final,15.0,15,1
2016,Michigan State,Big Ten,Final,16.0,16,1
2016,Florida State,ACC,Final,17.0,17,1
2016,Texas A&M,SEC,Final,18.0,18,1
2016,Miami (FL),ACC,Final,19.0,19,1
2016,DePaul,Big East,Final,20.0,20,1
2016,South Florida,AAC,Final,21.0,21,1
2016,Colorado State,MWC,Final,22.0,22,1
2016,West Virginia,Big 12,Final,23.0,23,1
2016,Oklahoma,Big 12,Final,24.0,24,1
2016,Florida,SEC,Final,25.0,25,1
2016,UConn,AAC,11/23,1.0,1,1
2016,Notre Dame,ACC,11/23,3.0,3,1
2016,South Carolina,SEC,11/23,2.0,2,1
2016,Baylor,Big 12,11/23,5.0,5,1
2016,Maryland,Big Ten,11/23,6.0,6,1
2016,Oregon State,Pac-12,11/23,7.0,7,1
2016,Texas,Big 12,11/23,8.0,8,1
2016,Louisville,ACC,11/23,22.0,22,1
2016,Ohio State,Big Ten,11/23,11.0,11,1
2016,Arizona State,Pac-12,11/23,16.0,16,1
2016,Kentucky,SEC,11/23,12.0,12,1
2016,Stanford,Pac-12,11/23,13.0,13,1
2016,Syracuse,ACC,11/23,23.0,23,1
2016,Mississippi State,SEC,11/23,8.0,8,1
2016,Michigan State,Big Ten,11/23,20.0,20,1
2016,Florida State,ACC,11/23,14.0,14,1
2016,Texas A&M,SEC,11/23,10.0,10,1
2016,South Florida,AAC,11/23,18.0,18,1
2016,Oklahoma,Big 12,11/23,21.0,21,1
2016,Tennessee,SEC,11/23,4.0,4,1
2016,Duke,ACC,11/23,15.0,15,1
2016,Northwestern,Big Ten,11/23,19.0,19,1
2016,California,Pac-12,11/23,16.0,16,1
2016,Iowa,Big Ten,11/23,25.0,25,1
2016,George Washington,A-10,11/23,24.0,24,1
2016,UConn,AAC,3/7,1.0,1,1
2016,Notre Dame,ACC,3/7,2.0,2,1
2016,South Carolina,SEC,3/7,3.0,3,1
2016,Baylor,Big 12,3/7,4.0,4,1
2016,Maryland,Big Ten,3/7,5.0,5,1
2016,Oregon State,Pac-12,3/7,6.0,6,1
2016,Texas,Big 12,3/7,7.0,7,1
2016,Louisville,ACC,3/7,8.0,8,1
2016,Ohio State,Big Ten,3/7,9.0,9,1
2016,UCLA,Pac-12,3/7,10.0,10,1
2016,Arizona State,Pac-12,3/7,11.0,11,1
2016,Kentucky,SEC,3/7,12.0,12,1
2016,Stanford,Pac-12,3/7,13.0,13,1
2016,Syracuse,ACC,3/7,14.0,14,1
2016,Mississippi State,SEC,3/7,15.0,15,1
2016,Michigan State,Big Ten,3/7,16.0,16,1
2016,Florida State,ACC,3/7,17.0,17,1
2016,Texas A&M,SEC,3/7,19.0,19,1
2016,Miami (FL),ACC,3/7,20.0,20,1
2016,DePaul,Big East,3/7,18.0,18,1
2016,South Florida,AAC,3/7,21.0,21,1
2016,Colorado State,MWC,3/7,22.0,22,1
2016,West Virginia,Big 12,3/7,23.0,23,1
2016,Oklahoma,Big 12,3/7,24.0,24,1
2016,Florida,SEC,3/7,25.0,25,1
2016,UConn,AAC,11/30,1.0,1,1
2016,Notre Dame,ACC,11/30,3.0,3,1
2016,South Carolina,SEC,11/30,2.0,2,1
2016,Baylor,Big 12,11/30,4.0,4,1
2016,Maryland,Big Ten,11/30,5.0,5,1
2016,Oregon State,Pac-12,11/30,7.0,7,1
2016,Texas,Big 12,11/30,6.0,6,1
2016,Ohio State,Big Ten,11/30,10.0,10,1
2016,UCLA,Pac-12,11/30,24.0,24,1
2016,Arizona State,Pac-12,11/30,17.0,17,1
2016,Kentucky,SEC,11/30,11.0,11,1
2016,Stanford,Pac-12,11/30,16.0,16,1
2016,Syracuse,ACC,11/30,20.0,20,1
2016,Mississippi State,SEC,11/30,9.0,9,1
2016,Michigan State,Big Ten,11/30,19.0,19,1
2016,Florida State,ACC,11/30,13.0,13,1
2016,Texas A&M,SEC,11/30,12.0,12,1
2016,DePaul,Big East,11/30,23.0,23,1
2016,South Florida,AAC,11/30,24.0,24,1
2016,Oklahoma,Big 12,11/30,21.0,21,1
2016,Tennessee,SEC,11/30,8.0,8,1
2016,Duke,ACC,11/30,14.0,14,1
2016,Northwestern,Big Ten,11/30,15.0,15,1
2016,California,Pac-12,11/30,18.0,18,1
2016,Seton Hall,Big East,11/30,22.0,22,1
2016,UConn,AAC,12/7,1.0,1,1
2016,Notre Dame,ACC,12/7,3.0,3,1
2016,South Carolina,SEC,12/7,2.0,2,1
2016,Baylor,Big 12,12/7,4.0,4,1
2016,Maryland,Big Ten,12/7,5.0,5,1
2016,Oregon State,Pac-12,12/7,7.0,7,1
2016,Texas,Big 12,12/7,5.0,5,1
2016,Ohio State,Big Ten,12/7,10.0,10,1
2016,UCLA,Pac-12,12/7,20.0,20,1
2016,Arizona State,Pac-12,12/7,24.0,24,1
2016,Kentucky,SEC,12/7,8.0,8,1
2016,Stanford,Pac-12,12/7,14.0,14,1
2016,Syracuse,ACC,12/7,19.0,19,1
2016,Mississippi State,SEC,12/7,9.0,9,1
2016,Michigan State,Big Ten,12/7,25.0,25,1
2016,Florida State,ACC,12/7,11.0,11,1
2016,Texas A&M,SEC,12/7,15.0,15,1
2016,DePaul,Big East,12/7,18.0,18,1
2016,South Florida,AAC,12/7,21.0,21,1
2016,Oklahoma,Big 12,12/7,17.0,17,1
2016,Tennessee,SEC,12/7,16.0,16,1
2016,Duke,ACC,12/7,13.0,13,1
2016,Northwestern,Big Ten,12/7,12.0,12,1
2016,California,Pac-12,12/7,22.0,22,1
2016,Iowa,Big Ten,12/7,23.0,23,1
2016,UConn,AAC,12/14,1.0,1,1
2016,Notre Dame,ACC,12/14,3.0,3,1
2016,South Carolina,SEC,12/14,2.0,2,1
2016,Baylor,Big 12,12/14,4.0,4,1
2016,Maryland,Big Ten,12/14,6.0,6,1
2016,Oregon State,Pac-12,12/14,7.0,7,1
2016,Texas,Big 12,12/14,5.0,5,1
2016,Ohio State,Big Ten,12/14,10.0,10,1
2016,UCLA,Pac-12,12/14,19.0,19,1
2016,Arizona State,Pac-12,12/14,21.0,21,1
2016,Kentucky,SEC,12/14,8.0,8,1
2016,Stanford,Pac-12,12/14,15.0,15,1
2016,Mississippi State,SEC,12/14,9.0,9,1
2016,Michigan State,Big Ten,12/14,24.0,24,1
2016,Florida State,ACC,12/14,11.0,11,1
2016,Texas A&M,SEC,12/14,18.0,18,1
2016,Miami (FL),ACC,12/14,23.0,23,1
2016,DePaul,Big East,12/14,16.0,16,1
2016,South Florida,AAC,12/14,20.0,20,1
2016,Oklahoma,Big 12,12/14,17.0,17,1
2016,Tennessee,SEC,12/14,14.0,14,1
2016,Duke,ACC,12/14,13.0,13,1
2016,Northwestern,Big Ten,12/14,12.0,12,1
2016,California,Pac-12,12/14,21.0,21,1
2016,St. John's (NY),Big East,12/14,25.0,25,1
2016,UConn,AAC,12/21,1.0,1,1
2016,Notre Dame,ACC,12/21,3.0,3,1
2016,South Carolina,SEC,12/21,2.0,2,1
2016,Baylor,Big 12,12/21,4.0,4,1
2016,Maryland,Big Ten,12/21,6.0,6,1
2016,Oregon State,Pac-12,12/21,11.0,11,1
2016,Texas,Big 12,12/21,5.0,5,1
2016,Ohio State,Big Ten,12/21,9.0,9,1
2016,UCLA,Pac-12,12/21,19.0,19,1
2016,Arizona State,Pac-12,12/21,22.0,22,1
2016,Kentucky,SEC,12/21,7.0,7,1
2016,Stanford,Pac-12,12/21,12.0,12,1
2016,Mississippi State,SEC,12/21,8.0,8,1
2016,Michigan State,Big Ten,12/21,24.0,24,1
2016,Florida State,ACC,12/21,10.0,10,1
2016,Texas A&M,SEC,12/21,16.0,16,1
2016,Miami (FL),ACC,12/21,23.0,23,1
2016,DePaul,Big East,12/21,17.0,17,1
2016,South Florida,AAC,12/21,20.0,20,1
2016,Oklahoma,Big 12,12/21,18.0,18,1
2016,Missouri,SEC,12/21,25.0,25,1
2016,Tennessee,SEC,12/21,14.0,14,1
2016,Duke,ACC,12/21,13.0,13,1
2016,Northwestern,Big Ten,12/21,15.0,15,1
2016,California,Pac-12,12/21,21.0,21,1
2016,UConn,AAC,12/28,1.0,1,1
2016,Notre Dame,ACC,12/28,3.0,3,1
2016,South Carolina,SEC,12/28,2.0,2,1
2016,Baylor,Big 12,12/28,4.0,4,1
2016,Maryland,Big Ten,12/28,6.0,6,1
2016,Oregon State,Pac-12,12/28,10.0,10,1
2016,Texas,Big 12,12/28,5.0,5,1
2016,Ohio State,Big Ten,12/28,9.0,9,1
2016,UCLA,Pac-12,12/28,21.0,21,1
2016,Arizona State,Pac-12,12/28,17.0,17,1
2016,Kentucky,SEC,12/28,7.0,7,1
2016,Stanford,Pac-12,12/28,11.0,11,1
2016,Mississippi State,SEC,12/28,8.0,8,1
2016,Michigan State,Big Ten,12/28,24.0,24,1
2016,Florida State,ACC,12/28,15.0,15,1
2016,Texas A&M,SEC,12/28,16.0,16,1
2016,Miami (FL),ACC,12/28,22.0,22,1
2016,DePaul,Big East,12/28,25.0,25,1
2016,South Florida,AAC,12/28,20.0,20,1
2016,Oklahoma,Big 12,12/28,18.0,18,1
2016,Missouri,SEC,12/28,23.0,23,1
2016,Tennessee,SEC,12/28,13.0,13,1
2016,Duke,ACC,12/28,12.0,12,1
2016,Northwestern,Big Ten,12/28,14.0,14,1
2016,California,Pac-12,12/28,19.0,19,1
2016,UConn,AAC,1/4,1.0,1,1
2016,Notre Dame,ACC,1/4,3.0,3,1
2016,South Carolina,SEC,1/4,2.0,2,1
2016,Baylor,Big 12,1/4,6.0,6,1
2016,Maryland,Big Ten,1/4,8.0,8,1
2016,Oregon State,Pac-12,1/4,11.0,11,1
2016,Texas,Big 12,1/4,4.0,4,1
2016,Ohio State,Big Ten,1/4,5.0,5,1
2016,UCLA,Pac-12,1/4,15.0,15,1
2016,Arizona State,Pac-12,1/4,14.0,14,1
2016,Kentucky,SEC,1/4,10.0,10,1
2016,Stanford,Pac-12,1/4,9.0,9,1
2016,Mississippi State,SEC,1/4,7.0,7,1
2016,Michigan State,Big Ten,1/4,23.0,23,1
2016,Florida State,ACC,1/4,19.0,19,1
2016,Texas A&M,SEC,1/4,13.0,13,1
2016,DePaul,Big East,1/4,24.0,24,1
2016,South Florida,AAC,1/4,22.0,22,1
2016,Oklahoma,Big 12,1/4,17.0,17,1
2016,Missouri,SEC,1/4,20.0,20,1
2016,Tennessee,SEC,1/4,12.0,12,1
2016,Duke,ACC,1/4,18.0,18,1
2016,Northwestern,Big Ten,1/4,16.0,16,1
2016,California,Pac-12,1/4,21.0,21,1
2016,Seton Hall,Big East,1/4,25.0,25,1
2016,UConn,AAC,1/11,1.0,1,1
2016,Notre Dame,ACC,1/11,3.0,3,1
2016,South Carolina,SEC,1/11,2.0,2,1
2016,Baylor,Big 12,1/11,6.0,6,1
2016,Maryland,Big Ten,1/11,8.0,8,1
2016,Oregon State,Pac-12,1/11,12.0,12,1
2016,Texas,Big 12,1/11,4.0,4,1
2016,Louisville,ACC,1/11,23.0,23,1
2016,Ohio State,Big Ten,1/11,5.0,5,1
2016,UCLA,Pac-12,1/11,17.0,17,1
2016,Arizona State,Pac-12,1/11,10.0,10,1
2016,Kentucky,SEC,1/11,9.0,9,1
2016,Stanford,Pac-12,1/11,11.0,11,1
2016,Mississippi State,SEC,1/11,7.0,7,1
2016,Michigan State,Big Ten,1/11,18.0,18,1
2016,Florida State,ACC,1/11,16.0,16,1
2016,Texas A&M,SEC,1/11,15.0,15,1
2016,Miami (FL),ACC,1/11,21.0,21,1
2016,South Florida,AAC,1/11,19.0,19,1
2016,Oklahoma,Big 12,1/11,14.0,14,1
2016,Florida,SEC,1/11,20.0,20,1
2016,Missouri,SEC,1/11,24.0,24,1
2016,Tennessee,SEC,1/11,13.0,13,1
2016,Duke,ACC,1/11,22.0,22,1
2016,USC,Pac-12,1/11,25.0,25,1
2016,UConn,AAC,1/18,1.0,1,1
2016,Notre Dame,ACC,1/18,3.0,3,1
2016,South Carolina,SEC,1/18,2.0,2,1
2016,Baylor,Big 12,1/18,4.0,4,1
2016,Maryland,Big Ten,1/18,5.0,5,1
2016,Oregon State,Pac-12,1/18,11.0,11,1
2016,Texas,Big 12,1/18,6.0,6,1
2016,Louisville,ACC,1/18,17.0,17,1
2016,Ohio State,Big Ten,1/18,7.0,7,1
2016,UCLA,Pac-12,1/18,20.0,20,1
2016,Arizona State,Pac-12,1/18,8.0,8,1
2016,Kentucky,SEC,1/18,9.0,9,1
2016,Stanford,Pac-12,1/18,12.0,12,1
2016,Mississippi State,SEC,1/18,10.0,10,1
2016,Michigan State,Big Ten,1/18,21.0,21,1
2016,Florida State,ACC,1/18,14.0,14,1
2016,Texas A&M,SEC,1/18,13.0,13,1
2016,Miami (FL),ACC,1/18,16.0,16,1
2016,DePaul,Big East,1/18,24.0,24,1
2016,South Florida,AAC,1/18,15.0,15,1
2016,West Virginia,Big 12,1/18,25.0,25,1
2016,Oklahoma,Big 12,1/18,19.0,19,1
2016,Florida,SEC,1/18,22.0,22,1
2016,Missouri,SEC,1/18,23.0,23,1
2016,Tennessee,SEC,1/18,18.0,18,1
2016,UConn,AAC,1/25,1.0,1,1
2016,Notre Dame,ACC,1/25,3.0,3,1
2016,South Carolina,SEC,1/25,2.0,2,1
2016,Baylor,Big 12,1/25,4.0,4,1
2016,Maryland,Big Ten,1/25,5.0,5,1
2016,Oregon State,Pac-12,1/25,9.0,9,1
2016,Texas,Big 12,1/25,6.0,6,1
2016,Louisville,ACC,1/25,14.0,14,1
2016,Ohio State,Big Ten,1/25,7.0,7,1
2016,UCLA,Pac-12,1/25,15.0,15,1
2016,Arizona State,Pac-12,1/25,8.0,8,1
2016,Kentucky,SEC,1/25,12.0,12,1
2016,Stanford,Pac-12,1/25,16.0,16,1
2016,Mississippi State,SEC,1/25,13.0,13,1
2016,Michigan State,Big Ten,1/25,18.0,18,1
2016,Florida State,ACC,1/25,11.0,11,1
2016,Texas A&M,SEC,1/25,10.0,10,1
2016,Miami (FL),ACC,1/25,17.0,17,1
2016,DePaul,Big East,1/25,23.0,23,1
2016,South Florida,AAC,1/25,20.0,20,1
2016,West Virginia,Big 12,1/25,24.0,24,1
2016,Oklahoma,Big 12,1/25,21.0,21,1
2016,Missouri,SEC,1/25,22.0,22,1
2016,Tennessee,SEC,1/25,19.0,19,1
2016,Washington,Pac-12,1/25,25.0,25,1
2016,UConn,AAC,2/1,1.0,1,1
2016,Notre Dame,ACC,2/1,3.0,3,1
2016,South Carolina,SEC,2/1,2.0,2,1
2016,Baylor,Big 12,2/1,4.0,4,1
2016,Maryland,Big Ten,2/1,5.0,5,1
2016,Oregon State,Pac-12,2/1,9.0,9,1
2016,Texas,Big 12,2/1,6.0,6,1
2016,Louisville,ACC,2/1,13.0,13,1
2016,Ohio State,Big Ten,2/1,7.0,7,1
2016,UCLA,Pac-12,2/1,14.0,14,1
2016,Arizona State,Pac-12,2/1,8.0,8,1
2016,Kentucky,SEC,2/1,18.0,18,1
2016,Stanford,Pac-12,2/1,15.0,15,1
2016,Mississippi State,SEC,2/1,11.0,11,1
2016,Michigan State,Big Ten,2/1,17.0,17,1
2016,Florida State,ACC,2/1,10.0,10,1
2016,Texas A&M,SEC,2/1,12.0,12,1
2016,Miami (FL),ACC,2/1,16.0,16,1
2016,South Florida,AAC,2/1,19.0,19,1
2016,Oklahoma,Big 12,2/1,20.0,20,1
2016,Florida,SEC,2/1,22.0,22,1
2016,Oklahoma State,Big 12,2/1,25.0,25,1
2016,Missouri,SEC,2/1,21.0,21,1
2016,Tennessee,SEC,2/1,23.0,23,1
2016,Washington,Pac-12,2/1,24.0,24,1
2016,UConn,AAC,2/8,1.0,1,1
2016,Notre Dame,ACC,2/8,3.0,3,1
2016,South Carolina,SEC,2/8,2.0,2,1
2016,Baylor,Big 12,2/8,4.0,4,1
2016,Maryland,Big Ten,2/8,5.0,5,1
2016,Oregon State,Pac-12,2/8,8.0,8,1
2016,Texas,Big 12,2/8,6.0,6,1
2016,Louisville,ACC,2/8,12.0,12,1
2016,Ohio State,Big Ten,2/8,7.0,7,1
2016,UCLA,Pac-12,2/8,14.0,14,1
2016,Arizona State,Pac-12,2/8,9.0,9,1
2016,Kentucky,SEC,2/8,18.0,18,1
2016,Stanford,Pac-12,2/8,13.0,13,1
2016,Mississippi State,SEC,2/8,11.0,11,1
2016,Michigan State,Big Ten,2/8,17.0,17,1
2016,Florida State,ACC,2/8,10.0,10,1
2016,Texas A&M,SEC,2/8,15.0,15,1
2016,Miami (FL),ACC,2/8,19.0,19,1
2016,DePaul,Big East,2/8,23.0,23,1
2016,South Florida,AAC,2/8,22.0,22,1
2016,West Virginia,Big 12,2/8,24.0,24,1
2016,Oklahoma,Big 12,2/8,21.0,21,1
2016,Florida,SEC,2/8,16.0,16,1
2016,Oklahoma State,Big 12,2/8,20.0,20,1
2016,Tennessee,SEC,2/8,25.0,25,1
2016,UConn,AAC,2/15,1.0,1,1
2016,Notre Dame,ACC,2/15,2.0,2,1
2016,South Carolina,SEC,2/15,3.0,3,1
2016,Baylor,Big 12,2/15,4.0,4,1
2016,Maryland,Big Ten,2/15,6.0,6,1
2016,Oregon State,Pac-12,2/15,7.0,7,1
2016,Texas,Big 12,2/15,8.0,8,1
2016,Louisville,ACC,2/15,11.0,11,1
2016,Ohio State,Big Ten,2/15,5.0,5,1
2016,UCLA,Pac-12,2/15,12.0,12,1
2016,Arizona State,Pac-12,2/15,9.0,9,1
2016,Kentucky,SEC,2/15,16.0,16,1
2016,Stanford,Pac-12,2/15,15.0,15,1
2016,Syracuse,ACC,2/15,23.0,23,1
2016,Mississippi State,SEC,2/15,14.0,14,1
2016,Michigan State,Big Ten,2/15,25.0,25,1
2016,Florida State,ACC,2/15,10.0,10,1
2016,Texas A&M,SEC,2/15,12.0,12,1
2016,Miami (FL),ACC,2/15,18.0,18,1
2016,DePaul,Big East,2/15,21.0,21,1
2016,South Florida,AAC,2/15,19.0,19,1
2016,Oklahoma,Big 12,2/15,20.0,20,1
2016,Florida,SEC,2/15,22.0,22,1
2016,Oklahoma State,Big 12,2/15,17.0,17,1
2016,Tennessee,SEC,2/15,24.0,24,1
2016,UConn,AAC,2/22,1.0,1,1
2016,Notre Dame,ACC,2/22,2.0,2,1
2016,South Carolina,SEC,2/22,3.0,3,1
2016,Baylor,Big 12,2/22,4.0,4,1
2016,Maryland,Big Ten,2/22,6.0,6,1
2016,Oregon State,Pac-12,2/22,7.0,7,1
2016,Texas,Big 12,2/22,8.0,8,1
2016,Louisville,ACC,2/22,10.0,10,1
2016,Ohio State,Big Ten,2/22,5.0,5,1
2016,UCLA,Pac-12,2/22,14.0,14,1
2016,Arizona State,Pac-12,2/22,9.0,9,1
2016,Kentucky,SEC,2/22,15.0,15,1
2016,Stanford,Pac-12,2/22,13.0,13,1
2016,Syracuse,ACC,2/22,18.0,18,1
2016,Mississippi State,SEC,2/22,16.0,16,1
2016,Michigan State,Big Ten,2/22,20.0,20,1
2016,Florida State,ACC,2/22,12.0,12,1
2016,Texas A&M,SEC,2/22,11.0,11,1
2016,Miami (FL),ACC,2/22,17.0,17,1
2016,DePaul,Big East,2/22,19.0,19,1
2016,South Florida,AAC,2/22,21.0,21,1
2016,Colorado State,MWC,2/22,25.0,25,1
2016,Oklahoma,Big 12,2/22,23.0,23,1
2016,Oklahoma State,Big 12,2/22,22.0,22,1
2016,Missouri,SEC,2/22,24.0,24,1
2016,UConn,AAC,11/16,1.0,1,1
2016,Notre Dame,ACC,11/16,3.0,3,1
2016,South Carolina,SEC,11/16,2.0,2,1
2016,Baylor,Big 12,11/16,5.0,5,1
2016,Maryland,Big Ten,11/16,8.0,8,1
2016,Oregon State,Pac-12,11/16,9.0,9,1
2016,Texas,Big 12,11/16,11.0,11,1
2016,Louisville,ACC,11/16,16.0,16,1
2016,Ohio State,Big Ten,11/16,7.0,7,1
2016,Arizona State,Pac-12,11/16,18.0,18,1
2016,Kentucky,SEC,11/16,13.0,13,1
2016,Stanford,Pac-12,11/16,15.0,15,1
2016,Syracuse,ACC,11/16,25.0,25,1
2016,Mississippi State,SEC,11/16,10.0,10,1
2016,Michigan State,Big Ten,11/16,23.0,23,1
2016,Florida State,ACC,11/16,6.0,6,1
2016,Texas A&M,SEC,11/16,12.0,12,1
2016,South Florida,AAC,11/16,19.0,19,1
2016,Oklahoma,Big 12,11/16,17.0,17,1
2016,Tennessee,SEC,11/16,4.0,4,1
2016,Duke,ACC,11/16,14.0,14,1
2016,Northwestern,Big Ten,11/16,20.0,20,1
2016,California,Pac-12,11/16,21.0,21,1
2016,George Washington,A-10,11/16,22.0,22,1
2016,Chattanooga,Southern,11/16,24.0,24,1
2016,UConn,AAC,2/29,1.0,1,1
2016,Notre Dame,ACC,2/29,2.0,2,1
2016,South Carolina,SEC,2/29,3.0,3,1
2016,Baylor,Big 12,2/29,4.0,4,1
2016,Maryland,Big Ten,2/29,5.0,5,1
2016,Oregon State,Pac-12,2/29,8.0,8,1
2016,Texas,Big 12,2/29,6.0,6,1
2016,Louisville,ACC,2/29,7.0,7,1
2016,Ohio State,Big Ten,2/29,9.0,9,1
2016,UCLA,Pac-12,2/29,12.0,12,1
2016,Arizona State,Pac-12,2/29,10.0,10,1
2016,Kentucky,SEC,2/29,13.0,13,1
2016,Stanford,Pac-12,2/29,11.0,11,1
2016,Syracuse,ACC,2/29,17.0,17,1
2016,Mississippi State,SEC,2/29,16.0,16,1
2016,Michigan State,Big Ten,2/29,19.0,19,1
2016,Florida State,ACC,2/29,14.0,14,1
2016,Texas A&M,SEC,2/29,15.0,15,1
2016,Miami (FL),ACC,2/29,21.0,21,1
2016,DePaul,Big East,2/29,18.0,18,1
2016,South Florida,AAC,2/29,20.0,20,1
2016,Colorado State,MWC,2/29,22.0,22,1
2016,West Virginia,Big 12,2/29,22.0,22,1
2016,Oklahoma,Big 12,2/29,24.0,24,1
2016,Florida,SEC,2/29,25.0,25,1
2017,UConn,AAC,Pre,3.0,3,1
2017,Notre Dame,ACC,Pre,1.0,1,1
2017,South Carolina,SEC,Pre,4.0,4,1
2017,Maryland,Big Ten,Pre,6.0,6,1
2017,Baylor,Big 12,Pre,2.0,2,1
2017,Stanford,Pac-12,Pre,11.0,11,1
2017,Mississippi State,SEC,Pre,10.0,10,1
2017,Oregon State,Pac-12,Pre,25.0,25,1
2017,Florida State,ACC,Pre,12.0,12,1
2017,Ohio State,Big Ten,Pre,7.0,7,1
2017,Washington,Pac-12,Pre,17.0,17,1
2017,Louisville,ACC,Pre,5.0,5,1
2017,Texas,Big 12,Pre,8.0,8,1
2017,UCLA,Pac-12,Pre,9.0,9,1
2017,Miami (FL),ACC,Pre,14.0,14,1
2017,Kentucky,SEC,Pre,19.0,19,1
2017,DePaul,Big East,Pre,21.0,21,1
2017,Syracuse,ACC,Pre,14.0,14,1
2017,West Virginia,Big 12,Pre,22.0,22,1
2017,Oklahoma,Big 12,Pre,16.0,16,1
2017,Missouri,SEC,Pre,24.0,24,1
2017,Arizona State,Pac-12,Pre,18.0,18,1
2017,Tennessee,SEC,Pre,13.0,13,1
2017,Florida,SEC,Pre,20.0,20,1
2017,Indiana,Big Ten,Pre,23.0,23,1
2017,UConn,AAC,11/14,3.0,3,1
2017,Notre Dame,ACC,11/14,1.0,1,1
2017,South Carolina,SEC,11/14,4.0,4,1
2017,Maryland,Big Ten,11/14,6.0,6,1
2017,Baylor,Big 12,11/14,2.0,2,1
2017,Stanford,Pac-12,11/14,11.0,11,1
2017,Mississippi State,SEC,11/14,10.0,10,1
2017,Oregon State,Pac-12,11/14,24.0,24,1
2017,Florida State,ACC,11/14,12.0,12,1
2017,Ohio State,Big Ten,11/14,7.0,7,1
2017,Washington,Pac-12,11/14,17.0,17,1
2017,Louisville,ACC,11/14,5.0,5,1
2017,Texas,Big 12,11/14,8.0,8,1
2017,UCLA,Pac-12,11/14,9.0,9,1
2017,Miami (FL),ACC,11/14,22.0,22,1
2017,Kentucky,SEC,11/14,15.0,15,1
2017,DePaul,Big East,11/14,20.0,20,1
2017,Syracuse,ACC,11/14,14.0,14,1
2017,West Virginia,Big 12,11/14,21.0,21,1
2017,Oklahoma,Big 12,11/14,16.0,16,1
2017,Missouri,SEC,11/14,25.0,25,1
2017,Arizona State,Pac-12,11/14,18.0,18,1
2017,Tennessee,SEC,11/14,13.0,13,1
2017,Florida,SEC,11/14,19.0,19,1
2017,Indiana,Big Ten,11/14,23.0,23,1
2017,UConn,AAC,11/21,2.0,2,1
2017,Notre Dame,ACC,11/21,1.0,1,1
2017,South Carolina,SEC,11/21,3.0,3,1
2017,Maryland,Big Ten,11/21,6.0,6,1
2017,Baylor,Big 12,11/21,5.0,5,1
2017,Stanford,Pac-12,11/21,11.0,11,1
2017,Mississippi State,SEC,11/21,7.0,7,1
2017,Oregon State,Pac-12,11/21,22.0,22,1
2017,Florida State,ACC,11/21,10.0,10,1
2017,Ohio State,Big Ten,11/21,8.0,8,1
2017,Washington,Pac-12,11/21,15.0,15,1
2017,Louisville,ACC,11/21,4.0,4,1
2017,Texas,Big 12,11/21,14.0,14,1
2017,UCLA,Pac-12,11/21,9.0,9,1
2017,Miami (FL),ACC,11/21,21.0,21,1
2017,Kentucky,SEC,11/21,20.0,20,1
2017,DePaul,Big East,11/21,18.0,18,1
2017,Syracuse,ACC,11/21,11.0,11,1
2017,West Virginia,Big 12,11/21,19.0,19,1
2017,Oklahoma,Big 12,11/21,13.0,13,1
2017,Arizona State,Pac-12,11/21,23.0,23,1
2017,Tennessee,SEC,11/21,17.0,17,1
2017,Florida,SEC,11/21,16.0,16,1
2017,Michigan State,Big Ten,11/21,24.0,24,1
2017,Gonzaga,WCC,11/21,25.0,25,1
2017,UConn,AAC,11/28,2.0,2,1
2017,Notre Dame,ACC,11/28,1.0,1,1
2017,South Carolina,SEC,11/28,3.0,3,1
2017,Maryland,Big Ten,11/28,5.0,5,1
2017,Baylor,Big 12,11/28,4.0,4,1
2017,Stanford,Pac-12,11/28,11.0,11,1
2017,Mississippi State,SEC,11/28,6.0,6,1
2017,Oregon State,Pac-12,11/28,24.0,24,1
2017,Florida State,ACC,11/28,8.0,8,1
2017,Ohio State,Big Ten,11/28,9.0,9,1
2017,Washington,Pac-12,11/28,13.0,13,1
2017,Louisville,ACC,11/28,7.0,7,1
2017,Texas,Big 12,11/28,14.0,14,1
2017,UCLA,Pac-12,11/28,10.0,10,1
2017,Miami (FL),ACC,11/28,18.0,18,1
2017,Kentucky,SEC,11/28,17.0,17,1
2017,DePaul,Big East,11/28,15.0,15,1
2017,Syracuse,ACC,11/28,20.0,20,1
2017,West Virginia,Big 12,11/28,16.0,16,1
2017,Oklahoma,Big 12,11/28,12.0,12,1
2017,Texas A&M,SEC,11/28,25.0,25,1
2017,Tennessee,SEC,11/28,22.0,22,1
2017,Colorado,Pac-12,11/28,21.0,21,1
2017,Florida,SEC,11/28,19.0,19,1
2017,Auburn,SEC,11/28,23.0,23,1
2017,UConn,AAC,12/5,1.0,1,1
2017,Notre Dame,ACC,12/5,2.0,2,1
2017,South Carolina,SEC,12/5,6.0,6,1
2017,Maryland,Big Ten,12/5,4.0,4,1
2017,Baylor,Big 12,12/5,3.0,3,1
2017,Stanford,Pac-12,12/5,10.0,10,1
2017,Mississippi State,SEC,12/5,5.0,5,1
2017,Oregon State,Pac-12,12/5,24.0,24,1
2017,Duke,ACC,12/5,21.0,21,1
2017,Florida State,ACC,12/5,7.0,7,1
2017,Ohio State,Big Ten,12/5,12.0,12,1
2017,Washington,Pac-12,12/5,11.0,11,1
2017,Louisville,ACC,12/5,8.0,8,1
2017,Texas,Big 12,12/5,17.0,17,1
2017,UCLA,Pac-12,12/5,9.0,9,1
2017,Miami (FL),ACC,12/5,14.0,14,1
2017,Kentucky,SEC,12/5,15.0,15,1
2017,DePaul,Big East,12/5,16.0,16,1
2017,Syracuse,ACC,12/5,20.0,20,1
2017,West Virginia,Big 12,12/5,13.0,13,1
2017,Oklahoma,Big 12,12/5,19.0,19,1
2017,South Florida,AAC,12/5,22.0,22,1
2017,Virginia Tech,ACC,12/5,25.0,25,1
2017,Colorado,Pac-12,12/5,18.0,18,1
2017,Florida,SEC,12/5,23.0,23,1
2017,UConn,AAC,12/19,1.0,1,1
2017,Notre Dame,ACC,12/19,2.0,2,1
2017,South Carolina,SEC,12/19,6.0,6,1
2017,Maryland,Big Ten,12/19,4.0,4,1
2017,Baylor,Big 12,12/19,3.0,3,1
2017,Stanford,Pac-12,12/19,14.0,14,1
2017,Mississippi State,SEC,12/19,5.0,5,1
2017,Oregon State,Pac-12,12/19,25.0,25,1
2017,Duke,ACC,12/19,17.0,17,1
2017,Florida State,ACC,12/19,7.0,7,1
2017,Ohio State,Big Ten,12/19,12.0,12,1
2017,Washington,Pac-12,12/19,9.0,9,1
2017,Louisville,ACC,12/19,8.0,8,1
2017,Texas,Big 12,12/19,16.0,16,1
2017,UCLA,Pac-12,12/19,10.0,10,1
2017,Miami (FL),ACC,12/19,11.0,11,1
2017,Kentucky,SEC,12/19,18.0,18,1
2017,Syracuse,ACC,12/19,19.0,19,1
2017,West Virginia,Big 12,12/19,13.0,13,1
2017,Oklahoma,Big 12,12/19,20.0,20,1
2017,Kansas State,Big 12,12/19,24.0,24,1
2017,South Florida,AAC,12/19,21.0,21,1
2017,Arizona State,Pac-12,12/19,21.0,21,1
2017,Virginia Tech,ACC,12/19,23.0,23,1
2017,Colorado,Pac-12,12/19,15.0,15,1
2017,UConn,AAC,12/26,1.0,1,1
2017,Notre Dame,ACC,12/26,2.0,2,1
2017,South Carolina,SEC,12/26,6.0,6,1
2017,Maryland,Big Ten,12/26,4.0,4,1
2017,Baylor,Big 12,12/26,3.0,3,1
2017,Stanford,Pac-12,12/26,13.0,13,1
2017,Mississippi State,SEC,12/26,5.0,5,1
2017,Oregon State,Pac-12,12/26,22.0,22,1
2017,Duke,ACC,12/26,15.0,15,1
2017,Florida State,ACC,12/26,7.0,7,1
2017,Ohio State,Big Ten,12/26,14.0,14,1
2017,Washington,Pac-12,12/26,9.0,9,1
2017,Louisville,ACC,12/26,8.0,8,1
2017,Texas,Big 12,12/26,16.0,16,1
2017,UCLA,Pac-12,12/26,10.0,10,1
2017,Miami (FL),ACC,12/26,11.0,11,1
2017,Kentucky,SEC,12/26,17.0,17,1
2017,Syracuse,ACC,12/26,25.0,25,1
2017,West Virginia,Big 12,12/26,12.0,12,1
2017,Oklahoma,Big 12,12/26,24.0,24,1
2017,South Florida,AAC,12/26,23.0,23,1
2017,Arizona State,Pac-12,12/26,18.0,18,1
2017,Virginia Tech,ACC,12/26,19.0,19,1
2017,California,Pac-12,12/26,21.0,21,1
2017,Colorado,Pac-12,12/26,20.0,20,1
2017,UConn,AAC,1/2,1.0,1,1
2017,Notre Dame,ACC,1/2,7.0,7,1
2017,South Carolina,SEC,1/2,5.0,5,1
2017,Maryland,Big Ten,1/2,3.0,3,1
2017,Baylor,Big 12,1/2,2.0,2,1
2017,Stanford,Pac-12,1/2,10.0,10,1
2017,Mississippi State,SEC,1/2,4.0,4,1
2017,Oregon State,Pac-12,1/2,16.0,16,1
2017,Duke,ACC,1/2,13.0,13,1
2017,Florida State,ACC,1/2,6.0,6,1
2017,Ohio State,Big Ten,1/2,11.0,11,1
2017,Washington,Pac-12,1/2,12.0,12,1
2017,Louisville,ACC,1/2,8.0,8,1
2017,Texas,Big 12,1/2,15.0,15,1
2017,UCLA,Pac-12,1/2,9.0,9,1
2017,Miami (FL),ACC,1/2,14.0,14,1
2017,Kentucky,SEC,1/2,24.0,24,1
2017,DePaul,Big East,1/2,23.0,23,1
2017,West Virginia,Big 12,1/2,17.0,17,1
2017,Oklahoma,Big 12,1/2,20.0,20,1
2017,Kansas State,Big 12,1/2,25.0,25,1
2017,South Florida,AAC,1/2,22.0,22,1
2017,Arizona State,Pac-12,1/2,19.0,19,1
2017,Virginia Tech,ACC,1/2,18.0,18,1
2017,California,Pac-12,1/2,20.0,20,1
2017,UConn,AAC,1/9,1.0,1,1
2017,Notre Dame,ACC,1/9,6.0,6,1
2017,South Carolina,SEC,1/9,5.0,5,1
2017,Maryland,Big Ten,1/9,3.0,3,1
2017,Baylor,Big 12,1/9,2.0,2,1
2017,Stanford,Pac-12,1/9,13.0,13,1
2017,Mississippi State,SEC,1/9,4.0,4,1
2017,Oregon State,Pac-12,1/9,10.0,10,1
2017,Duke,ACC,1/9,12.0,12,1
2017,Florida State,ACC,1/9,7.0,7,1
2017,Ohio State,Big Ten,1/9,11.0,11,1
2017,Washington,Pac-12,1/9,8.0,8,1
2017,Louisville,ACC,1/9,9.0,9,1
2017,Texas,Big 12,1/9,16.0,16,1
2017,UCLA,Pac-12,1/9,17.0,17,1
2017,Miami (FL),ACC,1/9,14.0,14,1
2017,NC State,ACC,1/9,23.0,23,1
2017,DePaul,Big East,1/9,21.0,21,1
2017,West Virginia,Big 12,1/9,18.0,18,1
2017,Oklahoma,Big 12,1/9,22.0,22,1
2017,Kansas State,Big 12,1/9,25.0,25,1
2017,South Florida,AAC,1/9,20.0,20,1
2017,Arizona State,Pac-12,1/9,19.0,19,1
2017,Virginia Tech,ACC,1/9,15.0,15,1
2017,California,Pac-12,1/9,24.0,24,1
2017,UConn,AAC,1/16,1.0,1,1
2017,Notre Dame,ACC,1/16,6.0,6,1
2017,South Carolina,SEC,1/16,5.0,5,1
2017,Maryland,Big Ten,1/16,3.0,3,1
2017,Baylor,Big 12,1/16,2.0,2,1
2017,Stanford,Pac-12,1/16,10.0,10,1
2017,Mississippi State,SEC,1/16,4.0,4,1
2017,Oregon State,Pac-12,1/16,11.0,11,1
2017,Duke,ACC,1/16,15.0,15,1
2017,Florida State,ACC,1/16,7.0,7,1
2017,Ohio State,Big Ten,1/16,16.0,16,1
2017,Washington,Pac-12,1/16,8.0,8,1
2017,Louisville,ACC,1/16,9.0,9,1
2017,Texas,Big 12,1/16,12.0,12,1
2017,UCLA,Pac-12,1/16,13.0,13,1
2017,Miami (FL),ACC,1/16,14.0,14,1
2017,NC State,ACC,1/16,21.0,21,1
2017,DePaul,Big East,1/16,19.0,19,1
2017,West Virginia,Big 12,1/16,24.0,24,1
2017,Oklahoma,Big 12,1/16,20.0,20,1
2017,Kansas State,Big 12,1/16,22.0,22,1
2017,South Florida,AAC,1/16,23.0,23,1
2017,Texas A&M,SEC,1/16,25.0,25,1
2017,Arizona State,Pac-12,1/16,18.0,18,1
2017,Virginia Tech,ACC,1/16,17.0,17,1
2017,UConn,AAC,1/23,1.0,1,1
2017,Notre Dame,ACC,1/23,8.0,8,1
2017,South Carolina,SEC,1/23,5.0,5,1
2017,Maryland,Big Ten,1/23,3.0,3,1
2017,Baylor,Big 12,1/23,2.0,2,1
2017,Stanford,Pac-12,1/23,10.0,10,1
2017,Mississippi State,SEC,1/23,4.0,4,1
2017,Oregon State,Pac-12,1/23,11.0,11,1
2017,Duke,ACC,1/23,14.0,14,1
2017,Florida State,ACC,1/23,6.0,6,1
2017,Ohio State,Big Ten,1/23,15.0,15,1
2017,Washington,Pac-12,1/23,7.0,7,1
2017,Louisville,ACC,1/23,9.0,9,1
2017,Texas,Big 12,1/23,12.0,12,1
2017,UCLA,Pac-12,1/23,13.0,13,1
2017,Miami (FL),ACC,1/23,17.0,17,1
2017,NC State,ACC,1/23,18.0,18,1
2017,DePaul,Big East,1/23,21.0,21,1
2017,West Virginia,Big 12,1/23,22.0,22,1
2017,Oklahoma,Big 12,1/23,20.0,20,1
2017,Kansas State,Big 12,1/23,25.0,25,1
2017,South Florida,AAC,1/23,23.0,23,1
2017,Arizona State,Pac-12,1/23,16.0,16,1
2017,Green Bay,Horizon,1/23,24.0,24,1
2017,Virginia Tech,ACC,1/23,19.0,19,1
2017,UConn,AAC,1/30,1.0,1,1
2017,Notre Dame,ACC,1/30,7.0,7,1
2017,South Carolina,SEC,1/30,4.0,4,1
2017,Maryland,Big Ten,1/30,3.0,3,1
2017,Baylor,Big 12,1/30,2.0,2,1
2017,Stanford,Pac-12,1/30,8.0,8,1
2017,Mississippi State,SEC,1/30,5.0,5,1
2017,Oregon State,Pac-12,1/30,11.0,11,1
2017,Duke,ACC,1/30,15.0,15,1
2017,Florida State,ACC,1/30,6.0,6,1
2017,Ohio State,Big Ten,1/30,14.0,14,1
2017,Washington,Pac-12,1/30,10.0,10,1
2017,Louisville,ACC,1/30,9.0,9,1
2017,Texas,Big 12,1/30,12.0,12,1
2017,UCLA,Pac-12,1/30,13.0,13,1
2017,Miami (FL),ACC,1/30,16.0,16,1
2017,NC State,ACC,1/30,19.0,19,1
2017,Kentucky,SEC,1/30,25.0,25,1
2017,DePaul,Big East,1/30,17.0,17,1
2017,Syracuse,ACC,1/30,24.0,24,1
2017,West Virginia,Big 12,1/30,22.0,22,1
2017,Oklahoma,Big 12,1/30,18.0,18,1
2017,South Florida,AAC,1/30,20.0,20,1
2017,Arizona State,Pac-12,1/30,23.0,23,1
2017,Green Bay,Horizon,1/30,21.0,21,1
2017,UConn,AAC,2/6,1.0,1,1
2017,Notre Dame,ACC,2/6,7.0,7,1
2017,South Carolina,SEC,2/6,6.0,6,1
2017,Maryland,Big Ten,2/6,3.0,3,1
2017,Baylor,Big 12,2/6,2.0,2,1
2017,Stanford,Pac-12,2/6,8.0,8,1
2017,Mississippi State,SEC,2/6,4.0,4,1
2017,Oregon State,Pac-12,2/6,9.0,9,1
2017,Duke,ACC,2/6,14.0,14,1
2017,Florida State,ACC,2/6,5.0,5,1
2017,Ohio State,Big Ten,2/6,13.0,13,1
2017,Washington,Pac-12,2/6,10.0,10,1
2017,Louisville,ACC,2/6,12.0,12,1
2017,Texas,Big 12,2/6,11.0,11,1
2017,UCLA,Pac-12,2/6,15.0,15,1
2017,Miami (FL),ACC,2/6,16.0,16,1
2017,NC State,ACC,2/6,17.0,17,1
2017,DePaul,Big East,2/6,18.0,18,1
2017,Syracuse,ACC,2/6,20.0,20,1
2017,Oklahoma,Big 12,2/6,19.0,19,1
2017,Kansas State,Big 12,2/6,25.0,25,1
2017,Michigan,Big Ten,2/6,21.0,21,1
2017,South Florida,AAC,2/6,22.0,22,1
2017,Arizona State,Pac-12,2/6,23.0,23,1
2017,Tennessee,SEC,2/6,24.0,24,1
2017,UConn,AAC,2/13,1.0,1,1
2017,Notre Dame,ACC,2/13,7.0,7,1
2017,South Carolina,SEC,2/13,6.0,6,1
2017,Maryland,Big Ten,2/13,2.0,2,1
2017,Baylor,Big 12,2/13,4.0,4,1
2017,Stanford,Pac-12,2/13,10.0,10,1
2017,Mississippi State,SEC,2/13,3.0,3,1
2017,Oregon State,Pac-12,2/13,11.0,11,1
2017,Duke,ACC,2/13,13.0,13,1
2017,Florida State,ACC,2/13,4.0,4,1
2017,Ohio State,Big Ten,2/13,12.0,12,1
2017,Washington,Pac-12,2/13,9.0,9,1
2017,Louisville,ACC,2/13,14.0,14,1
2017,Texas,Big 12,2/13,8.0,8,1
2017,UCLA,Pac-12,2/13,18.0,18,1
2017,Miami (FL),ACC,2/13,16.0,16,1
2017,NC State,ACC,2/13,15.0,15,1
2017,DePaul,Big East,2/13,17.0,17,1
2017,Drake,MVC,2/13,25.0,25,1
2017,Syracuse,ACC,2/13,21.0,21,1
2017,Oklahoma,Big 12,2/13,19.0,19,1
2017,Kansas State,Big 12,2/13,24.0,24,1
2017,Michigan,Big Ten,2/13,20.0,20,1
2017,South Florida,AAC,2/13,22.0,22,1
2017,Texas A&M,SEC,2/13,23.0,23,1
2017,UConn,AAC,2/20,1.0,1,1
2017,Notre Dame,ACC,2/20,5.0,5,1
2017,South Carolina,SEC,2/20,7.0,7,1
2017,Maryland,Big Ten,2/20,2.0,2,1
2017,Baylor,Big 12,2/20,4.0,4,1
2017,Stanford,Pac-12,2/20,8.0,8,1
2017,Mississippi State,SEC,2/20,3.0,3,1
2017,Oregon State,Pac-12,2/20,10.0,10,1
2017,Duke,ACC,2/20,13.0,13,1
2017,Florida State,ACC,2/20,8.0,8,1
2017,Ohio State,Big Ten,2/20,12.0,12,1
2017,Washington,Pac-12,2/20,11.0,11,1
2017,Louisville,ACC,2/20,14.0,14,1
2017,Texas,Big 12,2/20,6.0,6,1
2017,UCLA,Pac-12,2/20,15.0,15,1
2017,Miami (FL),ACC,2/20,17.0,17,1
2017,NC State,ACC,2/20,18.0,18,1
2017,Kentucky,SEC,2/20,22.0,22,1
2017,DePaul,Big East,2/20,19.0,19,1
2017,Drake,MVC,2/20,21.0,21,1
2017,Syracuse,ACC,2/20,20.0,20,1
2017,Oklahoma,Big 12,2/20,16.0,16,1
2017,Missouri,SEC,2/20,24.0,24,1
2017,Temple,AAC,2/20,23.0,23,1
2017,Michigan,Big Ten,2/20,25.0,25,1
2017,UConn,AAC,Final,1.0,1,1
2017,Notre Dame,ACC,Final,2.0,2,1
2017,South Carolina,SEC,Final,3.0,3,1
2017,Maryland,Big Ten,Final,4.0,4,1
2017,Baylor,Big 12,Final,5.0,5,1
2017,Stanford,Pac-12,Final,6.0,6,1
2017,Mississippi State,SEC,Final,7.0,7,1
2017,Oregon State,Pac-12,Final,8.0,8,1
2017,Duke,ACC,Final,9.0,9,1
2017,Florida State,ACC,Final,10.0,10,1
2017,Ohio State,Big Ten,Final,11.0,11,1
2017,Washington,Pac-12,Final,12.0,12,1
2017,Louisville,ACC,Final,13.0,13,1
2017,Texas,Big 12,Final,14.0,14,1
2017,UCLA,Pac-12,Final,15.0,15,1
2017,Miami (FL),ACC,Final,16.0,16,1
2017,NC State,ACC,Final,17.0,17,1
2017,Kentucky,SEC,Final,18.0,18,1
2017,DePaul,Big East,Final,19.0,19,1
2017,Drake,MVC,Final,20.0,20,1
2017,Syracuse,ACC,Final,21.0,21,1
2017,West Virginia,Big 12,Final,22.0,22,1
2017,Oklahoma,Big 12,Final,23.0,23,1
2017,Kansas State,Big 12,Final,24.0,24,1
2017,Missouri,SEC,Final,25.0,25,1
2017,UConn,AAC,12/12,1.0,1,1
2017,Notre Dame,ACC,12/12,2.0,2,1
2017,South Carolina,SEC,12/12,6.0,6,1
2017,Maryland,Big Ten,12/12,4.0,4,1
2017,Baylor,Big 12,12/12,3.0,3,1
2017,Stanford,Pac-12,12/12,10.0,10,1
2017,Mississippi State,SEC,12/12,5.0,5,1
2017,Duke,ACC,12/12,18.0,18,1
2017,Florida State,ACC,12/12,7.0,7,1
2017,Ohio State,Big Ten,12/12,12.0,12,1
2017,Washington,Pac-12,12/12,11.0,11,1
2017,Louisville,ACC,12/12,8.0,8,1
2017,Texas,Big 12,12/12,16.0,16,1
2017,UCLA,Pac-12,12/12,9.0,9,1
2017,Miami (FL),ACC,12/12,13.0,13,1
2017,Kentucky,SEC,12/12,19.0,19,1
2017,DePaul,Big East,12/12,17.0,17,1
2017,Syracuse,ACC,12/12,21.0,21,1
2017,West Virginia,Big 12,12/12,14.0,14,1
2017,Oklahoma,Big 12,12/12,20.0,20,1
2017,South Florida,AAC,12/12,22.0,22,1
2017,Arizona State,Pac-12,12/12,23.0,23,1
2017,Virginia Tech,ACC,12/12,24.0,24,1
2017,Colorado,Pac-12,12/12,15.0,15,1
2017,Oregon,Pac-12,12/12,25.0,25,1
2017,UConn,AAC,2/27,1.0,1,1
2017,Notre Dame,ACC,2/27,3.0,3,1
2017,South Carolina,SEC,2/27,5.0,5,1
2017,Maryland,Big Ten,2/27,4.0,4,1
2017,Baylor,Big 12,2/27,2.0,2,1
2017,Stanford,Pac-12,2/27,10.0,10,1
2017,Mississippi State,SEC,2/27,6.0,6,1
2017,Oregon State,Pac-12,2/27,6.0,6,1
2017,Duke,ACC,2/27,13.0,13,1
2017,Florida State,ACC,2/27,8.0,8,1
2017,Ohio State,Big Ten,2/27,9.0,9,1
2017,Washington,Pac-12,2/27,11.0,11,1
2017,Louisville,ACC,2/27,14.0,14,1
2017,Texas,Big 12,2/27,12.0,12,1
2017,UCLA,Pac-12,2/27,15.0,15,1
2017,Miami (FL),ACC,2/27,16.0,16,1
2017,NC State,ACC,2/27,17.0,17,1
2017,Kentucky,SEC,2/27,20.0,20,1
2017,DePaul,Big East,2/27,18.0,18,1
2017,Drake,MVC,2/27,22.0,22,1
2017,Syracuse,ACC,2/27,21.0,21,1
2017,Oklahoma,Big 12,2/27,19.0,19,1
2017,Kansas State,Big 12,2/27,24.0,24,1
2017,Missouri,SEC,2/27,23.0,23,1
2017,Temple,AAC,2/27,25.0,25,1
2017,UConn,AAC,3/6,1.0,1,1
2017,Notre Dame,ACC,3/6,3.0,3,1
2017,South Carolina,SEC,3/6,4.0,4,1
2017,Maryland,Big Ten,3/6,5.0,5,1
2017,Baylor,Big 12,3/6,2.0,2,1
2017,Stanford,Pac-12,3/6,6.0,6,1
2017,Mississippi State,SEC,3/6,7.0,7,1
2017,Oregon State,Pac-12,3/6,8.0,8,1
2017,Duke,ACC,3/6,9.0,9,1
2017,Florida State,ACC,3/6,10.0,10,1
2017,Ohio State,Big Ten,3/6,11.0,11,1
2017,Washington,Pac-12,3/6,12.0,12,1
2017,Louisville,ACC,3/6,13.0,13,1
2017,Texas,Big 12,3/6,14.0,14,1
2017,UCLA,Pac-12,3/6,15.0,15,1
2017,Miami (FL),ACC,3/6,16.0,16,1
2017,NC State,ACC,3/6,18.0,18,1
2017,Kentucky,SEC,3/6,19.0,19,1
2017,DePaul,Big East,3/6,17.0,17,1
2017,Drake,MVC,3/6,20.0,20,1
2017,Syracuse,ACC,3/6,21.0,21,1
2017,Oklahoma,Big 12,3/6,22.0,22,1
2017,Kansas State,Big 12,3/6,24.0,24,1
2017,Missouri,SEC,3/6,25.0,25,1
2017,Creighton,Big East,3/6,23.0,23,1
2018,UConn,AAC,Pre,1.0,1,1
2018,Baylor,Big 12,Pre,3.0,3,1
2018,Louisville,ACC,Pre,9.0,9,1
2018,Mississippi State,SEC,Pre,7.0,7,1
2018,Notre Dame,ACC,Pre,6.0,6,1
2018,Oregon,Pac-12,Pre,11.0,11,1
2018,South Carolina,SEC,Pre,4.0,4,1
2018,Texas,Big 12,Pre,2.0,2,1
2018,UCLA,Pac-12,Pre,8.0,8,1
2018,Ohio State,Big Ten,Pre,5.0,5,1
2018,Florida State,ACC,Pre,18.0,18,1
2018,Tennessee,SEC,Pre,14.0,14,1
2018,Oregon State,Pac-12,Pre,19.0,19,1
2018,Texas A&M,SEC,Pre,21.0,21,1
2018,Stanford,Pac-12,Pre,10.0,10,1
2018,Maryland,Big Ten,Pre,15.0,15,1
2018,Missouri,SEC,Pre,16.0,16,1
2018,South Florida,AAC,Pre,23.0,23,1
2018,Duke,ACC,Pre,12.0,12,1
2018,Michigan,Big Ten,Pre,24.0,24,1
2018,West Virginia,Big 12,Pre,13.0,13,1
2018,California,Pac-12,Pre,20.0,20,1
2018,Marquette,Big East,Pre,17.0,17,1
2018,Oklahoma,Big 12,Pre,22.0,22,1
2018,DePaul,Big East,Pre,25.0,25,1
2018,UConn,AAC,11/13,1.0,1,1
2018,Baylor,Big 12,11/13,3.0,3,1
2018,Louisville,ACC,11/13,5.0,5,1
2018,Mississippi State,SEC,11/13,7.0,7,1
2018,Notre Dame,ACC,11/13,6.0,6,1
2018,Oregon,Pac-12,11/13,10.0,10,1
2018,South Carolina,SEC,11/13,4.0,4,1
2018,Texas,Big 12,11/13,2.0,2,1
2018,UCLA,Pac-12,11/13,8.0,8,1
2018,Ohio State,Big Ten,11/13,9.0,9,1
2018,Florida State,ACC,11/13,17.0,17,1
2018,Tennessee,SEC,11/13,13.0,13,1
2018,Oregon State,Pac-12,11/13,18.0,18,1
2018,Texas A&M,SEC,11/13,19.0,19,1
2018,Stanford,Pac-12,11/13,14.0,14,1
2018,Maryland,Big Ten,11/13,15.0,15,1
2018,Missouri,SEC,11/13,23.0,23,1
2018,South Florida,AAC,11/13,22.0,22,1
2018,Duke,ACC,11/13,11.0,11,1
2018,Michigan,Big Ten,11/13,24.0,24,1
2018,West Virginia,Big 12,11/13,12.0,12,1
2018,California,Pac-12,11/13,20.0,20,1
2018,Kentucky,SEC,11/13,25.0,25,1
2018,Marquette,Big East,11/13,16.0,16,1
2018,Oklahoma,Big 12,11/13,21.0,21,1
2018,UConn,AAC,11/20,1.0,1,1
2018,Baylor,Big 12,11/20,8.0,8,1
2018,Louisville,ACC,11/20,4.0,4,1
2018,Mississippi State,SEC,11/20,7.0,7,1
2018,Notre Dame,ACC,11/20,6.0,6,1
2018,Oregon,Pac-12,11/20,10.0,10,1
2018,South Carolina,SEC,11/20,3.0,3,1
2018,Texas,Big 12,11/20,2.0,2,1
2018,UCLA,Pac-12,11/20,5.0,5,1
2018,Ohio State,Big Ten,11/20,9.0,9,1
2018,Florida State,ACC,11/20,13.0,13,1
2018,Tennessee,SEC,11/20,12.0,12,1
2018,Oregon State,Pac-12,11/20,18.0,18,1
2018,Texas A&M,SEC,11/20,19.0,19,1
2018,Stanford,Pac-12,11/20,14.0,14,1
2018,Maryland,Big Ten,11/20,15.0,15,1
2018,Missouri,SEC,11/20,23.0,23,1
2018,South Florida,AAC,11/20,17.0,17,1
2018,Duke,ACC,11/20,16.0,16,1
2018,Michigan,Big Ten,11/20,25.0,25,1
2018,Arizona State,Pac-12,11/20,24.0,24,1
2018,West Virginia,Big 12,11/20,11.0,11,1
2018,California,Pac-12,11/20,21.0,21,1
2018,Kentucky,SEC,11/20,22.0,22,1
2018,Marquette,Big East,11/20,20.0,20,1
2018,UConn,AAC,11/27,1.0,1,1
2018,Baylor,Big 12,11/27,9.0,9,1
2018,Louisville,ACC,11/27,4.0,4,1
2018,Mississippi State,SEC,11/27,6.0,6,1
2018,Notre Dame,ACC,11/27,3.0,3,1
2018,Oregon,Pac-12,11/27,10.0,10,1
2018,South Carolina,SEC,11/27,5.0,5,1
2018,Texas,Big 12,11/27,2.0,2,1
2018,UCLA,Pac-12,11/27,7.0,7,1
2018,Ohio State,Big Ten,11/27,8.0,8,1
2018,Florida State,ACC,11/27,13.0,13,1
2018,Tennessee,SEC,11/27,12.0,12,1
2018,Oregon State,Pac-12,11/27,21.0,21,1
2018,Texas A&M,SEC,11/27,18.0,18,1
2018,Stanford,Pac-12,11/27,16.0,16,1
2018,Maryland,Big Ten,11/27,15.0,15,1
2018,Missouri,SEC,11/27,19.0,19,1
2018,South Florida,AAC,11/27,17.0,17,1
2018,Duke,ACC,11/27,14.0,14,1
2018,Michigan,Big Ten,11/27,22.0,22,1
2018,West Virginia,Big 12,11/27,11.0,11,1
2018,California,Pac-12,11/27,24.0,24,1
2018,Villanova,Big East,11/27,25.0,25,1
2018,Kentucky,SEC,11/27,20.0,20,1
2018,Marquette,Big East,11/27,23.0,23,1
2018,UConn,AAC,12/4,1.0,1,1
2018,Baylor,Big 12,12/4,8.0,8,1
2018,Louisville,ACC,12/4,4.0,4,1
2018,Mississippi State,SEC,12/4,6.0,6,1
2018,Notre Dame,ACC,12/4,3.0,3,1
2018,Oregon,Pac-12,12/4,9.0,9,1
2018,South Carolina,SEC,12/4,5.0,5,1
2018,Texas,Big 12,12/4,2.0,2,1
2018,UCLA,Pac-12,12/4,7.0,7,1
2018,Ohio State,Big Ten,12/4,12.0,12,1
2018,Florida State,ACC,12/4,13.0,13,1
2018,Tennessee,SEC,12/4,11.0,11,1
2018,Oregon State,Pac-12,12/4,19.0,19,1
2018,Texas A&M,SEC,12/4,21.0,21,1
2018,Stanford,Pac-12,12/4,18.0,18,1
2018,Maryland,Big Ten,12/4,15.0,15,1
2018,Missouri,SEC,12/4,17.0,17,1
2018,South Florida,AAC,12/4,16.0,16,1
2018,Duke,ACC,12/4,14.0,14,1
2018,Green Bay,Horizon,12/4,23.0,23,1
2018,Michigan,Big Ten,12/4,24.0,24,1
2018,West Virginia,Big 12,12/4,10.0,10,1
2018,California,Pac-12,12/4,25.0,25,1
2018,Villanova,Big East,12/4,22.0,22,1
2018,Kentucky,SEC,12/4,20.0,20,1
2018,UConn,AAC,12/11,1.0,1,1
2018,Baylor,Big 12,12/11,6.0,6,1
2018,Louisville,ACC,12/11,3.0,3,1
2018,Mississippi State,SEC,12/11,5.0,5,1
2018,Notre Dame,ACC,12/11,2.0,2,1
2018,Oregon,Pac-12,12/11,9.0,9,1
2018,South Carolina,SEC,12/11,4.0,4,1
2018,Texas,Big 12,12/11,8.0,8,1
2018,UCLA,Pac-12,12/11,11.0,11,1
2018,Ohio State,Big Ten,12/11,13.0,13,1
2018,Florida State,ACC,12/11,12.0,12,1
2018,Tennessee,SEC,12/11,7.0,7,1
2018,Oregon State,Pac-12,12/11,17.0,17,1
2018,Texas A&M,SEC,12/11,19.0,19,1
2018,Stanford,Pac-12,12/11,18.0,18,1
2018,Maryland,Big Ten,12/11,15.0,15,1
2018,Missouri,SEC,12/11,16.0,16,1
2018,South Florida,AAC,12/11,22.0,22,1
2018,Duke,ACC,12/11,14.0,14,1
2018,Green Bay,Horizon,12/11,21.0,21,1
2018,Michigan,Big Ten,12/11,23.0,23,1
2018,West Virginia,Big 12,12/11,10.0,10,1
2018,California,Pac-12,12/11,24.0,24,1
2018,Iowa,Big Ten,12/11,25.0,25,1
2018,Villanova,Big East,12/11,20.0,20,1
2018,UConn,AAC,12/18,1.0,1,1
2018,Baylor,Big 12,12/18,6.0,6,1
2018,Louisville,ACC,12/18,3.0,3,1
2018,Mississippi State,SEC,12/18,5.0,5,1
2018,Notre Dame,ACC,12/18,2.0,2,1
2018,Oregon,Pac-12,12/18,10.0,10,1
2018,South Carolina,SEC,12/18,4.0,4,1
2018,Texas,Big 12,12/18,8.0,8,1
2018,UCLA,Pac-12,12/18,11.0,11,1
2018,Ohio State,Big Ten,12/18,12.0,12,1
2018,Florida State,ACC,12/18,13.0,13,1
2018,Tennessee,SEC,12/18,7.0,7,1
2018,Oregon State,Pac-12,12/18,17.0,17,1
2018,Texas A&M,SEC,12/18,19.0,19,1
2018,Stanford,Pac-12,12/18,18.0,18,1
2018,Maryland,Big Ten,12/18,15.0,15,1
2018,Missouri,SEC,12/18,16.0,16,1
2018,South Florida,AAC,12/18,22.0,22,1
2018,Duke,ACC,12/18,14.0,14,1
2018,Green Bay,Horizon,12/18,21.0,21,1
2018,Michigan,Big Ten,12/18,23.0,23,1
2018,West Virginia,Big 12,12/18,9.0,9,1
2018,California,Pac-12,12/18,24.0,24,1
2018,Iowa,Big Ten,12/18,25.0,25,1
2018,Villanova,Big East,12/18,20.0,20,1
2018,UConn,AAC,12/25,1.0,1,1
2018,Baylor,Big 12,12/25,6.0,6,1
2018,Louisville,ACC,12/25,3.0,3,1
2018,Mississippi State,SEC,12/25,5.0,5,1
2018,Notre Dame,ACC,12/25,2.0,2,1
2018,Oregon,Pac-12,12/25,10.0,10,1
2018,South Carolina,SEC,12/25,4.0,4,1
2018,Texas,Big 12,12/25,8.0,8,1
2018,UCLA,Pac-12,12/25,11.0,11,1
2018,Ohio State,Big Ten,12/25,12.0,12,1
2018,Florida State,ACC,12/25,13.0,13,1
2018,Tennessee,SEC,12/25,7.0,7,1
2018,Oregon State,Pac-12,12/25,17.0,17,1
2018,Texas A&M,SEC,12/25,22.0,22,1
2018,Maryland,Big Ten,12/25,15.0,15,1
2018,Missouri,SEC,12/25,16.0,16,1
2018,South Florida,AAC,12/25,25.0,25,1
2018,Duke,ACC,12/25,14.0,14,1
2018,Green Bay,Horizon,12/25,19.0,19,1
2018,Oklahoma State,Big 12,12/25,24.0,24,1
2018,Michigan,Big Ten,12/25,21.0,21,1
2018,West Virginia,Big 12,12/25,9.0,9,1
2018,California,Pac-12,12/25,20.0,20,1
2018,Iowa,Big Ten,12/25,23.0,23,1
2018,Villanova,Big East,12/25,18.0,18,1
2018,UConn,AAC,1/1,1.0,1,1
2018,Baylor,Big 12,1/1,6.0,6,1
2018,Louisville,ACC,1/1,3.0,3,1
2018,Mississippi State,SEC,1/1,5.0,5,1
2018,Notre Dame,ACC,1/1,2.0,2,1
2018,Oregon,Pac-12,1/1,9.0,9,1
2018,South Carolina,SEC,1/1,4.0,4,1
2018,Texas,Big 12,1/1,8.0,8,1
2018,UCLA,Pac-12,1/1,14.0,14,1
2018,Ohio State,Big Ten,1/1,10.0,10,1
2018,Florida State,ACC,1/1,11.0,11,1
2018,Tennessee,SEC,1/1,7.0,7,1
2018,Oregon State,Pac-12,1/1,16.0,16,1
2018,Texas A&M,SEC,1/1,19.0,19,1
2018,Stanford,Pac-12,1/1,24.0,24,1
2018,Maryland,Big Ten,1/1,13.0,13,1
2018,Missouri,SEC,1/1,15.0,15,1
2018,Duke,ACC,1/1,17.0,17,1
2018,Oklahoma State,Big 12,1/1,20.0,20,1
2018,Michigan,Big Ten,1/1,22.0,22,1
2018,Arizona State,Pac-12,1/1,25.0,25,1
2018,West Virginia,Big 12,1/1,12.0,12,1
2018,California,Pac-12,1/1,23.0,23,1
2018,Iowa,Big Ten,1/1,18.0,18,1
2018,Villanova,Big East,1/1,21.0,21,1
2018,UConn,AAC,1/8,1.0,1,1
2018,Baylor,Big 12,1/8,5.0,5,1
2018,Louisville,ACC,1/8,3.0,3,1
2018,Mississippi State,SEC,1/8,4.0,4,1
2018,Notre Dame,ACC,1/8,2.0,2,1
2018,Oregon,Pac-12,1/8,8.0,8,1
2018,South Carolina,SEC,1/8,9.0,9,1
2018,Texas,Big 12,1/8,7.0,7,1
2018,UCLA,Pac-12,1/8,14.0,14,1
2018,Ohio State,Big Ten,1/8,10.0,10,1
2018,Florida State,ACC,1/8,13.0,13,1
2018,Tennessee,SEC,1/8,6.0,6,1
2018,Oregon State,Pac-12,1/8,22.0,22,1
2018,Texas A&M,SEC,1/8,17.0,17,1
2018,Maryland,Big Ten,1/8,11.0,11,1
2018,Missouri,SEC,1/8,12.0,12,1
2018,Duke,ACC,1/8,16.0,16,1
2018,Green Bay,Horizon,1/8,25.0,25,1
2018,Oklahoma State,Big 12,1/8,20.0,20,1
2018,Michigan,Big Ten,1/8,23.0,23,1
2018,Arizona State,Pac-12,1/8,18.0,18,1
2018,West Virginia,Big 12,1/8,15.0,15,1
2018,California,Pac-12,1/8,24.0,24,1
2018,Iowa,Big Ten,1/8,18.0,18,1
2018,Rutgers,Big Ten,1/8,21.0,21,1
2018,UConn,AAC,1/15,1.0,1,1
2018,Baylor,Big 12,1/15,4.0,4,1
2018,Louisville,ACC,1/15,2.0,2,1
2018,Mississippi State,SEC,1/15,3.0,3,1
2018,Notre Dame,ACC,1/15,5.0,5,1
2018,Oregon,Pac-12,1/15,7.0,7,1
2018,South Carolina,SEC,1/15,10.0,10,1
2018,Texas,Big 12,1/15,9.0,9,1
2018,UCLA,Pac-12,1/15,13.0,13,1
2018,Ohio State,Big Ten,1/15,8.0,8,1
2018,Florida State,ACC,1/15,12.0,12,1
2018,Tennessee,SEC,1/15,6.0,6,1
2018,Oregon State,Pac-12,1/15,18.0,18,1
2018,Texas A&M,SEC,1/15,16.0,16,1
2018,Maryland,Big Ten,1/15,14.0,14,1
2018,Missouri,SEC,1/15,11.0,11,1
2018,Duke,ACC,1/15,15.0,15,1
2018,Green Bay,Horizon,1/15,23.0,23,1
2018,Oklahoma State,Big 12,1/15,24.0,24,1
2018,Michigan,Big Ten,1/15,19.0,19,1
2018,Arizona State,Pac-12,1/15,22.0,22,1
2018,West Virginia,Big 12,1/15,17.0,17,1
2018,California,Pac-12,1/15,21.0,21,1
2018,Iowa,Big Ten,1/15,20.0,20,1
2018,Rutgers,Big Ten,1/15,25.0,25,1
2018,UConn,AAC,1/22,1.0,1,1
2018,Baylor,Big 12,1/22,3.0,3,1
2018,Louisville,ACC,1/22,4.0,4,1
2018,Mississippi State,SEC,1/22,2.0,2,1
2018,Notre Dame,ACC,1/22,5.0,5,1
2018,Oregon,Pac-12,1/22,7.0,7,1
2018,South Carolina,SEC,1/22,9.0,9,1
2018,Texas,Big 12,1/22,6.0,6,1
2018,UCLA,Pac-12,1/22,13.0,13,1
2018,Ohio State,Big Ten,1/22,12.0,12,1
2018,Florida State,ACC,1/22,8.0,8,1
2018,Tennessee,SEC,1/22,10.0,10,1
2018,Oregon State,Pac-12,1/22,17.0,17,1
2018,Texas A&M,SEC,1/22,15.0,15,1
2018,Maryland,Big Ten,1/22,14.0,14,1
2018,Missouri,SEC,1/22,11.0,11,1
2018,Georgia,SEC,1/22,21.0,21,1
2018,Duke,ACC,1/22,18.0,18,1
2018,Green Bay,Horizon,1/22,22.0,22,1
2018,Oklahoma State,Big 12,1/22,19.0,19,1
2018,Michigan,Big Ten,1/22,16.0,16,1
2018,TCU,Big 12,1/22,24.0,24,1
2018,Arizona State,Pac-12,1/22,25.0,25,1
2018,West Virginia,Big 12,1/22,20.0,20,1
2018,California,Pac-12,1/22,23.0,23,1
2018,UConn,AAC,1/29,1.0,1,1
2018,Baylor,Big 12,1/29,3.0,3,1
2018,Louisville,ACC,1/29,4.0,4,1
2018,Mississippi State,SEC,1/29,2.0,2,1
2018,Notre Dame,ACC,1/29,5.0,5,1
2018,Oregon,Pac-12,1/29,6.0,6,1
2018,South Carolina,SEC,1/29,7.0,7,1
2018,Texas,Big 12,1/29,8.0,8,1
2018,UCLA,Pac-12,1/29,9.0,9,1
2018,Ohio State,Big Ten,1/29,18.0,18,1
2018,Florida State,ACC,1/29,10.0,10,1
2018,Tennessee,SEC,1/29,12.0,12,1
2018,Oregon State,Pac-12,1/29,16.0,16,1
2018,Texas A&M,SEC,1/29,14.0,14,1
2018,Stanford,Pac-12,1/29,24.0,24,1
2018,Maryland,Big Ten,1/29,11.0,11,1
2018,Missouri,SEC,1/29,15.0,15,1
2018,Georgia,SEC,1/29,17.0,17,1
2018,Duke,ACC,1/29,19.0,19,1
2018,Green Bay,Horizon,1/29,20.0,20,1
2018,Oklahoma State,Big 12,1/29,23.0,23,1
2018,Michigan,Big Ten,1/29,13.0,13,1
2018,TCU,Big 12,1/29,22.0,22,1
2018,West Virginia,Big 12,1/29,21.0,21,1
2018,California,Pac-12,1/29,25.0,25,1
2018,UConn,AAC,2/5,1.0,1,1
2018,Baylor,Big 12,2/5,3.0,3,1
2018,Louisville,ACC,2/5,4.0,4,1
2018,Mississippi State,SEC,2/5,2.0,2,1
2018,Notre Dame,ACC,2/5,5.0,5,1
2018,Oregon,Pac-12,2/5,9.0,9,1
2018,South Carolina,SEC,2/5,7.0,7,1
2018,Texas,Big 12,2/5,6.0,6,1
2018,UCLA,Pac-12,2/5,8.0,8,1
2018,Ohio State,Big Ten,2/5,13.0,13,1
2018,Florida State,ACC,2/5,12.0,12,1
2018,Tennessee,SEC,2/5,11.0,11,1
2018,Oregon State,Pac-12,2/5,16.0,16,1
2018,Texas A&M,SEC,2/5,14.0,14,1
2018,Stanford,Pac-12,2/5,17.0,17,1
2018,Maryland,Big Ten,2/5,10.0,10,1
2018,Missouri,SEC,2/5,15.0,15,1
2018,Georgia,SEC,2/5,18.0,18,1
2018,Duke,ACC,2/5,19.0,19,1
2018,NC State,ACC,2/5,23.0,23,1
2018,Green Bay,Horizon,2/5,20.0,20,1
2018,Oklahoma State,Big 12,2/5,22.0,22,1
2018,Michigan,Big Ten,2/5,21.0,21,1
2018,TCU,Big 12,2/5,24.0,24,1
2018,Arizona State,Pac-12,2/5,25.0,25,1
2018,UConn,AAC,2/12,1.0,1,1
2018,Baylor,Big 12,2/12,3.0,3,1
2018,Louisville,ACC,2/12,4.0,4,1
2018,Mississippi State,SEC,2/12,2.0,2,1
2018,Notre Dame,ACC,2/12,5.0,5,1
2018,Oregon,Pac-12,2/12,9.0,9,1
2018,South Carolina,SEC,2/12,8.0,8,1
2018,Texas,Big 12,2/12,6.0,6,1
2018,UCLA,Pac-12,2/12,7.0,7,1
2018,Ohio State,Big Ten,2/12,16.0,16,1
2018,Florida State,ACC,2/12,12.0,12,1
2018,Tennessee,SEC,2/12,11.0,11,1
2018,Oregon State,Pac-12,2/12,15.0,15,1
2018,Texas A&M,SEC,2/12,17.0,17,1
2018,Stanford,Pac-12,2/12,14.0,14,1
2018,Maryland,Big Ten,2/12,10.0,10,1
2018,Missouri,SEC,2/12,13.0,13,1
2018,Georgia,SEC,2/12,20.0,20,1
2018,South Florida,AAC,2/12,22.0,22,1
2018,Duke,ACC,2/12,17.0,17,1
2018,NC State,ACC,2/12,25.0,25,1
2018,Green Bay,Horizon,2/12,19.0,19,1
2018,Belmont,OVC,2/12,24.0,24,1
2018,Oklahoma State,Big 12,2/12,21.0,21,1
2018,Michigan,Big Ten,2/12,23.0,23,1
2018,UConn,AAC,2/19,1.0,1,1
2018,Baylor,Big 12,2/19,3.0,3,1
2018,Louisville,ACC,2/19,4.0,4,1
2018,Mississippi State,SEC,2/19,2.0,2,1
2018,Notre Dame,ACC,2/19,5.0,5,1
2018,Oregon,Pac-12,2/19,8.0,8,1
2018,South Carolina,SEC,2/19,7.0,7,1
2018,Texas,Big 12,2/19,6.0,6,1
2018,UCLA,Pac-12,2/19,10.0,10,1
2018,Ohio State,Big Ten,2/19,14.0,14,1
2018,Florida State,ACC,2/19,9.0,9,1
2018,Tennessee,SEC,2/19,15.0,15,1
2018,Oregon State,Pac-12,2/19,12.0,12,1
2018,Texas A&M,SEC,2/19,17.0,17,1
2018,Stanford,Pac-12,2/19,16.0,16,1
2018,Maryland,Big Ten,2/19,13.0,13,1
2018,Missouri,SEC,2/19,11.0,11,1
2018,Georgia,SEC,2/19,19.0,19,1
2018,South Florida,AAC,2/19,18.0,18,1
2018,Duke,ACC,2/19,20.0,20,1
2018,NC State,ACC,2/19,21.0,21,1
2018,Green Bay,Horizon,2/19,22.0,22,1
2018,Belmont,OVC,2/19,23.0,23,1
2018,LSU,SEC,2/19,24.0,24,1
2018,Oklahoma State,Big 12,2/19,25.0,25,1
2018,UConn,AAC,2/26,1.0,1,1
2018,Baylor,Big 12,2/26,3.0,3,1
2018,Louisville,ACC,2/26,4.0,4,1
2018,Mississippi State,SEC,2/26,2.0,2,1
2018,Notre Dame,ACC,2/26,5.0,5,1
2018,Oregon,Pac-12,2/26,6.0,6,1
2018,South Carolina,SEC,2/26,8.0,8,1
2018,Texas,Big 12,2/26,7.0,7,1
2018,UCLA,Pac-12,2/26,9.0,9,1
2018,Ohio State,Big Ten,2/26,13.0,13,1
2018,Florida State,ACC,2/26,11.0,11,1
2018,Tennessee,SEC,2/26,12.0,12,1
2018,Oregon State,Pac-12,2/26,10.0,10,1
2018,Texas A&M,SEC,2/26,15.0,15,1
2018,Stanford,Pac-12,2/26,16.0,16,1
2018,Maryland,Big Ten,2/26,17.0,17,1
2018,Missouri,SEC,2/26,14.0,14,1
2018,Georgia,SEC,2/26,19.0,19,1
2018,South Florida,AAC,2/26,20.0,20,1
2018,Duke,ACC,2/26,18.0,18,1
2018,NC State,ACC,2/26,23.0,23,1
2018,Green Bay,Horizon,2/26,21.0,21,1
2018,Belmont,OVC,2/26,22.0,22,1
2018,LSU,SEC,2/26,24.0,24,1
2018,Mercer,Southern,2/26,25.0,25,1
2018,UConn,AAC,Final,1.0,1,1
2018,Baylor,Big 12,Final,2.0,2,1
2018,Louisville,ACC,Final,3.0,3,1
2018,Mississippi State,SEC,Final,4.0,4,1
2018,Notre Dame,ACC,Final,5.0,5,1
2018,Oregon,Pac-12,Final,6.0,6,1
2018,South Carolina,SEC,Final,7.0,7,1
2018,Texas,Big 12,Final,8.0,8,1
2018,UCLA,Pac-12,Final,9.0,9,1
2018,Ohio State,Big Ten,Final,10.0,10,1
2018,Florida State,ACC,Final,11.0,11,1
2018,Tennessee,SEC,Final,12.0,12,1
2018,Oregon State,Pac-12,Final,13.0,13,1
2018,Texas A&M,SEC,Final,14.0,14,1
2018,Stanford,Pac-12,Final,15.0,15,1
2018,Maryland,Big Ten,Final,16.0,16,1
2018,Missouri,SEC,Final,17.0,17,1
2018,Georgia,SEC,Final,18.0,18,1
2018,South Florida,AAC,Final,19.0,19,1
2018,Duke,ACC,Final,20.0,20,1
2018,NC State,ACC,Final,21.0,21,1
2018,Green Bay,Horizon,Final,22.0,22,1
2018,Belmont,OVC,Final,23.0,23,1
2018,LSU,SEC,Final,24.0,24,1
2018,Mercer,Southern,Final,25.0,25,1
2018,UConn,AAC,3/5,1.0,1,1
2018,Baylor,Big 12,3/5,2.0,2,1
2018,Louisville,ACC,3/5,3.0,3,1
2018,Mississippi State,SEC,3/5,4.0,4,1
2018,Notre Dame,ACC,3/5,5.0,5,1
2018,Oregon,Pac-12,3/5,6.0,6,1
2018,South Carolina,SEC,3/5,7.0,7,1
2018,Texas,Big 12,3/5,8.0,8,1
2018,UCLA,Pac-12,3/5,9.0,9,1
2018,Ohio State,Big Ten,3/5,10.0,10,1
2018,Florida State,ACC,3/5,11.0,11,1
2018,Tennessee,SEC,3/5,12.0,12,1
2018,Oregon State,Pac-12,3/5,13.0,13,1
2018,Texas A&M,SEC,3/5,14.0,14,1
2018,Stanford,Pac-12,3/5,15.0,15,1
2018,Maryland,Big Ten,3/5,17.0,17,1
2018,Missouri,SEC,3/5,16.0,16,1
2018,Georgia,SEC,3/5,18.0,18,1
2018,South Florida,AAC,3/5,19.0,19,1
2018,Duke,ACC,3/5,20.0,20,1
2018,NC State,ACC,3/5,21.0,21,1
2018,Green Bay,Horizon,3/5,22.0,22,1
2018,Belmont,OVC,3/5,23.0,23,1
2018,LSU,SEC,3/5,24.0,24,1
2018,Mercer,Southern,3/5,25.0,25,1
2019,Baylor,Big 12,Pre,4.0,4,1
2019,UConn,AAC,Pre,2.0,2,1
2019,Notre Dame,ACC,Pre,1.0,1,1
2019,Mississippi State,SEC,Pre,6.0,6,1
2019,Louisville,ACC,Pre,5.0,5,1
2019,Stanford,Pac-12,Pre,7.0,7,1
2019,Oregon,Pac-12,Pre,3.0,3,1
2019,Iowa,Big Ten,Pre,13.0,13,1
2019,Maryland,Big Ten,Pre,9.0,9,1
2019,NC State,ACC,Pre,17.0,17,1
2019,Oregon State,Pac-12,Pre,8.0,8,1
2019,Marquette,Big East,Pre,19.0,19,1
2019,Syracuse,ACC,Pre,18.0,18,1
2019,South Carolina,SEC,Pre,10.0,10,1
2019,Texas A&M,SEC,Pre,20.0,20,1
2019,Miami (FL),ACC,Pre,25.0,25,1
2019,Texas,Big 12,Pre,11.0,11,1
2019,Arizona State,Pac-12,Pre,23.0,23,1
2019,Missouri,SEC,Pre,16.0,16,1
2019,Tennessee,SEC,Pre,11.0,11,1
2019,California,Pac-12,Pre,24.0,24,1
2019,DePaul,Big East,Pre,15.0,15,1
2019,South Florida,AAC,Pre,22.0,22,1
2019,Georgia,SEC,Pre,14.0,14,1
2019,Duke,ACC,Pre,21.0,21,1
2019,Baylor,Big 12,3/4,1.0,1,1
2019,UConn,AAC,3/4,2.0,2,1
2019,Notre Dame,ACC,3/4,4.0,4,1
2019,Mississippi State,SEC,3/4,5.0,5,1
2019,Louisville,ACC,3/4,3.0,3,1
2019,Stanford,Pac-12,3/4,7.0,7,1
2019,Oregon,Pac-12,3/4,6.0,6,1
2019,Iowa,Big Ten,3/4,10.0,10,1
2019,Maryland,Big Ten,3/4,8.0,8,1
2019,NC State,ACC,3/4,9.0,9,1
2019,Oregon State,Pac-12,3/4,11.0,11,1
2019,Gonzaga,WCC,3/4,14.0,14,1
2019,Marquette,Big East,3/4,17.0,17,1
2019,Iowa State,Big 12,3/4,19.0,19,1
2019,Syracuse,ACC,3/4,18.0,18,1
2019,South Carolina,SEC,3/4,12.0,12,1
2019,Texas A&M,SEC,3/4,15.0,15,1
2019,Kentucky,SEC,3/4,13.0,13,1
2019,Miami (FL),ACC,3/4,16.0,16,1
2019,UCLA,Pac-12,3/4,25.0,25,1
2019,Drake,MVC,3/4,22.0,22,1
2019,Texas,Big 12,3/4,21.0,21,1
2019,Arizona State,Pac-12,3/4,20.0,20,1
2019,Rice,CUSA,3/4,24.0,24,1
2019,Florida State,ACC,3/4,22.0,22,1
2019,Baylor,Big 12,Final,1.0,1,1
2019,UConn,AAC,Final,2.0,2,1
2019,Notre Dame,ACC,Final,3.0,3,1
2019,Mississippi State,SEC,Final,4.0,4,1
2019,Louisville,ACC,Final,5.0,5,1
2019,Stanford,Pac-12,Final,6.0,6,1
2019,Oregon,Pac-12,Final,7.0,7,1
2019,Iowa,Big Ten,Final,8.0,8,1
2019,Maryland,Big Ten,Final,9.0,9,1
2019,NC State,ACC,Final,10.0,10,1
2019,Oregon State,Pac-12,Final,11.0,11,1
2019,Gonzaga,WCC,Final,12.0,12,1
2019,Marquette,Big East,Final,13.0,13,1
2019,Iowa State,Big 12,Final,13.0,13,1
2019,Syracuse,ACC,Final,15.0,15,1
2019,South Carolina,SEC,Final,16.0,16,1
2019,Texas A&M,SEC,Final,17.0,17,1
2019,Kentucky,SEC,Final,18.0,18,1
2019,Miami (FL),ACC,Final,19.0,19,1
2019,UCLA,Pac-12,Final,20.0,20,1
2019,Drake,MVC,Final,21.0,21,1
2019,Texas,Big 12,Final,22.0,22,1
2019,Arizona State,Pac-12,Final,23.0,23,1
2019,Rice,CUSA,Final,24.0,24,1
2019,Florida State,ACC,Final,25.0,25,1
2019,Baylor,Big 12,11/12,4.0,4,1
2019,UConn,AAC,11/12,2.0,2,1
2019,Notre Dame,ACC,11/12,1.0,1,1
2019,Mississippi State,SEC,11/12,6.0,6,1
2019,Louisville,ACC,11/12,5.0,5,1
2019,Stanford,Pac-12,11/12,7.0,7,1
2019,Oregon,Pac-12,11/12,3.0,3,1
2019,Iowa,Big Ten,11/12,13.0,13,1
2019,Maryland,Big Ten,11/12,9.0,9,1
2019,NC State,ACC,11/12,17.0,17,1
2019,Oregon State,Pac-12,11/12,8.0,8,1
2019,Marquette,Big East,11/12,19.0,19,1
2019,Syracuse,ACC,11/12,18.0,18,1
2019,South Carolina,SEC,11/12,10.0,10,1
2019,Texas A&M,SEC,11/12,20.0,20,1
2019,Miami (FL),ACC,11/12,24.0,24,1
2019,Texas,Big 12,11/12,11.0,11,1
2019,Arizona State,Pac-12,11/12,22.0,22,1
2019,Missouri,SEC,11/12,16.0,16,1
2019,Tennessee,SEC,11/12,12.0,12,1
2019,Minnesota,Big Ten,11/12,25.0,25,1
2019,California,Pac-12,11/12,23.0,23,1
2019,DePaul,Big East,11/12,15.0,15,1
2019,South Florida,AAC,11/12,21.0,21,1
2019,Georgia,SEC,11/12,14.0,14,1
2019,Baylor,Big 12,11/19,4.0,4,1
2019,UConn,AAC,11/19,2.0,2,1
2019,Notre Dame,ACC,11/19,1.0,1,1
2019,Mississippi State,SEC,11/19,6.0,6,1
2019,Louisville,ACC,11/19,5.0,5,1
2019,Stanford,Pac-12,11/19,8.0,8,1
2019,Oregon,Pac-12,11/19,3.0,3,1
2019,Iowa,Big Ten,11/19,12.0,12,1
2019,Maryland,Big Ten,11/19,7.0,7,1
2019,NC State,ACC,11/19,15.0,15,1
2019,Oregon State,Pac-12,11/19,9.0,9,1
2019,Marquette,Big East,11/19,22.0,22,1
2019,Syracuse,ACC,11/19,14.0,14,1
2019,South Carolina,SEC,11/19,13.0,13,1
2019,Texas A&M,SEC,11/19,20.0,20,1
2019,Miami (FL),ACC,11/19,24.0,24,1
2019,Texas,Big 12,11/19,10.0,10,1
2019,Arizona State,Pac-12,11/19,19.0,19,1
2019,Missouri,SEC,11/19,21.0,21,1
2019,Tennessee,SEC,11/19,11.0,11,1
2019,Minnesota,Big Ten,11/19,23.0,23,1
2019,California,Pac-12,11/19,18.0,18,1
2019,DePaul,Big East,11/19,16.0,16,1
2019,South Florida,AAC,11/19,17.0,17,1
2019,West Virginia,Big 12,11/19,25.0,25,1
2019,Baylor,Big 12,11/26,4.0,4,1
2019,UConn,AAC,11/26,2.0,2,1
2019,Notre Dame,ACC,11/26,1.0,1,1
2019,Mississippi State,SEC,11/26,6.0,6,1
2019,Louisville,ACC,11/26,5.0,5,1
2019,Stanford,Pac-12,11/26,8.0,8,1
2019,Oregon,Pac-12,11/26,3.0,3,1
2019,Iowa,Big Ten,11/26,14.0,14,1
2019,Maryland,Big Ten,11/26,7.0,7,1
2019,NC State,ACC,11/26,13.0,13,1
2019,Oregon State,Pac-12,11/26,9.0,9,1
2019,Marquette,Big East,11/26,22.0,22,1
2019,Iowa State,Big 12,11/26,23.0,23,1
2019,Syracuse,ACC,11/26,12.0,12,1
2019,South Carolina,SEC,11/26,18.0,18,1
2019,Texas A&M,SEC,11/26,17.0,17,1
2019,Kentucky,SEC,11/26,25.0,25,1
2019,Miami (FL),ACC,11/26,21.0,21,1
2019,Drake,MVC,11/26,24.0,24,1
2019,Texas,Big 12,11/26,10.0,10,1
2019,Arizona State,Pac-12,11/26,19.0,19,1
2019,Tennessee,SEC,11/26,11.0,11,1
2019,Minnesota,Big Ten,11/26,20.0,20,1
2019,California,Pac-12,11/26,15.0,15,1
2019,DePaul,Big East,11/26,16.0,16,1
2019,Baylor,Big 12,12/3,4.0,4,1
2019,UConn,AAC,12/3,1.0,1,1
2019,Notre Dame,ACC,12/3,2.0,2,1
2019,Mississippi State,SEC,12/3,6.0,6,1
2019,Louisville,ACC,12/3,5.0,5,1
2019,Stanford,Pac-12,12/3,11.0,11,1
2019,Oregon,Pac-12,12/3,3.0,3,1
2019,Iowa,Big Ten,12/3,16.0,16,1
2019,Maryland,Big Ten,12/3,7.0,7,1
2019,NC State,ACC,12/3,10.0,10,1
2019,Oregon State,Pac-12,12/3,8.0,8,1
2019,Gonzaga,WCC,12/3,24.0,24,1
2019,Marquette,Big East,12/3,18.0,18,1
2019,Syracuse,ACC,12/3,15.0,15,1
2019,South Carolina,SEC,12/3,22.0,22,1
2019,Kentucky,SEC,12/3,19.0,19,1
2019,Miami (FL),ACC,12/3,25.0,25,1
2019,Drake,MVC,12/3,21.0,21,1
2019,Texas,Big 12,12/3,12.0,12,1
2019,Arizona State,Pac-12,12/3,17.0,17,1
2019,Missouri,SEC,12/3,23.0,23,1
2019,Tennessee,SEC,12/3,9.0,9,1
2019,Minnesota,Big Ten,12/3,14.0,14,1
2019,California,Pac-12,12/3,13.0,13,1
2019,DePaul,Big East,12/3,20.0,20,1
2019,Baylor,Big 12,12/10,3.0,3,1
2019,UConn,AAC,12/10,1.0,1,1
2019,Notre Dame,ACC,12/10,2.0,2,1
2019,Mississippi State,SEC,12/10,5.0,5,1
2019,Louisville,ACC,12/10,4.0,4,1
2019,Stanford,Pac-12,12/10,11.0,11,1
2019,Oregon,Pac-12,12/10,7.0,7,1
2019,Iowa,Big Ten,12/10,16.0,16,1
2019,Maryland,Big Ten,12/10,6.0,6,1
2019,NC State,ACC,12/10,10.0,10,1
2019,Oregon State,Pac-12,12/10,8.0,8,1
2019,Gonzaga,WCC,12/10,21.0,21,1
2019,Marquette,Big East,12/10,19.0,19,1
2019,Syracuse,ACC,12/10,15.0,15,1
2019,South Carolina,SEC,12/10,25.0,25,1
2019,Kentucky,SEC,12/10,18.0,18,1
2019,Miami (FL),ACC,12/10,24.0,24,1
2019,Texas,Big 12,12/10,12.0,12,1
2019,Arizona State,Pac-12,12/10,17.0,17,1
2019,Michigan State,Big Ten,12/10,23.0,23,1
2019,Missouri,SEC,12/10,22.0,22,1
2019,Tennessee,SEC,12/10,9.0,9,1
2019,Minnesota,Big Ten,12/10,13.0,13,1
2019,California,Pac-12,12/10,13.0,13,1
2019,DePaul,Big East,12/10,20.0,20,1
2019,Baylor,Big 12,12/17,6.0,6,1
2019,UConn,AAC,12/17,1.0,1,1
2019,Notre Dame,ACC,12/17,2.0,2,1
2019,Mississippi State,SEC,12/17,4.0,4,1
2019,Louisville,ACC,12/17,3.0,3,1
2019,Stanford,Pac-12,12/17,8.0,8,1
2019,Oregon,Pac-12,12/17,7.0,7,1
2019,Iowa,Big Ten,12/17,16.0,16,1
2019,Maryland,Big Ten,12/17,5.0,5,1
2019,NC State,ACC,12/17,10.0,10,1
2019,Oregon State,Pac-12,12/17,11.0,11,1
2019,Gonzaga,WCC,12/17,21.0,21,1
2019,Marquette,Big East,12/17,19.0,19,1
2019,Syracuse,ACC,12/17,15.0,15,1
2019,South Carolina,SEC,12/17,25.0,25,1
2019,Texas A&M,SEC,12/17,23.0,23,1
2019,Kentucky,SEC,12/17,18.0,18,1
2019,Miami (FL),ACC,12/17,24.0,24,1
2019,Texas,Big 12,12/17,12.0,12,1
2019,Arizona State,Pac-12,12/17,17.0,17,1
2019,Michigan State,Big Ten,12/17,22.0,22,1
2019,Tennessee,SEC,12/17,9.0,9,1
2019,Minnesota,Big Ten,12/17,13.0,13,1
2019,California,Pac-12,12/17,14.0,14,1
2019,DePaul,Big East,12/17,20.0,20,1
2019,Baylor,Big 12,12/24,7.0,7,1
2019,UConn,AAC,12/24,1.0,1,1
2019,Notre Dame,ACC,12/24,2.0,2,1
2019,Mississippi State,SEC,12/24,8.0,8,1
2019,Louisville,ACC,12/24,3.0,3,1
2019,Stanford,Pac-12,12/24,6.0,6,1
2019,Oregon,Pac-12,12/24,5.0,5,1
2019,Iowa,Big Ten,12/24,16.0,16,1
2019,Maryland,Big Ten,12/24,4.0,4,1
2019,NC State,ACC,12/24,9.0,9,1
2019,Oregon State,Pac-12,12/24,11.0,11,1
2019,Gonzaga,WCC,12/24,20.0,20,1
2019,Marquette,Big East,12/24,22.0,22,1
2019,Syracuse,ACC,12/24,15.0,15,1
2019,South Carolina,SEC,12/24,25.0,25,1
2019,Texas A&M,SEC,12/24,23.0,23,1
2019,Kentucky,SEC,12/24,18.0,18,1
2019,Miami (FL),ACC,12/24,24.0,24,1
2019,Texas,Big 12,12/24,13.0,13,1
2019,Arizona State,Pac-12,12/24,17.0,17,1
2019,Michigan State,Big Ten,12/24,21.0,21,1
2019,Tennessee,SEC,12/24,10.0,10,1
2019,Minnesota,Big Ten,12/24,12.0,12,1
2019,California,Pac-12,12/24,14.0,14,1
2019,DePaul,Big East,12/24,19.0,19,1
2019,Baylor,Big 12,12/31,8.0,8,1
2019,UConn,AAC,12/31,1.0,1,1
2019,Notre Dame,ACC,12/31,2.0,2,1
2019,Mississippi State,SEC,12/31,7.0,7,1
2019,Louisville,ACC,12/31,3.0,3,1
2019,Stanford,Pac-12,12/31,6.0,6,1
2019,Oregon,Pac-12,12/31,5.0,5,1
2019,Iowa,Big Ten,12/31,19.0,19,1
2019,Maryland,Big Ten,12/31,4.0,4,1
2019,NC State,ACC,12/31,9.0,9,1
2019,Oregon State,Pac-12,12/31,11.0,11,1
2019,Gonzaga,WCC,12/31,17.0,17,1
2019,Marquette,Big East,12/31,20.0,20,1
2019,Iowa State,Big 12,12/31,25.0,25,1
2019,Syracuse,ACC,12/31,14.0,14,1
2019,South Carolina,SEC,12/31,23.0,23,1
2019,Texas A&M,SEC,12/31,21.0,21,1
2019,Kentucky,SEC,12/31,16.0,16,1
2019,Texas,Big 12,12/31,13.0,13,1
2019,Arizona State,Pac-12,12/31,22.0,22,1
2019,Michigan State,Big Ten,12/31,15.0,15,1
2019,Tennessee,SEC,12/31,10.0,10,1
2019,Minnesota,Big Ten,12/31,12.0,12,1
2019,California,Pac-12,12/31,18.0,18,1
2019,DePaul,Big East,12/31,24.0,24,1
2019,Baylor,Big 12,1/7,4.0,4,1
2019,UConn,AAC,1/7,3.0,3,1
2019,Notre Dame,ACC,1/7,1.0,1,1
2019,Mississippi State,SEC,1/7,7.0,7,1
2019,Louisville,ACC,1/7,2.0,2,1
2019,Stanford,Pac-12,1/7,6.0,6,1
2019,Oregon,Pac-12,1/7,5.0,5,1
2019,Iowa,Big Ten,1/7,17.0,17,1
2019,Maryland,Big Ten,1/7,9.0,9,1
2019,NC State,ACC,1/7,8.0,8,1
2019,Oregon State,Pac-12,1/7,10.0,10,1
2019,Gonzaga,WCC,1/7,14.0,14,1
2019,Marquette,Big East,1/7,15.0,15,1
2019,Iowa State,Big 12,1/7,20.0,20,1
2019,Syracuse,ACC,1/7,12.0,12,1
2019,South Carolina,SEC,1/7,21.0,21,1
2019,Kentucky,SEC,1/7,16.0,16,1
2019,Texas,Big 12,1/7,11.0,11,1
2019,Arizona State,Pac-12,1/7,19.0,19,1
2019,Florida State,ACC,1/7,22.0,22,1
2019,Michigan State,Big Ten,1/7,23.0,23,1
2019,Tennessee,SEC,1/7,13.0,13,1
2019,Minnesota,Big Ten,1/7,18.0,18,1
2019,Indiana,Big Ten,1/7,25.0,25,1
2019,California,Pac-12,1/7,24.0,24,1
2019,DePaul,Big East,1/7,24.0,24,1
2019,Baylor,Big 12,1/14,2.0,2,1
2019,UConn,AAC,1/14,2.0,2,1
2019,Notre Dame,ACC,1/14,1.0,1,1
2019,Mississippi State,SEC,1/14,7.0,7,1
2019,Louisville,ACC,1/14,4.0,4,1
2019,Stanford,Pac-12,1/14,6.0,6,1
2019,Oregon,Pac-12,1/14,5.0,5,1
2019,Iowa,Big Ten,1/14,22.0,22,1
2019,Maryland,Big Ten,1/14,9.0,9,1
2019,NC State,ACC,1/14,8.0,8,1
2019,Oregon State,Pac-12,1/14,10.0,10,1
2019,Gonzaga,WCC,1/14,13.0,13,1
2019,Marquette,Big East,1/14,14.0,14,1
2019,Iowa State,Big 12,1/14,18.0,18,1
2019,Syracuse,ACC,1/14,12.0,12,1
2019,South Carolina,SEC,1/14,15.0,15,1
2019,Kentucky,SEC,1/14,16.0,16,1
2019,Texas,Big 12,1/14,11.0,11,1
2019,Arizona State,Pac-12,1/14,19.0,19,1
2019,Rutgers,Big Ten,1/14,20.0,20,1
2019,Michigan State,Big Ten,1/14,17.0,17,1
2019,Tennessee,SEC,1/14,20.0,20,1
2019,Minnesota,Big Ten,1/14,23.0,23,1
2019,Indiana,Big Ten,1/14,25.0,25,1
2019,Baylor,Big 12,1/21,2.0,2,1
2019,UConn,AAC,1/21,3.0,3,1
2019,Notre Dame,ACC,1/21,1.0,1,1
2019,Mississippi State,SEC,1/21,7.0,7,1
2019,Louisville,ACC,1/21,4.0,4,1
2019,Stanford,Pac-12,1/21,6.0,6,1
2019,Oregon,Pac-12,1/21,5.0,5,1
2019,Iowa,Big Ten,1/21,17.0,17,1
2019,Maryland,Big Ten,1/21,11.0,11,1
2019,NC State,ACC,1/21,8.0,8,1
2019,Oregon State,Pac-12,1/21,9.0,9,1
2019,Gonzaga,WCC,1/21,18.0,18,1
2019,Marquette,Big East,1/21,10.0,10,1
2019,Iowa State,Big 12,1/21,20.0,20,1
2019,Syracuse,ACC,1/21,13.0,13,1
2019,South Carolina,SEC,1/21,19.0,19,1
2019,Texas A&M,SEC,1/21,24.0,24,1
2019,Kentucky,SEC,1/21,15.0,15,1
2019,Texas,Big 12,1/21,12.0,12,1
2019,Arizona State,Pac-12,1/21,16.0,16,1
2019,Florida State,ACC,1/21,22.0,22,1
2019,Rutgers,Big Ten,1/21,14.0,14,1
2019,Michigan State,Big Ten,1/21,23.0,23,1
2019,Utah,Pac-12,1/21,21.0,21,1
2019,Missouri,SEC,1/21,25.0,25,1
2019,Baylor,Big 12,1/28,1.0,1,1
2019,UConn,AAC,1/28,2.0,2,1
2019,Notre Dame,ACC,1/28,5.0,5,1
2019,Mississippi State,SEC,1/28,6.0,6,1
2019,Louisville,ACC,1/28,3.0,3,1
2019,Stanford,Pac-12,1/28,8.0,8,1
2019,Oregon,Pac-12,1/28,4.0,4,1
2019,Iowa,Big Ten,1/28,13.0,13,1
2019,Maryland,Big Ten,1/28,11.0,11,1
2019,NC State,ACC,1/28,7.0,7,1
2019,Oregon State,Pac-12,1/28,9.0,9,1
2019,Gonzaga,WCC,1/28,15.0,15,1
2019,Marquette,Big East,1/28,10.0,10,1
2019,Iowa State,Big 12,1/28,23.0,23,1
2019,Syracuse,ACC,1/28,18.0,18,1
2019,South Carolina,SEC,1/28,16.0,16,1
2019,Texas A&M,SEC,1/28,20.0,20,1
2019,Kentucky,SEC,1/28,19.0,19,1
2019,Texas,Big 12,1/28,12.0,12,1
2019,Arizona State,Pac-12,1/28,21.0,21,1
2019,Florida State,ACC,1/28,24.0,24,1
2019,Rutgers,Big Ten,1/28,17.0,17,1
2019,Michigan State,Big Ten,1/28,22.0,22,1
2019,Utah,Pac-12,1/28,14.0,14,1
2019,BYU,WCC,1/28,25.0,25,1
2019,Baylor,Big 12,2/4,1.0,1,1
2019,UConn,AAC,2/4,5.0,5,1
2019,Notre Dame,ACC,2/4,4.0,4,1
2019,Mississippi State,SEC,2/4,6.0,6,1
2019,Louisville,ACC,2/4,2.0,2,1
2019,Stanford,Pac-12,2/4,11.0,11,1
2019,Oregon,Pac-12,2/4,3.0,3,1
2019,Iowa,Big Ten,2/4,16.0,16,1
2019,Maryland,Big Ten,2/4,10.0,10,1
2019,NC State,ACC,2/4,9.0,9,1
2019,Oregon State,Pac-12,2/4,7.0,7,1
2019,Gonzaga,WCC,2/4,13.0,13,1
2019,Marquette,Big East,2/4,8.0,8,1
2019,Iowa State,Big 12,2/4,22.0,22,1
2019,Syracuse,ACC,2/4,15.0,15,1
2019,South Carolina,SEC,2/4,12.0,12,1
2019,Texas A&M,SEC,2/4,18.0,18,1
2019,Kentucky,SEC,2/4,19.0,19,1
2019,Miami (FL),ACC,2/4,25.0,25,1
2019,Texas,Big 12,2/4,14.0,14,1
2019,Arizona State,Pac-12,2/4,20.0,20,1
2019,Florida State,ACC,2/4,24.0,24,1
2019,Rutgers,Big Ten,2/4,20.0,20,1
2019,Michigan State,Big Ten,2/4,23.0,23,1
2019,Utah,Pac-12,2/4,17.0,17,1
2019,Baylor,Big 12,2/11,1.0,1,1
2019,UConn,AAC,2/11,4.0,4,1
2019,Notre Dame,ACC,2/11,6.0,6,1
2019,Mississippi State,SEC,2/11,5.0,5,1
2019,Louisville,ACC,2/11,2.0,2,1
2019,Stanford,Pac-12,2/11,10.0,10,1
2019,Oregon,Pac-12,2/11,3.0,3,1
2019,Iowa,Big Ten,2/11,14.0,14,1
2019,Maryland,Big Ten,2/11,7.0,7,1
2019,NC State,ACC,2/11,12.0,12,1
2019,Oregon State,Pac-12,2/11,9.0,9,1
2019,Gonzaga,WCC,2/11,13.0,13,1
2019,Marquette,Big East,2/11,8.0,8,1
2019,Iowa State,Big 12,2/11,18.0,18,1
2019,Syracuse,ACC,2/11,16.0,16,1
2019,South Carolina,SEC,2/11,11.0,11,1
2019,Texas A&M,SEC,2/11,22.0,22,1
2019,Kentucky,SEC,2/11,17.0,17,1
2019,Miami (FL),ACC,2/11,20.0,20,1
2019,Texas,Big 12,2/11,15.0,15,1
2019,Arizona State,Pac-12,2/11,19.0,19,1
2019,Florida State,ACC,2/11,21.0,21,1
2019,South Dakota,Summit,2/11,25.0,25,1
2019,Rutgers,Big Ten,2/11,23.0,23,1
2019,Michigan State,Big Ten,2/11,24.0,24,1
2019,Baylor,Big 12,2/18,1.0,1,1
2019,UConn,AAC,2/18,3.0,3,1
2019,Notre Dame,ACC,2/18,5.0,5,1
2019,Mississippi State,SEC,2/18,6.0,6,1
2019,Louisville,ACC,2/18,4.0,4,1
2019,Stanford,Pac-12,2/18,7.0,7,1
2019,Oregon,Pac-12,2/18,2.0,2,1
2019,Iowa,Big Ten,2/18,10.0,10,1
2019,Maryland,Big Ten,2/18,8.0,8,1
2019,NC State,ACC,2/18,9.0,9,1
2019,Oregon State,Pac-12,2/18,12.0,12,1
2019,Gonzaga,WCC,2/18,15.0,15,1
2019,Marquette,Big East,2/18,11.0,11,1
2019,Iowa State,Big 12,2/18,20.0,20,1
2019,Syracuse,ACC,2/18,18.0,18,1
2019,South Carolina,SEC,2/18,13.0,13,1
2019,Texas A&M,SEC,2/18,21.0,21,1
2019,Kentucky,SEC,2/18,16.0,16,1
2019,Miami (FL),ACC,2/18,14.0,14,1
2019,Drake,MVC,2/18,24.0,24,1
2019,Texas,Big 12,2/18,19.0,19,1
2019,Arizona State,Pac-12,2/18,17.0,17,1
2019,Rice,CUSA,2/18,25.0,25,1
2019,Florida State,ACC,2/18,22.0,22,1
2019,South Dakota,Summit,2/18,23.0,23,1
2019,Baylor,Big 12,2/25,1.0,1,1
2019,UConn,AAC,2/25,2.0,2,1
2019,Notre Dame,ACC,2/25,4.0,4,1
2019,Mississippi State,SEC,2/25,5.0,5,1
2019,Louisville,ACC,2/25,3.0,3,1
2019,Stanford,Pac-12,2/25,7.0,7,1
2019,Oregon,Pac-12,2/25,6.0,6,1
2019,Iowa,Big Ten,2/25,12.0,12,1
2019,Maryland,Big Ten,2/25,8.0,8,1
2019,NC State,ACC,2/25,10.0,10,1
2019,Oregon State,Pac-12,2/25,9.0,9,1
2019,Gonzaga,WCC,2/25,16.0,16,1
2019,Marquette,Big East,2/25,13.0,13,1
2019,Iowa State,Big 12,2/25,20.0,20,1
2019,Syracuse,ACC,2/25,17.0,17,1
2019,South Carolina,SEC,2/25,14.0,14,1
2019,Texas A&M,SEC,2/25,19.0,19,1
2019,Kentucky,SEC,2/25,11.0,11,1
2019,Miami (FL),ACC,2/25,15.0,15,1
2019,UCLA,Pac-12,2/25,25.0,25,1
2019,Drake,MVC,2/25,23.0,23,1
2019,Texas,Big 12,2/25,18.0,18,1
2019,Arizona State,Pac-12,2/25,21.0,21,1
2019,Rice,CUSA,2/25,24.0,24,1
2019,Florida State,ACC,2/25,22.0,22,1
2020,South Carolina,SEC,Pre,8.0,8,1
2020,Oregon,Pac-12,Pre,1.0,1,1
2020,Baylor,Big 12,Pre,2.0,2,1
2020,Maryland,Big Ten,Pre,4.0,4,1
2020,UConn,AAC,Pre,5.0,5,1
2020,Louisville,ACC,Pre,9.0,9,1
2020,Stanford,Pac-12,Pre,3.0,3,1
2020,NC State,ACC,Pre,14.0,14,1
2020,Mississippi State,SEC,Pre,10.0,10,1
2020,UCLA,Pac-12,Pre,11.0,11,1
2020,Oregon State,Pac-12,Pre,7.0,7,1
2020,DePaul,Big East,Pre,18.0,18,1
2020,Kentucky,SEC,Pre,13.0,13,1
2020,Texas A&M,SEC,Pre,6.0,6,1
2020,Florida State,ACC,Pre,12.0,12,1
2020,Indiana,Big Ten,Pre,24.0,24,1
2020,Arkansas,SEC,Pre,22.0,22,1
2020,Arizona State,Pac-12,Pre,20.0,20,1
2020,Michigan,Big Ten,Pre,25.0,25,1
2020,Minnesota,Big Ten,Pre,23.0,23,1
2020,Texas,Big 12,Pre,15.0,15,1
2020,Miami (FL),ACC,Pre,18.0,18,1
2020,Michigan State,Big Ten,Pre,17.0,17,1
2020,Syracuse,ACC,Pre,21.0,21,1
2020,Notre Dame,ACC,Pre,16.0,16,1
2020,South Carolina,SEC,11/11,6.0,6,1
2020,Oregon,Pac-12,11/11,1.0,1,1
2020,Baylor,Big 12,11/11,2.0,2,1
2020,Maryland,Big Ten,11/11,8.0,8,1
2020,UConn,AAC,11/11,4.0,4,1
2020,Louisville,ACC,11/11,9.0,9,1
2020,Stanford,Pac-12,11/11,3.0,3,1
2020,NC State,ACC,11/11,14.0,14,1
2020,Mississippi State,SEC,11/11,10.0,10,1
2020,UCLA,Pac-12,11/11,11.0,11,1
2020,Oregon State,Pac-12,11/11,7.0,7,1
2020,DePaul,Big East,11/11,18.0,18,1
2020,Kentucky,SEC,11/11,13.0,13,1
2020,Texas A&M,SEC,11/11,5.0,5,1
2020,Florida State,ACC,11/11,12.0,12,1
2020,Indiana,Big Ten,11/11,21.0,21,1
2020,Arkansas,SEC,11/11,23.0,23,1
2020,Arizona State,Pac-12,11/11,19.0,19,1
2020,Minnesota,Big Ten,11/11,24.0,24,1
2020,Texas,Big 12,11/11,22.0,22,1
2020,Miami (FL),ACC,11/11,17.0,17,1
2020,Michigan State,Big Ten,11/11,16.0,16,1
2020,Syracuse,ACC,11/11,20.0,20,1
2020,South Florida,AAC,11/11,25.0,25,1
2020,Notre Dame,ACC,11/11,15.0,15,1
2020,South Carolina,SEC,11/18,5.0,5,1
2020,Oregon,Pac-12,11/18,1.0,1,1
2020,Baylor,Big 12,11/18,2.0,2,1
2020,Maryland,Big Ten,11/18,9.0,9,1
2020,UConn,AAC,11/18,4.0,4,1
2020,Louisville,ACC,11/18,8.0,8,1
2020,Stanford,Pac-12,11/18,3.0,3,1
2020,NC State,ACC,11/18,14.0,14,1
2020,Mississippi State,SEC,11/18,10.0,10,1
2020,UCLA,Pac-12,11/18,11.0,11,1
2020,Gonzaga,WCC,11/18,23.0,23,1
2020,Oregon State,Pac-12,11/18,7.0,7,1
2020,DePaul,Big East,11/18,19.0,19,1
2020,Kentucky,SEC,11/18,13.0,13,1
2020,Texas A&M,SEC,11/18,6.0,6,1
2020,Florida State,ACC,11/18,12.0,12,1
2020,Indiana,Big Ten,11/18,18.0,18,1
2020,Arkansas,SEC,11/18,20.0,20,1
2020,Tennessee,SEC,11/18,23.0,23,1
2020,West Virginia,Big 12,11/18,25.0,25,1
2020,Michigan,Big Ten,11/18,21.0,21,1
2020,Miami (FL),ACC,11/18,16.0,16,1
2020,Michigan State,Big Ten,11/18,15.0,15,1
2020,Syracuse,ACC,11/18,17.0,17,1
2020,South Florida,AAC,11/18,22.0,22,1
2020,South Carolina,SEC,11/25,5.0,5,1
2020,Oregon,Pac-12,11/25,1.0,1,1
2020,Baylor,Big 12,11/25,2.0,2,1
2020,Maryland,Big Ten,11/25,9.0,9,1
2020,UConn,AAC,11/25,4.0,4,1
2020,Louisville,ACC,11/25,8.0,8,1
2020,Stanford,Pac-12,11/25,3.0,3,1
2020,NC State,ACC,11/25,13.0,13,1
2020,Mississippi State,SEC,11/25,10.0,10,1
2020,UCLA,Pac-12,11/25,11.0,11,1
2020,Arizona,Pac-12,11/25,24.0,24,1
2020,Gonzaga,WCC,11/25,22.0,22,1
2020,Oregon State,Pac-12,11/25,7.0,7,1
2020,DePaul,Big East,11/25,16.0,16,1
2020,Kentucky,SEC,11/25,14.0,14,1
2020,Texas A&M,SEC,11/25,6.0,6,1
2020,Florida State,ACC,11/25,12.0,12,1
2020,Indiana,Big Ten,11/25,17.0,17,1
2020,Arkansas,SEC,11/25,25.0,25,1
2020,Tennessee,SEC,11/25,20.0,20,1
2020,West Virginia,Big 12,11/25,23.0,23,1
2020,Miami (FL),ACC,11/25,19.0,19,1
2020,Michigan State,Big Ten,11/25,15.0,15,1
2020,Syracuse,ACC,11/25,18.0,18,1
2020,South Florida,AAC,11/25,21.0,21,1
2020,South Carolina,SEC,12/2,6.0,6,1
2020,Oregon,Pac-12,12/2,3.0,3,1
2020,Baylor,Big 12,12/2,7.0,7,1
2020,Maryland,Big Ten,12/2,9.0,9,1
2020,UConn,AAC,12/2,4.0,4,1
2020,Louisville,ACC,12/2,2.0,2,1
2020,Stanford,Pac-12,12/2,1.0,1,1
2020,NC State,ACC,12/2,13.0,13,1
2020,Mississippi State,SEC,12/2,10.0,10,1
2020,UCLA,Pac-12,12/2,11.0,11,1
2020,Gonzaga,WCC,12/2,18.0,18,1
2020,Oregon State,Pac-12,12/2,5.0,5,1
2020,DePaul,Big East,12/2,16.0,16,1
2020,Kentucky,SEC,12/2,15.0,15,1
2020,Texas A&M,SEC,12/2,12.0,12,1
2020,Florida State,ACC,12/2,8.0,8,1
2020,Indiana,Big Ten,12/2,14.0,14,1
2020,Missouri State,MVC,12/2,22.0,22,1
2020,Arkansas,SEC,12/2,23.0,23,1
2020,Arizona State,Pac-12,12/2,20.0,20,1
2020,Tennessee,SEC,12/2,17.0,17,1
2020,Michigan,Big Ten,12/2,24.0,24,1
2020,Miami (FL),ACC,12/2,21.0,21,1
2020,Michigan State,Big Ten,12/2,19.0,19,1
2020,LSU,SEC,12/2,25.0,25,1
2020,South Carolina,SEC,12/9,5.0,5,1
2020,Oregon,Pac-12,12/9,3.0,3,1
2020,Baylor,Big 12,12/9,6.0,6,1
2020,Maryland,Big Ten,12/9,13.0,13,1
2020,UConn,AAC,12/9,2.0,2,1
2020,Louisville,ACC,12/9,7.0,7,1
2020,Stanford,Pac-12,12/9,1.0,1,1
2020,NC State,ACC,12/9,9.0,9,1
2020,Mississippi State,SEC,12/9,15.0,15,1
2020,UCLA,Pac-12,12/9,10.0,10,1
2020,Arizona,Pac-12,12/9,18.0,18,1
2020,Gonzaga,WCC,12/9,17.0,17,1
2020,Oregon State,Pac-12,12/9,4.0,4,1
2020,DePaul,Big East,12/9,16.0,16,1
2020,Kentucky,SEC,12/9,14.0,14,1
2020,Texas A&M,SEC,12/9,11.0,11,1
2020,Florida State,ACC,12/9,8.0,8,1
2020,Indiana,Big Ten,12/9,12.0,12,1
2020,Missouri State,MVC,12/9,20.0,20,1
2020,Arkansas,SEC,12/9,21.0,21,1
2020,Tennessee,SEC,12/9,23.0,23,1
2020,West Virginia,Big 12,12/9,22.0,22,1
2020,Michigan,Big Ten,12/9,24.0,24,1
2020,Miami (FL),ACC,12/9,25.0,25,1
2020,Michigan State,Big Ten,12/9,19.0,19,1
2020,South Carolina,SEC,12/16,5.0,5,1
2020,Oregon,Pac-12,12/16,3.0,3,1
2020,Baylor,Big 12,12/16,7.0,7,1
2020,Maryland,Big Ten,12/16,13.0,13,1
2020,UConn,AAC,12/16,2.0,2,1
2020,Louisville,ACC,12/16,6.0,6,1
2020,Stanford,Pac-12,12/16,1.0,1,1
2020,NC State,ACC,12/16,9.0,9,1
2020,Mississippi State,SEC,12/16,15.0,15,1
2020,UCLA,Pac-12,12/16,10.0,10,1
2020,Arizona,Pac-12,12/16,18.0,18,1
2020,Gonzaga,WCC,12/16,17.0,17,1
2020,Oregon State,Pac-12,12/16,4.0,4,1
2020,DePaul,Big East,12/16,16.0,16,1
2020,Kentucky,SEC,12/16,14.0,14,1
2020,South Dakota,Summit,12/16,25.0,25,1
2020,Texas A&M,SEC,12/16,11.0,11,1
2020,Florida State,ACC,12/16,8.0,8,1
2020,Indiana,Big Ten,12/16,12.0,12,1
2020,Missouri State,MVC,12/16,20.0,20,1
2020,Arkansas,SEC,12/16,21.0,21,1
2020,Tennessee,SEC,12/16,23.0,23,1
2020,West Virginia,Big 12,12/16,22.0,22,1
2020,Michigan,Big Ten,12/16,24.0,24,1
2020,Michigan State,Big Ten,12/16,19.0,19,1
2020,South Carolina,SEC,12/23,4.0,4,1
2020,Oregon,Pac-12,12/23,2.0,2,1
2020,Baylor,Big 12,12/23,6.0,6,1
2020,Maryland,Big Ten,12/23,12.0,12,1
2020,UConn,AAC,12/23,1.0,1,1
2020,Louisville,ACC,12/23,7.0,7,1
2020,Stanford,Pac-12,12/23,5.0,5,1
2020,NC State,ACC,12/23,9.0,9,1
2020,Mississippi State,SEC,12/23,15.0,15,1
2020,UCLA,Pac-12,12/23,10.0,10,1
2020,Arizona,Pac-12,12/23,18.0,18,1
2020,Gonzaga,WCC,12/23,17.0,17,1
2020,Oregon State,Pac-12,12/23,3.0,3,1
2020,DePaul,Big East,12/23,16.0,16,1
2020,Kentucky,SEC,12/23,13.0,13,1
2020,Texas A&M,SEC,12/23,11.0,11,1
2020,Florida State,ACC,12/23,8.0,8,1
2020,Indiana,Big Ten,12/23,14.0,14,1
2020,Missouri State,MVC,12/23,21.0,21,1
2020,Arkansas,SEC,12/23,20.0,20,1
2020,Tennessee,SEC,12/23,22.0,22,1
2020,West Virginia,Big 12,12/23,19.0,19,1
2020,Michigan,Big Ten,12/23,23.0,23,1
2020,Texas,Big 12,12/23,25.0,25,1
2020,Miami (FL),ACC,12/23,24.0,24,1
2020,South Carolina,SEC,12/30,4.0,4,1
2020,Oregon,Pac-12,12/30,2.0,2,1
2020,Baylor,Big 12,12/30,6.0,6,1
2020,Maryland,Big Ten,12/30,12.0,12,1
2020,UConn,AAC,12/30,1.0,1,1
2020,Louisville,ACC,12/30,7.0,7,1
2020,Stanford,Pac-12,12/30,5.0,5,1
2020,NC State,ACC,12/30,9.0,9,1
2020,Mississippi State,SEC,12/30,15.0,15,1
2020,UCLA,Pac-12,12/30,10.0,10,1
2020,Arizona,Pac-12,12/30,18.0,18,1
2020,Gonzaga,WCC,12/30,17.0,17,1
2020,Oregon State,Pac-12,12/30,3.0,3,1
2020,DePaul,Big East,12/30,16.0,16,1
2020,Kentucky,SEC,12/30,13.0,13,1
2020,Texas A&M,SEC,12/30,11.0,11,1
2020,Florida State,ACC,12/30,8.0,8,1
2020,Indiana,Big Ten,12/30,14.0,14,1
2020,Missouri State,MVC,12/30,21.0,21,1
2020,Arkansas,SEC,12/30,20.0,20,1
2020,Tennessee,SEC,12/30,22.0,22,1
2020,West Virginia,Big 12,12/30,19.0,19,1
2020,Miami (OH),MAC,12/30,23.0,23,1
2020,Minnesota,Big Ten,12/30,24.0,24,1
2020,Texas,Big 12,12/30,25.0,25,1
2020,South Carolina,SEC,1/6,4.0,4,1
2020,Oregon,Pac-12,1/6,2.0,2,1
2020,Baylor,Big 12,1/6,6.0,6,1
2020,Maryland,Big Ten,1/6,17.0,17,1
2020,UConn,AAC,1/6,1.0,1,1
2020,Louisville,ACC,1/6,7.0,7,1
2020,Stanford,Pac-12,1/6,5.0,5,1
2020,NC State,ACC,1/6,9.0,9,1
2020,Mississippi State,SEC,1/6,13.0,13,1
2020,UCLA,Pac-12,1/6,8.0,8,1
2020,Arizona,Pac-12,1/6,18.0,18,1
2020,Gonzaga,WCC,1/6,16.0,16,1
2020,Oregon State,Pac-12,1/6,3.0,3,1
2020,DePaul,Big East,1/6,15.0,15,1
2020,Kentucky,SEC,1/6,14.0,14,1
2020,South Dakota,Summit,1/6,22.0,22,1
2020,Texas A&M,SEC,1/6,10.0,10,1
2020,Florida State,ACC,1/6,11.0,11,1
2020,Indiana,Big Ten,1/6,12.0,12,1
2020,Princeton,Ivy,1/6,25.0,25,1
2020,Missouri State,MVC,1/6,20.0,20,1
2020,Arkansas,SEC,1/6,21.0,21,1
2020,Tennessee,SEC,1/6,23.0,23,1
2020,West Virginia,Big 12,1/6,19.0,19,1
2020,Michigan,Big Ten,1/6,24.0,24,1
2020,South Carolina,SEC,1/13,1.0,1,1
2020,Oregon,Pac-12,1/13,6.0,6,1
2020,Baylor,Big 12,1/13,2.0,2,1
2020,Maryland,Big Ten,1/13,20.0,20,1
2020,UConn,AAC,1/13,4.0,4,1
2020,Louisville,ACC,1/13,5.0,5,1
2020,Stanford,Pac-12,1/13,3.0,3,1
2020,NC State,ACC,1/13,9.0,9,1
2020,Mississippi State,SEC,1/13,10.0,10,1
2020,UCLA,Pac-12,1/13,7.0,7,1
2020,Arizona,Pac-12,1/13,21.0,21,1
2020,Gonzaga,WCC,1/13,16.0,16,1
2020,Oregon State,Pac-12,1/13,8.0,8,1
2020,DePaul,Big East,1/13,14.0,14,1
2020,Kentucky,SEC,1/13,11.0,11,1
2020,South Dakota,Summit,1/13,25.0,25,1
2020,Texas A&M,SEC,1/13,12.0,12,1
2020,Florida State,ACC,1/13,13.0,13,1
2020,Indiana,Big Ten,1/13,15.0,15,1
2020,Iowa,Big Ten,1/13,22.0,22,1
2020,Missouri State,MVC,1/13,19.0,19,1
2020,Arkansas,SEC,1/13,23.0,23,1
2020,Arizona State,Pac-12,1/13,18.0,18,1
2020,Tennessee,SEC,1/13,24.0,24,1
2020,West Virginia,Big 12,1/13,17.0,17,1
2020,South Carolina,SEC,1/20,1.0,1,1
2020,Oregon,Pac-12,1/20,4.0,4,1
2020,Baylor,Big 12,1/20,2.0,2,1
2020,Maryland,Big Ten,1/20,20.0,20,1
2020,UConn,AAC,1/20,3.0,3,1
2020,Louisville,ACC,1/20,5.0,5,1
2020,Stanford,Pac-12,1/20,6.0,6,1
2020,NC State,ACC,1/20,8.0,8,1
2020,Mississippi State,SEC,1/20,9.0,9,1
2020,UCLA,Pac-12,1/20,10.0,10,1
2020,Northwestern,Big Ten,1/20,22.0,22,1
2020,Arizona,Pac-12,1/20,18.0,18,1
2020,Gonzaga,WCC,1/20,13.0,13,1
2020,Oregon State,Pac-12,1/20,7.0,7,1
2020,DePaul,Big East,1/20,11.0,11,1
2020,Kentucky,SEC,1/20,12.0,12,1
2020,South Dakota,Summit,1/20,24.0,24,1
2020,Texas A&M,SEC,1/20,15.0,15,1
2020,Florida State,ACC,1/20,14.0,14,1
2020,Indiana,Big Ten,1/20,17.0,17,1
2020,Iowa,Big Ten,1/20,19.0,19,1
2020,Arkansas,SEC,1/20,21.0,21,1
2020,Arizona State,Pac-12,1/20,16.0,16,1
2020,Tennessee,SEC,1/20,23.0,23,1
2020,West Virginia,Big 12,1/20,25.0,25,1
2020,South Carolina,SEC,1/27,1.0,1,1
2020,Oregon,Pac-12,1/27,3.0,3,1
2020,Baylor,Big 12,1/27,2.0,2,1
2020,Maryland,Big Ten,1/27,17.0,17,1
2020,UConn,AAC,1/27,4.0,4,1
2020,Louisville,ACC,1/27,5.0,5,1
2020,Stanford,Pac-12,1/27,6.0,6,1
2020,NC State,ACC,1/27,7.0,7,1
2020,Mississippi State,SEC,1/27,9.0,9,1
2020,UCLA,Pac-12,1/27,8.0,8,1
2020,Northwestern,Big Ten,1/27,23.0,23,1
2020,Arizona,Pac-12,1/27,16.0,16,1
2020,Gonzaga,WCC,1/27,12.0,12,1
2020,Oregon State,Pac-12,1/27,10.0,10,1
2020,DePaul,Big East,1/27,11.0,11,1
2020,Kentucky,SEC,1/27,13.0,13,1
2020,South Dakota,Summit,1/27,21.0,21,1
2020,Texas A&M,SEC,1/27,15.0,15,1
2020,Florida State,ACC,1/27,14.0,14,1
2020,Indiana,Big Ten,1/27,20.0,20,1
2020,Iowa,Big Ten,1/27,18.0,18,1
2020,Missouri State,MVC,1/27,24.0,24,1
2020,Arkansas,SEC,1/27,25.0,25,1
2020,Arizona State,Pac-12,1/27,19.0,19,1
2020,Tennessee,SEC,1/27,22.0,22,1
2020,South Carolina,SEC,2/3,1.0,1,1
2020,Oregon,Pac-12,2/3,3.0,3,1
2020,Baylor,Big 12,2/3,2.0,2,1
2020,Maryland,Big Ten,2/3,13.0,13,1
2020,UConn,AAC,2/3,4.0,4,1
2020,Louisville,ACC,2/3,5.0,5,1
2020,Stanford,Pac-12,2/3,6.0,6,1
2020,NC State,ACC,2/3,7.0,7,1
2020,Mississippi State,SEC,2/3,8.0,8,1
2020,UCLA,Pac-12,2/3,10.0,10,1
2020,Northwestern,Big Ten,2/3,21.0,21,1
2020,Arizona,Pac-12,2/3,12.0,12,1
2020,Gonzaga,WCC,2/3,11.0,11,1
2020,Oregon State,Pac-12,2/3,9.0,9,1
2020,DePaul,Big East,2/3,14.0,14,1
2020,Kentucky,SEC,2/3,15.0,15,1
2020,South Dakota,Summit,2/3,22.0,22,1
2020,Texas A&M,SEC,2/3,16.0,16,1
2020,Florida State,ACC,2/3,17.0,17,1
2020,Indiana,Big Ten,2/3,18.0,18,1
2020,Iowa,Big Ten,2/3,20.0,20,1
2020,Missouri State,MVC,2/3,24.0,24,1
2020,Arkansas,SEC,2/3,25.0,25,1
2020,Arizona State,Pac-12,2/3,19.0,19,1
2020,Tennessee,SEC,2/3,23.0,23,1
2020,South Carolina,SEC,2/10,1.0,1,1
2020,Oregon,Pac-12,2/10,3.0,3,1
2020,Baylor,Big 12,2/10,2.0,2,1
2020,Maryland,Big Ten,2/10,10.0,10,1
2020,UConn,AAC,2/10,5.0,5,1
2020,Louisville,ACC,2/10,9.0,9,1
2020,Stanford,Pac-12,2/10,8.0,8,1
2020,NC State,ACC,2/10,4.0,4,1
2020,Mississippi State,SEC,2/10,6.0,6,1
2020,UCLA,Pac-12,2/10,7.0,7,1
2020,Northwestern,Big Ten,2/10,19.0,19,1
2020,Arizona,Pac-12,2/10,12.0,12,1
2020,Gonzaga,WCC,2/10,15.0,15,1
2020,Oregon State,Pac-12,2/10,11.0,11,1
2020,DePaul,Big East,2/10,13.0,13,1
2020,Kentucky,SEC,2/10,18.0,18,1
2020,South Dakota,Summit,2/10,21.0,21,1
2020,Texas A&M,SEC,2/10,16.0,16,1
2020,Florida State,ACC,2/10,14.0,14,1
2020,Indiana,Big Ten,2/10,20.0,20,1
2020,Iowa,Big Ten,2/10,17.0,17,1
2020,Missouri State,MVC,2/10,24.0,24,1
2020,Arkansas,SEC,2/10,23.0,23,1
2020,Arizona State,Pac-12,2/10,22.0,22,1
2020,Tennessee,SEC,2/10,25.0,25,1
2020,South Carolina,SEC,2/17,1.0,1,1
2020,Oregon,Pac-12,2/17,3.0,3,1
2020,Baylor,Big 12,2/17,2.0,2,1
2020,Maryland,Big Ten,2/17,7.0,7,1
2020,UConn,AAC,2/17,6.0,6,1
2020,Louisville,ACC,2/17,5.0,5,1
2020,Stanford,Pac-12,2/17,4.0,4,1
2020,NC State,ACC,2/17,10.0,10,1
2020,Mississippi State,SEC,2/17,9.0,9,1
2020,UCLA,Pac-12,2/17,8.0,8,1
2020,Northwestern,Big Ten,2/17,18.0,18,1
2020,Arizona,Pac-12,2/17,11.0,11,1
2020,Gonzaga,WCC,2/17,13.0,13,1
2020,Oregon State,Pac-12,2/17,15.0,15,1
2020,DePaul,Big East,2/17,12.0,12,1
2020,Kentucky,SEC,2/17,14.0,14,1
2020,South Dakota,Summit,2/17,20.0,20,1
2020,Texas A&M,SEC,2/17,16.0,16,1
2020,Florida State,ACC,2/17,17.0,17,1
2020,Indiana,Big Ten,2/17,24.0,24,1
2020,Iowa,Big Ten,2/17,19.0,19,1
2020,Princeton,Ivy,2/17,25.0,25,1
2020,Missouri State,MVC,2/17,23.0,23,1
2020,Arkansas,SEC,2/17,22.0,22,1
2020,Arizona State,Pac-12,2/17,21.0,21,1
2020,South Carolina,SEC,2/24,1.0,1,1
2020,Oregon,Pac-12,2/24,3.0,3,1
2020,Baylor,Big 12,2/24,2.0,2,1
2020,Maryland,Big Ten,2/24,7.0,7,1
2020,UConn,AAC,2/24,6.0,6,1
2020,Louisville,ACC,2/24,5.0,5,1
2020,Stanford,Pac-12,2/24,4.0,4,1
2020,NC State,ACC,2/24,8.0,8,1
2020,Mississippi State,SEC,2/24,10.0,10,1
2020,UCLA,Pac-12,2/24,9.0,9,1
2020,Northwestern,Big Ten,2/24,14.0,14,1
2020,Arizona,Pac-12,2/24,13.0,13,1
2020,Gonzaga,WCC,2/24,11.0,11,1
2020,Oregon State,Pac-12,2/24,17.0,17,1
2020,DePaul,Big East,2/24,16.0,16,1
2020,Kentucky,SEC,2/24,15.0,15,1
2020,South Dakota,Summit,2/24,20.0,20,1
2020,Texas A&M,SEC,2/24,12.0,12,1
2020,Florida State,ACC,2/24,19.0,19,1
2020,Indiana,Big Ten,2/24,22.0,22,1
2020,Iowa,Big Ten,2/24,18.0,18,1
2020,Princeton,Ivy,2/24,23.0,23,1
2020,Arizona State,Pac-12,2/24,24.0,24,1
2020,Missouri,SEC,2/24,21.0,21,1
2020,TCU,Big 12,2/24,25.0,25,1
2020,South Carolina,SEC,Final,1.0,1,1
2020,Oregon,Pac-12,Final,2.0,2,1
2020,Baylor,Big 12,Final,3.0,3,1
2020,Maryland,Big Ten,Final,4.0,4,1
2020,UConn,AAC,Final,5.0,5,1
2020,Louisville,ACC,Final,6.0,6,1
2020,Stanford,Pac-12,Final,7.0,7,1
2020,NC State,ACC,Final,8.0,8,1
2020,Mississippi State,SEC,Final,9.0,9,1
2020,UCLA,Pac-12,Final,10.0,10,1
2020,Northwestern,Big Ten,Final,11.0,11,1
2020,Arizona,Pac-12,Final,12.0,12,1
2020,Gonzaga,WCC,Final,13.0,13,1
2020,Oregon State,Pac-12,Final,14.0,14,1
2020,DePaul,Big East,Final,15.0,15,1
2020,Kentucky,SEC,Final,16.0,16,1
2020,South Dakota,Summit,Final,17.0,17,1
2020,Texas A&M,SEC,Final,18.0,18,1
2020,Florida State,ACC,Final,19.0,19,1
2020,Indiana,Big Ten,Final,20.0,20,1
2020,Iowa,Big Ten,Final,21.0,21,1
2020,Princeton,Ivy,Final,22.0,22,1
2020,Missouri State,MVC,Final,23.0,23,1
2020,Arkansas,SEC,Final,24.0,24,1
2020,Arizona State,Pac-12,Final,25.0,25,1
2020,South Carolina,SEC,3/2,1.0,1,1
2020,Oregon,Pac-12,3/2,3.0,3,1
2020,Baylor,Big 12,3/2,2.0,2,1
2020,Maryland,Big Ten,3/2,6.0,6,1
2020,UConn,AAC,3/2,5.0,5,1
2020,Louisville,ACC,3/2,4.0,4,1
2020,Stanford,Pac-12,3/2,7.0,7,1
2020,NC State,ACC,3/2,10.0,10,1
2020,Mississippi State,SEC,3/2,9.0,9,1
2020,UCLA,Pac-12,3/2,8.0,8,1
2020,Northwestern,Big Ten,3/2,11.0,11,1
2020,Arizona,Pac-12,3/2,13.0,13,1
2020,Gonzaga,WCC,3/2,12.0,12,1
2020,Oregon State,Pac-12,3/2,14.0,14,1
2020,DePaul,Big East,3/2,18.0,18,1
2020,Kentucky,SEC,3/2,16.0,16,1
2020,South Dakota,Summit,3/2,17.0,17,1
2020,Texas A&M,SEC,3/2,15.0,15,1
2020,Florida State,ACC,3/2,22.0,22,1
2020,Indiana,Big Ten,3/2,20.0,20,1
2020,Iowa,Big Ten,3/2,19.0,19,1
2020,Princeton,Ivy,3/2,21.0,21,1
2020,Missouri State,MVC,3/2,23.0,23,1
2020,Arkansas,SEC,3/2,25.0,25,1
2020,Arizona State,Pac-12,3/2,24.0,24,1
2021,UConn,Big East,Pre,3.0,3,1
2021,Stanford,Pac-12,Pre,2.0,2,1
2021,NC State,ACC,Pre,8.0,8,1
2021,Texas A&M,SEC,Pre,13.0,13,1
2021,Baylor,Big 12,Pre,4.0,4,1
2021,South Carolina,SEC,Pre,1.0,1,1
2021,Maryland,Big Ten,Pre,12.0,12,1
2021,Louisville,ACC,Pre,5.0,5,1
2021,UCLA,Pac-12,Pre,9.0,9,1
2021,Arizona,Pac-12,Pre,7.0,7,1
2021,Indiana,Big Ten,Pre,16.0,16,1
2021,Gonzaga,WCC,Pre,21.0,21,1
2021,Arkansas,SEC,Pre,14.0,14,1
2021,Michigan,Big Ten,Pre,25.0,25,1
2021,Kentucky,SEC,Pre,11.0,11,1
2021,Missouri State,MVC,Pre,24.0,24,1
2021,Ohio State,Big Ten,Pre,20.0,20,1
2021,Oregon,Pac-12,Pre,10.0,10,1
2021,DePaul,Big East,Pre,19.0,19,1
2021,Northwestern,Big Ten,Pre,17.0,17,1
2021,Mississippi State,SEC,Pre,6.0,6,1
2021,Syracuse,ACC,Pre,23.0,23,1
2021,Iowa State,Big 12,Pre,15.0,15,1
2021,Oregon State,Pac-12,Pre,18.0,18,1
2021,Notre Dame,ACC,Pre,22.0,22,1
2021,UConn,Big East,Final,1.0,1,1
2021,Stanford,Pac-12,Final,2.0,2,1
2021,NC State,ACC,Final,3.0,3,1
2021,Texas A&M,SEC,Final,4.0,4,1
2021,Baylor,Big 12,Final,5.0,5,1
2021,South Carolina,SEC,Final,6.0,6,1
2021,Maryland,Big Ten,Final,7.0,7,1
2021,Louisville,ACC,Final,8.0,8,1
2021,UCLA,Pac-12,Final,9.0,9,1
2021,Georgia,SEC,Final,10.0,10,1
2021,Arizona,Pac-12,Final,11.0,11,1
2021,Indiana,Big Ten,Final,12.0,12,1
2021,Tennessee,SEC,Final,13.0,13,1
2021,Gonzaga,WCC,Final,14.0,14,1
2021,Arkansas,SEC,Final,15.0,15,1
2021,Michigan,Big Ten,Final,16.0,16,1
2021,West Virginia,Big 12,Final,17.0,17,1
2021,Kentucky,SEC,Final,18.0,18,1
2021,South Florida,AAC,Final,19.0,19,1
2021,Missouri State,MVC,Final,20.0,20,1
2021,Rutgers,Big Ten,Final,21.0,21,1
2021,Ohio State,Big Ten,Final,22.0,22,1
2021,Oregon,Pac-12,Final,23.0,23,1
2021,Florida Gulf Coast,A-Sun,Final,24.0,24,1
2021,South Dakota State,Summit,Final,25.0,25,1
2021,UConn,Big East,11/30,3.0,3,1
2021,Stanford,Pac-12,11/30,2.0,2,1
2021,NC State,ACC,11/30,8.0,8,1
2021,Texas A&M,SEC,11/30,12.0,12,1
2021,Baylor,Big 12,11/30,4.0,4,1
2021,South Carolina,SEC,11/30,1.0,1,1
2021,Maryland,Big Ten,11/30,14.0,14,1
2021,Louisville,ACC,11/30,5.0,5,1
2021,UCLA,Pac-12,11/30,9.0,9,1
2021,Arizona,Pac-12,11/30,7.0,7,1
2021,Indiana,Big Ten,11/30,13.0,13,1
2021,Gonzaga,WCC,11/30,18.0,18,1
2021,Arkansas,SEC,11/30,16.0,16,1
2021,Michigan,Big Ten,11/30,24.0,24,1
2021,Kentucky,SEC,11/30,11.0,11,1
2021,Missouri State,MVC,11/30,21.0,21,1
2021,Ohio State,Big Ten,11/30,19.0,19,1
2021,Oregon,Pac-12,11/30,10.0,10,1
2021,DePaul,Big East,11/30,20.0,20,1
2021,Northwestern,Big Ten,11/30,15.0,15,1
2021,Mississippi State,SEC,11/30,6.0,6,1
2021,Syracuse,ACC,11/30,22.0,22,1
2021,Iowa State,Big 12,11/30,23.0,23,1
2021,Texas,Big 12,11/30,25.0,25,1
2021,Oregon State,Pac-12,11/30,17.0,17,1
2021,UConn,Big East,12/7,3.0,3,1
2021,Stanford,Pac-12,12/7,1.0,1,1
2021,NC State,ACC,12/7,4.0,4,1
2021,Texas A&M,SEC,12/7,10.0,10,1
2021,Baylor,Big 12,12/7,7.0,7,1
2021,South Carolina,SEC,12/7,5.0,5,1
2021,Maryland,Big Ten,12/7,14.0,14,1
2021,Louisville,ACC,12/7,2.0,2,1
2021,UCLA,Pac-12,12/7,11.0,11,1
2021,Arizona,Pac-12,12/7,6.0,6,1
2021,Indiana,Big Ten,12/7,15.0,15,1
2021,Gonzaga,WCC,12/7,25.0,25,1
2021,Arkansas,SEC,12/7,13.0,13,1
2021,Michigan,Big Ten,12/7,19.0,19,1
2021,Kentucky,SEC,12/7,9.0,9,1
2021,Missouri State,MVC,12/7,21.0,21,1
2021,Ohio State,Big Ten,12/7,18.0,18,1
2021,Oregon,Pac-12,12/7,8.0,8,1
2021,South Dakota State,Summit,12/7,22.0,22,1
2021,DePaul,Big East,12/7,24.0,24,1
2021,Northwestern,Big Ten,12/7,17.0,17,1
2021,Mississippi State,SEC,12/7,12.0,12,1
2021,Syracuse,ACC,12/7,20.0,20,1
2021,Texas,Big 12,12/7,23.0,23,1
2021,Oregon State,Pac-12,12/7,15.0,15,1
2021,UConn,Big East,12/14,3.0,3,1
2021,Stanford,Pac-12,12/14,1.0,1,1
2021,NC State,ACC,12/14,4.0,4,1
2021,Texas A&M,SEC,12/14,10.0,10,1
2021,Baylor,Big 12,12/14,7.0,7,1
2021,South Carolina,SEC,12/14,5.0,5,1
2021,Maryland,Big Ten,12/14,14.0,14,1
2021,Louisville,ACC,12/14,2.0,2,1
2021,UCLA,Pac-12,12/14,11.0,11,1
2021,Arizona,Pac-12,12/14,6.0,6,1
2021,Indiana,Big Ten,12/14,15.0,15,1
2021,Gonzaga,WCC,12/14,25.0,25,1
2021,Arkansas,SEC,12/14,12.0,12,1
2021,Michigan,Big Ten,12/14,19.0,19,1
2021,Kentucky,SEC,12/14,9.0,9,1
2021,South Florida,AAC,12/14,23.0,23,1
2021,Missouri State,MVC,12/14,20.0,20,1
2021,Ohio State,Big Ten,12/14,17.0,17,1
2021,Oregon,Pac-12,12/14,8.0,8,1
2021,DePaul,Big East,12/14,24.0,24,1
2021,Northwestern,Big Ten,12/14,16.0,16,1
2021,Mississippi State,SEC,12/14,13.0,13,1
2021,Syracuse,ACC,12/14,18.0,18,1
2021,Texas,Big 12,12/14,22.0,22,1
2021,Oregon State,Pac-12,12/14,21.0,21,1
2021,UConn,Big East,12/21,3.0,3,1
2021,Stanford,Pac-12,12/21,1.0,1,1
2021,NC State,ACC,12/21,4.0,4,1
2021,Texas A&M,SEC,12/21,9.0,9,1
2021,Baylor,Big 12,12/21,7.0,7,1
2021,South Carolina,SEC,12/21,5.0,5,1
2021,Maryland,Big Ten,12/21,14.0,14,1
2021,Louisville,ACC,12/21,2.0,2,1
2021,UCLA,Pac-12,12/21,10.0,10,1
2021,Arizona,Pac-12,12/21,6.0,6,1
2021,Indiana,Big Ten,12/21,19.0,19,1
2021,Gonzaga,WCC,12/21,23.0,23,1
2021,Arkansas,SEC,12/21,11.0,11,1
2021,Michigan,Big Ten,12/21,17.0,17,1
2021,Kentucky,SEC,12/21,13.0,13,1
2021,South Florida,AAC,12/21,20.0,20,1
2021,Missouri State,MVC,12/21,24.0,24,1
2021,Ohio State,Big Ten,12/21,16.0,16,1
2021,Oregon,Pac-12,12/21,8.0,8,1
2021,DePaul,Big East,12/21,18.0,18,1
2021,Northwestern,Big Ten,12/21,15.0,15,1
2021,Mississippi State,SEC,12/21,12.0,12,1
2021,Syracuse,ACC,12/21,22.0,22,1
2021,Texas,Big 12,12/21,20.0,20,1
2021,Michigan State,Big Ten,12/21,25.0,25,1
2021,UConn,Big East,12/28,4.0,4,1
2021,Stanford,Pac-12,12/28,1.0,1,1
2021,NC State,ACC,12/28,3.0,3,1
2021,Texas A&M,SEC,12/28,9.0,9,1
2021,Baylor,Big 12,12/28,7.0,7,1
2021,South Carolina,SEC,12/28,5.0,5,1
2021,Maryland,Big Ten,12/28,14.0,14,1
2021,Louisville,ACC,12/28,2.0,2,1
2021,UCLA,Pac-12,12/28,11.0,11,1
2021,Arizona,Pac-12,12/28,6.0,6,1
2021,Indiana,Big Ten,12/28,20.0,20,1
2021,Gonzaga,WCC,12/28,23.0,23,1
2021,Arkansas,SEC,12/28,10.0,10,1
2021,Michigan,Big Ten,12/28,16.0,16,1
2021,Kentucky,SEC,12/28,13.0,13,1
2021,South Florida,AAC,12/28,21.0,21,1
2021,Missouri State,MVC,12/28,24.0,24,1
2021,Ohio State,Big Ten,12/28,17.0,17,1
2021,Oregon,Pac-12,12/28,8.0,8,1
2021,DePaul,Big East,12/28,18.0,18,1
2021,Northwestern,Big Ten,12/28,15.0,15,1
2021,Mississippi State,SEC,12/28,12.0,12,1
2021,Syracuse,ACC,12/28,22.0,22,1
2021,Texas,Big 12,12/28,19.0,19,1
2021,Michigan State,Big Ten,12/28,25.0,25,1
2021,UConn,Big East,1/4,3.0,3,1
2021,Stanford,Pac-12,1/4,1.0,1,1
2021,NC State,ACC,1/4,3.0,3,1
2021,Texas A&M,SEC,1/4,8.0,8,1
2021,Baylor,Big 12,1/4,6.0,6,1
2021,South Carolina,SEC,1/4,5.0,5,1
2021,Maryland,Big Ten,1/4,12.0,12,1
2021,Louisville,ACC,1/4,2.0,2,1
2021,UCLA,Pac-12,1/4,9.0,9,1
2021,Arizona,Pac-12,1/4,7.0,7,1
2021,Indiana,Big Ten,1/4,19.0,19,1
2021,Gonzaga,WCC,1/4,21.0,21,1
2021,Arkansas,SEC,1/4,13.0,13,1
2021,Michigan,Big Ten,1/4,15.0,15,1
2021,Kentucky,SEC,1/4,10.0,10,1
2021,South Florida,AAC,1/4,18.0,18,1
2021,Missouri State,MVC,1/4,25.0,25,1
2021,Ohio State,Big Ten,1/4,16.0,16,1
2021,Oregon,Pac-12,1/4,11.0,11,1
2021,DePaul,Big East,1/4,20.0,20,1
2021,Northwestern,Big Ten,1/4,22.0,22,1
2021,Mississippi State,SEC,1/4,14.0,14,1
2021,Syracuse,ACC,1/4,24.0,24,1
2021,Texas,Big 12,1/4,17.0,17,1
2021,Michigan State,Big Ten,1/4,23.0,23,1
2021,UConn,Big East,1/11,4.0,4,1
2021,Stanford,Pac-12,1/11,1.0,1,1
2021,NC State,ACC,1/11,3.0,3,1
2021,Texas A&M,SEC,1/11,7.0,7,1
2021,Baylor,Big 12,1/11,6.0,6,1
2021,South Carolina,SEC,1/11,5.0,5,1
2021,Maryland,Big Ten,1/11,9.0,9,1
2021,Louisville,ACC,1/11,2.0,2,1
2021,UCLA,Pac-12,1/11,8.0,8,1
2021,Arizona,Pac-12,1/11,11.0,11,1
2021,Indiana,Big Ten,1/11,18.0,18,1
2021,Tennessee,SEC,1/11,23.0,23,1
2021,Gonzaga,WCC,1/11,20.0,20,1
2021,Arkansas,SEC,1/11,17.0,17,1
2021,Michigan,Big Ten,1/11,13.0,13,1
2021,Kentucky,SEC,1/11,12.0,12,1
2021,South Florida,AAC,1/11,16.0,16,1
2021,Ohio State,Big Ten,1/11,15.0,15,1
2021,Oregon,Pac-12,1/11,10.0,10,1
2021,DePaul,Big East,1/11,19.0,19,1
2021,Northwestern,Big Ten,1/11,22.0,22,1
2021,Mississippi State,SEC,1/11,14.0,14,1
2021,Syracuse,ACC,1/11,24.0,24,1
2021,Texas,Big 12,1/11,21.0,21,1
2021,Washington State,Pac-12,1/11,25.0,25,1
2021,UConn,Big East,1/18,3.0,3,1
2021,Stanford,Pac-12,1/18,5.0,5,1
2021,NC State,ACC,1/18,2.0,2,1
2021,Texas A&M,SEC,1/18,8.0,8,1
2021,Baylor,Big 12,1/18,9.0,9,1
2021,South Carolina,SEC,1/18,4.0,4,1
2021,Maryland,Big Ten,1/18,7.0,7,1
2021,Louisville,ACC,1/18,1.0,1,1
2021,UCLA,Pac-12,1/18,6.0,6,1
2021,Georgia,SEC,1/18,22.0,22,1
2021,Arizona,Pac-12,1/18,10.0,10,1
2021,Indiana,Big Ten,1/18,16.0,16,1
2021,Tennessee,SEC,1/18,25.0,25,1
2021,Gonzaga,WCC,1/18,20.0,20,1
2021,Arkansas,SEC,1/18,15.0,15,1
2021,Michigan,Big Ten,1/18,11.0,11,1
2021,Kentucky,SEC,1/18,12.0,12,1
2021,South Florida,AAC,1/18,14.0,14,1
2021,Ohio State,Big Ten,1/18,17.0,17,1
2021,Oregon,Pac-12,1/18,13.0,13,1
2021,DePaul,Big East,1/18,18.0,18,1
2021,Northwestern,Big Ten,1/18,21.0,21,1
2021,Mississippi State,SEC,1/18,19.0,19,1
2021,Syracuse,ACC,1/18,23.0,23,1
2021,Iowa State,Big 12,1/18,24.0,24,1
2021,UConn,Big East,1/25,3.0,3,1
2021,Stanford,Pac-12,1/25,6.0,6,1
2021,NC State,ACC,1/25,2.0,2,1
2021,Texas A&M,SEC,1/25,8.0,8,1
2021,Baylor,Big 12,1/25,9.0,9,1
2021,South Carolina,SEC,1/25,4.0,4,1
2021,Maryland,Big Ten,1/25,7.0,7,1
2021,Louisville,ACC,1/25,1.0,1,1
2021,UCLA,Pac-12,1/25,5.0,5,1
2021,Georgia,SEC,1/25,22.0,22,1
2021,Arizona,Pac-12,1/25,10.0,10,1
2021,Indiana,Big Ten,1/25,16.0,16,1
2021,Tennessee,SEC,1/25,20.0,20,1
2021,Gonzaga,WCC,1/25,18.0,18,1
2021,Arkansas,SEC,1/25,19.0,19,1
2021,Michigan,Big Ten,1/25,12.0,12,1
2021,West Virginia,Big 12,1/25,24.0,24,1
2021,Kentucky,SEC,1/25,15.0,15,1
2021,South Florida,AAC,1/25,13.0,13,1
2021,Ohio State,Big Ten,1/25,14.0,14,1
2021,Oregon,Pac-12,1/25,11.0,11,1
2021,South Dakota State,Summit,1/25,25.0,25,1
2021,DePaul,Big East,1/25,17.0,17,1
2021,Northwestern,Big Ten,1/25,23.0,23,1
2021,Mississippi State,SEC,1/25,21.0,21,1
2021,UConn,Big East,2/1,3.0,3,1
2021,Stanford,Pac-12,2/1,6.0,6,1
2021,NC State,ACC,2/1,4.0,4,1
2021,Texas A&M,SEC,2/1,7.0,7,1
2021,Baylor,Big 12,2/1,8.0,8,1
2021,South Carolina,SEC,2/1,2.0,2,1
2021,Maryland,Big Ten,2/1,10.0,10,1
2021,Louisville,ACC,2/1,1.0,1,1
2021,UCLA,Pac-12,2/1,5.0,5,1
2021,Georgia,SEC,2/1,25.0,25,1
2021,Arizona,Pac-12,2/1,9.0,9,1
2021,Indiana,Big Ten,2/1,17.0,17,1
2021,Tennessee,SEC,2/1,18.0,18,1
2021,Gonzaga,WCC,2/1,19.0,19,1
2021,Arkansas,SEC,2/1,16.0,16,1
2021,Michigan,Big Ten,2/1,13.0,13,1
2021,West Virginia,Big 12,2/1,21.0,21,1
2021,Kentucky,SEC,2/1,15.0,15,1
2021,South Florida,AAC,2/1,14.0,14,1
2021,Ohio State,Big Ten,2/1,11.0,11,1
2021,Oregon,Pac-12,2/1,12.0,12,1
2021,South Dakota State,Summit,2/1,23.0,23,1
2021,DePaul,Big East,2/1,20.0,20,1
2021,Northwestern,Big Ten,2/1,22.0,22,1
2021,Mississippi State,SEC,2/1,24.0,24,1
2021,UConn,Big East,2/8,2.0,2,1
2021,Stanford,Pac-12,2/8,5.0,5,1
2021,NC State,ACC,2/8,4.0,4,1
2021,Texas A&M,SEC,2/8,6.0,6,1
2021,Baylor,Big 12,2/8,7.0,7,1
2021,South Carolina,SEC,2/8,1.0,1,1
2021,Maryland,Big Ten,2/8,9.0,9,1
2021,Louisville,ACC,2/8,3.0,3,1
2021,UCLA,Pac-12,2/8,8.0,8,1
2021,Georgia,SEC,2/8,24.0,24,1
2021,Arizona,Pac-12,2/8,10.0,10,1
2021,Indiana,Big Ten,2/8,15.0,15,1
2021,Tennessee,SEC,2/8,16.0,16,1
2021,Gonzaga,WCC,2/8,17.0,17,1
2021,Arkansas,SEC,2/8,18.0,18,1
2021,Michigan,Big Ten,2/8,12.0,12,1
2021,West Virginia,Big 12,2/8,19.0,19,1
2021,Kentucky,SEC,2/8,20.0,20,1
2021,South Florida,AAC,2/8,14.0,14,1
2021,Missouri State,MVC,2/8,25.0,25,1
2021,Ohio State,Big Ten,2/8,12.0,12,1
2021,Oregon,Pac-12,2/8,11.0,11,1
2021,South Dakota State,Summit,2/8,23.0,23,1
2021,DePaul,Big East,2/8,22.0,22,1
2021,Northwestern,Big Ten,2/8,21.0,21,1
2021,UConn,Big East,2/15,1.0,1,1
2021,Stanford,Pac-12,2/15,6.0,6,1
2021,NC State,ACC,2/15,4.0,4,1
2021,Texas A&M,SEC,2/15,5.0,5,1
2021,Baylor,Big 12,2/15,7.0,7,1
2021,South Carolina,SEC,2/15,2.0,2,1
2021,Maryland,Big Ten,2/15,9.0,9,1
2021,Louisville,ACC,2/15,3.0,3,1
2021,UCLA,Pac-12,2/15,8.0,8,1
2021,Georgia,SEC,2/15,22.0,22,1
2021,Arizona,Pac-12,2/15,10.0,10,1
2021,Indiana,Big Ten,2/15,14.0,14,1
2021,Tennessee,SEC,2/15,21.0,21,1
2021,Gonzaga,WCC,2/15,16.0,16,1
2021,Arkansas,SEC,2/15,18.0,18,1
2021,Michigan,Big Ten,2/15,11.0,11,1
2021,West Virginia,Big 12,2/15,19.0,19,1
2021,Kentucky,SEC,2/15,17.0,17,1
2021,South Florida,AAC,2/15,12.0,12,1
2021,Missouri State,MVC,2/15,25.0,25,1
2021,Ohio State,Big Ten,2/15,15.0,15,1
2021,Oregon,Pac-12,2/15,13.0,13,1
2021,South Dakota State,Summit,2/15,23.0,23,1
2021,DePaul,Big East,2/15,19.0,19,1
2021,Northwestern,Big Ten,2/15,24.0,24,1
2021,UConn,Big East,2/22,1.0,1,1
2021,Stanford,Pac-12,2/22,4.0,4,1
2021,NC State,ACC,2/22,2.0,2,1
2021,Texas A&M,SEC,2/22,3.0,3,1
2021,Baylor,Big 12,2/22,7.0,7,1
2021,South Carolina,SEC,2/22,5.0,5,1
2021,Maryland,Big Ten,2/22,8.0,8,1
2021,Louisville,ACC,2/22,6.0,6,1
2021,UCLA,Pac-12,2/22,10.0,10,1
2021,Georgia,SEC,2/22,17.0,17,1
2021,Arizona,Pac-12,2/22,9.0,9,1
2021,Indiana,Big Ten,2/22,11.0,11,1
2021,Tennessee,SEC,2/22,20.0,20,1
2021,Gonzaga,WCC,2/22,21.0,21,1
2021,Arkansas,SEC,2/22,16.0,16,1
2021,Michigan,Big Ten,2/22,12.0,12,1
2021,West Virginia,Big 12,2/22,18.0,18,1
2021,Kentucky,SEC,2/22,19.0,19,1
2021,South Florida,AAC,2/22,13.0,13,1
2021,Missouri State,MVC,2/22,23.0,23,1
2021,Rutgers,Big Ten,2/22,25.0,25,1
2021,Ohio State,Big Ten,2/22,15.0,15,1
2021,Oregon,Pac-12,2/22,14.0,14,1
2021,South Dakota State,Summit,2/22,22.0,22,1
2021,DePaul,Big East,2/22,24.0,24,1
2021,UConn,Big East,3/1,1.0,1,1
2021,Stanford,Pac-12,3/1,4.0,4,1
2021,NC State,ACC,3/1,3.0,3,1
2021,Texas A&M,SEC,3/1,2.0,2,1
2021,Baylor,Big 12,3/1,6.0,6,1
2021,South Carolina,SEC,3/1,7.0,7,1
2021,Maryland,Big Ten,3/1,8.0,8,1
2021,Louisville,ACC,3/1,5.0,5,1
2021,UCLA,Pac-12,3/1,9.0,9,1
2021,Georgia,SEC,3/1,16.0,16,1
2021,Arizona,Pac-12,3/1,11.0,11,1
2021,Indiana,Big Ten,3/1,10.0,10,1
2021,Tennessee,SEC,3/1,14.0,14,1
2021,Gonzaga,WCC,3/1,18.0,18,1
2021,Arkansas,SEC,3/1,13.0,13,1
2021,Michigan,Big Ten,3/1,12.0,12,1
2021,West Virginia,Big 12,3/1,20.0,20,1
2021,Kentucky,SEC,3/1,17.0,17,1
2021,South Florida,AAC,3/1,15.0,15,1
2021,Missouri State,MVC,3/1,23.0,23,1
2021,Rutgers,Big Ten,3/1,24.0,24,1
2021,Ohio State,Big Ten,3/1,22.0,22,1
2021,Oregon,Pac-12,3/1,19.0,19,1
2021,South Dakota State,Summit,3/1,21.0,21,1
2021,DePaul,Big East,3/1,25.0,25,1
2021,UConn,Big East,3/8,1.0,1,1
2021,Stanford,Pac-12,3/8,2.0,2,1
2021,NC State,ACC,3/8,3.0,3,1
2021,Texas A&M,SEC,3/8,4.0,4,1
2021,Baylor,Big 12,3/8,6.0,6,1
2021,South Carolina,SEC,3/8,5.0,5,1
2021,Maryland,Big Ten,3/8,7.0,7,1
2021,Louisville,ACC,3/8,7.0,7,1
2021,UCLA,Pac-12,3/8,10.0,10,1
2021,Georgia,SEC,3/8,12.0,12,1
2021,Arizona,Pac-12,3/8,11.0,11,1
2021,Indiana,Big Ten,3/8,9.0,9,1
2021,Tennessee,SEC,3/8,14.0,14,1
2021,Gonzaga,WCC,3/8,16.0,16,1
2021,Arkansas,SEC,3/8,15.0,15,1
2021,Michigan,Big Ten,3/8,13.0,13,1
2021,West Virginia,Big 12,3/8,17.0,17,1
2021,Kentucky,SEC,3/8,18.0,18,1
2021,South Florida,AAC,3/8,20.0,20,1
2021,Missouri State,MVC,3/8,21.0,21,1
2021,Rutgers,Big Ten,3/8,19.0,19,1
2021,Ohio State,Big Ten,3/8,22.0,22,1
2021,Oregon,Pac-12,3/8,23.0,23,1
2021,Florida Gulf Coast,A-Sun,3/8,24.0,24,1
2021,South Dakota State,Summit,3/8,25.0,25,1
2022,South Carolina,SEC,Pre,1.0,1,1
2022,Stanford,Pac-12,Pre,3.0,3,1
2022,NC State,ACC,Pre,5.0,5,1
2022,Louisville,ACC,Pre,6.0,6,1
2022,UConn,Big East,Pre,2.0,2,1
2022,Texas,Big 12,Pre,25.0,25,1
2022,Baylor,Big 12,Pre,7.0,7,1
2022,Iowa,Big Ten,Pre,9.0,9,1
2022,Iowa State,Big 12,Pre,12.0,12,1
2022,Indiana,Big Ten,Pre,8.0,8,1
2022,Michigan,Big Ten,Pre,11.0,11,1
2022,Maryland,Big Ten,Pre,4.0,4,1
2022,Ohio State,Big Ten,Pre,17.0,17,1
2022,Kentucky,SEC,Pre,13.0,13,1
2022,Virginia Tech,ACC,Pre,24.0,24,1
2022,Tennessee,SEC,Pre,15.0,15,1
2022,Arizona,Pac-12,Pre,22.0,22,1
2022,Georgia Tech,ACC,Pre,17.0,17,1
2022,Oregon,Pac-12,Pre,10.0,10,1
2022,South Florida,AAC,Pre,21.0,21,1
2022,Texas A&M,SEC,Pre,23.0,23,1
2022,Oregon State,Pac-12,Pre,14.0,14,1
2022,Florida State,ACC,Pre,16.0,16,1
2022,UCLA,Pac-12,Pre,20.0,20,1
2022,West Virginia,Big 12,Pre,19.0,19,1
2022,South Carolina,SEC,12/13,1.0,1,1
2022,Stanford,Pac-12,12/13,3.0,3,1
2022,NC State,ACC,12/13,2.0,2,1
2022,Louisville,ACC,12/13,6.0,6,1
2022,UConn,Big East,12/13,7.0,7,1
2022,Texas,Big 12,12/13,11.0,11,1
2022,Baylor,Big 12,12/13,5.0,5,1
2022,Iowa,Big Ten,12/13,14.0,14,1
2022,LSU,SEC,12/13,22.0,22,1
2022,Iowa State,Big 12,12/13,12.0,12,1
2022,Indiana,Big Ten,12/13,10.0,10,1
2022,Michigan,Big Ten,12/13,13.0,13,1
2022,Maryland,Big Ten,12/13,9.0,9,1
2022,Ohio State,Big Ten,12/13,24.0,24,1
2022,Kentucky,SEC,12/13,19.0,19,1
2022,UNC,ACC,12/13,25.0,25,1
2022,Tennessee,SEC,12/13,7.0,7,1
2022,Arizona,Pac-12,12/13,4.0,4,1
2022,BYU,WCC,12/13,20.0,20,1
2022,Notre Dame,ACC,12/13,21.0,21,1
2022,Georgia,SEC,12/13,17.0,17,1
2022,Georgia Tech,ACC,12/13,18.0,18,1
2022,Duke,ACC,12/13,15.0,15,1
2022,South Florida,AAC,12/13,16.0,16,1
2022,Texas A&M,SEC,12/13,23.0,23,1
2022,South Carolina,SEC,2/28,1.0,1,1
2022,Stanford,Pac-12,2/28,2.0,2,1
2022,NC State,ACC,2/28,3.0,3,1
2022,Louisville,ACC,2/28,4.0,4,1
2022,UConn,Big East,2/28,7.0,7,1
2022,Texas,Big 12,2/28,9.0,9,1
2022,Baylor,Big 12,2/28,5.0,5,1
2022,Iowa,Big Ten,2/28,12.0,12,1
2022,LSU,SEC,2/28,6.0,6,1
2022,Iowa State,Big 12,2/28,8.0,8,1
2022,Indiana,Big Ten,2/28,14.0,14,1
2022,Michigan,Big Ten,2/28,10.0,10,1
2022,Maryland,Big Ten,2/28,11.0,11,1
2022,Ohio State,Big Ten,2/28,13.0,13,1
2022,Virginia Tech,ACC,2/28,21.0,21,1
2022,UNC,ACC,2/28,16.0,16,1
2022,Tennessee,SEC,2/28,18.0,18,1
2022,Arizona,Pac-12,2/28,14.0,14,1
2022,BYU,WCC,2/28,17.0,17,1
2022,Notre Dame,ACC,2/28,20.0,20,1
2022,Oklahoma,Big 12,2/28,19.0,19,1
2022,Florida Gulf Coast,A-Sun,2/28,22.0,22,1
2022,Florida,SEC,2/28,23.0,23,1
2022,Georgia,SEC,2/28,24.0,24,1
2022,Georgia Tech,ACC,2/28,25.0,25,1
2022,South Carolina,SEC,Final,1.0,1,1
2022,Stanford,Pac-12,Final,2.0,2,1
2022,NC State,ACC,Final,3.0,3,1
2022,Louisville,ACC,Final,4.0,4,1
2022,UConn,Big East,Final,5.0,5,1
2022,Texas,Big 12,Final,6.0,6,1
2022,Baylor,Big 12,Final,7.0,7,1
2022,Iowa,Big Ten,Final,8.0,8,1
2022,LSU,SEC,Final,9.0,9,1
2022,Iowa State,Big 12,Final,10.0,10,1
2022,Indiana,Big Ten,Final,11.0,11,1
2022,Michigan,Big Ten,Final,12.0,12,1
2022,Maryland,Big Ten,Final,13.0,13,1
2022,Ohio State,Big Ten,Final,14.0,14,1
2022,Kentucky,SEC,Final,15.0,15,1
2022,Virginia Tech,ACC,Final,16.0,16,1
2022,UNC,ACC,Final,17.0,17,1
2022,Tennessee,SEC,Final,18.0,18,1
2022,Arizona,Pac-12,Final,19.0,19,1
2022,BYU,WCC,Final,20.0,20,1
2022,Notre Dame,ACC,Final,21.0,21,1
2022,Oklahoma,Big 12,Final,22.0,22,1
2022,Florida Gulf Coast,A-Sun,Final,23.0,23,1
2022,UCF,AAC,Final,24.0,24,1
2022,Princeton,Ivy,Final,25.0,25,1
2022,South Carolina,SEC,11/15,1.0,1,1
2022,Stanford,Pac-12,11/15,7.0,7,1
2022,NC State,ACC,11/15,5.0,5,1
2022,Louisville,ACC,11/15,10.0,10,1
2022,UConn,Big East,11/15,2.0,2,1
2022,Texas,Big 12,11/15,12.0,12,1
2022,Baylor,Big 12,11/15,6.0,6,1
2022,Iowa,Big Ten,11/15,8.0,8,1
2022,Iowa State,Big 12,11/15,14.0,14,1
2022,Indiana,Big Ten,11/15,4.0,4,1
2022,Michigan,Big Ten,11/15,13.0,13,1
2022,Maryland,Big Ten,11/15,3.0,3,1
2022,Ohio State,Big Ten,11/15,21.0,21,1
2022,Kentucky,SEC,11/15,19.0,19,1
2022,Virginia Tech,ACC,11/15,25.0,25,1
2022,Tennessee,SEC,11/15,16.0,16,1
2022,Arizona,Pac-12,11/15,11.0,11,1
2022,Georgia Tech,ACC,11/15,18.0,18,1
2022,Oregon,Pac-12,11/15,9.0,9,1
2022,South Florida,AAC,11/15,23.0,23,1
2022,Texas A&M,SEC,11/15,24.0,24,1
2022,Oregon State,Pac-12,11/15,15.0,15,1
2022,Florida State,ACC,11/15,17.0,17,1
2022,UCLA,Pac-12,11/15,20.0,20,1
2022,West Virginia,Big 12,11/15,22.0,22,1
2022,South Carolina,SEC,11/23,1.0,1,1
2022,Stanford,Pac-12,11/23,7.0,7,1
2022,NC State,ACC,11/23,5.0,5,1
2022,Louisville,ACC,11/23,10.0,10,1
2022,UConn,Big East,11/23,3.0,3,1
2022,Texas,Big 12,11/23,14.0,14,1
2022,Baylor,Big 12,11/23,6.0,6,1
2022,Iowa,Big Ten,11/23,8.0,8,1
2022,Iowa State,Big 12,11/23,13.0,13,1
2022,Indiana,Big Ten,11/23,4.0,4,1
2022,Michigan,Big Ten,11/23,12.0,12,1
2022,Maryland,Big Ten,11/23,2.0,2,1
2022,Ohio State,Big Ten,11/23,21.0,21,1
2022,Kentucky,SEC,11/23,20.0,20,1
2022,Virginia Tech,ACC,11/23,24.0,24,1
2022,Tennessee,SEC,11/23,11.0,11,1
2022,Arizona,Pac-12,11/23,9.0,9,1
2022,Florida Gulf Coast,A-Sun,11/23,25.0,25,1
2022,Oregon,Pac-12,11/23,15.0,15,1
2022,South Florida,AAC,11/23,18.0,18,1
2022,Texas A&M,SEC,11/23,23.0,23,1
2022,Oregon State,Pac-12,11/23,16.0,16,1
2022,Florida State,ACC,11/23,17.0,17,1
2022,UCLA,Pac-12,11/23,19.0,19,1
2022,West Virginia,Big 12,11/23,22.0,22,1
2022,South Carolina,SEC,11/29,1.0,1,1
2022,Stanford,Pac-12,11/29,4.0,4,1
2022,NC State,ACC,11/29,2.0,2,1
2022,Louisville,ACC,11/29,10.0,10,1
2022,UConn,Big East,11/29,2.0,2,1
2022,Texas,Big 12,11/29,15.0,15,1
2022,Baylor,Big 12,11/29,5.0,5,1
2022,Iowa,Big Ten,11/29,9.0,9,1
2022,Iowa State,Big 12,11/29,14.0,14,1
2022,Indiana,Big Ten,11/29,6.0,6,1
2022,Michigan,Big Ten,11/29,12.0,12,1
2022,Maryland,Big Ten,11/29,8.0,8,1
2022,Ohio State,Big Ten,11/29,18.0,18,1
2022,Kentucky,SEC,11/29,16.0,16,1
2022,Tennessee,SEC,11/29,11.0,11,1
2022,Arizona,Pac-12,11/29,7.0,7,1
2022,BYU,WCC,11/29,21.0,21,1
2022,Notre Dame,ACC,11/29,24.0,24,1
2022,Florida Gulf Coast,A-Sun,11/29,22.0,22,1
2022,Georgia,SEC,11/29,20.0,20,1
2022,Oregon,Pac-12,11/29,18.0,18,1
2022,South Florida,AAC,11/29,13.0,13,1
2022,Texas A&M,SEC,11/29,17.0,17,1
2022,Oregon State,Pac-12,11/29,23.0,23,1
2022,Florida State,ACC,11/29,25.0,25,1
2022,South Carolina,SEC,12/6,1.0,1,1
2022,Stanford,Pac-12,12/6,4.0,4,1
2022,NC State,ACC,12/6,2.0,2,1
2022,Louisville,ACC,12/6,7.0,7,1
2022,UConn,Big East,12/6,3.0,3,1
2022,Texas,Big 12,12/6,11.0,11,1
2022,Baylor,Big 12,12/6,5.0,5,1
2022,Iowa,Big Ten,12/6,12.0,12,1
2022,LSU,SEC,12/6,24.0,24,1
2022,Iowa State,Big 12,12/6,15.0,15,1
2022,Indiana,Big Ten,12/6,10.0,10,1
2022,Michigan,Big Ten,12/6,13.0,13,1
2022,Maryland,Big Ten,12/6,8.0,8,1
2022,Ohio State,Big Ten,12/6,20.0,20,1
2022,Kentucky,SEC,12/6,14.0,14,1
2022,Tennessee,SEC,12/6,9.0,9,1
2022,Arizona,Pac-12,12/6,6.0,6,1
2022,BYU,WCC,12/6,16.0,16,1
2022,Notre Dame,ACC,12/6,22.0,22,1
2022,Georgia,SEC,12/6,21.0,21,1
2022,Duke,ACC,12/6,19.0,19,1
2022,Colorado,Pac-12,12/6,25.0,25,1
2022,South Florida,AAC,12/6,17.0,17,1
2022,Texas A&M,SEC,12/6,18.0,18,1
2022,Oregon State,Pac-12,12/6,23.0,23,1
2022,South Carolina,SEC,12/20,1.0,1,1
2022,Stanford,Pac-12,12/20,2.0,2,1
2022,NC State,ACC,12/20,5.0,5,1
2022,Louisville,ACC,12/20,3.0,3,1
2022,UConn,Big East,12/20,11.0,11,1
2022,Texas,Big 12,12/20,12.0,12,1
2022,Baylor,Big 12,12/20,10.0,10,1
2022,Iowa,Big Ten,12/20,15.0,15,1
2022,LSU,SEC,12/20,21.0,21,1
2022,Iowa State,Big 12,12/20,13.0,13,1
2022,Indiana,Big Ten,12/20,8.0,8,1
2022,Michigan,Big Ten,12/20,9.0,9,1
2022,Maryland,Big Ten,12/20,6.0,6,1
2022,Ohio State,Big Ten,12/20,24.0,24,1
2022,Kentucky,SEC,12/20,22.0,22,1
2022,UNC,ACC,12/20,25.0,25,1
2022,Tennessee,SEC,12/20,7.0,7,1
2022,Arizona,Pac-12,12/20,4.0,4,1
2022,BYU,WCC,12/20,19.0,19,1
2022,Notre Dame,ACC,12/20,20.0,20,1
2022,Georgia,SEC,12/20,13.0,13,1
2022,Georgia Tech,ACC,12/20,17.0,17,1
2022,Duke,ACC,12/20,16.0,16,1
2022,South Florida,AAC,12/20,18.0,18,1
2022,Texas A&M,SEC,12/20,23.0,23,1
2022,South Carolina,SEC,12/27,1.0,1,1
2022,Stanford,Pac-12,12/27,2.0,2,1
2022,NC State,ACC,12/27,5.0,5,1
2022,Louisville,ACC,12/27,3.0,3,1
2022,UConn,Big East,12/27,11.0,11,1
2022,Texas,Big 12,12/27,12.0,12,1
2022,Baylor,Big 12,12/27,10.0,10,1
2022,Iowa,Big Ten,12/27,21.0,21,1
2022,LSU,SEC,12/27,19.0,19,1
2022,Iowa State,Big 12,12/27,14.0,14,1
2022,Indiana,Big Ten,12/27,8.0,8,1
2022,Michigan,Big Ten,12/27,9.0,9,1
2022,Maryland,Big Ten,12/27,6.0,6,1
2022,Ohio State,Big Ten,12/27,25.0,25,1
2022,Kentucky,SEC,12/27,20.0,20,1
2022,UNC,ACC,12/27,24.0,24,1
2022,Tennessee,SEC,12/27,7.0,7,1
2022,Arizona,Pac-12,12/27,4.0,4,1
2022,BYU,WCC,12/27,18.0,18,1
2022,Notre Dame,ACC,12/27,17.0,17,1
2022,Georgia,SEC,12/27,13.0,13,1
2022,Georgia Tech,ACC,12/27,16.0,16,1
2022,Duke,ACC,12/27,15.0,15,1
2022,South Florida,AAC,12/27,22.0,22,1
2022,Texas A&M,SEC,12/27,23.0,23,1
2022,South Carolina,SEC,1/3,1.0,1,1
2022,Stanford,Pac-12,1/3,2.0,2,1
2022,NC State,ACC,1/3,5.0,5,1
2022,Louisville,ACC,1/3,3.0,3,1
2022,UConn,Big East,1/3,11.0,11,1
2022,Texas,Big 12,1/3,9.0,9,1
2022,Baylor,Big 12,1/3,14.0,14,1
2022,Iowa,Big Ten,1/3,22.0,22,1
2022,LSU,SEC,1/3,13.0,13,1
2022,Iowa State,Big 12,1/3,12.0,12,1
2022,Indiana,Big Ten,1/3,6.0,6,1
2022,Michigan,Big Ten,1/3,8.0,8,1
2022,Maryland,Big Ten,1/3,10.0,10,1
2022,Kentucky,SEC,1/3,21.0,21,1
2022,UNC,ACC,1/3,19.0,19,1
2022,Tennessee,SEC,1/3,7.0,7,1
2022,Arizona,Pac-12,1/3,4.0,4,1
2022,BYU,WCC,1/3,18.0,18,1
2022,Notre Dame,ACC,1/3,20.0,20,1
2022,Oklahoma,Big 12,1/3,23.0,23,1
2022,Georgia,SEC,1/3,15.0,15,1
2022,Georgia Tech,ACC,1/3,16.0,16,1
2022,Duke,ACC,1/3,17.0,17,1
2022,South Florida,AAC,1/3,24.0,24,1
2022,Texas A&M,SEC,1/3,25.0,25,1
2022,South Carolina,SEC,1/10,1.0,1,1
2022,Stanford,Pac-12,1/10,2.0,2,1
2022,NC State,ACC,1/10,4.0,4,1
2022,Louisville,ACC,1/10,3.0,3,1
2022,UConn,Big East,1/10,10.0,10,1
2022,Texas,Big 12,1/10,13.0,13,1
2022,Baylor,Big 12,1/10,14.0,14,1
2022,LSU,SEC,1/10,12.0,12,1
2022,Iowa State,Big 12,1/10,9.0,9,1
2022,Indiana,Big Ten,1/10,6.0,6,1
2022,Michigan,Big Ten,1/10,11.0,11,1
2022,Maryland,Big Ten,1/10,8.0,8,1
2022,Kentucky,SEC,1/10,19.0,19,1
2022,UNC,ACC,1/10,21.0,21,1
2022,Tennessee,SEC,1/10,5.0,5,1
2022,Arizona,Pac-12,1/10,7.0,7,1
2022,BYU,WCC,1/10,18.0,18,1
2022,Notre Dame,ACC,1/10,20.0,20,1
2022,Oklahoma,Big 12,1/10,23.0,23,1
2022,Georgia,SEC,1/10,17.0,17,1
2022,Georgia Tech,ACC,1/10,15.0,15,1
2022,Kansas State,Big 12,1/10,25.0,25,1
2022,Duke,ACC,1/10,16.0,16,1
2022,Colorado,Pac-12,1/10,22.0,22,1
2022,South Florida,AAC,1/10,24.0,24,1
2022,South Carolina,SEC,1/17,1.0,1,1
2022,Stanford,Pac-12,1/17,2.0,2,1
2022,NC State,ACC,1/17,4.0,4,1
2022,Louisville,ACC,1/17,3.0,3,1
2022,UConn,Big East,1/17,9.0,9,1
2022,Texas,Big 12,1/17,15.0,15,1
2022,Baylor,Big 12,1/17,15.0,15,1
2022,Iowa,Big Ten,1/17,25.0,25,1
2022,LSU,SEC,1/17,11.0,11,1
2022,Iowa State,Big 12,1/17,7.0,7,1
2022,Indiana,Big Ten,1/17,6.0,6,1
2022,Michigan,Big Ten,1/17,8.0,8,1
2022,Maryland,Big Ten,1/17,12.0,12,1
2022,Kentucky,SEC,1/17,23.0,23,1
2022,UNC,ACC,1/17,20.0,20,1
2022,Tennessee,SEC,1/17,5.0,5,1
2022,Arizona,Pac-12,1/17,10.0,10,1
2022,BYU,WCC,1/17,17.0,17,1
2022,Notre Dame,ACC,1/17,19.0,19,1
2022,Oklahoma,Big 12,1/17,14.0,14,1
2022,Florida Gulf Coast,A-Sun,1/17,24.0,24,1
2022,Georgia,SEC,1/17,13.0,13,1
2022,Georgia Tech,ACC,1/17,18.0,18,1
2022,Duke,ACC,1/17,21.0,21,1
2022,Colorado,Pac-12,1/17,22.0,22,1
2022,South Carolina,SEC,1/24,1.0,1,1
2022,Stanford,Pac-12,1/24,2.0,2,1
2022,NC State,ACC,1/24,3.0,3,1
2022,Louisville,ACC,1/24,5.0,5,1
2022,UConn,Big East,1/24,10.0,10,1
2022,Texas,Big 12,1/24,9.0,9,1
2022,Baylor,Big 12,1/24,11.0,11,1
2022,Iowa,Big Ten,1/24,23.0,23,1
2022,LSU,SEC,1/24,12.0,12,1
2022,Iowa State,Big 12,1/24,13.0,13,1
2022,Indiana,Big Ten,1/24,6.0,6,1
2022,Michigan,Big Ten,1/24,7.0,7,1
2022,Maryland,Big Ten,1/24,17.0,17,1
2022,Ohio State,Big Ten,1/24,22.0,22,1
2022,Tennessee,SEC,1/24,4.0,4,1
2022,Arizona,Pac-12,1/24,8.0,8,1
2022,BYU,WCC,1/24,16.0,16,1
2022,Notre Dame,ACC,1/24,20.0,20,1
2022,Oklahoma,Big 12,1/24,18.0,18,1
2022,Georgia,SEC,1/24,15.0,15,1
2022,Georgia Tech,ACC,1/24,14.0,14,1
2022,Oregon,Pac-12,1/24,19.0,19,1
2022,Kansas State,Big 12,1/24,25.0,25,1
2022,Duke,ACC,1/24,21.0,21,1
2022,Ole Miss,SEC,1/24,24.0,24,1
2022,South Carolina,SEC,1/31,1.0,1,1
2022,Stanford,Pac-12,1/31,2.0,2,1
2022,NC State,ACC,1/31,3.0,3,1
2022,Louisville,ACC,1/31,4.0,4,1
2022,UConn,Big East,1/31,10.0,10,1
2022,Texas,Big 12,1/31,13.0,13,1
2022,Baylor,Big 12,1/31,9.0,9,1
2022,Iowa,Big Ten,1/31,21.0,21,1
2022,LSU,SEC,1/31,15.0,15,1
2022,Iowa State,Big 12,1/31,11.0,11,1
2022,Indiana,Big Ten,1/31,5.0,5,1
2022,Michigan,Big Ten,1/31,6.0,6,1
2022,Maryland,Big Ten,1/31,17.0,17,1
2022,Ohio State,Big Ten,1/31,23.0,23,1
2022,UNC,ACC,1/31,24.0,24,1
2022,Tennessee,SEC,1/31,7.0,7,1
2022,Arizona,Pac-12,1/31,8.0,8,1
2022,BYU,WCC,1/31,16.0,16,1
2022,Notre Dame,ACC,1/31,20.0,20,1
2022,Oklahoma,Big 12,1/31,18.0,18,1
2022,Florida Gulf Coast,A-Sun,1/31,22.0,22,1
2022,Georgia,SEC,1/31,14.0,14,1
2022,Georgia Tech,ACC,1/31,12.0,12,1
2022,Oregon,Pac-12,1/31,19.0,19,1
2022,Kansas State,Big 12,1/31,25.0,25,1
2022,South Carolina,SEC,2/7,1.0,1,1
2022,Stanford,Pac-12,2/7,2.0,2,1
2022,NC State,ACC,2/7,5.0,5,1
2022,Louisville,ACC,2/7,3.0,3,1
2022,UConn,Big East,2/7,8.0,8,1
2022,Texas,Big 12,2/7,16.0,16,1
2022,Baylor,Big 12,2/7,10.0,10,1
2022,Iowa,Big Ten,2/7,25.0,25,1
2022,LSU,SEC,2/7,14.0,14,1
2022,Iowa State,Big 12,2/7,9.0,9,1
2022,Indiana,Big Ten,2/7,7.0,7,1
2022,Michigan,Big Ten,2/7,4.0,4,1
2022,Maryland,Big Ten,2/7,15.0,15,1
2022,Ohio State,Big Ten,2/7,21.0,21,1
2022,UNC,ACC,2/7,23.0,23,1
2022,Tennessee,SEC,2/7,13.0,13,1
2022,Arizona,Pac-12,2/7,6.0,6,1
2022,BYU,WCC,2/7,20.0,20,1
2022,Notre Dame,ACC,2/7,18.0,18,1
2022,Oklahoma,Big 12,2/7,12.0,12,1
2022,Florida Gulf Coast,A-Sun,2/7,22.0,22,1
2022,Florida,SEC,2/7,19.0,19,1
2022,Georgia,SEC,2/7,17.0,17,1
2022,Georgia Tech,ACC,2/7,11.0,11,1
2022,Oregon,Pac-12,2/7,24.0,24,1
2022,South Carolina,SEC,2/14,1.0,1,1
2022,Stanford,Pac-12,2/14,2.0,2,1
2022,NC State,ACC,2/14,4.0,4,1
2022,Louisville,ACC,2/14,3.0,3,1
2022,UConn,Big East,2/14,10.0,10,1
2022,Texas,Big 12,2/14,14.0,14,1
2022,Baylor,Big 12,2/14,7.0,7,1
2022,Iowa,Big Ten,2/14,22.0,22,1
2022,LSU,SEC,2/14,11.0,11,1
2022,Iowa State,Big 12,2/14,6.0,6,1
2022,Indiana,Big Ten,2/14,5.0,5,1
2022,Michigan,Big Ten,2/14,9.0,9,1
2022,Maryland,Big Ten,2/14,13.0,13,1
2022,Ohio State,Big Ten,2/14,18.0,18,1
2022,Virginia Tech,ACC,2/14,23.0,23,1
2022,UNC,ACC,2/14,24.0,24,1
2022,Tennessee,SEC,2/14,12.0,12,1
2022,Arizona,Pac-12,2/14,8.0,8,1
2022,BYU,WCC,2/14,20.0,20,1
2022,Notre Dame,ACC,2/14,19.0,19,1
2022,Oklahoma,Big 12,2/14,15.0,15,1
2022,Florida Gulf Coast,A-Sun,2/14,25.0,25,1
2022,Florida,SEC,2/14,17.0,17,1
2022,Georgia,SEC,2/14,21.0,21,1
2022,Georgia Tech,ACC,2/14,16.0,16,1
2022,South Carolina,SEC,2/21,1.0,1,1
2022,Stanford,Pac-12,2/21,2.0,2,1
2022,NC State,ACC,2/21,3.0,3,1
2022,Louisville,ACC,2/21,4.0,4,1
2022,UConn,Big East,2/21,7.0,7,1
2022,Texas,Big 12,2/21,11.0,11,1
2022,Baylor,Big 12,2/21,5.0,5,1
2022,Iowa,Big Ten,2/21,21.0,21,1
2022,LSU,SEC,2/21,8.0,8,1
2022,Iowa State,Big 12,2/21,9.0,9,1
2022,Indiana,Big Ten,2/21,10.0,10,1
2022,Michigan,Big Ten,2/21,6.0,6,1
2022,Maryland,Big Ten,2/21,13.0,13,1
2022,Ohio State,Big Ten,2/21,17.0,17,1
2022,Virginia Tech,ACC,2/21,23.0,23,1
2022,UNC,ACC,2/21,18.0,18,1
2022,Tennessee,SEC,2/21,16.0,16,1
2022,Arizona,Pac-12,2/21,12.0,12,1
2022,BYU,WCC,2/21,19.0,19,1
2022,Notre Dame,ACC,2/21,14.0,14,1
2022,Oklahoma,Big 12,2/21,20.0,20,1
2022,Florida Gulf Coast,A-Sun,2/21,24.0,24,1
2022,Florida,SEC,2/21,15.0,15,1
2022,Georgia,SEC,2/21,25.0,25,1
2022,Georgia Tech,ACC,2/21,22.0,22,1
2022,Oregon,Pac-12,2/21,25.0,25,1
2022,South Carolina,SEC,3/7,1.0,1,1
2022,Stanford,Pac-12,3/7,2.0,2,1
2022,NC State,ACC,3/7,3.0,3,1
2022,Louisville,ACC,3/7,5.0,5,1
2022,UConn,Big East,3/7,6.0,6,1
2022,Texas,Big 12,3/7,7.0,7,1
2022,Baylor,Big 12,3/7,4.0,4,1
2022,Iowa,Big Ten,3/7,8.0,8,1
2022,LSU,SEC,3/7,9.0,9,1
2022,Iowa State,Big 12,3/7,10.0,10,1
2022,Indiana,Big Ten,3/7,11.0,11,1
2022,Michigan,Big Ten,3/7,12.0,12,1
2022,Maryland,Big Ten,3/7,13.0,13,1
2022,Ohio State,Big Ten,3/7,14.0,14,1
2022,Kentucky,SEC,3/7,16.0,16,1
2022,Virginia Tech,ACC,3/7,17.0,17,1
2022,UNC,ACC,3/7,18.0,18,1
2022,Tennessee,SEC,3/7,19.0,19,1
2022,Arizona,Pac-12,3/7,20.0,20,1
2022,BYU,WCC,3/7,15.0,15,1
2022,Notre Dame,ACC,3/7,22.0,22,1
2022,Oklahoma,Big 12,3/7,21.0,21,1
2022,Florida Gulf Coast,A-Sun,3/7,23.0,23,1
2022,UCF,AAC,3/7,25.0,25,1
2022,Princeton,Ivy,3/7,24.0,24,1
2023,South Carolina,SEC,Pre,1.0,1,1
2023,Iowa,Big Ten,Pre,4.0,4,1
2023,Indiana,Big Ten,Pre,11.0,11,1
2023,Virginia Tech,ACC,Pre,13.0,13,1
2023,Stanford,Pac-12,Pre,2.0,2,1
2023,Maryland,Big Ten,Pre,17.0,17,1
2023,UConn,Big East,Pre,6.0,6,1
2023,LSU,SEC,Pre,16.0,16,1
2023,Notre Dame,ACC,Pre,9.0,9,1
2023,Ohio State,Big Ten,Pre,14.0,14,1
2023,Oklahoma,Big 12,Pre,15.0,15,1
2023,Texas,Big 12,Pre,3.0,3,1
2023,Michigan,Big Ten,Pre,25.0,25,1
2023,UNC,ACC,Pre,12.0,12,1
2023,Tennessee,SEC,Pre,5.0,5,1
2023,Arizona,Pac-12,Pre,19.0,19,1
2023,Iowa State,Big 12,Pre,8.0,8,1
2023,NC State,ACC,Pre,10.0,10,1
2023,Oregon,Pac-12,Pre,20.0,20,1
2023,Baylor,Big 12,Pre,18.0,18,1
2023,Creighton,Big East,Pre,21.0,21,1
2023,Louisville,ACC,Pre,7.0,7,1
2023,Nebraska,Big Ten,Pre,22.0,22,1
2023,South Dakota State,Summit,Pre,23.0,23,1
2023,Princeton,Ivy,Pre,24.0,24,1
2023,South Carolina,SEC,11/14,1.0,1,1
2023,Iowa,Big Ten,11/14,4.0,4,1
2023,Indiana,Big Ten,11/14,12.0,12,1
2023,Virginia Tech,ACC,11/14,14.0,14,1
2023,Stanford,Pac-12,11/14,2.0,2,1
2023,Maryland,Big Ten,11/14,19.0,19,1
2023,UConn,Big East,11/14,5.0,5,1
2023,Utah,Pac-12,11/14,25.0,25,1
2023,LSU,SEC,11/14,15.0,15,1
2023,Villanova,Big East,11/14,24.0,24,1
2023,Notre Dame,ACC,11/14,9.0,9,1
2023,Ohio State,Big Ten,11/14,8.0,8,1
2023,Oklahoma,Big 12,11/14,16.0,16,1
2023,Texas,Big 12,11/14,3.0,3,1
2023,Michigan,Big Ten,11/14,23.0,23,1
2023,UNC,ACC,11/14,13.0,13,1
2023,Tennessee,SEC,11/14,11.0,11,1
2023,Arizona,Pac-12,11/14,18.0,18,1
2023,Iowa State,Big 12,11/14,7.0,7,1
2023,NC State,ACC,11/14,10.0,10,1
2023,Oregon,Pac-12,11/14,21.0,21,1
2023,Baylor,Big 12,11/14,17.0,17,1
2023,Creighton,Big East,11/14,20.0,20,1
2023,Louisville,ACC,11/14,6.0,6,1
2023,Nebraska,Big Ten,11/14,22.0,22,1
2023,South Carolina,SEC,11/21,1.0,1,1
2023,Iowa,Big Ten,11/21,9.0,9,1
2023,Indiana,Big Ten,11/21,6.0,6,1
2023,Virginia Tech,ACC,11/21,11.0,11,1
2023,Stanford,Pac-12,11/21,2.0,2,1
2023,Maryland,Big Ten,11/21,14.0,14,1
2023,UConn,Big East,11/21,3.0,3,1
2023,Utah,Pac-12,11/21,17.0,17,1
2023,LSU,SEC,11/21,12.0,12,1
2023,Villanova,Big East,11/21,23.0,23,1
2023,Notre Dame,ACC,11/21,7.0,7,1
2023,Ohio State,Big Ten,11/21,4.0,4,1
2023,Texas,Big 12,11/21,19.0,19,1
2023,UCLA,Pac-12,11/21,20.0,20,1
2023,Michigan,Big Ten,11/21,22.0,22,1
2023,UNC,ACC,11/21,8.0,8,1
2023,Tennessee,SEC,11/21,23.0,23,1
2023,Arizona,Pac-12,11/21,15.0,15,1
2023,Iowa State,Big 12,11/21,5.0,5,1
2023,NC State,ACC,11/21,13.0,13,1
2023,Oregon,Pac-12,11/21,18.0,18,1
2023,Baylor,Big 12,11/21,21.0,21,1
2023,Creighton,Big East,11/21,16.0,16,1
2023,Kansas State,Big 12,11/21,25.0,25,1
2023,Louisville,ACC,11/21,10.0,10,1
2023,South Carolina,SEC,11/28,1.0,1,1
2023,Iowa,Big Ten,11/28,10.0,10,1
2023,Indiana,Big Ten,11/28,5.0,5,1
2023,Virginia Tech,ACC,11/28,9.0,9,1
2023,Stanford,Pac-12,11/28,2.0,2,1
2023,Maryland,Big Ten,11/28,20.0,20,1
2023,UConn,Big East,11/28,3.0,3,1
2023,Utah,Pac-12,11/28,16.0,16,1
2023,LSU,SEC,11/28,11.0,11,1
2023,Villanova,Big East,11/28,25.0,25,1
2023,Notre Dame,ACC,11/28,7.0,7,1
2023,Ohio State,Big Ten,11/28,4.0,4,1
2023,Texas,Big 12,11/28,22.0,22,1
2023,Gonzaga,WCC,11/28,23.0,23,1
2023,UCLA,Pac-12,11/28,15.0,15,1
2023,Michigan,Big Ten,11/28,17.0,17,1
2023,UNC,ACC,11/28,6.0,6,1
2023,Arizona,Pac-12,11/28,14.0,14,1
2023,Iowa State,Big 12,11/28,8.0,8,1
2023,NC State,ACC,11/28,12.0,12,1
2023,Oregon,Pac-12,11/28,19.0,19,1
2023,Baylor,Big 12,11/28,21.0,21,1
2023,Creighton,Big East,11/28,13.0,13,1
2023,Louisville,ACC,11/28,18.0,18,1
2023,Marquette,Big East,11/28,24.0,24,1
2023,South Carolina,SEC,12/5,1.0,1,1
2023,Iowa,Big Ten,12/5,16.0,16,1
2023,Indiana,Big Ten,12/5,4.0,4,1
2023,Virginia Tech,ACC,12/5,7.0,7,1
2023,Stanford,Pac-12,12/5,2.0,2,1
2023,Maryland,Big Ten,12/5,20.0,20,1
2023,UConn,Big East,12/5,6.0,6,1
2023,Utah,Pac-12,12/5,15.0,15,1
2023,LSU,SEC,12/5,11.0,11,1
2023,Villanova,Big East,12/5,25.0,25,1
2023,Notre Dame,ACC,12/5,5.0,5,1
2023,Ohio State,Big Ten,12/5,3.0,3,1
2023,Oklahoma,Big 12,12/5,23.0,23,1
2023,Gonzaga,WCC,12/5,22.0,22,1
2023,UCLA,Pac-12,12/5,13.0,13,1
2023,Michigan,Big Ten,12/5,14.0,14,1
2023,UNC,ACC,12/5,8.0,8,1
2023,Arizona,Pac-12,12/5,12.0,12,1
2023,Iowa State,Big 12,12/5,10.0,10,1
2023,NC State,ACC,12/5,9.0,9,1
2023,Oregon,Pac-12,12/5,17.0,17,1
2023,Baylor,Big 12,12/5,19.0,19,1
2023,Creighton,Big East,12/5,18.0,18,1
2023,Arkansas,SEC,12/5,21.0,21,1
2023,Kansas State,Big 12,12/5,24.0,24,1
2023,South Carolina,SEC,12/13,1.0,1,1
2023,Iowa,Big Ten,12/13,12.0,12,1
2023,Indiana,Big Ten,12/13,4.0,4,1
2023,Virginia Tech,ACC,12/13,6.0,6,1
2023,Stanford,Pac-12,12/13,2.0,2,1
2023,Maryland,Big Ten,12/13,15.0,15,1
2023,UConn,Big East,12/13,9.0,9,1
2023,Utah,Pac-12,12/13,13.0,13,1
2023,LSU,SEC,12/13,11.0,11,1
2023,Villanova,Big East,12/13,25.0,25,1
2023,Notre Dame,ACC,12/13,5.0,5,1
2023,Ohio State,Big Ten,12/13,3.0,3,1
2023,Oklahoma,Big 12,12/13,24.0,24,1
2023,Gonzaga,WCC,12/13,23.0,23,1
2023,UCLA,Pac-12,12/13,10.0,10,1
2023,Michigan,Big Ten,12/13,19.0,19,1
2023,UNC,ACC,12/13,7.0,7,1
2023,Arizona,Pac-12,12/13,20.0,20,1
2023,Iowa State,Big 12,12/13,14.0,14,1
2023,NC State,ACC,12/13,8.0,8,1
2023,Oregon,Pac-12,12/13,17.0,17,1
2023,Baylor,Big 12,12/13,18.0,18,1
2023,Kansas,Big 12,12/13,22.0,22,1
2023,Creighton,Big East,12/13,16.0,16,1
2023,Arkansas,SEC,12/13,21.0,21,1
2023,South Carolina,SEC,12/19,1.0,1,1
2023,Iowa,Big Ten,12/19,13.0,13,1
2023,Indiana,Big Ten,12/19,4.0,4,1
2023,Virginia Tech,ACC,12/19,8.0,8,1
2023,Stanford,Pac-12,12/19,2.0,2,1
2023,Maryland,Big Ten,12/19,15.0,15,1
2023,UConn,Big East,12/19,9.0,9,1
2023,Utah,Pac-12,12/19,12.0,12,1
2023,LSU,SEC,12/19,10.0,10,1
2023,Notre Dame,ACC,12/19,5.0,5,1
2023,Ohio State,Big Ten,12/19,3.0,3,1
2023,Oklahoma,Big 12,12/19,23.0,23,1
2023,Gonzaga,WCC,12/19,22.0,22,1
2023,UCLA,Pac-12,12/19,11.0,11,1
2023,Michigan,Big Ten,12/19,19.0,19,1
2023,UNC,ACC,12/19,6.0,6,1
2023,Arizona,Pac-12,12/19,18.0,18,1
2023,Iowa State,Big 12,12/19,14.0,14,1
2023,NC State,ACC,12/19,7.0,7,1
2023,Oregon,Pac-12,12/19,16.0,16,1
2023,Baylor,Big 12,12/19,24.0,24,1
2023,Kansas,Big 12,12/19,20.0,20,1
2023,St. John's (NY),Big East,12/19,25.0,25,1
2023,Creighton,Big East,12/19,21.0,21,1
2023,Arkansas,SEC,12/19,17.0,17,1
2023,South Carolina,SEC,12/26,1.0,1,1
2023,Iowa,Big Ten,12/26,12.0,12,1
2023,Indiana,Big Ten,12/26,4.0,4,1
2023,Virginia Tech,ACC,12/26,7.0,7,1
2023,Stanford,Pac-12,12/26,2.0,2,1
2023,Maryland,Big Ten,12/26,16.0,16,1
2023,UConn,Big East,12/26,8.0,8,1
2023,Utah,Pac-12,12/26,11.0,11,1
2023,LSU,SEC,12/26,9.0,9,1
2023,Notre Dame,ACC,12/26,5.0,5,1
2023,Ohio State,Big Ten,12/26,3.0,3,1
2023,Oklahoma,Big 12,12/26,20.0,20,1
2023,Gonzaga,WCC,12/26,19.0,19,1
2023,UCLA,Pac-12,12/26,10.0,10,1
2023,Michigan,Big Ten,12/26,14.0,14,1
2023,UNC,ACC,12/26,13.0,13,1
2023,Arizona,Pac-12,12/26,18.0,18,1
2023,Iowa State,Big 12,12/26,15.0,15,1
2023,NC State,ACC,12/26,6.0,6,1
2023,Oregon,Pac-12,12/26,17.0,17,1
2023,Baylor,Big 12,12/26,23.0,23,1
2023,Kansas,Big 12,12/26,22.0,22,1
2023,St. John's (NY),Big East,12/26,25.0,25,1
2023,Creighton,Big East,12/26,21.0,21,1
2023,Arkansas,SEC,12/26,24.0,24,1
2023,South Carolina,SEC,1/2,1.0,1,1
2023,Iowa,Big Ten,1/2,16.0,16,1
2023,Indiana,Big Ten,1/2,6.0,6,1
2023,Virginia Tech,ACC,1/2,9.0,9,1
2023,Stanford,Pac-12,1/2,2.0,2,1
2023,Maryland,Big Ten,1/2,13.0,13,1
2023,UConn,Big East,1/2,5.0,5,1
2023,Utah,Pac-12,1/2,8.0,8,1
2023,LSU,SEC,1/2,7.0,7,1
2023,Notre Dame,ACC,1/2,4.0,4,1
2023,Ohio State,Big Ten,1/2,3.0,3,1
2023,Duke,ACC,1/2,19.0,19,1
2023,Oklahoma,Big 12,1/2,17.0,17,1
2023,Gonzaga,WCC,1/2,20.0,20,1
2023,UCLA,Pac-12,1/2,12.0,12,1
2023,Michigan,Big Ten,1/2,14.0,14,1
2023,UNC,ACC,1/2,22.0,22,1
2023,Arizona,Pac-12,1/2,15.0,15,1
2023,Iowa State,Big 12,1/2,11.0,11,1
2023,NC State,ACC,1/2,10.0,10,1
2023,Oregon,Pac-12,1/2,18.0,18,1
2023,Baylor,Big 12,1/2,23.0,23,1
2023,Kansas,Big 12,1/2,21.0,21,1
2023,St. John's (NY),Big East,1/2,24.0,24,1
2023,Creighton,Big East,1/2,25.0,25,1
2023,South Carolina,SEC,1/9,1.0,1,1
2023,Iowa,Big Ten,1/9,12.0,12,1
2023,Indiana,Big Ten,1/9,6.0,6,1
2023,Virginia Tech,ACC,1/9,13.0,13,1
2023,Stanford,Pac-12,1/9,2.0,2,1
2023,Maryland,Big Ten,1/9,9.0,9,1
2023,UConn,Big East,1/9,4.0,4,1
2023,Utah,Pac-12,1/9,10.0,10,1
2023,LSU,SEC,1/9,5.0,5,1
2023,Villanova,Big East,1/9,25.0,25,1
2023,Notre Dame,ACC,1/9,7.0,7,1
2023,Ohio State,Big Ten,1/9,3.0,3,1
2023,Duke,ACC,1/9,16.0,16,1
2023,Oklahoma,Big 12,1/9,19.0,19,1
2023,Gonzaga,WCC,1/9,20.0,20,1
2023,UCLA,Pac-12,1/9,8.0,8,1
2023,Michigan,Big Ten,1/9,17.0,17,1
2023,UNC,ACC,1/9,22.0,22,1
2023,Arizona,Pac-12,1/9,14.0,14,1
2023,Iowa State,Big 12,1/9,15.0,15,1
2023,Illinois,Big Ten,1/9,24.0,24,1
2023,NC State,ACC,1/9,11.0,11,1
2023,Oregon,Pac-12,1/9,21.0,21,1
2023,Baylor,Big 12,1/9,18.0,18,1
2023,Kansas,Big 12,1/9,23.0,23,1
2023,South Carolina,SEC,1/16,1.0,1,1
2023,Iowa,Big Ten,1/16,10.0,10,1
2023,Indiana,Big Ten,1/16,6.0,6,1
2023,Virginia Tech,ACC,1/16,12.0,12,1
2023,Stanford,Pac-12,1/16,4.0,4,1
2023,Maryland,Big Ten,1/16,11.0,11,1
2023,UConn,Big East,1/16,5.0,5,1
2023,Utah,Pac-12,1/16,8.0,8,1
2023,LSU,SEC,1/16,3.0,3,1
2023,Villanova,Big East,1/16,22.0,22,1
2023,Notre Dame,ACC,1/16,7.0,7,1
2023,Ohio State,Big Ten,1/16,2.0,2,1
2023,Duke,ACC,1/16,13.0,13,1
2023,Oklahoma,Big 12,1/16,15.0,15,1
2023,Texas,Big 12,1/16,25.0,25,1
2023,Gonzaga,WCC,1/16,16.0,16,1
2023,UCLA,Pac-12,1/16,9.0,9,1
2023,Michigan,Big Ten,1/16,14.0,14,1
2023,UNC,ACC,1/16,17.0,17,1
2023,Colorado,Pac-12,1/16,24.0,24,1
2023,Arizona,Pac-12,1/16,19.0,19,1
2023,Iowa State,Big 12,1/16,18.0,18,1
2023,Illinois,Big Ten,1/16,21.0,21,1
2023,NC State,ACC,1/16,20.0,20,1
2023,Oregon,Pac-12,1/16,23.0,23,1
2023,South Carolina,SEC,1/23,1.0,1,1
2023,Iowa,Big Ten,1/23,10.0,10,1
2023,Indiana,Big Ten,1/23,6.0,6,1
2023,Virginia Tech,ACC,1/23,12.0,12,1
2023,Stanford,Pac-12,1/23,3.0,3,1
2023,Maryland,Big Ten,1/23,10.0,10,1
2023,UConn,Big East,1/23,5.0,5,1
2023,Utah,Pac-12,1/23,9.0,9,1
2023,LSU,SEC,1/23,4.0,4,1
2023,Villanova,Big East,1/23,21.0,21,1
2023,Notre Dame,ACC,1/23,7.0,7,1
2023,Ohio State,Big Ten,1/23,2.0,2,1
2023,Duke,ACC,1/23,16.0,16,1
2023,Oklahoma,Big 12,1/23,14.0,14,1
2023,Gonzaga,WCC,1/23,17.0,17,1
2023,UCLA,Pac-12,1/23,8.0,8,1
2023,Michigan,Big Ten,1/23,13.0,13,1
2023,UNC,ACC,1/23,15.0,15,1
2023,Colorado,Pac-12,1/23,25.0,25,1
2023,Arizona,Pac-12,1/23,19.0,19,1
2023,Middle Tennessee,CUSA,1/23,23.0,23,1
2023,Iowa State,Big 12,1/23,18.0,18,1
2023,Florida State,ACC,1/23,24.0,24,1
2023,Illinois,Big Ten,1/23,22.0,22,1
2023,NC State,ACC,1/23,20.0,20,1
2023,South Carolina,SEC,1/30,1.0,1,1
2023,Iowa,Big Ten,1/30,6.0,6,1
2023,Indiana,Big Ten,1/30,4.0,4,1
2023,Virginia Tech,ACC,1/30,13.0,13,1
2023,Stanford,Pac-12,1/30,2.0,2,1
2023,Maryland,Big Ten,1/30,8.0,8,1
2023,UConn,Big East,1/30,5.0,5,1
2023,Utah,Pac-12,1/30,7.0,7,1
2023,LSU,SEC,1/30,3.0,3,1
2023,Villanova,Big East,1/30,19.0,19,1
2023,Notre Dame,ACC,1/30,9.0,9,1
2023,Ohio State,Big Ten,1/30,10.0,10,1
2023,Duke,ACC,1/30,16.0,16,1
2023,Oklahoma,Big 12,1/30,20.0,20,1
2023,Texas,Big 12,1/30,24.0,24,1
2023,Gonzaga,WCC,1/30,17.0,17,1
2023,UCLA,Pac-12,1/30,14.0,14,1
2023,Michigan,Big Ten,1/30,18.0,18,1
2023,UNC,ACC,1/30,11.0,11,1
2023,Arizona,Pac-12,1/30,22.0,22,1
2023,Middle Tennessee,CUSA,1/30,21.0,21,1
2023,Iowa State,Big 12,1/30,12.0,12,1
2023,South Florida,AAC,1/30,25.0,25,1
2023,Florida State,ACC,1/30,23.0,23,1
2023,NC State,ACC,1/30,15.0,15,1
2023,South Carolina,SEC,2/6,1.0,1,1
2023,Iowa,Big Ten,2/6,5.0,5,1
2023,Indiana,Big Ten,2/6,2.0,2,1
2023,Virginia Tech,ACC,2/6,11.0,11,1
2023,Stanford,Pac-12,2/6,6.0,6,1
2023,Maryland,Big Ten,2/6,8.0,8,1
2023,UConn,Big East,2/6,4.0,4,1
2023,Utah,Pac-12,2/6,7.0,7,1
2023,LSU,SEC,2/6,3.0,3,1
2023,Villanova,Big East,2/6,15.0,15,1
2023,Notre Dame,ACC,2/6,10.0,10,1
2023,Ohio State,Big Ten,2/6,13.0,13,1
2023,Duke,ACC,2/6,9.0,9,1
2023,Oklahoma,Big 12,2/6,16.0,16,1
2023,Texas,Big 12,2/6,20.0,20,1
2023,Gonzaga,WCC,2/6,23.0,23,1
2023,UCLA,Pac-12,2/6,18.0,18,1
2023,Michigan,Big Ten,2/6,12.0,12,1
2023,UNC,ACC,2/6,14.0,14,1
2023,Colorado,Pac-12,2/6,25.0,25,1
2023,Arizona,Pac-12,2/6,17.0,17,1
2023,Iowa State,Big 12,2/6,21.0,21,1
2023,South Florida,AAC,2/6,24.0,24,1
2023,Florida State,ACC,2/6,19.0,19,1
2023,NC State,ACC,2/6,22.0,22,1
2023,South Carolina,SEC,2/13,1.0,1,1
2023,Iowa,Big Ten,2/13,7.0,7,1
2023,Indiana,Big Ten,2/13,2.0,2,1
2023,Virginia Tech,ACC,2/13,11.0,11,1
2023,Stanford,Pac-12,2/13,3.0,3,1
2023,Maryland,Big Ten,2/13,8.0,8,1
2023,UConn,Big East,2/13,6.0,6,1
2023,Utah,Pac-12,2/13,4.0,4,1
2023,LSU,SEC,2/13,5.0,5,1
2023,Villanova,Big East,2/13,14.0,14,1
2023,Notre Dame,ACC,2/13,10.0,10,1
2023,Ohio State,Big Ten,2/13,13.0,13,1
2023,Duke,ACC,2/13,9.0,9,1
2023,Oklahoma,Big 12,2/13,15.0,15,1
2023,Texas,Big 12,2/13,17.0,17,1
2023,Gonzaga,WCC,2/13,20.0,20,1
2023,UCLA,Pac-12,2/13,16.0,16,1
2023,Michigan,Big Ten,2/13,12.0,12,1
2023,UNC,ACC,2/13,19.0,19,1
2023,Colorado,Pac-12,2/13,21.0,21,1
2023,UNLV,MWC,2/13,23.0,23,1
2023,Arizona,Pac-12,2/13,18.0,18,1
2023,Iowa State,Big 12,2/13,22.0,22,1
2023,Florida State,ACC,2/13,24.0,24,1
2023,USC,Pac-12,2/13,25.0,25,1
2023,South Carolina,SEC,2/20,1.0,1,1
2023,Iowa,Big Ten,2/20,6.0,6,1
2023,Indiana,Big Ten,2/20,2.0,2,1
2023,Virginia Tech,ACC,2/20,9.0,9,1
2023,Stanford,Pac-12,2/20,3.0,3,1
2023,Maryland,Big Ten,2/20,7.0,7,1
2023,UConn,Big East,2/20,4.0,4,1
2023,Utah,Pac-12,2/20,8.0,8,1
2023,LSU,SEC,2/20,5.0,5,1
2023,Villanova,Big East,2/20,15.0,15,1
2023,Notre Dame,ACC,2/20,10.0,10,1
2023,Ohio State,Big Ten,2/20,16.0,16,1
2023,Duke,ACC,2/20,11.0,11,1
2023,Oklahoma,Big 12,2/20,13.0,13,1
2023,Texas,Big 12,2/20,19.0,19,1
2023,Gonzaga,WCC,2/20,18.0,18,1
2023,UCLA,Pac-12,2/20,17.0,17,1
2023,Michigan,Big Ten,2/20,12.0,12,1
2023,UNC,ACC,2/20,22.0,22,1
2023,Colorado,Pac-12,2/20,21.0,21,1
2023,UNLV,MWC,2/20,24.0,24,1
2023,Arizona,Pac-12,2/20,14.0,14,1
2023,Middle Tennessee,CUSA,2/20,25.0,25,1
2023,Iowa State,Big 12,2/20,20.0,20,1
2023,Florida State,ACC,2/20,23.0,23,1
2023,Illinois,Big Ten,2/20,25.0,25,1
2023,South Carolina,SEC,2/28,1.0,1,1
2023,Iowa,Big Ten,2/28,7.0,7,1
2023,Indiana,Big Ten,2/28,2.0,2,1
2023,Virginia Tech,ACC,2/28,8.0,8,1
2023,Stanford,Pac-12,2/28,6.0,6,1
2023,Maryland,Big Ten,2/28,5.0,5,1
2023,UConn,Big East,2/28,9.0,9,1
2023,Utah,Pac-12,2/28,3.0,3,1
2023,LSU,SEC,2/28,4.0,4,1
2023,Villanova,Big East,2/28,11.0,11,1
2023,Notre Dame,ACC,2/28,10.0,10,1
2023,Ohio State,Big Ten,2/28,14.0,14,1
2023,Duke,ACC,2/28,13.0,13,1
2023,Oklahoma,Big 12,2/28,16.0,16,1
2023,Texas,Big 12,2/28,12.0,12,1
2023,Gonzaga,WCC,2/28,15.0,15,1
2023,UCLA,Pac-12,2/28,19.0,19,1
2023,Michigan,Big Ten,2/28,17.0,17,1
2023,UNC,ACC,2/28,18.0,18,1
2023,Colorado,Pac-12,2/28,20.0,20,1
2023,UNLV,MWC,2/28,22.0,22,1
2023,Arizona,Pac-12,2/28,21.0,21,1
2023,Middle Tennessee,CUSA,2/28,24.0,24,1
2023,Iowa State,Big 12,2/28,23.0,23,1
2023,South Florida,AAC,2/28,25.0,25,1
2023,South Carolina,SEC,Final,1.0,1,1
2023,Iowa,Big Ten,Final,2.0,2,1
2023,Indiana,Big Ten,Final,3.0,3,1
2023,Virginia Tech,ACC,Final,4.0,4,1
2023,Stanford,Pac-12,Final,5.0,5,1
2023,Maryland,Big Ten,Final,6.0,6,1
2023,UConn,Big East,Final,7.0,7,1
2023,Utah,Pac-12,Final,8.0,8,1
2023,LSU,SEC,Final,9.0,9,1
2023,Villanova,Big East,Final,10.0,10,1
2023,Notre Dame,ACC,Final,11.0,11,1
2023,Ohio State,Big Ten,Final,12.0,12,1
2023,Duke,ACC,Final,13.0,13,1
2023,Oklahoma,Big 12,Final,14.0,14,1
2023,Texas,Big 12,Final,15.0,15,1
2023,Gonzaga,WCC,Final,16.0,16,1
2023,UCLA,Pac-12,Final,17.0,17,1
2023,Michigan,Big Ten,Final,18.0,18,1
2023,UNC,ACC,Final,19.0,19,1
2023,Colorado,Pac-12,Final,20.0,20,1
2023,UNLV,MWC,Final,21.0,21,1
2023,Washington State,Pac-12,Final,22.0,22,1
2023,Tennessee,SEC,Final,23.0,23,1
2023,Arizona,Pac-12,Final,24.0,24,1
2023,Middle Tennessee,CUSA,Final,25.0,25,1
2024,South Carolina,SEC,Pre,6.0,6,1
2024,Iowa,Big Ten,Pre,3.0,3,1
2024,UConn,Big East,Pre,2.0,2,1
2024,USC,Pac-12,Pre,21.0,21,1
2024,LSU,SEC,Pre,1.0,1,1
2024,Texas,Big 12,Pre,13.0,13,1
2024,Stanford,Pac-12,Pre,15.0,15,1
2024,UCLA,Pac-12,Pre,4.0,4,1
2024,Notre Dame,ACC,Pre,10.0,10,1
2024,Indiana,Big Ten,Pre,9.0,9,1
2024,Baylor,Big 12,Pre,19.0,19,1
2024,Colorado,Pac-12,Pre,20.0,20,1
2024,Ohio State,Big Ten,Pre,7.0,7,1
2024,Virginia Tech,ACC,Pre,8.0,8,1
2024,Utah,Pac-12,Pre,5.0,5,1
2024,Creighton,Big East,Pre,22.0,22,1
2024,Louisville,ACC,Pre,17.0,17,1
2024,UNC,ACC,Pre,16.0,16,1
2024,Florida State,ACC,Pre,18.0,18,1
2024,Washington State,Pac-12,Pre,24.0,24,1
2024,Ole Miss,SEC,Pre,12.0,12,1
2024,Tennessee,SEC,Pre,11.0,11,1
2024,Mississippi State,SEC,Pre,25.0,25,1
2024,Maryland,Big Ten,Pre,14.0,14,1
2024,Illinois,Big Ten,Pre,23.0,23,1
2024,South Carolina,SEC,Post,1.0,1,1
2024,Iowa,Big Ten,Post,2.0,2,1
2024,UConn,Big East,Post,3.0,3,1
2024,NC State,ACC,Post,4.0,4,1
2024,USC,Pac-12,Post,5.0,5,1
2024,LSU,SEC,Post,6.0,6,1
2024,Texas,Big 12,Post,7.0,7,1
2024,Oregon State,Pac-12,Post,8.0,8,1
2024,Stanford,Pac-12,Post,9.0,9,1
2024,UCLA,Pac-12,Post,10.0,10,1
2024,Notre Dame,ACC,Post,11.0,11,1
2024,Indiana,Big Ten,Post,12.0,12,1
2024,Baylor,Big 12,Post,13.0,13,1
2024,Gonzaga,WCC,Post,14.0,14,1
2024,Colorado,Pac-12,Post,15.0,15,1
2024,Ohio State,Big Ten,Post,16.0,16,1
2024,Duke,ACC,Post,17.0,17,1
2024,Virginia Tech,ACC,Post,18.0,18,1
2024,Kansas State,Big 12,Post,19.0,19,1
2024,Syracuse,ACC,Post,20.0,20,1
2024,Oklahoma,Big 12,Post,21.0,21,1
2024,Utah,Pac-12,Post,22.0,22,1
2024,Creighton,Big East,Post,23.0,23,1
2024,West Virginia,Big 12,Post,24.0,24,1
2024,Iowa State,Big 12,Post,25.0,25,1
2024,South Carolina,SEC,11/13,1.0,1,1
2024,Iowa,Big Ten,11/13,2.0,2,1
2024,UConn,Big East,11/13,8.0,8,1
2024,NC State,ACC,11/13,14.0,14,1
2024,USC,Pac-12,11/13,10.0,10,1
2024,LSU,SEC,11/13,7.0,7,1
2024,Texas,Big 12,11/13,11.0,11,1
2024,Stanford,Pac-12,11/13,6.0,6,1
2024,UCLA,Pac-12,11/13,3.0,3,1
2024,Notre Dame,ACC,11/13,16.0,16,1
2024,Indiana,Big Ten,11/13,18.0,18,1
2024,Baylor,Big 12,11/13,21.0,21,1
2024,Colorado,Pac-12,11/13,5.0,5,1
2024,Ohio State,Big Ten,11/13,13.0,13,1
2024,Virginia Tech,ACC,11/13,9.0,9,1
2024,Oklahoma,Big 12,11/13,25.0,25,1
2024,Utah,Pac-12,11/13,4.0,4,1
2024,Creighton,Big East,11/13,22.0,22,1
2024,Louisville,ACC,11/13,19.0,19,1
2024,UNC,ACC,11/13,17.0,17,1
2024,Florida State,ACC,11/13,12.0,12,1
2024,Washington State,Pac-12,11/13,24.0,24,1
2024,Ole Miss,SEC,11/13,23.0,23,1
2024,Tennessee,SEC,11/13,15.0,15,1
2024,Maryland,Big Ten,11/13,20.0,20,1
2024,South Carolina,SEC,11/20,1.0,1,1
2024,Iowa,Big Ten,11/20,5.0,5,1
2024,UConn,Big East,11/20,6.0,6,1
2024,NC State,ACC,11/20,11.0,11,1
2024,USC,Pac-12,11/20,8.0,8,1
2024,LSU,SEC,11/20,7.0,7,1
2024,Texas,Big 12,11/20,12.0,12,1
2024,Stanford,Pac-12,11/20,4.0,4,1
2024,UCLA,Pac-12,11/20,2.0,2,1
2024,Notre Dame,ACC,11/20,17.0,17,1
2024,Indiana,Big Ten,11/20,21.0,21,1
2024,Baylor,Big 12,11/20,14.0,14,1
2024,Colorado,Pac-12,11/20,3.0,3,1
2024,Ohio State,Big Ten,11/20,15.0,15,1
2024,Virginia Tech,ACC,11/20,9.0,9,1
2024,Kansas State,Big 12,11/20,16.0,16,1
2024,Oklahoma,Big 12,11/20,22.0,22,1
2024,Utah,Pac-12,11/20,10.0,10,1
2024,Louisville,ACC,11/20,20.0,20,1
2024,UNC,ACC,11/20,18.0,18,1
2024,Florida State,ACC,11/20,13.0,13,1
2024,Washington State,Pac-12,11/20,23.0,23,1
2024,Ole Miss,SEC,11/20,24.0,24,1
2024,Tennessee,SEC,11/20,19.0,19,1
2024,Mississippi State,SEC,11/20,25.0,25,1
2024,South Carolina,SEC,11/27,1.0,1,1
2024,Iowa,Big Ten,11/27,4.0,4,1
2024,UConn,Big East,11/27,11.0,11,1
2024,NC State,ACC,11/27,5.0,5,1
2024,USC,Pac-12,11/27,6.0,6,1
2024,LSU,SEC,11/27,7.0,7,1
2024,Texas,Big 12,11/27,10.0,10,1
2024,Stanford,Pac-12,11/27,3.0,3,1
2024,UCLA,Pac-12,11/27,2.0,2,1
2024,Notre Dame,ACC,11/27,18.0,18,1
2024,Indiana,Big Ten,11/27,17.0,17,1
2024,Baylor,Big 12,11/27,13.0,13,1
2024,Colorado,Pac-12,11/27,8.0,8,1
2024,Ohio State,Big Ten,11/27,16.0,16,1
2024,Virginia Tech,ACC,11/27,9.0,9,1
2024,Kansas State,Big 12,11/27,14.0,14,1
2024,Utah,Pac-12,11/27,12.0,12,1
2024,Louisville,ACC,11/27,22.0,22,1
2024,Princeton,Ivy,11/27,25.0,25,1
2024,UNC,ACC,11/27,24.0,24,1
2024,Florida State,ACC,11/27,15.0,15,1
2024,Marquette,Big East,11/27,23.0,23,1
2024,Ole Miss,SEC,11/27,19.0,19,1
2024,Tennessee,SEC,11/27,20.0,20,1
2024,Mississippi State,SEC,11/27,21.0,21,1
2024,South Carolina,SEC,12/4,1.0,1,1
2024,Iowa,Big Ten,12/4,4.0,4,1
2024,UConn,Big East,12/4,17.0,17,1
2024,NC State,ACC,12/4,3.0,3,1
2024,USC,Pac-12,12/4,6.0,6,1
2024,LSU,SEC,12/4,7.0,7,1
2024,Texas,Big 12,12/4,5.0,5,1
2024,Stanford,Pac-12,12/4,9.0,9,1
2024,UCLA,Pac-12,12/4,2.0,2,1
2024,Notre Dame,ACC,12/4,14.0,14,1
2024,Indiana,Big Ten,12/4,16.0,16,1
2024,Baylor,Big 12,12/4,10.0,10,1
2024,Gonzaga,WCC,12/4,23.0,23,1
2024,Colorado,Pac-12,12/4,8.0,8,1
2024,Ohio State,Big Ten,12/4,12.0,12,1
2024,Virginia Tech,ACC,12/4,15.0,15,1
2024,Kansas State,Big 12,12/4,13.0,13,1
2024,Utah,Pac-12,12/4,11.0,11,1
2024,Creighton,Big East,12/4,22.0,22,1
2024,Louisville,ACC,12/4,18.0,18,1
2024,UNC,ACC,12/4,24.0,24,1
2024,Florida State,ACC,12/4,20.0,20,1
2024,Marquette,Big East,12/4,19.0,19,1
2024,Washington State,Pac-12,12/4,21.0,21,1
2024,Penn State,Big Ten,12/4,25.0,25,1
2024,South Carolina,SEC,12/11,1.0,1,1
2024,Iowa,Big Ten,12/11,4.0,4,1
2024,UConn,Big East,12/11,17.0,17,1
2024,NC State,ACC,12/11,3.0,3,1
2024,USC,Pac-12,12/11,6.0,6,1
2024,LSU,SEC,12/11,7.0,7,1
2024,Texas,Big 12,12/11,5.0,5,1
2024,Stanford,Pac-12,12/11,9.0,9,1
2024,UCLA,Pac-12,12/11,2.0,2,1
2024,Notre Dame,ACC,12/11,14.0,14,1
2024,Indiana,Big Ten,12/11,15.0,15,1
2024,Baylor,Big 12,12/11,10.0,10,1
2024,Gonzaga,WCC,12/11,21.0,21,1
2024,Colorado,Pac-12,12/11,8.0,8,1
2024,Ohio State,Big Ten,12/11,12.0,12,1
2024,Virginia Tech,ACC,12/11,16.0,16,1
2024,Kansas State,Big 12,12/11,12.0,12,1
2024,Utah,Pac-12,12/11,11.0,11,1
2024,Creighton,Big East,12/11,20.0,20,1
2024,UNLV,MWC,12/11,23.0,23,1
2024,Louisville,ACC,12/11,18.0,18,1
2024,UNC,ACC,12/11,25.0,25,1
2024,Florida State,ACC,12/11,22.0,22,1
2024,Marquette,Big East,12/11,19.0,19,1
2024,Miami (FL),ACC,12/11,24.0,24,1
2024,South Carolina,SEC,12/18,1.0,1,1
2024,Iowa,Big Ten,12/18,4.0,4,1
2024,UConn,Big East,12/18,17.0,17,1
2024,NC State,ACC,12/18,3.0,3,1
2024,USC,Pac-12,12/18,6.0,6,1
2024,LSU,SEC,12/18,7.0,7,1
2024,Texas,Big 12,12/18,5.0,5,1
2024,Stanford,Pac-12,12/18,9.0,9,1
2024,UCLA,Pac-12,12/18,2.0,2,1
2024,Notre Dame,ACC,12/18,14.0,14,1
2024,Indiana,Big Ten,12/18,16.0,16,1
2024,Baylor,Big 12,12/18,10.0,10,1
2024,Gonzaga,WCC,12/18,20.0,20,1
2024,Colorado,Pac-12,12/18,8.0,8,1
2024,Ohio State,Big Ten,12/18,13.0,13,1
2024,Virginia Tech,ACC,12/18,15.0,15,1
2024,Kansas State,Big 12,12/18,12.0,12,1
2024,Utah,Pac-12,12/18,11.0,11,1
2024,Creighton,Big East,12/18,22.0,22,1
2024,Louisville,ACC,12/18,19.0,19,1
2024,UNC,ACC,12/18,24.0,24,1
2024,Florida State,ACC,12/18,21.0,21,1
2024,Marquette,Big East,12/18,18.0,18,1
2024,TCU,Big 12,12/18,25.0,25,1
2024,Washington,Pac-12,12/18,23.0,23,1
2024,South Carolina,SEC,12/25,1.0,1,1
2024,Iowa,Big Ten,12/25,4.0,4,1
2024,UConn,Big East,12/25,15.0,15,1
2024,NC State,ACC,12/25,3.0,3,1
2024,USC,Pac-12,12/25,6.0,6,1
2024,LSU,SEC,12/25,7.0,7,1
2024,Texas,Big 12,12/25,5.0,5,1
2024,Stanford,Pac-12,12/25,9.0,9,1
2024,UCLA,Pac-12,12/25,2.0,2,1
2024,Notre Dame,ACC,12/25,13.0,13,1
2024,Indiana,Big Ten,12/25,16.0,16,1
2024,Baylor,Big 12,12/25,10.0,10,1
2024,Gonzaga,WCC,12/25,20.0,20,1
2024,Colorado,Pac-12,12/25,8.0,8,1
2024,Ohio State,Big Ten,12/25,17.0,17,1
2024,Virginia Tech,ACC,12/25,14.0,14,1
2024,Kansas State,Big 12,12/25,11.0,11,1
2024,Utah,Pac-12,12/25,12.0,12,1
2024,Creighton,Big East,12/25,21.0,21,1
2024,West Virginia,Big 12,12/25,25.0,25,1
2024,Louisville,ACC,12/25,19.0,19,1
2024,UNC,ACC,12/25,24.0,24,1
2024,Florida State,ACC,12/25,22.0,22,1
2024,Marquette,Big East,12/25,18.0,18,1
2024,TCU,Big 12,12/25,23.0,23,1
2024,South Carolina,SEC,1/1,1.0,1,1
2024,Iowa,Big Ten,1/1,4.0,4,1
2024,UConn,Big East,1/1,12.0,12,1
2024,NC State,ACC,1/1,3.0,3,1
2024,USC,Pac-12,1/1,9.0,9,1
2024,LSU,SEC,1/1,7.0,7,1
2024,Texas,Big 12,1/1,10.0,10,1
2024,Stanford,Pac-12,1/1,8.0,8,1
2024,UCLA,Pac-12,1/1,2.0,2,1
2024,Notre Dame,ACC,1/1,16.0,16,1
2024,Indiana,Big Ten,1/1,14.0,14,1
2024,Baylor,Big 12,1/1,6.0,6,1
2024,Gonzaga,WCC,1/1,18.0,18,1
2024,Colorado,Pac-12,1/1,5.0,5,1
2024,Ohio State,Big Ten,1/1,20.0,20,1
2024,Virginia Tech,ACC,1/1,13.0,13,1
2024,Kansas State,Big 12,1/1,11.0,11,1
2024,Syracuse,ACC,1/1,25.0,25,1
2024,Utah,Pac-12,1/1,15.0,15,1
2024,Creighton,Big East,1/1,21.0,21,1
2024,West Virginia,Big 12,1/1,24.0,24,1
2024,Louisville,ACC,1/1,17.0,17,1
2024,Florida State,ACC,1/1,22.0,22,1
2024,Marquette,Big East,1/1,19.0,19,1
2024,TCU,Big 12,1/1,23.0,23,1
2024,South Carolina,SEC,1/8,1.0,1,1
2024,Iowa,Big Ten,1/8,3.0,3,1
2024,UConn,Big East,1/8,13.0,13,1
2024,NC State,ACC,1/8,6.0,6,1
2024,USC,Pac-12,1/8,9.0,9,1
2024,LSU,SEC,1/8,7.0,7,1
2024,Texas,Big 12,1/8,10.0,10,1
2024,Stanford,Pac-12,1/8,8.0,8,1
2024,UCLA,Pac-12,1/8,2.0,2,1
2024,Notre Dame,ACC,1/8,18.0,18,1
2024,Indiana,Big Ten,1/8,14.0,14,1
2024,Baylor,Big 12,1/8,4.0,4,1
2024,Gonzaga,WCC,1/8,16.0,16,1
2024,Colorado,Pac-12,1/8,5.0,5,1
2024,Ohio State,Big Ten,1/8,17.0,17,1
2024,Virginia Tech,ACC,1/8,11.0,11,1
2024,Kansas State,Big 12,1/8,12.0,12,1
2024,Utah,Pac-12,1/8,19.0,19,1
2024,Creighton,Big East,1/8,22.0,22,1
2024,West Virginia,Big 12,1/8,24.0,24,1
2024,UNLV,MWC,1/8,25.0,25,1
2024,Louisville,ACC,1/8,15.0,15,1
2024,UNC,ACC,1/8,20.0,20,1
2024,Florida State,ACC,1/8,21.0,21,1
2024,Marquette,Big East,1/8,23.0,23,1
2024,South Carolina,SEC,1/15,1.0,1,1
2024,Iowa,Big Ten,1/15,2.0,2,1
2024,UConn,Big East,1/15,9.0,9,1
2024,NC State,ACC,1/15,4.0,4,1
2024,USC,Pac-12,1/15,6.0,6,1
2024,LSU,SEC,1/15,10.0,10,1
2024,Texas,Big 12,1/15,11.0,11,1
2024,Stanford,Pac-12,1/15,8.0,8,1
2024,UCLA,Pac-12,1/15,5.0,5,1
2024,Notre Dame,ACC,1/15,19.0,19,1
2024,Indiana,Big Ten,1/15,16.0,16,1
2024,Baylor,Big 12,1/15,12.0,12,1
2024,Gonzaga,WCC,1/15,17.0,17,1
2024,Colorado,Pac-12,1/15,3.0,3,1
2024,Ohio State,Big Ten,1/15,18.0,18,1
2024,Virginia Tech,ACC,1/15,14.0,14,1
2024,Kansas State,Big 12,1/15,7.0,7,1
2024,Utah,Pac-12,1/15,20.0,20,1
2024,Creighton,Big East,1/15,21.0,21,1
2024,Iowa State,Big 12,1/15,24.0,24,1
2024,UNLV,MWC,1/15,25.0,25,1
2024,Louisville,ACC,1/15,13.0,13,1
2024,UNC,ACC,1/15,23.0,23,1
2024,Florida State,ACC,1/15,15.0,15,1
2024,Marquette,Big East,1/15,22.0,22,1
2024,South Carolina,SEC,1/22,1.0,1,1
2024,Iowa,Big Ten,1/22,5.0,5,1
2024,UConn,Big East,1/22,8.0,8,1
2024,NC State,ACC,1/22,7.0,7,1
2024,USC,Pac-12,1/22,11.0,11,1
2024,LSU,SEC,1/22,9.0,9,1
2024,Texas,Big 12,1/22,10.0,10,1
2024,Oregon State,Pac-12,1/22,25.0,25,1
2024,Stanford,Pac-12,1/22,6.0,6,1
2024,UCLA,Pac-12,1/22,2.0,2,1
2024,Notre Dame,ACC,1/22,15.0,15,1
2024,Indiana,Big Ten,1/22,14.0,14,1
2024,Baylor,Big 12,1/22,13.0,13,1
2024,Gonzaga,WCC,1/22,17.0,17,1
2024,Colorado,Pac-12,1/22,3.0,3,1
2024,Ohio State,Big Ten,1/22,12.0,12,1
2024,Virginia Tech,ACC,1/22,19.0,19,1
2024,Kansas State,Big 12,1/22,4.0,4,1
2024,Syracuse,ACC,1/22,22.0,22,1
2024,Utah,Pac-12,1/22,16.0,16,1
2024,Creighton,Big East,1/22,21.0,21,1
2024,West Virginia,Big 12,1/22,24.0,24,1
2024,Louisville,ACC,1/22,18.0,18,1
2024,UNC,ACC,1/22,20.0,20,1
2024,Florida State,ACC,1/22,23.0,23,1
2024,South Carolina,SEC,1/29,1.0,1,1
2024,Iowa,Big Ten,1/29,3.0,3,1
2024,UConn,Big East,1/29,11.0,11,1
2024,NC State,ACC,1/29,5.0,5,1
2024,USC,Pac-12,1/29,15.0,15,1
2024,LSU,SEC,1/29,9.0,9,1
2024,Texas,Big 12,1/29,12.0,12,1
2024,Oregon State,Pac-12,1/29,18.0,18,1
2024,Stanford,Pac-12,1/29,4.0,4,1
2024,UCLA,Pac-12,1/29,7.0,7,1
2024,Notre Dame,ACC,1/29,14.0,14,1
2024,Indiana,Big Ten,1/29,10.0,10,1
2024,Baylor,Big 12,1/29,13.0,13,1
2024,Gonzaga,WCC,1/29,19.0,19,1
2024,Colorado,Pac-12,1/29,6.0,6,1
2024,Ohio State,Big Ten,1/29,8.0,8,1
2024,Virginia Tech,ACC,1/29,17.0,17,1
2024,Kansas State,Big 12,1/29,2.0,2,1
2024,Syracuse,ACC,1/29,21.0,21,1
2024,Utah,Pac-12,1/29,20.0,20,1
2024,Creighton,Big East,1/29,22.0,22,1
2024,West Virginia,Big 12,1/29,23.0,23,1
2024,Louisville,ACC,1/29,16.0,16,1
2024,Princeton,Ivy,1/29,25.0,25,1
2024,UNC,ACC,1/29,24.0,24,1
2024,South Carolina,SEC,2/5,1.0,1,1
2024,Iowa,Big Ten,2/5,2.0,2,1
2024,UConn,Big East,2/5,11.0,11,1
2024,NC State,ACC,2/5,3.0,3,1
2024,USC,Pac-12,2/5,10.0,10,1
2024,LSU,SEC,2/5,13.0,13,1
2024,Texas,Big 12,2/5,7.0,7,1
2024,Oregon State,Pac-12,2/5,17.0,17,1
2024,Stanford,Pac-12,2/5,6.0,6,1
2024,UCLA,Pac-12,2/5,9.0,9,1
2024,Notre Dame,ACC,2/5,12.0,12,1
2024,Indiana,Big Ten,2/5,14.0,14,1
2024,Baylor,Big 12,2/5,18.0,18,1
2024,Gonzaga,WCC,2/5,19.0,19,1
2024,Colorado,Pac-12,2/5,4.0,4,1
2024,Ohio State,Big Ten,2/5,5.0,5,1
2024,Virginia Tech,ACC,2/5,16.0,16,1
2024,Kansas State,Big 12,2/5,8.0,8,1
2024,Syracuse,ACC,2/5,23.0,23,1
2024,Oklahoma,Big 12,2/5,24.0,24,1
2024,Utah,Pac-12,2/5,20.0,20,1
2024,Creighton,Big East,2/5,21.0,21,1
2024,West Virginia,Big 12,2/5,22.0,22,1
2024,Louisville,ACC,2/5,15.0,15,1
2024,Princeton,Ivy,2/5,25.0,25,1
2024,South Carolina,SEC,2/12,1.0,1,1
2024,Iowa,Big Ten,2/12,4.0,4,1
2024,UConn,Big East,2/12,15.0,15,1
2024,NC State,ACC,2/12,6.0,6,1
2024,USC,Pac-12,2/12,10.0,10,1
2024,LSU,SEC,2/12,13.0,13,1
2024,Texas,Big 12,2/12,5.0,5,1
2024,Oregon State,Pac-12,2/12,11.0,11,1
2024,Stanford,Pac-12,2/12,3.0,3,1
2024,UCLA,Pac-12,2/12,9.0,9,1
2024,Notre Dame,ACC,2/12,16.0,16,1
2024,Indiana,Big Ten,2/12,14.0,14,1
2024,Baylor,Big 12,2/12,21.0,21,1
2024,Gonzaga,WCC,2/12,17.0,17,1
2024,Colorado,Pac-12,2/12,8.0,8,1
2024,Ohio State,Big Ten,2/12,2.0,2,1
2024,Virginia Tech,ACC,2/12,12.0,12,1
2024,Kansas State,Big 12,2/12,7.0,7,1
2024,Syracuse,ACC,2/12,19.0,19,1
2024,Oklahoma,Big 12,2/12,23.0,23,1
2024,Utah,Pac-12,2/12,22.0,22,1
2024,Creighton,Big East,2/12,20.0,20,1
2024,West Virginia,Big 12,2/12,24.0,24,1
2024,Louisville,ACC,2/12,18.0,18,1
2024,Princeton,Ivy,2/12,25.0,25,1
2024,South Carolina,SEC,2/19,1.0,1,1
2024,Iowa,Big Ten,2/19,4.0,4,1
2024,UConn,Big East,2/19,15.0,15,1
2024,NC State,ACC,2/19,6.0,6,1
2024,USC,Pac-12,2/19,7.0,7,1
2024,LSU,SEC,2/19,13.0,13,1
2024,Texas,Big 12,2/19,5.0,5,1
2024,Oregon State,Pac-12,2/19,9.0,9,1
2024,Stanford,Pac-12,2/19,3.0,3,1
2024,UCLA,Pac-12,2/19,12.0,12,1
2024,Notre Dame,ACC,2/19,19.0,19,1
2024,Indiana,Big Ten,2/19,14.0,14,1
2024,Baylor,Big 12,2/19,24.0,24,1
2024,Gonzaga,WCC,2/19,16.0,16,1
2024,Colorado,Pac-12,2/19,11.0,11,1
2024,Ohio State,Big Ten,2/19,2.0,2,1
2024,Virginia Tech,ACC,2/19,8.0,8,1
2024,Kansas State,Big 12,2/19,10.0,10,1
2024,Syracuse,ACC,2/19,17.0,17,1
2024,Oklahoma,Big 12,2/19,23.0,23,1
2024,Utah,Pac-12,2/19,18.0,18,1
2024,Creighton,Big East,2/19,21.0,21,1
2024,West Virginia,Big 12,2/19,22.0,22,1
2024,Louisville,ACC,2/19,20.0,20,1
2024,Princeton,Ivy,2/19,25.0,25,1
2024,South Carolina,SEC,2/26,1.0,1,1
2024,Iowa,Big Ten,2/26,6.0,6,1
2024,UConn,Big East,2/26,10.0,10,1
2024,NC State,ACC,2/26,12.0,12,1
2024,USC,Pac-12,2/26,7.0,7,1
2024,LSU,SEC,2/26,9.0,9,1
2024,Texas,Big 12,2/26,3.0,3,1
2024,Oregon State,Pac-12,2/26,11.0,11,1
2024,Stanford,Pac-12,2/26,4.0,4,1
2024,UCLA,Pac-12,2/26,8.0,8,1
2024,Notre Dame,ACC,2/26,17.0,17,1
2024,Indiana,Big Ten,2/26,14.0,14,1
2024,Baylor,Big 12,2/26,21.0,21,1
2024,Gonzaga,WCC,2/26,16.0,16,1
2024,Colorado,Pac-12,2/26,13.0,13,1
2024,Ohio State,Big Ten,2/26,2.0,2,1
2024,Virginia Tech,ACC,2/26,5.0,5,1
2024,Kansas State,Big 12,2/26,15.0,15,1
2024,Syracuse,ACC,2/26,19.0,19,1
2024,Oklahoma,Big 12,2/26,20.0,20,1
2024,Utah,Pac-12,2/26,18.0,18,1
2024,Creighton,Big East,2/26,23.0,23,1
2024,West Virginia,Big 12,2/26,24.0,24,1
2024,UNLV,MWC,2/26,24.0,24,1
2024,Louisville,ACC,2/26,22.0,22,1
2024,South Carolina,SEC,3/4,1.0,1,1
2024,Iowa,Big Ten,3/4,3.0,3,1
2024,UConn,Big East,3/4,9.0,9,1
2024,NC State,ACC,3/4,10.0,10,1
2024,USC,Pac-12,3/4,5.0,5,1
2024,LSU,SEC,3/4,8.0,8,1
2024,Texas,Big 12,3/4,6.0,6,1
2024,Oregon State,Pac-12,3/4,13.0,13,1
2024,Stanford,Pac-12,3/4,2.0,2,1
2024,UCLA,Pac-12,3/4,7.0,7,1
2024,Notre Dame,ACC,3/4,14.0,14,1
2024,Indiana,Big Ten,3/4,12.0,12,1
2024,Baylor,Big 12,3/4,17.0,17,1
2024,Gonzaga,WCC,3/4,15.0,15,1
2024,Colorado,Pac-12,3/4,18.0,18,1
2024,Ohio State,Big Ten,3/4,4.0,4,1
2024,Virginia Tech,ACC,3/4,11.0,11,1
2024,Kansas State,Big 12,3/4,16.0,16,1
2024,Syracuse,ACC,3/4,20.0,20,1
2024,Oklahoma,Big 12,3/4,19.0,19,1
2024,Utah,Pac-12,3/4,22.0,22,1
2024,Creighton,Big East,3/4,21.0,21,1
2024,UNLV,MWC,3/4,23.0,23,1
2024,Louisville,ACC,3/4,24.0,24,1
2024,Fairfield,MAAC,3/4,25.0,25,1
2024,South Carolina,SEC,3/11,1.0,1,1
2024,Iowa,Big Ten,3/11,2.0,2,1
2024,UConn,Big East,3/11,10.0,10,1
2024,NC State,ACC,3/11,11.0,11,1
2024,USC,Pac-12,3/11,3.0,3,1
2024,LSU,SEC,3/11,8.0,8,1
2024,Texas,Big 12,3/11,5.0,5,1
2024,Oregon State,Pac-12,3/11,12.0,12,1
2024,Stanford,Pac-12,3/11,4.0,4,1
2024,UCLA,Pac-12,3/11,6.0,6,1
2024,Notre Dame,ACC,3/11,9.0,9,1
2024,Indiana,Big Ten,3/11,15.0,15,1
2024,Baylor,Big 12,3/11,19.0,19,1
2024,Gonzaga,WCC,3/11,14.0,14,1
2024,Colorado,Pac-12,3/11,18.0,18,1
2024,Ohio State,Big Ten,3/11,7.0,7,1
2024,Virginia Tech,ACC,3/11,13.0,13,1
2024,Kansas State,Big 12,3/11,16.0,16,1
2024,Syracuse,ACC,3/11,22.0,22,1
2024,Oklahoma,Big 12,3/11,17.0,17,1
2024,Utah,Pac-12,3/11,20.0,20,1
2024,Creighton,Big East,3/11,23.0,23,1
2024,UNLV,MWC,3/11,21.0,21,1
2024,Louisville,ACC,3/11,24.0,24,1
2024,Fairfield,MAAC,3/11,25.0,25,1
2024,South Carolina,SEC,3/18,1.0,1,1
2024,Iowa,Big Ten,3/18,2.0,2,1
2024,UConn,Big East,3/18,10.0,10,1
2024,NC State,ACC,3/18,11.0,11,1
2024,USC,Pac-12,3/18,3.0,3,1
2024,LSU,SEC,3/18,8.0,8,1
2024,Texas,Big 12,3/18,4.0,4,1
2024,Oregon State,Pac-12,3/18,12.0,12,1
2024,Stanford,Pac-12,3/18,5.0,5,1
2024,UCLA,Pac-12,3/18,6.0,6,1
2024,Notre Dame,ACC,3/18,9.0,9,1
2024,Indiana,Big Ten,3/18,14.0,14,1
2024,Baylor,Big 12,3/18,19.0,19,1
2024,Gonzaga,WCC,3/18,16.0,16,1
2024,Colorado,Pac-12,3/18,17.0,17,1
2024,Ohio State,Big Ten,3/18,7.0,7,1
2024,Virginia Tech,ACC,3/18,13.0,13,1
2024,Kansas State,Big 12,3/18,15.0,15,1
2024,Syracuse,ACC,3/18,22.0,22,1
2024,Oklahoma,Big 12,3/18,18.0,18,1
2024,Utah,Pac-12,3/18,21.0,21,1
2024,Creighton,Big East,3/18,24.0,24,1
2024,UNLV,MWC,3/18,20.0,20,1
2024,Louisville,ACC,3/18,23.0,23,1
2024,Fairfield,MAAC,3/18,25.0,25,1
2025,UConn,Big East,Pre,2.0,2,1
2025,South Carolina,SEC,Pre,1.0,1,1
2025,UCLA,Big Ten,Pre,5.0,5,1
2025,Texas,SEC,Pre,4.0,4,1
2025,USC,Big Ten,Pre,3.0,3,1
2025,Duke,ACC,Pre,11.0,11,1
2025,LSU,SEC,Pre,7.0,7,1
2025,NC State,ACC,Pre,9.0,9,1
2025,Notre Dame,ACC,Pre,6.0,6,1
2025,Oklahoma,SEC,Pre,10.0,10,1
2025,Maryland,Big Ten,Pre,18.0,18,1
2025,Kansas State,Big 12,Pre,13.0,13,1
2025,UNC,ACC,Pre,15.0,15,1
2025,Kentucky,SEC,Pre,22.0,22,1
2025,Ole Miss,SEC,Pre,20.0,20,1
2025,Baylor,Big 12,Pre,12.0,12,1
2025,Ohio State,Big Ten,Pre,14.0,14,1
2025,Alabama,SEC,Pre,24.0,24,1
2025,West Virginia,Big 12,Pre,16.0,16,1
2025,Florida State,ACC,Pre,19.0,19,1
2025,Creighton,Big East,Pre,21.0,21,1
2025,Louisville,ACC,Pre,17.0,17,1
2025,Nebraska,Big Ten,Pre,23.0,23,1
2025,Iowa State,Big 12,Pre,8.0,8,1
2025,Indiana,Big Ten,Pre,25.0,25,1
2025,UConn,Big East,11/11,2.0,2,1
2025,South Carolina,SEC,11/11,1.0,1,1
2025,UCLA,Big Ten,11/11,5.0,5,1
2025,Texas,SEC,11/11,4.0,4,1
2025,USC,Big Ten,11/11,3.0,3,1
2025,Duke,ACC,11/11,16.0,16,1
2025,LSU,SEC,11/11,7.0,7,1
2025,NC State,ACC,11/11,13.0,13,1
2025,Notre Dame,ACC,11/11,6.0,6,1
2025,Oklahoma,SEC,11/11,9.0,9,1
2025,Maryland,Big Ten,11/11,11.0,11,1
2025,Kansas State,Big 12,11/11,10.0,10,1
2025,UNC,ACC,11/11,14.0,14,1
2025,Kentucky,SEC,11/11,20.0,20,1
2025,Ole Miss,SEC,11/11,19.0,19,1
2025,Baylor,Big 12,11/11,17.0,17,1
2025,Ohio State,Big Ten,11/11,12.0,12,1
2025,Alabama,SEC,11/11,22.0,22,1
2025,West Virginia,Big 12,11/11,15.0,15,1
2025,Louisville,ACC,11/11,18.0,18,1
2025,Illinois,Big Ten,11/11,23.0,23,1
2025,Nebraska,Big Ten,11/11,21.0,21,1
2025,Iowa State,Big 12,11/11,8.0,8,1
2025,Oregon,Big Ten,11/11,25.0,25,1
2025,Stanford,ACC,11/11,24.0,24,1
2025,UConn,Big East,11/18,2.0,2,1
2025,South Carolina,SEC,11/18,1.0,1,1
2025,UCLA,Big Ten,11/18,5.0,5,1
2025,Texas,SEC,11/18,4.0,4,1
2025,USC,Big Ten,11/18,3.0,3,1
2025,TCU,Big 12,11/18,19.0,19,1
2025,Duke,ACC,11/18,14.0,14,1
2025,LSU,SEC,11/18,7.0,7,1
2025,NC State,ACC,11/18,20.0,20,1
2025,Notre Dame,ACC,11/18,6.0,6,1
2025,Oklahoma,SEC,11/18,9.0,9,1
2025,Maryland,Big Ten,11/18,11.0,11,1
2025,Kansas State,Big 12,11/18,10.0,10,1
2025,UNC,ACC,11/18,16.0,16,1
2025,Kentucky,SEC,11/18,15.0,15,1
2025,Ole Miss,SEC,11/18,17.0,17,1
2025,Baylor,Big 12,11/18,18.0,18,1
2025,Ohio State,Big Ten,11/18,12.0,12,1
2025,Alabama,SEC,11/18,24.0,24,1
2025,West Virginia,Big 12,11/18,13.0,13,1
2025,Louisville,ACC,11/18,25.0,25,1
2025,Illinois,Big Ten,11/18,22.0,22,1
2025,Nebraska,Big Ten,11/18,21.0,21,1
2025,Iowa State,Big 12,11/18,8.0,8,1
2025,Oregon,Big Ten,11/18,23.0,23,1
2025,UConn,Big East,11/25,2.0,2,1
2025,South Carolina,SEC,11/25,4.0,4,1
2025,UCLA,Big Ten,11/25,1.0,1,1
2025,Texas,SEC,11/25,5.0,5,1
2025,USC,Big Ten,11/25,6.0,6,1
2025,TCU,Big 12,11/25,17.0,17,1
2025,Duke,ACC,11/25,13.0,13,1
2025,LSU,SEC,11/25,7.0,7,1
2025,NC State,ACC,11/25,20.0,20,1
2025,Notre Dame,ACC,11/25,3.0,3,1
2025,Oklahoma,SEC,11/25,8.0,8,1
2025,Maryland,Big Ten,11/25,10.0,10,1
2025,Kansas State,Big 12,11/25,9.0,9,1
2025,UNC,ACC,11/25,16.0,16,1
2025,Kentucky,SEC,11/25,14.0,14,1
2025,Ole Miss,SEC,11/25,18.0,18,1
2025,Ohio State,Big Ten,11/25,11.0,11,1
2025,Alabama,SEC,11/25,23.0,23,1
2025,West Virginia,Big 12,11/25,12.0,12,1
2025,Louisville,ACC,11/25,24.0,24,1
2025,Illinois,Big Ten,11/25,19.0,19,1
2025,Iowa,Big Ten,11/25,22.0,22,1
2025,Nebraska,Big Ten,11/25,25.0,25,1
2025,Iowa State,Big 12,11/25,15.0,15,1
2025,Oregon,Big Ten,11/25,21.0,21,1
2025,UConn,Big East,12/2,2.0,2,1
2025,South Carolina,SEC,12/2,3.0,3,1
2025,UCLA,Big Ten,12/2,1.0,1,1
2025,Texas,SEC,12/2,4.0,4,1
2025,USC,Big Ten,12/2,6.0,6,1
2025,TCU,Big 12,12/2,9.0,9,1
2025,Duke,ACC,12/2,8.0,8,1
2025,LSU,SEC,12/2,5.0,5,1
2025,Notre Dame,ACC,12/2,10.0,10,1
2025,Oklahoma,SEC,12/2,11.0,11,1
2025,Maryland,Big Ten,12/2,7.0,7,1
2025,Kansas State,Big 12,12/2,13.0,13,1
2025,UNC,ACC,12/2,16.0,16,1
2025,Kentucky,SEC,12/2,14.0,14,1
2025,Ole Miss,SEC,12/2,18.0,18,1
2025,Ohio State,Big Ten,12/2,12.0,12,1
2025,Alabama,SEC,12/2,19.0,19,1
2025,West Virginia,Big 12,12/2,15.0,15,1
2025,Michigan,Big Ten,12/2,23.0,23,1
2025,Michigan State,Big Ten,12/2,24.0,24,1
2025,Louisville,ACC,12/2,22.0,22,1
2025,Illinois,Big Ten,12/2,21.0,21,1
2025,Iowa,Big Ten,12/2,17.0,17,1
2025,Nebraska,Big Ten,12/2,25.0,25,1
2025,Iowa State,Big 12,12/2,20.0,20,1
2025,UConn,Big East,12/9,2.0,2,1
2025,South Carolina,SEC,12/9,3.0,3,1
2025,UCLA,Big Ten,12/9,1.0,1,1
2025,Texas,SEC,12/9,6.0,6,1
2025,USC,Big Ten,12/9,5.0,5,1
2025,TCU,Big 12,12/9,12.0,12,1
2025,Duke,ACC,12/9,9.0,9,1
2025,LSU,SEC,12/9,4.0,4,1
2025,NC State,ACC,12/9,22.0,22,1
2025,Notre Dame,ACC,12/9,8.0,8,1
2025,Oklahoma,SEC,12/9,10.0,10,1
2025,Maryland,Big Ten,12/9,7.0,7,1
2025,Kansas State,Big 12,12/9,13.0,13,1
2025,UNC,ACC,12/9,14.0,14,1
2025,Tennessee,SEC,12/9,19.0,19,1
2025,Kentucky,SEC,12/9,16.0,16,1
2025,Ole Miss,SEC,12/9,22.0,22,1
2025,Ohio State,Big Ten,12/9,11.0,11,1
2025,West Virginia,Big 12,12/9,15.0,15,1
2025,Michigan,Big Ten,12/9,20.0,20,1
2025,Michigan State,Big Ten,12/9,17.0,17,1
2025,Georgia Tech,ACC,12/9,25.0,25,1
2025,Iowa,Big Ten,12/9,21.0,21,1
2025,Nebraska,Big Ten,12/9,24.0,24,1
2025,Iowa State,Big 12,12/9,18.0,18,1
2025,UConn,Big East,12/16,4.0,4,1
2025,South Carolina,SEC,12/16,2.0,2,1
2025,UCLA,Big Ten,12/16,1.0,1,1
2025,Texas,SEC,12/16,6.0,6,1
2025,USC,Big Ten,12/16,7.0,7,1
2025,TCU,Big 12,12/16,12.0,12,1
2025,Duke,ACC,12/16,9.0,9,1
2025,LSU,SEC,12/16,5.0,5,1
2025,NC State,ACC,12/16,21.0,21,1
2025,Notre Dame,ACC,12/16,3.0,3,1
2025,Oklahoma,SEC,12/16,10.0,10,1
2025,Maryland,Big Ten,12/16,8.0,8,1
2025,Kansas State,Big 12,12/16,13.0,13,1
2025,UNC,ACC,12/16,19.0,19,1
2025,Tennessee,SEC,12/16,18.0,18,1
2025,Kentucky,SEC,12/16,16.0,16,1
2025,Ole Miss,SEC,12/16,25.0,25,1
2025,Ohio State,Big Ten,12/16,11.0,11,1
2025,West Virginia,Big 12,12/16,14.0,14,1
2025,Michigan,Big Ten,12/16,20.0,20,1
2025,Michigan State,Big Ten,12/16,15.0,15,1
2025,Georgia Tech,ACC,12/16,17.0,17,1
2025,California,ACC,12/16,24.0,24,1
2025,Iowa,Big Ten,12/16,22.0,22,1
2025,Nebraska,Big Ten,12/16,23.0,23,1
2025,UConn,Big East,12/23,7.0,7,1
2025,South Carolina,SEC,12/23,2.0,2,1
2025,UCLA,Big Ten,12/23,1.0,1,1
2025,Texas,SEC,12/23,5.0,5,1
2025,USC,Big Ten,12/23,4.0,4,1
2025,TCU,Big 12,12/23,11.0,11,1
2025,Duke,ACC,12/23,14.0,14,1
2025,LSU,SEC,12/23,6.0,6,1
2025,NC State,ACC,12/23,22.0,22,1
2025,Notre Dame,ACC,12/23,3.0,3,1
2025,Oklahoma,SEC,12/23,9.0,9,1
2025,Maryland,Big Ten,12/23,8.0,8,1
2025,Kansas State,Big 12,12/23,12.0,12,1
2025,UNC,ACC,12/23,17.0,17,1
2025,Tennessee,SEC,12/23,15.0,15,1
2025,Kentucky,SEC,12/23,16.0,16,1
2025,Ole Miss,SEC,12/23,25.0,25,1
2025,Ohio State,Big Ten,12/23,10.0,10,1
2025,Alabama,SEC,12/23,20.0,20,1
2025,West Virginia,Big 12,12/23,18.0,18,1
2025,Michigan,Big Ten,12/23,23.0,23,1
2025,Michigan State,Big Ten,12/23,19.0,19,1
2025,Georgia Tech,ACC,12/23,13.0,13,1
2025,California,ACC,12/23,21.0,21,1
2025,Iowa,Big Ten,12/23,24.0,24,1
2025,UConn,Big East,12/30,7.0,7,1
2025,South Carolina,SEC,12/30,2.0,2,1
2025,UCLA,Big Ten,12/30,1.0,1,1
2025,Texas,SEC,12/30,5.0,5,1
2025,USC,Big Ten,12/30,4.0,4,1
2025,TCU,Big 12,12/30,11.0,11,1
2025,Duke,ACC,12/30,14.0,14,1
2025,LSU,SEC,12/30,6.0,6,1
2025,NC State,ACC,12/30,22.0,22,1
2025,Notre Dame,ACC,12/30,3.0,3,1
2025,Oklahoma,SEC,12/30,9.0,9,1
2025,Maryland,Big Ten,12/30,8.0,8,1
2025,Kansas State,Big 12,12/30,12.0,12,1
2025,UNC,ACC,12/30,17.0,17,1
2025,Tennessee,SEC,12/30,15.0,15,1
2025,Kentucky,SEC,12/30,16.0,16,1
2025,Ole Miss,SEC,12/30,25.0,25,1
2025,Ohio State,Big Ten,12/30,10.0,10,1
2025,Alabama,SEC,12/30,19.0,19,1
2025,West Virginia,Big 12,12/30,18.0,18,1
2025,Michigan,Big Ten,12/30,24.0,24,1
2025,Michigan State,Big Ten,12/30,21.0,21,1
2025,Georgia Tech,ACC,12/30,13.0,13,1
2025,California,ACC,12/30,20.0,20,1
2025,Iowa,Big Ten,12/30,23.0,23,1
2025,UConn,Big East,1/6,7.0,7,1
2025,South Carolina,SEC,1/6,2.0,2,1
2025,UCLA,Big Ten,1/6,1.0,1,1
2025,Texas,SEC,1/6,5.0,5,1
2025,USC,Big Ten,1/6,4.0,4,1
2025,TCU,Big 12,1/6,11.0,11,1
2025,Duke,ACC,1/6,14.0,14,1
2025,LSU,SEC,1/6,6.0,6,1
2025,NC State,ACC,1/6,21.0,21,1
2025,Notre Dame,ACC,1/6,3.0,3,1
2025,Oklahoma,SEC,1/6,10.0,10,1
2025,Maryland,Big Ten,1/6,8.0,8,1
2025,Kansas State,Big 12,1/6,12.0,12,1
2025,UNC,ACC,1/6,19.0,19,1
2025,Tennessee,SEC,1/6,16.0,16,1
2025,Kentucky,SEC,1/6,15.0,15,1
2025,Ohio State,Big Ten,1/6,9.0,9,1
2025,Alabama,SEC,1/6,18.0,18,1
2025,West Virginia,Big 12,1/6,17.0,17,1
2025,Michigan,Big Ten,1/6,25.0,25,1
2025,Michigan State,Big Ten,1/6,20.0,20,1
2025,Georgia Tech,ACC,1/6,13.0,13,1
2025,California,ACC,1/6,24.0,24,1
2025,Utah,Big 12,1/6,22.0,22,1
2025,Iowa,Big Ten,1/6,23.0,23,1
2025,UConn,Big East,1/13,6.0,6,1
2025,South Carolina,SEC,1/13,2.0,2,1
2025,UCLA,Big Ten,1/13,1.0,1,1
2025,Texas,SEC,1/13,7.0,7,1
2025,USC,Big Ten,1/13,4.0,4,1
2025,TCU,Big 12,1/13,10.0,10,1
2025,Duke,ACC,1/13,16.0,16,1
2025,LSU,SEC,1/13,5.0,5,1
2025,NC State,ACC,1/13,21.0,21,1
2025,Notre Dame,ACC,1/13,3.0,3,1
2025,Oklahoma,SEC,1/13,13.0,13,1
2025,Maryland,Big Ten,1/13,8.0,8,1
2025,Kansas State,Big 12,1/13,11.0,11,1
2025,UNC,ACC,1/13,14.0,14,1
2025,Tennessee,SEC,1/13,15.0,15,1
2025,Kentucky,SEC,1/13,12.0,12,1
2025,Ohio State,Big Ten,1/13,9.0,9,1
2025,Alabama,SEC,1/13,19.0,19,1
2025,West Virginia,Big 12,1/13,20.0,20,1
2025,Oklahoma State,Big 12,1/13,24.0,24,1
2025,Michigan State,Big Ten,1/13,22.0,22,1
2025,Georgia Tech,ACC,1/13,17.0,17,1
2025,California,ACC,1/13,18.0,18,1
2025,Minnesota,Big Ten,1/13,24.0,24,1
2025,Utah,Big 12,1/13,23.0,23,1
2025,UConn,Big East,1/20,6.0,6,1
2025,South Carolina,SEC,1/20,2.0,2,1
2025,UCLA,Big Ten,1/20,1.0,1,1
2025,Texas,SEC,1/20,7.0,7,1
2025,USC,Big Ten,1/20,4.0,4,1
2025,TCU,Big 12,1/20,9.0,9,1
2025,Duke,ACC,1/20,14.0,14,1
2025,LSU,SEC,1/20,5.0,5,1
2025,NC State,ACC,1/20,20.0,20,1
2025,Notre Dame,ACC,1/20,3.0,3,1
2025,Oklahoma,SEC,1/20,15.0,15,1
2025,Maryland,Big Ten,1/20,8.0,8,1
2025,Kansas State,Big 12,1/20,10.0,10,1
2025,UNC,ACC,1/20,13.0,13,1
2025,Tennessee,SEC,1/20,17.0,17,1
2025,Kentucky,SEC,1/20,11.0,11,1
2025,Baylor,Big 12,1/20,25.0,25,1
2025,Ohio State,Big Ten,1/20,12.0,12,1
2025,Alabama,SEC,1/20,19.0,19,1
2025,West Virginia,Big 12,1/20,16.0,16,1
2025,Michigan,Big Ten,1/20,24.0,24,1
2025,Michigan State,Big Ten,1/20,21.0,21,1
2025,Georgia Tech,ACC,1/20,18.0,18,1
2025,California,ACC,1/20,22.0,22,1
2025,Minnesota,Big Ten,1/20,23.0,23,1
2025,UConn,Big East,1/27,6.0,6,1
2025,South Carolina,SEC,1/27,2.0,2,1
2025,UCLA,Big Ten,1/27,1.0,1,1
2025,Texas,SEC,1/27,5.0,5,1
2025,USC,Big Ten,1/27,4.0,4,1
2025,TCU,Big 12,1/27,9.0,9,1
2025,Duke,ACC,1/27,10.0,10,1
2025,LSU,SEC,1/27,7.0,7,1
2025,NC State,ACC,1/27,17.0,17,1
2025,Notre Dame,ACC,1/27,3.0,3,1
2025,Oklahoma,SEC,1/27,13.0,13,1
2025,Maryland,Big Ten,1/27,14.0,14,1
2025,Kansas State,Big 12,1/27,11.0,11,1
2025,UNC,ACC,1/27,15.0,15,1
2025,Tennessee,SEC,1/27,18.0,18,1
2025,Kentucky,SEC,1/27,12.0,12,1
2025,Ohio State,Big Ten,1/27,8.0,8,1
2025,Alabama,SEC,1/27,22.0,22,1
2025,West Virginia,Big 12,1/27,21.0,21,1
2025,Florida State,ACC,1/27,25.0,25,1
2025,Oklahoma State,Big 12,1/27,24.0,24,1
2025,Michigan State,Big Ten,1/27,16.0,16,1
2025,Georgia Tech,ACC,1/27,20.0,20,1
2025,California,ACC,1/27,19.0,19,1
2025,Vanderbilt,SEC,1/27,23.0,23,1
2025,UConn,Big East,2/3,5.0,5,1
2025,South Carolina,SEC,2/3,2.0,2,1
2025,UCLA,Big Ten,2/3,1.0,1,1
2025,Texas,SEC,2/3,4.0,4,1
2025,USC,Big Ten,2/3,7.0,7,1
2025,TCU,Big 12,2/3,9.0,9,1
2025,Duke,ACC,2/3,10.0,10,1
2025,LSU,SEC,2/3,6.0,6,1
2025,NC State,ACC,2/3,14.0,14,1
2025,Notre Dame,ACC,2/3,3.0,3,1
2025,Oklahoma,SEC,2/3,15.0,15,1
2025,Maryland,Big Ten,2/3,16.0,16,1
2025,Kansas State,Big 12,2/3,12.0,12,1
2025,UNC,ACC,2/3,13.0,13,1
2025,Tennessee,SEC,2/3,19.0,19,1
2025,Kentucky,SEC,2/3,11.0,11,1
2025,Ohio State,Big Ten,2/3,8.0,8,1
2025,Alabama,SEC,2/3,23.0,23,1
2025,West Virginia,Big 12,2/3,18.0,18,1
2025,Florida State,ACC,2/3,22.0,22,1
2025,Oklahoma State,Big 12,2/3,25.0,25,1
2025,Michigan State,Big Ten,2/3,20.0,20,1
2025,Georgia Tech,ACC,2/3,17.0,17,1
2025,California,ACC,2/3,21.0,21,1
2025,Vanderbilt,SEC,2/3,24.0,24,1
2025,UConn,Big East,2/10,7.0,7,1
2025,South Carolina,SEC,2/10,4.0,4,1
2025,UCLA,Big Ten,2/10,1.0,1,1
2025,Texas,SEC,2/10,3.0,3,1
2025,USC,Big Ten,2/10,6.0,6,1
2025,TCU,Big 12,2/10,11.0,11,1
2025,Duke,ACC,2/10,13.0,13,1
2025,LSU,SEC,2/10,5.0,5,1
2025,NC State,ACC,2/10,10.0,10,1
2025,Notre Dame,ACC,2/10,2.0,2,1
2025,Oklahoma,SEC,2/10,16.0,16,1
2025,Maryland,Big Ten,2/10,17.0,17,1
2025,Kansas State,Big 12,2/10,14.0,14,1
2025,UNC,ACC,2/10,12.0,12,1
2025,Tennessee,SEC,2/10,15.0,15,1
2025,Kentucky,SEC,2/10,8.0,8,1
2025,Baylor,Big 12,2/10,25.0,25,1
2025,Ohio State,Big Ten,2/10,9.0,9,1
2025,Alabama,SEC,2/10,21.0,21,1
2025,West Virginia,Big 12,2/10,18.0,18,1
2025,Florida State,ACC,2/10,23.0,23,1
2025,Oklahoma State,Big 12,2/10,20.0,20,1
2025,Creighton,Big East,2/10,24.0,24,1
2025,Michigan State,Big Ten,2/10,22.0,22,1
2025,Georgia Tech,ACC,2/10,19.0,19,1
2025,UConn,Big East,2/17,5.0,5,1
2025,South Carolina,SEC,2/17,6.0,6,1
2025,UCLA,Big Ten,2/17,3.0,3,1
2025,Texas,SEC,2/17,2.0,2,1
2025,USC,Big Ten,2/17,4.0,4,1
2025,TCU,Big 12,2/17,10.0,10,1
2025,Duke,ACC,2/17,11.0,11,1
2025,LSU,SEC,2/17,7.0,7,1
2025,NC State,ACC,2/17,13.0,13,1
2025,Notre Dame,ACC,2/17,1.0,1,1
2025,Oklahoma,SEC,2/17,16.0,16,1
2025,Maryland,Big Ten,2/17,21.0,21,1
2025,Kansas State,Big 12,2/17,12.0,12,1
2025,UNC,ACC,2/17,9.0,9,1
2025,Tennessee,SEC,2/17,15.0,15,1
2025,Kentucky,SEC,2/17,14.0,14,1
2025,Baylor,Big 12,2/17,19.0,19,1
2025,Ohio State,Big Ten,2/17,8.0,8,1
2025,Alabama,SEC,2/17,18.0,18,1
2025,West Virginia,Big 12,2/17,17.0,17,1
2025,Oklahoma State,Big 12,2/17,24.0,24,1
2025,Creighton,Big East,2/17,23.0,23,1
2025,Michigan State,Big Ten,2/17,22.0,22,1
2025,Georgia Tech,ACC,2/17,20.0,20,1
2025,Illinois,Big Ten,2/17,25.0,25,1
2025,UConn,Big East,2/24,5.0,5,1
2025,South Carolina,SEC,2/24,6.0,6,1
2025,UCLA,Big Ten,2/24,2.0,2,1
2025,Texas,SEC,2/24,1.0,1,1
2025,USC,Big Ten,2/24,4.0,4,1
2025,TCU,Big 12,2/24,10.0,10,1
2025,Duke,ACC,2/24,16.0,16,1
2025,LSU,SEC,2/24,7.0,7,1
2025,NC State,ACC,2/24,9.0,9,1
2025,Notre Dame,ACC,2/24,3.0,3,1
2025,Oklahoma,SEC,2/24,13.0,13,1
2025,Maryland,Big Ten,2/24,19.0,19,1
2025,Kansas State,Big 12,2/24,14.0,14,1
2025,UNC,ACC,2/24,8.0,8,1
2025,Tennessee,SEC,2/24,11.0,11,1
2025,Kentucky,SEC,2/24,15.0,15,1
2025,Baylor,Big 12,2/24,17.0,17,1
2025,Ohio State,Big Ten,2/24,12.0,12,1
2025,Alabama,SEC,2/24,20.0,20,1
2025,West Virginia,Big 12,2/24,18.0,18,1
2025,Florida State,ACC,2/24,24.0,24,1
2025,Oklahoma State,Big 12,2/24,21.0,21,1
2025,Creighton,Big East,2/24,22.0,22,1
2025,Michigan State,Big Ten,2/24,23.0,23,1
2025,Louisville,ACC,2/24,25.0,25,1
2025,UConn,Big East,3/3,3.0,3,1
2025,South Carolina,SEC,3/3,5.0,5,1
2025,UCLA,Big Ten,3/3,4.0,4,1
2025,Texas,SEC,3/3,1.0,1,1
2025,USC,Big Ten,3/3,2.0,2,1
2025,TCU,Big 12,3/3,8.0,8,1
2025,Duke,ACC,3/3,11.0,11,1
2025,LSU,SEC,3/3,9.0,9,1
2025,NC State,ACC,3/3,7.0,7,1
2025,Notre Dame,ACC,3/3,6.0,6,1
2025,Oklahoma,SEC,3/3,10.0,10,1
2025,Maryland,Big Ten,3/3,15.0,15,1
2025,Kansas State,Big 12,3/3,20.0,20,1
2025,UNC,ACC,3/3,14.0,14,1
2025,Tennessee,SEC,3/3,18.0,18,1
2025,Kentucky,SEC,3/3,12.0,12,1
2025,Baylor,Big 12,3/3,17.0,17,1
2025,Ohio State,Big Ten,3/3,13.0,13,1
2025,Alabama,SEC,3/3,19.0,19,1
2025,West Virginia,Big 12,3/3,16.0,16,1
2025,Florida State,ACC,3/3,22.0,22,1
2025,South Dakota State,Summit,3/3,25.0,25,1
2025,Oklahoma State,Big 12,3/3,21.0,21,1
2025,Creighton,Big East,3/3,23.0,23,1
2025,Michigan State,Big Ten,3/3,24.0,24,1
2025,UConn,Big East,3/10,3.0,3,1
2025,South Carolina,SEC,3/10,2.0,2,1
2025,UCLA,Big Ten,3/10,1.0,1,1
2025,Texas,SEC,3/10,5.0,5,1
2025,USC,Big Ten,3/10,4.0,4,1
2025,TCU,Big 12,3/10,6.0,6,1
2025,Duke,ACC,3/10,7.0,7,1
2025,LSU,SEC,3/10,10.0,10,1
2025,NC State,ACC,3/10,9.0,9,1
2025,Notre Dame,ACC,3/10,8.0,8,1
2025,Oklahoma,SEC,3/10,11.0,11,1
2025,Maryland,Big Ten,3/10,18.0,18,1
2025,Kansas State,Big 12,3/10,19.0,19,1
2025,UNC,ACC,3/10,12.0,12,1
2025,Tennessee,SEC,3/10,20.0,20,1
2025,Kentucky,SEC,3/10,13.0,13,1
2025,Ole Miss,SEC,3/10,25.0,25,1
2025,Baylor,Big 12,3/10,14.0,14,1
2025,Ohio State,Big Ten,3/10,15.0,15,1
2025,Alabama,SEC,3/10,21.0,21,1
2025,West Virginia,Big 12,3/10,16.0,16,1
2025,Florida State,ACC,3/10,23.0,23,1
2025,South Dakota State,Summit,3/10,24.0,24,1
2025,Oklahoma State,Big 12,3/10,17.0,17,1
2025,Creighton,Big East,3/10,22.0,22,1
2025,UConn,Big East,3/17,3.0,3,1
2025,South Carolina,SEC,3/17,2.0,2,1
2025,UCLA,Big Ten,3/17,1.0,1,1
2025,Texas,SEC,3/17,5.0,5,1
2025,USC,Big Ten,3/17,4.0,4,1
2025,TCU,Big 12,3/17,6.0,6,1
2025,Duke,ACC,3/17,7.0,7,1
2025,LSU,SEC,3/17,10.0,10,1
2025,NC State,ACC,3/17,9.0,9,1
2025,Notre Dame,ACC,3/17,8.0,8,1
2025,Oklahoma,SEC,3/17,11.0,11,1
2025,Maryland,Big Ten,3/17,18.0,18,1
2025,Kansas State,Big 12,3/17,19.0,19,1
2025,UNC,ACC,3/17,12.0,12,1
2025,Tennessee,SEC,3/17,20.0,20,1
2025,Kentucky,SEC,3/17,13.0,13,1
2025,Ole Miss,SEC,3/17,25.0,25,1
2025,Baylor,Big 12,3/17,14.0,14,1
2025,Ohio State,Big Ten,3/17,15.0,15,1
2025,Alabama,SEC,3/17,21.0,21,1
2025,West Virginia,Big 12,3/17,16.0,16,1
2025,Florida State,ACC,3/17,22.0,22,1
2025,South Dakota State,Summit,3/17,24.0,24,1
2025,Oklahoma State,Big 12,3/17,17.0,17,1
2025,Creighton,Big East,3/17,23.0,23,1
2025,UConn,Big East,Post,1.0,1,1
2025,South Carolina,SEC,Post,2.0,2,1
2025,UCLA,Big Ten,Post,3.0,3,1
2025,Texas,SEC,Post,4.0,4,1
2025,USC,Big Ten,Post,5.0,5,1
2025,TCU,Big 12,Post,6.0,6,1
2025,Duke,ACC,Post,7.0,7,1
2025,LSU,SEC,Post,8.0,8,1
2025,NC State,ACC,Post,9.0,9,1
2025,Notre Dame,ACC,Post,10.0,10,1
2025,Oklahoma,SEC,Post,11.0,11,1
2025,Maryland,Big Ten,Post,12.0,12,1
2025,Kansas State,Big 12,Post,13.0,13,1
2025,UNC,ACC,Post,14.0,14,1
2025,Tennessee,SEC,Post,15.0,15,1
2025,Kentucky,SEC,Post,16.0,16,1
2025,Ole Miss,SEC,Post,17.0,17,1
2025,Baylor,Big 12,Post,18.0,18,1
2025,Ohio State,Big Ten,Post,19.0,19,1
2025,Alabama,SEC,Post,20.0,20,1
2025,West Virginia,Big 12,Post,21.0,21,1
2025,Florida State,ACC,Post,22.0,22,1
2025,South Dakota State,Summit,Post,23.0,23,1
2025,Oklahoma State,Big 12,Post,24.0,24,1
2025,Michigan,Big Ten,Post,25.0,25,1
