School,Conf,Pre,11/11,11/18,11/25,12/2,12/9,12/16,12/23,12/30,1/6,1/13,1/20,1/27,2/3,2/10,2/17,2/24,3/3,3/10,3/17,Post,year,table_number,11/13,11/20,11/27,12/4,12/11,12/18,12/25,1/1,1/8,1/15,1/22,1/29,2/5,2/12,2/19,2/26,3/4,3/11,3/18,11/14,11/21,11/28,12/5,12/13,12/19,12/26,1/2,1/9,1/16,1/23,1/30,2/6,2/13,2/20,2/28,Final,11/15,11/23,11/29,12/6,12/20,12/27,1/3,1/10,1/17,1/24,1/31,2/7,2/14,2/21,3/7,11/30,12/7,12/14,12/21,12/28,1/4,1/11,1/18,1/25,2/1,2/8,2/15,2/22,3/1,3/8,3/2,11/12,11/19,11/26,12/3,12/10,12/17,12/24,12/31,1/7,1/14,1/21,1/28,2/4,2/11,2/18,2/25,3/5,12/12,2/27,3/6,11/16,2/29,11/17,11/24,12/1,12/8,12/15,12/22,12/29,1/5,1/12,1/19,1/26,2/2,2/9,2/16,2/23,3/9,11/22
UConn,Big East,2,2,2,2,2,2,4,7,7,7,6,6,6,5,7,5,5,3,3,3,1,2025,1,,,,,,,,,,,,,,,,,,,,,,,,,,,,,,,,,,,,,,,,,,,,,,,,,,,,,,,,,,,,,,,,,,,,,,,,,,,,,,,,,,,,,,,,,,,,,,,,,,,,,,,,,,
South Carolina,SEC,1,1,1,4,3,3,2,2,2,2,2,2,2,2,4,6,6,5,2,2,2,2025,1,,,,,,,,,,,,,,,,,,,,,,,,,,,,,,,,,,,,,,,,,,,,,,,,,,,,,,,,,,,,,,,,,,,,,,,,,,,,,,,,,,,,,,,,,,,,,,,,,,,,,,,,,,
UCLA,Big Ten,5,5,5,1,1,1,1,1,1,1,1,1,1,1,1,3,2,4,1,1,3,2025,1,,,,,,,,,,,,,,,,,,,,,,,,,,,,,,,,,,,,,,,,,,,,,,,,,,,,,,,,,,,,,,,,,,,,,,,,,,,,,,,,,,,,,,,,,,,,,,,,,,,,,,,,,,
Texas,SEC,4,4,4,5,4,6,6,5,5,5,7,7,5,4,3,2,1,1,5,5,4,2025,1,,,,,,,,,,,,,,,,,,,,,,,,,,,,,,,,,,,,,,,,,,,,,,,,,,,,,,,,,,,,,,,,,,,,,,,,,,,,,,,,,,,,,,,,,,,,,,,,,,,,,,,,,,
USC,Big Ten,3,3,3,6,6,5,7,4,4,4,4,4,4,7,6,4,4,2,4,4,5,2025,1,,,,,,,,,,,,,,,,,,,,,,,,,,,,,,,,,,,,,,,,,,,,,,,,,,,,,,,,,,,,,,,,,,,,,,,,,,,,,,,,,,,,,,,,,,,,,,,,,,,,,,,,,,
TCU,Big 12,,,19,17,9,12,12,11,11,11,10,9,9,9,11,10,10,8,6,6,6,2025,1,,,,,,,,,,,,,,,,,,,,,,,,,,,,,,,,,,,,,,,,,,,,,,,,,,,,,,,,,,,,,,,,,,,,,,,,,,,,,,,,,,,,,,,,,,,,,,,,,,,,,,,,,,
Duke,ACC,11,16,14,13,8,9,9,14,14,14,16,14,10,10,13,11,16,11,7,7,7,2025,1,,,,,,,,,,,,,,,,,,,,,,,,,,,,,,,,,,,,,,,,,,,,,,,,,,,,,,,,,,,,,,,,,,,,,,,,,,,,,,,,,,,,,,,,,,,,,,,,,,,,,,,,,,
LSU,SEC,7,7,7,7,5,4,5,6,6,6,5,5,7,6,5,7,7,9,10,10,8,2025,1,,,,,,,,,,,,,,,,,,,,,,,,,,,,,,,,,,,,,,,,,,,,,,,,,,,,,,,,,,,,,,,,,,,,,,,,,,,,,,,,,,,,,,,,,,,,,,,,,,,,,,,,,,
NC State,ACC,9,13,20,20,,22,21,22,22,21,21,20,17,14,10,13,9,7,9,9,9,2025,1,,,,,,,,,,,,,,,,,,,,,,,,,,,,,,,,,,,,,,,,,,,,,,,,,,,,,,,,,,,,,,,,,,,,,,,,,,,,,,,,,,,,,,,,,,,,,,,,,,,,,,,,,,
Notre Dame,ACC,6,6,6,3,10,8,3,3,3,3,3,3,3,3,2,1,3,6,8,8,10,2025,1,,,,,,,,,,,,,,,,,,,,,,,,,,,,,,,,,,,,,,,,,,,,,,,,,,,,,,,,,,,,,,,,,,,,,,,,,,,,,,,,,,,,,,,,,,,,,,,,,,,,,,,,,,
Oklahoma,SEC,10,9,9,8,11,10,10,9,9,10,13,15,13,15,16,16,13,10,11,11,11,2025,1,,,,,,,,,,,,,,,,,,,,,,,,,,,,,,,,,,,,,,,,,,,,,,,,,,,,,,,,,,,,,,,,,,,,,,,,,,,,,,,,,,,,,,,,,,,,,,,,,,,,,,,,,,
Maryland,Big Ten,18,11,11,10,7,7,8,8,8,8,8,8,14,16,17,21,19,15,18,18,12,2025,1,,,,,,,,,,,,,,,,,,,,,,,,,,,,,,,,,,,,,,,,,,,,,,,,,,,,,,,,,,,,,,,,,,,,,,,,,,,,,,,,,,,,,,,,,,,,,,,,,,,,,,,,,,
Kansas State,Big 12,13,10,10,9,13,13,13,12,12,12,11,10,11,12,14,12,14,20,19,19,13,2025,1,,,,,,,,,,,,,,,,,,,,,,,,,,,,,,,,,,,,,,,,,,,,,,,,,,,,,,,,,,,,,,,,,,,,,,,,,,,,,,,,,,,,,,,,,,,,,,,,,,,,,,,,,,
UNC,ACC,15,14,16,16,16,14,19,17,17,19,14,13,15,13,12,9,8,14,12,12,14,2025,1,,,,,,,,,,,,,,,,,,,,,,,,,,,,,,,,,,,,,,,,,,,,,,,,,,,,,,,,,,,,,,,,,,,,,,,,,,,,,,,,,,,,,,,,,,,,,,,,,,,,,,,,,,
Tennessee,SEC,,,,,,19,18,15,15,16,15,17,18,19,15,15,11,18,20,20,15,2025,1,,,,,,,,,,,,,,,,,,,,,,,,,,,,,,,,,,,,,,,,,,,,,,,,,,,,,,,,,,,,,,,,,,,,,,,,,,,,,,,,,,,,,,,,,,,,,,,,,,,,,,,,,,
Kentucky,SEC,22,20,15,14,14,16,16,16,16,15,12,11,12,11,8,14,15,12,13,13,16,2025,1,,,,,,,,,,,,,,,,,,,,,,,,,,,,,,,,,,,,,,,,,,,,,,,,,,,,,,,,,,,,,,,,,,,,,,,,,,,,,,,,,,,,,,,,,,,,,,,,,,,,,,,,,,
Ole Miss,SEC,20,19,17,18,18,22,25,25,25,,,,,,,,,,25,25,17,2025,1,,,,,,,,,,,,,,,,,,,,,,,,,,,,,,,,,,,,,,,,,,,,,,,,,,,,,,,,,,,,,,,,,,,,,,,,,,,,,,,,,,,,,,,,,,,,,,,,,,,,,,,,,,
Baylor,Big 12,12,17,18,,,,,,,,,25,,,25,19,17,17,14,14,18,2025,1,,,,,,,,,,,,,,,,,,,,,,,,,,,,,,,,,,,,,,,,,,,,,,,,,,,,,,,,,,,,,,,,,,,,,,,,,,,,,,,,,,,,,,,,,,,,,,,,,,,,,,,,,,
Ohio State,Big Ten,14,12,12,11,12,11,11,10,10,9,9,12,8,8,9,8,12,13,15,15,19,2025,1,,,,,,,,,,,,,,,,,,,,,,,,,,,,,,,,,,,,,,,,,,,,,,,,,,,,,,,,,,,,,,,,,,,,,,,,,,,,,,,,,,,,,,,,,,,,,,,,,,,,,,,,,,
Alabama,SEC,24,22,24,23,19,,,20,19,18,19,19,22,23,21,18,20,19,21,21,20,2025,1,,,,,,,,,,,,,,,,,,,,,,,,,,,,,,,,,,,,,,,,,,,,,,,,,,,,,,,,,,,,,,,,,,,,,,,,,,,,,,,,,,,,,,,,,,,,,,,,,,,,,,,,,,
West Virginia,Big 12,16,15,13,12,15,15,14,18,18,17,20,16,21,18,18,17,18,16,16,16,21,2025,1,,,,,,,,,,,,,,,,,,,,,,,,,,,,,,,,,,,,,,,,,,,,,,,,,,,,,,,,,,,,,,,,,,,,,,,,,,,,,,,,,,,,,,,,,,,,,,,,,,,,,,,,,,
Florida State,ACC,19,,,,,,,,,,,,25,22,23,,24,22,23,22,22,2025,1,,,,,,,,,,,,,,,,,,,,,,,,,,,,,,,,,,,,,,,,,,,,,,,,,,,,,,,,,,,,,,,,,,,,,,,,,,,,,,,,,,,,,,,,,,,,,,,,,,,,,,,,,,
South Dakota State,Summit,,,,,,,,,,,,,,,,,,25,24,24,23,2025,1,,,,,,,,,,,,,,,,,,,,,,,,,,,,,,,,,,,,,,,,,,,,,,,,,,,,,,,,,,,,,,,,,,,,,,,,,,,,,,,,,,,,,,,,,,,,,,,,,,,,,,,,,,
Oklahoma State,Big 12,,,,,,,,,,,24,,24,25,20,24,21,21,17,17,24,2025,1,,,,,,,,,,,,,,,,,,,,,,,,,,,,,,,,,,,,,,,,,,,,,,,,,,,,,,,,,,,,,,,,,,,,,,,,,,,,,,,,,,,,,,,,,,,,,,,,,,,,,,,,,,
Michigan,Big Ten,,,,,23,20,20,23,24,25,,24,,,,,,,,,25,2025,1,,,,,,,,,,,,,,,,,,,,,,,,,,,,,,,,,,,,,,,,,,,,,,,,,,,,,,,,,,,,,,,,,,,,,,,,,,,,,,,,,,,,,,,,,,,,,,,,,,,,,,,,,,
Creighton,Big East,21,,,,,,,,,,,,,,24,23,22,23,22,23,,2025,1,,,,,,,,,,,,,,,,,,,,,,,,,,,,,,,,,,,,,,,,,,,,,,,,,,,,,,,,,,,,,,,,,,,,,,,,,,,,,,,,,,,,,,,,,,,,,,,,,,,,,,,,,,
Michigan State,Big Ten,,,,,24,17,15,19,21,20,22,21,16,20,22,22,23,24,,,,2025,1,,,,,,,,,,,,,,,,,,,,,,,,,,,,,,,,,,,,,,,,,,,,,,,,,,,,,,,,,,,,,,,,,,,,,,,,,,,,,,,,,,,,,,,,,,,,,,,,,,,,,,,,,,
Louisville,ACC,17,18,25,24,22,,,,,,,,,,,,25,,,,,2025,1,,,,,,,,,,,,,,,,,,,,,,,,,,,,,,,,,,,,,,,,,,,,,,,,,,,,,,,,,,,,,,,,,,,,,,,,,,,,,,,,,,,,,,,,,,,,,,,,,,,,,,,,,,
Georgia Tech,ACC,,,,,,25,17,13,13,13,17,18,20,17,19,20,,,,,,2025,1,,,,,,,,,,,,,,,,,,,,,,,,,,,,,,,,,,,,,,,,,,,,,,,,,,,,,,,,,,,,,,,,,,,,,,,,,,,,,,,,,,,,,,,,,,,,,,,,,,,,,,,,,,
Illinois,Big Ten,,23,22,19,21,,,,,,,,,,,25,,,,,,2025,1,,,,,,,,,,,,,,,,,,,,,,,,,,,,,,,,,,,,,,,,,,,,,,,,,,,,,,,,,,,,,,,,,,,,,,,,,,,,,,,,,,,,,,,,,,,,,,,,,,,,,,,,,,
California,ACC,,,,,,,24,21,20,24,18,22,19,21,,,,,,,,2025,1,,,,,,,,,,,,,,,,,,,,,,,,,,,,,,,,,,,,,,,,,,,,,,,,,,,,,,,,,,,,,,,,,,,,,,,,,,,,,,,,,,,,,,,,,,,,,,,,,,,,,,,,,,
Vanderbilt,SEC,,,,,,,,,,,,,23,24,,,,,,,,2025,1,,,,,,,,,,,,,,,,,,,,,,,,,,,,,,,,,,,,,,,,,,,,,,,,,,,,,,,,,,,,,,,,,,,,,,,,,,,,,,,,,,,,,,,,,,,,,,,,,,,,,,,,,,
Minnesota,Big Ten,,,,,,,,,,,24,23,,,,,,,,,,2025,1,,,,,,,,,,,,,,,,,,,,,,,,,,,,,,,,,,,,,,,,,,,,,,,,,,,,,,,,,,,,,,,,,,,,,,,,,,,,,,,,,,,,,,,,,,,,,,,,,,,,,,,,,,
Utah,Big 12,,,,,,,,,,22,23,,,,,,,,,,,2025,1,,,,,,,,,,,,,,,,,,,,,,,,,,,,,,,,,,,,,,,,,,,,,,,,,,,,,,,,,,,,,,,,,,,,,,,,,,,,,,,,,,,,,,,,,,,,,,,,,,,,,,,,,,
Iowa,Big Ten,,,,22,17,21,22,24,23,23,,,,,,,,,,,,2025,1,,,,,,,,,,,,,,,,,,,,,,,,,,,,,,,,,,,,,,,,,,,,,,,,,,,,,,,,,,,,,,,,,,,,,,,,,,,,,,,,,,,,,,,,,,,,,,,,,,,,,,,,,,
Nebraska,Big Ten,23,21,21,25,25,24,23,,,,,,,,,,,,,,,2025,1,,,,,,,,,,,,,,,,,,,,,,,,,,,,,,,,,,,,,,,,,,,,,,,,,,,,,,,,,,,,,,,,,,,,,,,,,,,,,,,,,,,,,,,,,,,,,,,,,,,,,,,,,,
Iowa State,Big 12,8,8,8,15,20,18,,,,,,,,,,,,,,,,2025,1,,,,,,,,,,,,,,,,,,,,,,,,,,,,,,,,,,,,,,,,,,,,,,,,,,,,,,,,,,,,,,,,,,,,,,,,,,,,,,,,,,,,,,,,,,,,,,,,,,,,,,,,,,
Oregon,Big Ten,,25,23,21,,,,,,,,,,,,,,,,,,2025,1,,,,,,,,,,,,,,,,,,,,,,,,,,,,,,,,,,,,,,,,,,,,,,,,,,,,,,,,,,,,,,,,,,,,,,,,,,,,,,,,,,,,,,,,,,,,,,,,,,,,,,,,,,
Stanford,ACC,,24,,,,,,,,,,,,,,,,,,,,2025,1,,,,,,,,,,,,,,,,,,,,,,,,,,,,,,,,,,,,,,,,,,,,,,,,,,,,,,,,,,,,,,,,,,,,,,,,,,,,,,,,,,,,,,,,,,,,,,,,,,,,,,,,,,
Indiana,Big Ten,25,,,,,,,,,,,,,,,,,,,,,2025,1,,,,,,,,,,,,,,,,,,,,,,,,,,,,,,,,,,,,,,,,,,,,,,,,,,,,,,,,,,,,,,,,,,,,,,,,,,,,,,,,,,,,,,,,,,,,,,,,,,,,,,,,,,
South Carolina,SEC,6,,,,,,,,,,,,,,,,,,,,1,2024,1,1,1,1,1,1,1,1,1,1,1,1,1,1,1,1,1,1,1,1,,,,,,,,,,,,,,,,,,,,,,,,,,,,,,,,,,,,,,,,,,,,,,,,,,,,,,,,,,,,,,,,,,,,,,,,,,,,,,,,,,,,,,,
Iowa,Big Ten,3,,,,,,,,,,,,,,,,,,,,2,2024,1,2,5,4,4,4,4,4,4,3,2,5,3,2,4,4,6,3,2,2,,,,,,,,,,,,,,,,,,,,,,,,,,,,,,,,,,,,,,,,,,,,,,,,,,,,,,,,,,,,,,,,,,,,,,,,,,,,,,,,,,,,,,,
UConn,Big East,2,,,,,,,,,,,,,,,,,,,,3,2024,1,8,6,11,17,17,17,15,12,13,9,8,11,11,15,15,10,9,10,10,,,,,,,,,,,,,,,,,,,,,,,,,,,,,,,,,,,,,,,,,,,,,,,,,,,,,,,,,,,,,,,,,,,,,,,,,,,,,,,,,,,,,,,
NC State,ACC,,,,,,,,,,,,,,,,,,,,,4,2024,1,14,11,5,3,3,3,3,3,6,4,7,5,3,6,6,12,10,11,11,,,,,,,,,,,,,,,,,,,,,,,,,,,,,,,,,,,,,,,,,,,,,,,,,,,,,,,,,,,,,,,,,,,,,,,,,,,,,,,,,,,,,,,
USC,Pac-12,21,,,,,,,,,,,,,,,,,,,,5,2024,1,10,8,6,6,6,6,6,9,9,6,11,15,10,10,7,7,5,3,3,,,,,,,,,,,,,,,,,,,,,,,,,,,,,,,,,,,,,,,,,,,,,,,,,,,,,,,,,,,,,,,,,,,,,,,,,,,,,,,,,,,,,,,
LSU,SEC,1,,,,,,,,,,,,,,,,,,,,6,2024,1,7,7,7,7,7,7,7,7,7,10,9,9,13,13,13,9,8,8,8,,,,,,,,,,,,,,,,,,,,,,,,,,,,,,,,,,,,,,,,,,,,,,,,,,,,,,,,,,,,,,,,,,,,,,,,,,,,,,,,,,,,,,,
Texas,Big 12,13,,,,,,,,,,,,,,,,,,,,7,2024,1,11,12,10,5,5,5,5,10,10,11,10,12,7,5,5,3,6,5,4,,,,,,,,,,,,,,,,,,,,,,,,,,,,,,,,,,,,,,,,,,,,,,,,,,,,,,,,,,,,,,,,,,,,,,,,,,,,,,,,,,,,,,,
Oregon State,Pac-12,,,,,,,,,,,,,,,,,,,,,8,2024,1,,,,,,,,,,,25,18,17,11,9,11,13,12,12,,,,,,,,,,,,,,,,,,,,,,,,,,,,,,,,,,,,,,,,,,,,,,,,,,,,,,,,,,,,,,,,,,,,,,,,,,,,,,,,,,,,,,,
Stanford,Pac-12,15,,,,,,,,,,,,,,,,,,,,9,2024,1,6,4,3,9,9,9,9,8,8,8,6,4,6,3,3,4,2,4,5,,,,,,,,,,,,,,,,,,,,,,,,,,,,,,,,,,,,,,,,,,,,,,,,,,,,,,,,,,,,,,,,,,,,,,,,,,,,,,,,,,,,,,,
UCLA,Pac-12,4,,,,,,,,,,,,,,,,,,,,10,2024,1,3,2,2,2,2,2,2,2,2,5,2,7,9,9,12,8,7,6,6,,,,,,,,,,,,,,,,,,,,,,,,,,,,,,,,,,,,,,,,,,,,,,,,,,,,,,,,,,,,,,,,,,,,,,,,,,,,,,,,,,,,,,,
Notre Dame,ACC,10,,,,,,,,,,,,,,,,,,,,11,2024,1,16,17,18,14,14,14,13,16,18,19,15,14,12,16,19,17,14,9,9,,,,,,,,,,,,,,,,,,,,,,,,,,,,,,,,,,,,,,,,,,,,,,,,,,,,,,,,,,,,,,,,,,,,,,,,,,,,,,,,,,,,,,,
Indiana,Big Ten,9,,,,,,,,,,,,,,,,,,,,12,2024,1,18,21,17,16,15,16,16,14,14,16,14,10,14,14,14,14,12,15,14,,,,,,,,,,,,,,,,,,,,,,,,,,,,,,,,,,,,,,,,,,,,,,,,,,,,,,,,,,,,,,,,,,,,,,,,,,,,,,,,,,,,,,,
Baylor,Big 12,19,,,,,,,,,,,,,,,,,,,,13,2024,1,21,14,13,10,10,10,10,6,4,12,13,13,18,21,24,21,17,19,19,,,,,,,,,,,,,,,,,,,,,,,,,,,,,,,,,,,,,,,,,,,,,,,,,,,,,,,,,,,,,,,,,,,,,,,,,,,,,,,,,,,,,,,
Gonzaga,WCC,,,,,,,,,,,,,,,,,,,,,14,2024,1,,,,23,21,20,20,18,16,17,17,19,19,17,16,16,15,14,16,,,,,,,,,,,,,,,,,,,,,,,,,,,,,,,,,,,,,,,,,,,,,,,,,,,,,,,,,,,,,,,,,,,,,,,,,,,,,,,,,,,,,,,
Colorado,Pac-12,20,,,,,,,,,,,,,,,,,,,,15,2024,1,5,3,8,8,8,8,8,5,5,3,3,6,4,8,11,13,18,18,17,,,,,,,,,,,,,,,,,,,,,,,,,,,,,,,,,,,,,,,,,,,,,,,,,,,,,,,,,,,,,,,,,,,,,,,,,,,,,,,,,,,,,,,
Ohio State,Big Ten,7,,,,,,,,,,,,,,,,,,,,16,2024,1,13,15,16,12,12,13,17,20,17,18,12,8,5,2,2,2,4,7,7,,,,,,,,,,,,,,,,,,,,,,,,,,,,,,,,,,,,,,,,,,,,,,,,,,,,,,,,,,,,,,,,,,,,,,,,,,,,,,,,,,,,,,,
Duke,ACC,,,,,,,,,,,,,,,,,,,,,17,2024,1,,,,,,,,,,,,,,,,,,,,,,,,,,,,,,,,,,,,,,,,,,,,,,,,,,,,,,,,,,,,,,,,,,,,,,,,,,,,,,,,,,,,,,,,,,,,,,,,,,,,,,,,,,
Virginia Tech,ACC,8,,,,,,,,,,,,,,,,,,,,18,2024,1,9,9,9,15,16,15,14,13,11,14,19,17,16,12,8,5,11,13,13,,,,,,,,,,,,,,,,,,,,,,,,,,,,,,,,,,,,,,,,,,,,,,,,,,,,,,,,,,,,,,,,,,,,,,,,,,,,,,,,,,,,,,,
Kansas State,Big 12,,,,,,,,,,,,,,,,,,,,,19,2024,1,,16,14,13,12,12,11,11,12,7,4,2,8,7,10,15,16,16,15,,,,,,,,,,,,,,,,,,,,,,,,,,,,,,,,,,,,,,,,,,,,,,,,,,,,,,,,,,,,,,,,,,,,,,,,,,,,,,,,,,,,,,,
Syracuse,ACC,,,,,,,,,,,,,,,,,,,,,20,2024,1,,,,,,,,25,,,22,21,23,19,17,19,20,22,22,,,,,,,,,,,,,,,,,,,,,,,,,,,,,,,,,,,,,,,,,,,,,,,,,,,,,,,,,,,,,,,,,,,,,,,,,,,,,,,,,,,,,,,
Oklahoma,Big 12,,,,,,,,,,,,,,,,,,,,,21,2024,1,25,22,,,,,,,,,,,24,23,23,20,19,17,18,,,,,,,,,,,,,,,,,,,,,,,,,,,,,,,,,,,,,,,,,,,,,,,,,,,,,,,,,,,,,,,,,,,,,,,,,,,,,,,,,,,,,,,
Utah,Pac-12,5,,,,,,,,,,,,,,,,,,,,22,2024,1,4,10,12,11,11,11,12,15,19,20,16,20,20,22,18,18,22,20,21,,,,,,,,,,,,,,,,,,,,,,,,,,,,,,,,,,,,,,,,,,,,,,,,,,,,,,,,,,,,,,,,,,,,,,,,,,,,,,,,,,,,,,,
Creighton,Big East,22,,,,,,,,,,,,,,,,,,,,23,2024,1,22,,,22,20,22,21,21,22,21,21,22,21,20,21,23,21,23,24,,,,,,,,,,,,,,,,,,,,,,,,,,,,,,,,,,,,,,,,,,,,,,,,,,,,,,,,,,,,,,,,,,,,,,,,,,,,,,,,,,,,,,,
West Virginia,Big 12,,,,,,,,,,,,,,,,,,,,,24,2024,1,,,,,,,25,24,24,,24,23,22,24,22,24,,,,,,,,,,,,,,,,,,,,,,,,,,,,,,,,,,,,,,,,,,,,,,,,,,,,,,,,,,,,,,,,,,,,,,,,,,,,,,,,,,,,,,,,,,
Iowa State,Big 12,,,,,,,,,,,,,,,,,,,,,25,2024,1,,,,,,,,,,24,,,,,,,,,,,,,,,,,,,,,,,,,,,,,,,,,,,,,,,,,,,,,,,,,,,,,,,,,,,,,,,,,,,,,,,,,,,,,,,,,,,,,,,,,,,,,,,,
UNLV,MWC,,,,,,,,,,,,,,,,,,,,,,2024,1,,,,,23,,,,25,25,,,,,,24,23,21,20,,,,,,,,,,,,,,,,,,,,,,,,,,,,,,,,,,,,,,,,,,,,,,,,,,,,,,,,,,,,,,,,,,,,,,,,,,,,,,,,,,,,,,,
Louisville,ACC,17,,,,,,,,,,,,,,,,,,,,,2024,1,19,20,22,18,18,19,19,17,15,13,18,16,15,18,20,22,24,24,23,,,,,,,,,,,,,,,,,,,,,,,,,,,,,,,,,,,,,,,,,,,,,,,,,,,,,,,,,,,,,,,,,,,,,,,,,,,,,,,,,,,,,,,
Fairfield,MAAC,,,,,,,,,,,,,,,,,,,,,,2024,1,,,,,,,,,,,,,,,,,25,25,25,,,,,,,,,,,,,,,,,,,,,,,,,,,,,,,,,,,,,,,,,,,,,,,,,,,,,,,,,,,,,,,,,,,,,,,,,,,,,,,,,,,,,,,
Princeton,Ivy,,,,,,,,,,,,,,,,,,,,,,2024,1,,,25,,,,,,,,,25,25,25,25,,,,,,,,,,,,,,,,,,,,,,,,,,,,,,,,,,,,,,,,,,,,,,,,,,,,,,,,,,,,,,,,,,,,,,,,,,,,,,,,,,,,,,,,,,,
UNC,ACC,16,,,,,,,,,,,,,,,,,,,,,2024,1,17,18,24,24,25,24,24,,20,23,20,24,,,,,,,,,,,,,,,,,,,,,,,,,,,,,,,,,,,,,,,,,,,,,,,,,,,,,,,,,,,,,,,,,,,,,,,,,,,,,,,,,,,,,,,,,,,,,,
Florida State,ACC,18,,,,,,,,,,,,,,,,,,,,,2024,1,12,13,15,20,22,21,22,22,21,15,23,,,,,,,,,,,,,,,,,,,,,,,,,,,,,,,,,,,,,,,,,,,,,,,,,,,,,,,,,,,,,,,,,,,,,,,,,,,,,,,,,,,,,,,,,,,,,,,
Marquette,Big East,,,,,,,,,,,,,,,,,,,,,,2024,1,,,23,19,19,18,18,19,23,22,,,,,,,,,,,,,,,,,,,,,,,,,,,,,,,,,,,,,,,,,,,,,,,,,,,,,,,,,,,,,,,,,,,,,,,,,,,,,,,,,,,,,,,,,,,,,,,,
TCU,Big 12,,,,,,,,,,,,,,,,,,,,,,2024,1,,,,,,25,23,23,,,,,,,,,,,,,,,,,,,,,,,,,,,,,,,,,,,,,,,,,,,,,,,,,,,,,,,,,,,,,,,,,,,,,,,,,,,,,,,,,,,,,,,,,,,,,,,,,,
Washington,Pac-12,,,,,,,,,,,,,,,,,,,,,,2024,1,,,,,,23,,,,,,,,,,,,,,,,,,,,,,,,,,,,,,,,,,,,,,,,,,,,,,,,,,,,,,,,,,,,,,,,,,,,,,,,,,,,,,,,,,,,,,,,,,,,,,,,,,,,
Miami (FL),ACC,,,,,,,,,,,,,,,,,,,,,,2024,1,,,,,24,,,,,,,,,,,,,,,,,,,,,,,,,,,,,,,,,,,,,,,,,,,,,,,,,,,,,,,,,,,,,,,,,,,,,,,,,,,,,,,,,,,,,,,,,,,,,,,,,,,,,
Washington State,Pac-12,24,,,,,,,,,,,,,,,,,,,,,2024,1,24,23,,21,,,,,,,,,,,,,,,,,,,,,,,,,,,,,,,,,,,,,,,,,,,,,,,,,,,,,,,,,,,,,,,,,,,,,,,,,,,,,,,,,,,,,,,,,,,,,,,,,,,,,,
Penn State,Big Ten,,,,,,,,,,,,,,,,,,,,,,2024,1,,,,25,,,,,,,,,,,,,,,,,,,,,,,,,,,,,,,,,,,,,,,,,,,,,,,,,,,,,,,,,,,,,,,,,,,,,,,,,,,,,,,,,,,,,,,,,,,,,,,,,,,,,,
Ole Miss,SEC,12,,,,,,,,,,,,,,,,,,,,,2024,1,23,24,19,,,,,,,,,,,,,,,,,,,,,,,,,,,,,,,,,,,,,,,,,,,,,,,,,,,,,,,,,,,,,,,,,,,,,,,,,,,,,,,,,,,,,,,,,,,,,,,,,,,,,,,
Tennessee,SEC,11,,,,,,,,,,,,,,,,,,,,,2024,1,15,19,20,,,,,,,,,,,,,,,,,,,,,,,,,,,,,,,,,,,,,,,,,,,,,,,,,,,,,,,,,,,,,,,,,,,,,,,,,,,,,,,,,,,,,,,,,,,,,,,,,,,,,,,
Mississippi State,SEC,25,,,,,,,,,,,,,,,,,,,,,2024,1,,25,21,,,,,,,,,,,,,,,,,,,,,,,,,,,,,,,,,,,,,,,,,,,,,,,,,,,,,,,,,,,,,,,,,,,,,,,,,,,,,,,,,,,,,,,,,,,,,,,,,,,,,,,
Maryland,Big Ten,14,,,,,,,,,,,,,,,,,,,,,2024,1,20,,,,,,,,,,,,,,,,,,,,,,,,,,,,,,,,,,,,,,,,,,,,,,,,,,,,,,,,,,,,,,,,,,,,,,,,,,,,,,,,,,,,,,,,,,,,,,,,,,,,,,,,,
Illinois,Big Ten,23,,,,,,,,,,,,,,,,,,,,,2024,1,,,,,,,,,,,,,,,,,,,,,,,,,,,,,,,,,,,,,,,,,,,,,,,,,,,,,,,,,,,,,,,,,,,,,,,,,,,,,,,,,,,,,,,,,,,,,,,,,,,,,,,,,,
South Carolina,SEC,1,,,,,,,,,,,,,,,,,,,,,2023,1,,,,,,,,,,,,,,,,,,,,1,1,1,1,1,1,1,1,1,1,1,1,1,1,1,1,1,,,,,,,,,,,,,,,,,,,,,,,,,,,,,,,,,,,,,,,,,,,,,,,,,,,,,,,,,,,,,,,,,,,,,,
Iowa,Big Ten,4,,,,,,,,,,,,,,,,,,,,,2023,1,,,,,,,,,,,,,,,,,,,,4,9,10,16,12,13,12,16,12,10,10,6,5,7,6,7,2,,,,,,,,,,,,,,,,,,,,,,,,,,,,,,,,,,,,,,,,,,,,,,,,,,,,,,,,,,,,,,,,,,,,,,
Indiana,Big Ten,11,,,,,,,,,,,,,,,,,,,,,2023,1,,,,,,,,,,,,,,,,,,,,12,6,5,4,4,4,4,6,6,6,6,4,2,2,2,2,3,,,,,,,,,,,,,,,,,,,,,,,,,,,,,,,,,,,,,,,,,,,,,,,,,,,,,,,,,,,,,,,,,,,,,,
Virginia Tech,ACC,13,,,,,,,,,,,,,,,,,,,,,2023,1,,,,,,,,,,,,,,,,,,,,14,11,9,7,6,8,7,9,13,12,12,13,11,11,9,8,4,,,,,,,,,,,,,,,,,,,,,,,,,,,,,,,,,,,,,,,,,,,,,,,,,,,,,,,,,,,,,,,,,,,,,,
Stanford,Pac-12,2,,,,,,,,,,,,,,,,,,,,,2023,1,,,,,,,,,,,,,,,,,,,,2,2,2,2,2,2,2,2,2,4,3,2,6,3,3,6,5,,,,,,,,,,,,,,,,,,,,,,,,,,,,,,,,,,,,,,,,,,,,,,,,,,,,,,,,,,,,,,,,,,,,,,
Maryland,Big Ten,17,,,,,,,,,,,,,,,,,,,,,2023,1,,,,,,,,,,,,,,,,,,,,19,14,20,20,15,15,16,13,9,11,10,8,8,8,7,5,6,,,,,,,,,,,,,,,,,,,,,,,,,,,,,,,,,,,,,,,,,,,,,,,,,,,,,,,,,,,,,,,,,,,,,,
UConn,Big East,6,,,,,,,,,,,,,,,,,,,,,2023,1,,,,,,,,,,,,,,,,,,,,5,3,3,6,9,9,8,5,4,5,5,5,4,6,4,9,7,,,,,,,,,,,,,,,,,,,,,,,,,,,,,,,,,,,,,,,,,,,,,,,,,,,,,,,,,,,,,,,,,,,,,,
Utah,Pac-12,,,,,,,,,,,,,,,,,,,,,,2023,1,,,,,,,,,,,,,,,,,,,,25,17,16,15,13,12,11,8,10,8,9,7,7,4,8,3,8,,,,,,,,,,,,,,,,,,,,,,,,,,,,,,,,,,,,,,,,,,,,,,,,,,,,,,,,,,,,,,,,,,,,,,
LSU,SEC,16,,,,,,,,,,,,,,,,,,,,,2023,1,,,,,,,,,,,,,,,,,,,,15,12,11,11,11,10,9,7,5,3,4,3,3,5,5,4,9,,,,,,,,,,,,,,,,,,,,,,,,,,,,,,,,,,,,,,,,,,,,,,,,,,,,,,,,,,,,,,,,,,,,,,
Villanova,Big East,,,,,,,,,,,,,,,,,,,,,,2023,1,,,,,,,,,,,,,,,,,,,,24,23,25,25,25,,,,25,22,21,19,15,14,15,11,10,,,,,,,,,,,,,,,,,,,,,,,,,,,,,,,,,,,,,,,,,,,,,,,,,,,,,,,,,,,,,,,,,,,,,,
Notre Dame,ACC,9,,,,,,,,,,,,,,,,,,,,,2023,1,,,,,,,,,,,,,,,,,,,,9,7,7,5,5,5,5,4,7,7,7,9,10,10,10,10,11,,,,,,,,,,,,,,,,,,,,,,,,,,,,,,,,,,,,,,,,,,,,,,,,,,,,,,,,,,,,,,,,,,,,,,
Ohio State,Big Ten,14,,,,,,,,,,,,,,,,,,,,,2023,1,,,,,,,,,,,,,,,,,,,,8,4,4,3,3,3,3,3,3,2,2,10,13,13,16,14,12,,,,,,,,,,,,,,,,,,,,,,,,,,,,,,,,,,,,,,,,,,,,,,,,,,,,,,,,,,,,,,,,,,,,,,
Duke,ACC,,,,,,,,,,,,,,,,,,,,,,2023,1,,,,,,,,,,,,,,,,,,,,,,,,,,,19,16,13,16,16,9,9,11,13,13,,,,,,,,,,,,,,,,,,,,,,,,,,,,,,,,,,,,,,,,,,,,,,,,,,,,,,,,,,,,,,,,,,,,,,
Oklahoma,Big 12,15,,,,,,,,,,,,,,,,,,,,,2023,1,,,,,,,,,,,,,,,,,,,,16,,,23,24,23,20,17,19,15,14,20,16,15,13,16,14,,,,,,,,,,,,,,,,,,,,,,,,,,,,,,,,,,,,,,,,,,,,,,,,,,,,,,,,,,,,,,,,,,,,,,
Texas,Big 12,3,,,,,,,,,,,,,,,,,,,,,2023,1,,,,,,,,,,,,,,,,,,,,3,19,22,,,,,,,25,,24,20,17,19,12,15,,,,,,,,,,,,,,,,,,,,,,,,,,,,,,,,,,,,,,,,,,,,,,,,,,,,,,,,,,,,,,,,,,,,,,
Gonzaga,WCC,,,,,,,,,,,,,,,,,,,,,,2023,1,,,,,,,,,,,,,,,,,,,,,,23,22,23,22,19,20,20,16,17,17,23,20,18,15,16,,,,,,,,,,,,,,,,,,,,,,,,,,,,,,,,,,,,,,,,,,,,,,,,,,,,,,,,,,,,,,,,,,,,,,
UCLA,Pac-12,,,,,,,,,,,,,,,,,,,,,,2023,1,,,,,,,,,,,,,,,,,,,,,20,15,13,10,11,10,12,8,9,8,14,18,16,17,19,17,,,,,,,,,,,,,,,,,,,,,,,,,,,,,,,,,,,,,,,,,,,,,,,,,,,,,,,,,,,,,,,,,,,,,,
Michigan,Big Ten,25,,,,,,,,,,,,,,,,,,,,,2023,1,,,,,,,,,,,,,,,,,,,,23,22,17,14,19,19,14,14,17,14,13,18,12,12,12,17,18,,,,,,,,,,,,,,,,,,,,,,,,,,,,,,,,,,,,,,,,,,,,,,,,,,,,,,,,,,,,,,,,,,,,,,
UNC,ACC,12,,,,,,,,,,,,,,,,,,,,,2023,1,,,,,,,,,,,,,,,,,,,,13,8,6,8,7,6,13,22,22,17,15,11,14,19,22,18,19,,,,,,,,,,,,,,,,,,,,,,,,,,,,,,,,,,,,,,,,,,,,,,,,,,,,,,,,,,,,,,,,,,,,,,
Colorado,Pac-12,,,,,,,,,,,,,,,,,,,,,,2023,1,,,,,,,,,,,,,,,,,,,,,,,,,,,,,24,25,,25,21,21,20,20,,,,,,,,,,,,,,,,,,,,,,,,,,,,,,,,,,,,,,,,,,,,,,,,,,,,,,,,,,,,,,,,,,,,,,
UNLV,MWC,,,,,,,,,,,,,,,,,,,,,,2023,1,,,,,,,,,,,,,,,,,,,,,,,,,,,,,,,,,23,24,22,21,,,,,,,,,,,,,,,,,,,,,,,,,,,,,,,,,,,,,,,,,,,,,,,,,,,,,,,,,,,,,,,,,,,,,,
Washington State,Pac-12,,,,,,,,,,,,,,,,,,,,,,2023,1,,,,,,,,,,,,,,,,,,,,,,,,,,,,,,,,,,,,22,,,,,,,,,,,,,,,,,,,,,,,,,,,,,,,,,,,,,,,,,,,,,,,,,,,,,,,,,,,,,,,,,,,,,,
Tennessee,SEC,5,,,,,,,,,,,,,,,,,,,,,2023,1,,,,,,,,,,,,,,,,,,,,11,23,,,,,,,,,,,,,,,23,,,,,,,,,,,,,,,,,,,,,,,,,,,,,,,,,,,,,,,,,,,,,,,,,,,,,,,,,,,,,,,,,,,,,,
Arizona,Pac-12,19,,,,,,,,,,,,,,,,,,,,,2023,1,,,,,,,,,,,,,,,,,,,,18,15,14,12,20,18,18,15,14,19,19,22,17,18,14,21,24,,,,,,,,,,,,,,,,,,,,,,,,,,,,,,,,,,,,,,,,,,,,,,,,,,,,,,,,,,,,,,,,,,,,,,
Middle Tennessee,CUSA,,,,,,,,,,,,,,,,,,,,,,2023,1,,,,,,,,,,,,,,,,,,,,,,,,,,,,,,23,21,,,25,24,25,,,,,,,,,,,,,,,,,,,,,,,,,,,,,,,,,,,,,,,,,,,,,,,,,,,,,,,,,,,,,,,,,,,,,,
Iowa State,Big 12,8,,,,,,,,,,,,,,,,,,,,,2023,1,,,,,,,,,,,,,,,,,,,,7,5,8,10,14,14,15,11,15,18,18,12,21,22,20,23,,,,,,,,,,,,,,,,,,,,,,,,,,,,,,,,,,,,,,,,,,,,,,,,,,,,,,,,,,,,,,,,,,,,,,,
South Florida,AAC,,,,,,,,,,,,,,,,,,,,,,2023,1,,,,,,,,,,,,,,,,,,,,,,,,,,,,,,,25,24,,,25,,,,,,,,,,,,,,,,,,,,,,,,,,,,,,,,,,,,,,,,,,,,,,,,,,,,,,,,,,,,,,,,,,,,,,,
Florida State,ACC,,,,,,,,,,,,,,,,,,,,,,2023,1,,,,,,,,,,,,,,,,,,,,,,,,,,,,,,24,23,19,24,23,,,,,,,,,,,,,,,,,,,,,,,,,,,,,,,,,,,,,,,,,,,,,,,,,,,,,,,,,,,,,,,,,,,,,,,,
Illinois,Big Ten,,,,,,,,,,,,,,,,,,,,,,2023,1,,,,,,,,,,,,,,,,,,,,,,,,,,,,24,21,22,,,,25,,,,,,,,,,,,,,,,,,,,,,,,,,,,,,,,,,,,,,,,,,,,,,,,,,,,,,,,,,,,,,,,,,,,,,,,
USC,Pac-12,,,,,,,,,,,,,,,,,,,,,,2023,1,,,,,,,,,,,,,,,,,,,,,,,,,,,,,,,,,25,,,,,,,,,,,,,,,,,,,,,,,,,,,,,,,,,,,,,,,,,,,,,,,,,,,,,,,,,,,,,,,,,,,,,,,,,
NC State,ACC,10,,,,,,,,,,,,,,,,,,,,,2023,1,,,,,,,,,,,,,,,,,,,,10,13,12,9,8,7,6,10,11,20,20,15,22,,,,,,,,,,,,,,,,,,,,,,,,,,,,,,,,,,,,,,,,,,,,,,,,,,,,,,,,,,,,,,,,,,,,,,,,,,
Oregon,Pac-12,20,,,,,,,,,,,,,,,,,,,,,2023,1,,,,,,,,,,,,,,,,,,,,21,18,19,17,17,16,17,18,21,23,,,,,,,,,,,,,,,,,,,,,,,,,,,,,,,,,,,,,,,,,,,,,,,,,,,,,,,,,,,,,,,,,,,,,,,,,,,,,
Baylor,Big 12,18,,,,,,,,,,,,,,,,,,,,,2023,1,,,,,,,,,,,,,,,,,,,,17,21,21,19,18,24,23,23,18,,,,,,,,,,,,,,,,,,,,,,,,,,,,,,,,,,,,,,,,,,,,,,,,,,,,,,,,,,,,,,,,,,,,,,,,,,,,,,
Kansas,Big 12,,,,,,,,,,,,,,,,,,,,,,2023,1,,,,,,,,,,,,,,,,,,,,,,,,22,20,22,21,23,,,,,,,,,,,,,,,,,,,,,,,,,,,,,,,,,,,,,,,,,,,,,,,,,,,,,,,,,,,,,,,,,,,,,,,,,,,,,,
St. John's (NY),Big East,,,,,,,,,,,,,,,,,,,,,,2023,1,,,,,,,,,,,,,,,,,,,,,,,,,25,25,24,,,,,,,,,,,,,,,,,,,,,,,,,,,,,,,,,,,,,,,,,,,,,,,,,,,,,,,,,,,,,,,,,,,,,,,,,,,,,,,
Creighton,Big East,21,,,,,,,,,,,,,,,,,,,,,2023,1,,,,,,,,,,,,,,,,,,,,20,16,13,18,16,21,21,25,,,,,,,,,,,,,,,,,,,,,,,,,,,,,,,,,,,,,,,,,,,,,,,,,,,,,,,,,,,,,,,,,,,,,,,,,,,,,,,
Arkansas,SEC,,,,,,,,,,,,,,,,,,,,,,2023,1,,,,,,,,,,,,,,,,,,,,,,,21,21,17,24,,,,,,,,,,,,,,,,,,,,,,,,,,,,,,,,,,,,,,,,,,,,,,,,,,,,,,,,,,,,,,,,,,,,,,,,,,,,,,,,
Kansas State,Big 12,,,,,,,,,,,,,,,,,,,,,,2023,1,,,,,,,,,,,,,,,,,,,,,25,,24,,,,,,,,,,,,,,,,,,,,,,,,,,,,,,,,,,,,,,,,,,,,,,,,,,,,,,,,,,,,,,,,,,,,,,,,,,,,,,,,,,,
Louisville,ACC,7,,,,,,,,,,,,,,,,,,,,,2023,1,,,,,,,,,,,,,,,,,,,,6,10,18,,,,,,,,,,,,,,,,,,,,,,,,,,,,,,,,,,,,,,,,,,,,,,,,,,,,,,,,,,,,,,,,,,,,,,,,,,,,,,,,,,,,
Marquette,Big East,,,,,,,,,,,,,,,,,,,,,,2023,1,,,,,,,,,,,,,,,,,,,,,,24,,,,,,,,,,,,,,,,,,,,,,,,,,,,,,,,,,,,,,,,,,,,,,,,,,,,,,,,,,,,,,,,,,,,,,,,,,,,,,,,,,,,
Nebraska,Big Ten,22,,,,,,,,,,,,,,,,,,,,,2023,1,,,,,,,,,,,,,,,,,,,,22,,,,,,,,,,,,,,,,,,,,,,,,,,,,,,,,,,,,,,,,,,,,,,,,,,,,,,,,,,,,,,,,,,,,,,,,,,,,,,,,,,,,,,
South Dakota State,Summit,23,,,,,,,,,,,,,,,,,,,,,2023,1,,,,,,,,,,,,,,,,,,,,,,,,,,,,,,,,,,,,,,,,,,,,,,,,,,,,,,,,,,,,,,,,,,,,,,,,,,,,,,,,,,,,,,,,,,,,,,,,,,,,,,,,,,
Princeton,Ivy,24,,,,,,,,,,,,,,,,,,,,,2023,1,,,,,,,,,,,,,,,,,,,,,,,,,,,,,,,,,,,,,,,,,,,,,,,,,,,,,,,,,,,,,,,,,,,,,,,,,,,,,,,,,,,,,,,,,,,,,,,,,,,,,,,,,,
South Carolina,SEC,1,,,,,,,,,,,,,,,,,,,,,2022,1,,,,,,,,,,,,,,,,,,,,,,,,1,,,,,,,,,,,1,1,1,1,1,1,1,1,1,1,1,1,1,1,1,1,1,,,,,,,,,,,,,,,,,,,,,,,,,,,,,,,,,,,,,,,,,,,,,,,,,,,,,,,
Stanford,Pac-12,3,,,,,,,,,,,,,,,,,,,,,2022,1,,,,,,,,,,,,,,,,,,,,,,,,3,,,,,,,,,,,2,2,7,7,4,4,2,2,2,2,2,2,2,2,2,2,2,,,,,,,,,,,,,,,,,,,,,,,,,,,,,,,,,,,,,,,,,,,,,,,,,,,,,,,
NC State,ACC,5,,,,,,,,,,,,,,,,,,,,,2022,1,,,,,,,,,,,,,,,,,,,,,,,,2,,,,,,,,,,,3,3,5,5,2,2,5,5,5,4,4,3,3,5,4,3,3,,,,,,,,,,,,,,,,,,,,,,,,,,,,,,,,,,,,,,,,,,,,,,,,,,,,,,,
Louisville,ACC,6,,,,,,,,,,,,,,,,,,,,,2022,1,,,,,,,,,,,,,,,,,,,,,,,,6,,,,,,,,,,,4,4,10,10,10,7,3,3,3,3,3,5,4,3,3,4,5,,,,,,,,,,,,,,,,,,,,,,,,,,,,,,,,,,,,,,,,,,,,,,,,,,,,,,,
UConn,Big East,2,,,,,,,,,,,,,,,,,,,,,2022,1,,,,,,,,,,,,,,,,,,,,,,,,7,,,,,,,,,,,7,5,2,3,2,3,11,11,11,10,9,10,10,8,10,7,6,,,,,,,,,,,,,,,,,,,,,,,,,,,,,,,,,,,,,,,,,,,,,,,,,,,,,,,
Texas,Big 12,25,,,,,,,,,,,,,,,,,,,,,2022,1,,,,,,,,,,,,,,,,,,,,,,,,11,,,,,,,,,,,9,6,12,14,15,11,12,12,9,13,15,9,13,16,14,11,7,,,,,,,,,,,,,,,,,,,,,,,,,,,,,,,,,,,,,,,,,,,,,,,,,,,,,,,
Baylor,Big 12,7,,,,,,,,,,,,,,,,,,,,,2022,1,,,,,,,,,,,,,,,,,,,,,,,,5,,,,,,,,,,,5,7,6,6,5,5,10,10,14,14,15,11,9,10,7,5,4,,,,,,,,,,,,,,,,,,,,,,,,,,,,,,,,,,,,,,,,,,,,,,,,,,,,,,,
Iowa,Big Ten,9,,,,,,,,,,,,,,,,,,,,,2022,1,,,,,,,,,,,,,,,,,,,,,,,,14,,,,,,,,,,,12,8,8,8,9,12,15,21,22,,25,23,21,25,22,21,8,,,,,,,,,,,,,,,,,,,,,,,,,,,,,,,,,,,,,,,,,,,,,,,,,,,,,,,
LSU,SEC,,,,,,,,,,,,,,,,,,,,,,2022,1,,,,,,,,,,,,,,,,,,,,,,,,22,,,,,,,,,,,6,9,,,,24,21,19,13,12,11,12,15,14,11,8,9,,,,,,,,,,,,,,,,,,,,,,,,,,,,,,,,,,,,,,,,,,,,,,,,,,,,,,,
Iowa State,Big 12,12,,,,,,,,,,,,,,,,,,,,,2022,1,,,,,,,,,,,,,,,,,,,,,,,,12,,,,,,,,,,,8,10,14,13,14,15,13,14,12,9,7,13,11,9,6,9,10,,,,,,,,,,,,,,,,,,,,,,,,,,,,,,,,,,,,,,,,,,,,,,,,,,,,,,,
Indiana,Big Ten,8,,,,,,,,,,,,,,,,,,,,,2022,1,,,,,,,,,,,,,,,,,,,,,,,,10,,,,,,,,,,,14,11,4,4,6,10,8,8,6,6,6,6,5,7,5,10,11,,,,,,,,,,,,,,,,,,,,,,,,,,,,,,,,,,,,,,,,,,,,,,,,,,,,,,,
Michigan,Big Ten,11,,,,,,,,,,,,,,,,,,,,,2022,1,,,,,,,,,,,,,,,,,,,,,,,,13,,,,,,,,,,,10,12,13,12,12,13,9,9,8,11,8,7,6,4,9,6,12,,,,,,,,,,,,,,,,,,,,,,,,,,,,,,,,,,,,,,,,,,,,,,,,,,,,,,,
Maryland,Big Ten,4,,,,,,,,,,,,,,,,,,,,,2022,1,,,,,,,,,,,,,,,,,,,,,,,,9,,,,,,,,,,,11,13,3,2,8,8,6,6,10,8,12,17,17,15,13,13,13,,,,,,,,,,,,,,,,,,,,,,,,,,,,,,,,,,,,,,,,,,,,,,,,,,,,,,,
Ohio State,Big Ten,17,,,,,,,,,,,,,,,,,,,,,2022,1,,,,,,,,,,,,,,,,,,,,,,,,24,,,,,,,,,,,13,14,21,21,18,20,24,25,,,,22,23,21,18,17,14,,,,,,,,,,,,,,,,,,,,,,,,,,,,,,,,,,,,,,,,,,,,,,,,,,,,,,,
Kentucky,SEC,13,,,,,,,,,,,,,,,,,,,,,2022,1,,,,,,,,,,,,,,,,,,,,,,,,19,,,,,,,,,,,,15,19,20,16,14,22,20,21,19,23,,,,,,16,,,,,,,,,,,,,,,,,,,,,,,,,,,,,,,,,,,,,,,,,,,,,,,,,,,,,,,
Virginia Tech,ACC,24,,,,,,,,,,,,,,,,,,,,,2022,1,,,,,,,,,,,,,,,,,,,,,,,,,,,,,,,,,,,21,16,25,24,,,,,,,,,,,23,23,17,,,,,,,,,,,,,,,,,,,,,,,,,,,,,,,,,,,,,,,,,,,,,,,,,,,,,,,
UNC,ACC,,,,,,,,,,,,,,,,,,,,,,2022,1,,,,,,,,,,,,,,,,,,,,,,,,25,,,,,,,,,,,16,17,,,,,25,24,19,21,20,,24,23,24,18,18,,,,,,,,,,,,,,,,,,,,,,,,,,,,,,,,,,,,,,,,,,,,,,,,,,,,,,,
Tennessee,SEC,15,,,,,,,,,,,,,,,,,,,,,2022,1,,,,,,,,,,,,,,,,,,,,,,,,7,,,,,,,,,,,18,18,16,11,11,9,7,7,7,5,5,4,7,13,12,16,19,,,,,,,,,,,,,,,,,,,,,,,,,,,,,,,,,,,,,,,,,,,,,,,,,,,,,,,
Arizona,Pac-12,22,,,,,,,,,,,,,,,,,,,,,2022,1,,,,,,,,,,,,,,,,,,,,,,,,4,,,,,,,,,,,14,19,11,9,7,6,4,4,4,7,10,8,8,6,8,12,20,,,,,,,,,,,,,,,,,,,,,,,,,,,,,,,,,,,,,,,,,,,,,,,,,,,,,,,
BYU,WCC,,,,,,,,,,,,,,,,,,,,,,2022,1,,,,,,,,,,,,,,,,,,,,,,,,20,,,,,,,,,,,17,20,,,21,16,19,18,18,18,17,16,16,20,20,19,15,,,,,,,,,,,,,,,,,,,,,,,,,,,,,,,,,,,,,,,,,,,,,,,,,,,,,,,
Notre Dame,ACC,,,,,,,,,,,,,,,,,,,,,,2022,1,,,,,,,,,,,,,,,,,,,,,,,,21,,,,,,,,,,,20,21,,,24,22,20,17,20,20,19,20,20,18,19,14,22,,,,,,,,,,,,,,,,,,,,,,,,,,,,,,,,,,,,,,,,,,,,,,,,,,,,,,,
Oklahoma,Big 12,,,,,,,,,,,,,,,,,,,,,,2022,1,,,,,,,,,,,,,,,,,,,,,,,,,,,,,,,,,,,19,22,,,,,,,23,23,14,18,18,12,15,20,21,,,,,,,,,,,,,,,,,,,,,,,,,,,,,,,,,,,,,,,,,,,,,,,,,,,,,,,
Florida Gulf Coast,A-Sun,,,,,,,,,,,,,,,,,,,,,,2022,1,,,,,,,,,,,,,,,,,,,,,,,,,,,,,,,,,,,22,23,,25,22,,,,,,24,,22,22,25,24,23,,,,,,,,,,,,,,,,,,,,,,,,,,,,,,,,,,,,,,,,,,,,,,,,,,,,,,,
UCF,AAC,,,,,,,,,,,,,,,,,,,,,,2022,1,,,,,,,,,,,,,,,,,,,,,,,,,,,,,,,,,,,,24,,,,,,,,,,,,,,,25,,,,,,,,,,,,,,,,,,,,,,,,,,,,,,,,,,,,,,,,,,,,,,,,,,,,,,,
Princeton,Ivy,,,,,,,,,,,,,,,,,,,,,,2022,1,,,,,,,,,,,,,,,,,,,,,,,,,,,,,,,,,,,,25,,,,,,,,,,,,,,,24,,,,,,,,,,,,,,,,,,,,,,,,,,,,,,,,,,,,,,,,,,,,,,,,,,,,,,,
Florida,SEC,,,,,,,,,,,,,,,,,,,,,,2022,1,,,,,,,,,,,,,,,,,,,,,,,,,,,,,,,,,,,23,,,,,,,,,,,,,19,17,15,,,,,,,,,,,,,,,,,,,,,,,,,,,,,,,,,,,,,,,,,,,,,,,,,,,,,,,,
Georgia,SEC,,,,,,,,,,,,,,,,,,,,,,2022,1,,,,,,,,,,,,,,,,,,,,,,,,17,,,,,,,,,,,24,,,,20,21,13,13,15,17,13,15,14,17,21,25,,,,,,,,,,,,,,,,,,,,,,,,,,,,,,,,,,,,,,,,,,,,,,,,,,,,,,,,
Georgia Tech,ACC,17,,,,,,,,,,,,,,,,,,,,,2022,1,,,,,,,,,,,,,,,,,,,,,,,,18,,,,,,,,,,,25,,18,,,,17,16,16,15,18,14,12,11,16,22,,,,,,,,,,,,,,,,,,,,,,,,,,,,,,,,,,,,,,,,,,,,,,,,,,,,,,,,
Oregon,Pac-12,10,,,,,,,,,,,,,,,,,,,,,2022,1,,,,,,,,,,,,,,,,,,,,,,,,,,,,,,,,,,,,,9,15,18,,,,,,,19,19,24,,25,,,,,,,,,,,,,,,,,,,,,,,,,,,,,,,,,,,,,,,,,,,,,,,,,,,,,,,,
Kansas State,Big 12,,,,,,,,,,,,,,,,,,,,,,2022,1,,,,,,,,,,,,,,,,,,,,,,,,,,,,,,,,,,,,,,,,,,,,25,,25,25,,,,,,,,,,,,,,,,,,,,,,,,,,,,,,,,,,,,,,,,,,,,,,,,,,,,,,,,,,,
Duke,ACC,,,,,,,,,,,,,,,,,,,,,,2022,1,,,,,,,,,,,,,,,,,,,,,,,,15,,,,,,,,,,,,,,,,19,16,15,17,16,21,21,,,,,,,,,,,,,,,,,,,,,,,,,,,,,,,,,,,,,,,,,,,,,,,,,,,,,,,,,,,,
Ole Miss,SEC,,,,,,,,,,,,,,,,,,,,,,2022,1,,,,,,,,,,,,,,,,,,,,,,,,,,,,,,,,,,,,,,,,,,,,,,24,,,,,,,,,,,,,,,,,,,,,,,,,,,,,,,,,,,,,,,,,,,,,,,,,,,,,,,,,,,,
Colorado,Pac-12,,,,,,,,,,,,,,,,,,,,,,2022,1,,,,,,,,,,,,,,,,,,,,,,,,,,,,,,,,,,,,,,,,25,,,,22,22,,,,,,,,,,,,,,,,,,,,,,,,,,,,,,,,,,,,,,,,,,,,,,,,,,,,,,,,,,,,,
South Florida,AAC,21,,,,,,,,,,,,,,,,,,,,,2022,1,,,,,,,,,,,,,,,,,,,,,,,,16,,,,,,,,,,,,,23,18,13,17,18,22,24,24,,,,,,,,,,,,,,,,,,,,,,,,,,,,,,,,,,,,,,,,,,,,,,,,,,,,,,,,,,,,,,
Texas A&M,SEC,23,,,,,,,,,,,,,,,,,,,,,2022,1,,,,,,,,,,,,,,,,,,,,,,,,23,,,,,,,,,,,,,24,23,17,18,23,23,25,,,,,,,,,,,,,,,,,,,,,,,,,,,,,,,,,,,,,,,,,,,,,,,,,,,,,,,,,,,,,,,
Oregon State,Pac-12,14,,,,,,,,,,,,,,,,,,,,,2022,1,,,,,,,,,,,,,,,,,,,,,,,,,,,,,,,,,,,,,15,16,23,23,,,,,,,,,,,,,,,,,,,,,,,,,,,,,,,,,,,,,,,,,,,,,,,,,,,,,,,,,,,,,,,,,,
Florida State,ACC,16,,,,,,,,,,,,,,,,,,,,,2022,1,,,,,,,,,,,,,,,,,,,,,,,,,,,,,,,,,,,,,17,17,25,,,,,,,,,,,,,,,,,,,,,,,,,,,,,,,,,,,,,,,,,,,,,,,,,,,,,,,,,,,,,,,,,,,
UCLA,Pac-12,20,,,,,,,,,,,,,,,,,,,,,2022,1,,,,,,,,,,,,,,,,,,,,,,,,,,,,,,,,,,,,,20,19,,,,,,,,,,,,,,,,,,,,,,,,,,,,,,,,,,,,,,,,,,,,,,,,,,,,,,,,,,,,,,,,,,,,
West Virginia,Big 12,19,,,,,,,,,,,,,,,,,,,,,2022,1,,,,,,,,,,,,,,,,,,,,,,,,,,,,,,,,,,,,,22,22,,,,,,,,,,,,,,,,,,,,,,,,,,,,,,,,,,,,,,,,,,,,,,,,,,,,,,,,,,,,,,,,,,,,
UConn,Big East,3,,,,,,,,,,,,,,,,,,,,,2021,1,,,,,,,,,,,,,,,,,,,,,,,,,,,,,,,,,,,,1,,,,,,,,,,,,,,,,3,3,3,3,4,3,4,3,3,3,2,1,1,1,1,,,,,,,,,,,,,,,,,,,,,,,,,,,,,,,,,,,,,,,,
Stanford,Pac-12,2,,,,,,,,,,,,,,,,,,,,,2021,1,,,,,,,,,,,,,,,,,,,,,,,,,,,,,,,,,,,,2,,,,,,,,,,,,,,,,2,1,1,1,1,1,1,5,6,6,5,6,4,4,2,,,,,,,,,,,,,,,,,,,,,,,,,,,,,,,,,,,,,,,,
NC State,ACC,8,,,,,,,,,,,,,,,,,,,,,2021,1,,,,,,,,,,,,,,,,,,,,,,,,,,,,,,,,,,,,3,,,,,,,,,,,,,,,,8,4,4,4,3,3,3,2,2,4,4,4,2,3,3,,,,,,,,,,,,,,,,,,,,,,,,,,,,,,,,,,,,,,,,
Texas A&M,SEC,13,,,,,,,,,,,,,,,,,,,,,2021,1,,,,,,,,,,,,,,,,,,,,,,,,,,,,,,,,,,,,4,,,,,,,,,,,,,,,,12,10,10,9,9,8,7,8,8,7,6,5,3,2,4,,,,,,,,,,,,,,,,,,,,,,,,,,,,,,,,,,,,,,,,
Baylor,Big 12,4,,,,,,,,,,,,,,,,,,,,,2021,1,,,,,,,,,,,,,,,,,,,,,,,,,,,,,,,,,,,,5,,,,,,,,,,,,,,,,4,7,7,7,7,6,6,9,9,8,7,7,7,6,6,,,,,,,,,,,,,,,,,,,,,,,,,,,,,,,,,,,,,,,,
South Carolina,SEC,1,,,,,,,,,,,,,,,,,,,,,2021,1,,,,,,,,,,,,,,,,,,,,,,,,,,,,,,,,,,,,6,,,,,,,,,,,,,,,,1,5,5,5,5,5,5,4,4,2,1,2,5,7,5,,,,,,,,,,,,,,,,,,,,,,,,,,,,,,,,,,,,,,,,
Maryland,Big Ten,12,,,,,,,,,,,,,,,,,,,,,2021,1,,,,,,,,,,,,,,,,,,,,,,,,,,,,,,,,,,,,7,,,,,,,,,,,,,,,,14,14,14,14,14,12,9,7,7,10,9,9,8,8,7,,,,,,,,,,,,,,,,,,,,,,,,,,,,,,,,,,,,,,,,
Louisville,ACC,5,,,,,,,,,,,,,,,,,,,,,2021,1,,,,,,,,,,,,,,,,,,,,,,,,,,,,,,,,,,,,8,,,,,,,,,,,,,,,,5,2,2,2,2,2,2,1,1,1,3,3,6,5,7,,,,,,,,,,,,,,,,,,,,,,,,,,,,,,,,,,,,,,,,
UCLA,Pac-12,9,,,,,,,,,,,,,,,,,,,,,2021,1,,,,,,,,,,,,,,,,,,,,,,,,,,,,,,,,,,,,9,,,,,,,,,,,,,,,,9,11,11,10,11,9,8,6,5,5,8,8,10,9,10,,,,,,,,,,,,,,,,,,,,,,,,,,,,,,,,,,,,,,,,
Georgia,SEC,,,,,,,,,,,,,,,,,,,,,,2021,1,,,,,,,,,,,,,,,,,,,,,,,,,,,,,,,,,,,,10,,,,,,,,,,,,,,,,,,,,,,,22,22,25,24,22,17,16,12,,,,,,,,,,,,,,,,,,,,,,,,,,,,,,,,,,,,,,,,
Arizona,Pac-12,7,,,,,,,,,,,,,,,,,,,,,2021,1,,,,,,,,,,,,,,,,,,,,,,,,,,,,,,,,,,,,11,,,,,,,,,,,,,,,,7,6,6,6,6,7,11,10,10,9,10,10,9,11,11,,,,,,,,,,,,,,,,,,,,,,,,,,,,,,,,,,,,,,,,
Indiana,Big Ten,16,,,,,,,,,,,,,,,,,,,,,2021,1,,,,,,,,,,,,,,,,,,,,,,,,,,,,,,,,,,,,12,,,,,,,,,,,,,,,,13,15,15,19,20,19,18,16,16,17,15,14,11,10,9,,,,,,,,,,,,,,,,,,,,,,,,,,,,,,,,,,,,,,,,
Tennessee,SEC,,,,,,,,,,,,,,,,,,,,,,2021,1,,,,,,,,,,,,,,,,,,,,,,,,,,,,,,,,,,,,13,,,,,,,,,,,,,,,,,,,,,,23,25,20,18,16,21,20,14,14,,,,,,,,,,,,,,,,,,,,,,,,,,,,,,,,,,,,,,,,
Gonzaga,WCC,21,,,,,,,,,,,,,,,,,,,,,2021,1,,,,,,,,,,,,,,,,,,,,,,,,,,,,,,,,,,,,14,,,,,,,,,,,,,,,,18,25,25,23,23,21,20,20,18,19,17,16,21,18,16,,,,,,,,,,,,,,,,,,,,,,,,,,,,,,,,,,,,,,,,
Arkansas,SEC,14,,,,,,,,,,,,,,,,,,,,,2021,1,,,,,,,,,,,,,,,,,,,,,,,,,,,,,,,,,,,,15,,,,,,,,,,,,,,,,16,13,12,11,10,13,17,15,19,16,18,18,16,13,15,,,,,,,,,,,,,,,,,,,,,,,,,,,,,,,,,,,,,,,,
Michigan,Big Ten,25,,,,,,,,,,,,,,,,,,,,,2021,1,,,,,,,,,,,,,,,,,,,,,,,,,,,,,,,,,,,,16,,,,,,,,,,,,,,,,24,19,19,17,16,15,13,11,12,13,12,11,12,12,13,,,,,,,,,,,,,,,,,,,,,,,,,,,,,,,,,,,,,,,,
West Virginia,Big 12,,,,,,,,,,,,,,,,,,,,,,2021,1,,,,,,,,,,,,,,,,,,,,,,,,,,,,,,,,,,,,17,,,,,,,,,,,,,,,,,,,,,,,,24,21,19,19,18,20,17,,,,,,,,,,,,,,,,,,,,,,,,,,,,,,,,,,,,,,,,
Kentucky,SEC,11,,,,,,,,,,,,,,,,,,,,,2021,1,,,,,,,,,,,,,,,,,,,,,,,,,,,,,,,,,,,,18,,,,,,,,,,,,,,,,11,9,9,13,13,10,12,12,15,15,20,17,19,17,18,,,,,,,,,,,,,,,,,,,,,,,,,,,,,,,,,,,,,,,,
South Florida,AAC,,,,,,,,,,,,,,,,,,,,,,2021,1,,,,,,,,,,,,,,,,,,,,,,,,,,,,,,,,,,,,19,,,,,,,,,,,,,,,,,,23,20,21,18,16,14,13,14,14,12,13,15,20,,,,,,,,,,,,,,,,,,,,,,,,,,,,,,,,,,,,,,,,
Missouri State,MVC,24,,,,,,,,,,,,,,,,,,,,,2021,1,,,,,,,,,,,,,,,,,,,,,,,,,,,,,,,,,,,,20,,,,,,,,,,,,,,,,21,21,20,24,24,25,,,,,25,25,23,23,21,,,,,,,,,,,,,,,,,,,,,,,,,,,,,,,,,,,,,,,,
Rutgers,Big Ten,,,,,,,,,,,,,,,,,,,,,,2021,1,,,,,,,,,,,,,,,,,,,,,,,,,,,,,,,,,,,,21,,,,,,,,,,,,,,,,,,,,,,,,,,,,25,24,19,,,,,,,,,,,,,,,,,,,,,,,,,,,,,,,,,,,,,,,,
Ohio State,Big Ten,20,,,,,,,,,,,,,,,,,,,,,2021,1,,,,,,,,,,,,,,,,,,,,,,,,,,,,,,,,,,,,22,,,,,,,,,,,,,,,,19,18,17,16,17,16,15,17,14,11,12,15,15,22,22,,,,,,,,,,,,,,,,,,,,,,,,,,,,,,,,,,,,,,,,
Oregon,Pac-12,10,,,,,,,,,,,,,,,,,,,,,2021,1,,,,,,,,,,,,,,,,,,,,,,,,,,,,,,,,,,,,23,,,,,,,,,,,,,,,,10,8,8,8,8,11,10,13,11,12,11,13,14,19,23,,,,,,,,,,,,,,,,,,,,,,,,,,,,,,,,,,,,,,,,
Florida Gulf Coast,A-Sun,,,,,,,,,,,,,,,,,,,,,,2021,1,,,,,,,,,,,,,,,,,,,,,,,,,,,,,,,,,,,,24,,,,,,,,,,,,,,,,,,,,,,,,,,,,,,24,,,,,,,,,,,,,,,,,,,,,,,,,,,,,,,,,,,,,,,,
South Dakota State,Summit,,,,,,,,,,,,,,,,,,,,,,2021,1,,,,,,,,,,,,,,,,,,,,,,,,,,,,,,,,,,,,25,,,,,,,,,,,,,,,,,22,,,,,,,25,23,23,23,22,21,25,,,,,,,,,,,,,,,,,,,,,,,,,,,,,,,,,,,,,,,,
DePaul,Big East,19,,,,,,,,,,,,,,,,,,,,,2021,1,,,,,,,,,,,,,,,,,,,,,,,,,,,,,,,,,,,,,,,,,,,,,,,,,,,,20,24,24,18,18,20,19,18,17,20,22,19,24,25,,,,,,,,,,,,,,,,,,,,,,,,,,,,,,,,,,,,,,,,,
Northwestern,Big Ten,17,,,,,,,,,,,,,,,,,,,,,2021,1,,,,,,,,,,,,,,,,,,,,,,,,,,,,,,,,,,,,,,,,,,,,,,,,,,,,15,17,16,15,15,22,22,21,23,22,21,24,,,,,,,,,,,,,,,,,,,,,,,,,,,,,,,,,,,,,,,,,,,
Mississippi State,SEC,6,,,,,,,,,,,,,,,,,,,,,2021,1,,,,,,,,,,,,,,,,,,,,,,,,,,,,,,,,,,,,,,,,,,,,,,,,,,,,6,12,13,12,12,14,14,19,21,24,,,,,,,,,,,,,,,,,,,,,,,,,,,,,,,,,,,,,,,,,,,,,
Syracuse,ACC,23,,,,,,,,,,,,,,,,,,,,,2021,1,,,,,,,,,,,,,,,,,,,,,,,,,,,,,,,,,,,,,,,,,,,,,,,,,,,,22,20,18,22,22,24,24,23,,,,,,,,,,,,,,,,,,,,,,,,,,,,,,,,,,,,,,,,,,,,,,,
Iowa State,Big 12,15,,,,,,,,,,,,,,,,,,,,,2021,1,,,,,,,,,,,,,,,,,,,,,,,,,,,,,,,,,,,,,,,,,,,,,,,,,,,,23,,,,,,,24,,,,,,,,,,,,,,,,,,,,,,,,,,,,,,,,,,,,,,,,,,,,,,,
Texas,Big 12,,,,,,,,,,,,,,,,,,,,,,2021,1,,,,,,,,,,,,,,,,,,,,,,,,,,,,,,,,,,,,,,,,,,,,,,,,,,,,25,23,22,20,19,17,21,,,,,,,,,,,,,,,,,,,,,,,,,,,,,,,,,,,,,,,,,,,,,,,,
Washington State,Pac-12,,,,,,,,,,,,,,,,,,,,,,2021,1,,,,,,,,,,,,,,,,,,,,,,,,,,,,,,,,,,,,,,,,,,,,,,,,,,,,,,,,,,25,,,,,,,,,,,,,,,,,,,,,,,,,,,,,,,,,,,,,,,,,,,,,,,,
Michigan State,Big Ten,,,,,,,,,,,,,,,,,,,,,,2021,1,,,,,,,,,,,,,,,,,,,,,,,,,,,,,,,,,,,,,,,,,,,,,,,,,,,,,,,25,25,23,,,,,,,,,,,,,,,,,,,,,,,,,,,,,,,,,,,,,,,,,,,,,,,,,
Oregon State,Pac-12,18,,,,,,,,,,,,,,,,,,,,,2021,1,,,,,,,,,,,,,,,,,,,,,,,,,,,,,,,,,,,,,,,,,,,,,,,,,,,,17,15,21,,,,,,,,,,,,,,,,,,,,,,,,,,,,,,,,,,,,,,,,,,,,,,,,,,,,
Notre Dame,ACC,22,,,,,,,,,,,,,,,,,,,,,2021,1,,,,,,,,,,,,,,,,,,,,,,,,,,,,,,,,,,,,,,,,,,,,,,,,,,,,,,,,,,,,,,,,,,,,,,,,,,,,,,,,,,,,,,,,,,,,,,,,,,,,,,,,,,
South Carolina,SEC,8,6,5,5,6,5,5,4,4,4,1,1,1,1,1,1,1,,,,,2020,1,,,,,,,,,,,,,,,,,,,,,,,,,,,,,,,,,,,,1,,,,,,,,,,,,,,,,,,,,,,,,,,,,,,,1,,,,,,,,,,,,,,,,,,,,,,,,,,,,,,,,,,,,,,,
Oregon,Pac-12,1,1,1,1,3,3,3,2,2,2,6,4,3,3,3,3,3,,,,,2020,1,,,,,,,,,,,,,,,,,,,,,,,,,,,,,,,,,,,,2,,,,,,,,,,,,,,,,,,,,,,,,,,,,,,,3,,,,,,,,,,,,,,,,,,,,,,,,,,,,,,,,,,,,,,,
Baylor,Big 12,2,2,2,2,7,6,7,6,6,6,2,2,2,2,2,2,2,,,,,2020,1,,,,,,,,,,,,,,,,,,,,,,,,,,,,,,,,,,,,3,,,,,,,,,,,,,,,,,,,,,,,,,,,,,,,2,,,,,,,,,,,,,,,,,,,,,,,,,,,,,,,,,,,,,,,
Maryland,Big Ten,4,8,9,9,9,13,13,12,12,17,20,20,17,13,10,7,7,,,,,2020,1,,,,,,,,,,,,,,,,,,,,,,,,,,,,,,,,,,,,4,,,,,,,,,,,,,,,,,,,,,,,,,,,,,,,6,,,,,,,,,,,,,,,,,,,,,,,,,,,,,,,,,,,,,,,
UConn,AAC,5,4,4,4,4,2,2,1,1,1,4,3,4,4,5,6,6,,,,,2020,1,,,,,,,,,,,,,,,,,,,,,,,,,,,,,,,,,,,,5,,,,,,,,,,,,,,,,,,,,,,,,,,,,,,,5,,,,,,,,,,,,,,,,,,,,,,,,,,,,,,,,,,,,,,,
Louisville,ACC,9,9,8,8,2,7,6,7,7,7,5,5,5,5,9,5,5,,,,,2020,1,,,,,,,,,,,,,,,,,,,,,,,,,,,,,,,,,,,,6,,,,,,,,,,,,,,,,,,,,,,,,,,,,,,,4,,,,,,,,,,,,,,,,,,,,,,,,,,,,,,,,,,,,,,,
Stanford,Pac-12,3,3,3,3,1,1,1,5,5,5,3,6,6,6,8,4,4,,,,,2020,1,,,,,,,,,,,,,,,,,,,,,,,,,,,,,,,,,,,,7,,,,,,,,,,,,,,,,,,,,,,,,,,,,,,,7,,,,,,,,,,,,,,,,,,,,,,,,,,,,,,,,,,,,,,,
NC State,ACC,14,14,14,13,13,9,9,9,9,9,9,8,7,7,4,10,8,,,,,2020,1,,,,,,,,,,,,,,,,,,,,,,,,,,,,,,,,,,,,8,,,,,,,,,,,,,,,,,,,,,,,,,,,,,,,10,,,,,,,,,,,,,,,,,,,,,,,,,,,,,,,,,,,,,,,
Mississippi State,SEC,10,10,10,10,10,15,15,15,15,13,10,9,9,8,6,9,10,,,,,2020,1,,,,,,,,,,,,,,,,,,,,,,,,,,,,,,,,,,,,9,,,,,,,,,,,,,,,,,,,,,,,,,,,,,,,9,,,,,,,,,,,,,,,,,,,,,,,,,,,,,,,,,,,,,,,
UCLA,Pac-12,11,11,11,11,11,10,10,10,10,8,7,10,8,10,7,8,9,,,,,2020,1,,,,,,,,,,,,,,,,,,,,,,,,,,,,,,,,,,,,10,,,,,,,,,,,,,,,,,,,,,,,,,,,,,,,8,,,,,,,,,,,,,,,,,,,,,,,,,,,,,,,,,,,,,,,
Northwestern,Big Ten,,,,,,,,,,,,22,23,21,19,18,14,,,,,2020,1,,,,,,,,,,,,,,,,,,,,,,,,,,,,,,,,,,,,11,,,,,,,,,,,,,,,,,,,,,,,,,,,,,,,11,,,,,,,,,,,,,,,,,,,,,,,,,,,,,,,,,,,,,,,
Arizona,Pac-12,,,,24,,18,18,18,18,18,21,18,16,12,12,11,13,,,,,2020,1,,,,,,,,,,,,,,,,,,,,,,,,,,,,,,,,,,,,12,,,,,,,,,,,,,,,,,,,,,,,,,,,,,,,13,,,,,,,,,,,,,,,,,,,,,,,,,,,,,,,,,,,,,,,
Gonzaga,WCC,,,23,22,18,17,17,17,17,16,16,13,12,11,15,13,11,,,,,2020,1,,,,,,,,,,,,,,,,,,,,,,,,,,,,,,,,,,,,13,,,,,,,,,,,,,,,,,,,,,,,,,,,,,,,12,,,,,,,,,,,,,,,,,,,,,,,,,,,,,,,,,,,,,,,
Oregon State,Pac-12,7,7,7,7,5,4,4,3,3,3,8,7,10,9,11,15,17,,,,,2020,1,,,,,,,,,,,,,,,,,,,,,,,,,,,,,,,,,,,,14,,,,,,,,,,,,,,,,,,,,,,,,,,,,,,,14,,,,,,,,,,,,,,,,,,,,,,,,,,,,,,,,,,,,,,,
DePaul,Big East,18,18,19,16,16,16,16,16,16,15,14,11,11,14,13,12,16,,,,,2020,1,,,,,,,,,,,,,,,,,,,,,,,,,,,,,,,,,,,,15,,,,,,,,,,,,,,,,,,,,,,,,,,,,,,,18,,,,,,,,,,,,,,,,,,,,,,,,,,,,,,,,,,,,,,,
Kentucky,SEC,13,13,13,14,15,14,14,13,13,14,11,12,13,15,18,14,15,,,,,2020,1,,,,,,,,,,,,,,,,,,,,,,,,,,,,,,,,,,,,16,,,,,,,,,,,,,,,,,,,,,,,,,,,,,,,16,,,,,,,,,,,,,,,,,,,,,,,,,,,,,,,,,,,,,,,
South Dakota,Summit,,,,,,,25,,,22,25,24,21,22,21,20,20,,,,,2020,1,,,,,,,,,,,,,,,,,,,,,,,,,,,,,,,,,,,,17,,,,,,,,,,,,,,,,,,,,,,,,,,,,,,,17,,,,,,,,,,,,,,,,,,,,,,,,,,,,,,,,,,,,,,,
Texas A&M,SEC,6,5,6,6,12,11,11,11,11,10,12,15,15,16,16,16,12,,,,,2020,1,,,,,,,,,,,,,,,,,,,,,,,,,,,,,,,,,,,,18,,,,,,,,,,,,,,,,,,,,,,,,,,,,,,,15,,,,,,,,,,,,,,,,,,,,,,,,,,,,,,,,,,,,,,,
Florida State,ACC,12,12,12,12,8,8,8,8,8,11,13,14,14,17,14,17,19,,,,,2020,1,,,,,,,,,,,,,,,,,,,,,,,,,,,,,,,,,,,,19,,,,,,,,,,,,,,,,,,,,,,,,,,,,,,,22,,,,,,,,,,,,,,,,,,,,,,,,,,,,,,,,,,,,,,,
Indiana,Big Ten,24,21,18,17,14,12,12,14,14,12,15,17,20,18,20,24,22,,,,,2020,1,,,,,,,,,,,,,,,,,,,,,,,,,,,,,,,,,,,,20,,,,,,,,,,,,,,,,,,,,,,,,,,,,,,,20,,,,,,,,,,,,,,,,,,,,,,,,,,,,,,,,,,,,,,,
Iowa,Big Ten,,,,,,,,,,,22,19,18,20,17,19,18,,,,,2020,1,,,,,,,,,,,,,,,,,,,,,,,,,,,,,,,,,,,,21,,,,,,,,,,,,,,,,,,,,,,,,,,,,,,,19,,,,,,,,,,,,,,,,,,,,,,,,,,,,,,,,,,,,,,,
Princeton,Ivy,,,,,,,,,,25,,,,,,25,23,,,,,2020,1,,,,,,,,,,,,,,,,,,,,,,,,,,,,,,,,,,,,22,,,,,,,,,,,,,,,,,,,,,,,,,,,,,,,21,,,,,,,,,,,,,,,,,,,,,,,,,,,,,,,,,,,,,,,
Missouri State,MVC,,,,,22,20,20,21,21,20,19,,24,24,24,23,,,,,,2020,1,,,,,,,,,,,,,,,,,,,,,,,,,,,,,,,,,,,,23,,,,,,,,,,,,,,,,,,,,,,,,,,,,,,,23,,,,,,,,,,,,,,,,,,,,,,,,,,,,,,,,,,,,,,,
Arkansas,SEC,22,23,20,25,23,21,21,20,20,21,23,21,25,25,23,22,,,,,,2020,1,,,,,,,,,,,,,,,,,,,,,,,,,,,,,,,,,,,,24,,,,,,,,,,,,,,,,,,,,,,,,,,,,,,,25,,,,,,,,,,,,,,,,,,,,,,,,,,,,,,,,,,,,,,,
Arizona State,Pac-12,20,19,,,20,,,,,,18,16,19,19,22,21,24,,,,,2020,1,,,,,,,,,,,,,,,,,,,,,,,,,,,,,,,,,,,,25,,,,,,,,,,,,,,,,,,,,,,,,,,,,,,,24,,,,,,,,,,,,,,,,,,,,,,,,,,,,,,,,,,,,,,,
Missouri,SEC,,,,,,,,,,,,,,,,,21,,,,,2020,1,,,,,,,,,,,,,,,,,,,,,,,,,,,,,,,,,,,,,,,,,,,,,,,,,,,,,,,,,,,,,,,,,,,,,,,,,,,,,,,,,,,,,,,,,,,,,,,,,,,,,,,,,,
TCU,Big 12,,,,,,,,,,,,,,,,,25,,,,,2020,1,,,,,,,,,,,,,,,,,,,,,,,,,,,,,,,,,,,,,,,,,,,,,,,,,,,,,,,,,,,,,,,,,,,,,,,,,,,,,,,,,,,,,,,,,,,,,,,,,,,,,,,,,,
Tennessee,SEC,,,23,20,17,23,23,22,22,23,24,23,22,23,25,,,,,,,2020,1,,,,,,,,,,,,,,,,,,,,,,,,,,,,,,,,,,,,,,,,,,,,,,,,,,,,,,,,,,,,,,,,,,,,,,,,,,,,,,,,,,,,,,,,,,,,,,,,,,,,,,,,,,
West Virginia,Big 12,,,25,23,,22,22,19,19,19,17,25,,,,,,,,,,2020,1,,,,,,,,,,,,,,,,,,,,,,,,,,,,,,,,,,,,,,,,,,,,,,,,,,,,,,,,,,,,,,,,,,,,,,,,,,,,,,,,,,,,,,,,,,,,,,,,,,,,,,,,,,
Michigan,Big Ten,25,,21,,24,24,24,23,,24,,,,,,,,,,,,2020,1,,,,,,,,,,,,,,,,,,,,,,,,,,,,,,,,,,,,,,,,,,,,,,,,,,,,,,,,,,,,,,,,,,,,,,,,,,,,,,,,,,,,,,,,,,,,,,,,,,,,,,,,,,
Miami (OH),MAC,,,,,,,,,23,,,,,,,,,,,,,2020,1,,,,,,,,,,,,,,,,,,,,,,,,,,,,,,,,,,,,,,,,,,,,,,,,,,,,,,,,,,,,,,,,,,,,,,,,,,,,,,,,,,,,,,,,,,,,,,,,,,,,,,,,,,
Minnesota,Big Ten,23,24,,,,,,,24,,,,,,,,,,,,,2020,1,,,,,,,,,,,,,,,,,,,,,,,,,,,,,,,,,,,,,,,,,,,,,,,,,,,,,,,,,,,,,,,,,,,,,,,,,,,,,,,,,,,,,,,,,,,,,,,,,,,,,,,,,,
Texas,Big 12,15,22,,,,,,25,25,,,,,,,,,,,,,2020,1,,,,,,,,,,,,,,,,,,,,,,,,,,,,,,,,,,,,,,,,,,,,,,,,,,,,,,,,,,,,,,,,,,,,,,,,,,,,,,,,,,,,,,,,,,,,,,,,,,,,,,,,,,
Miami (FL),ACC,18,17,16,19,21,25,,24,,,,,,,,,,,,,,2020,1,,,,,,,,,,,,,,,,,,,,,,,,,,,,,,,,,,,,,,,,,,,,,,,,,,,,,,,,,,,,,,,,,,,,,,,,,,,,,,,,,,,,,,,,,,,,,,,,,,,,,,,,,,
Michigan State,Big Ten,17,16,15,15,19,19,19,,,,,,,,,,,,,,,2020,1,,,,,,,,,,,,,,,,,,,,,,,,,,,,,,,,,,,,,,,,,,,,,,,,,,,,,,,,,,,,,,,,,,,,,,,,,,,,,,,,,,,,,,,,,,,,,,,,,,,,,,,,,,
LSU,SEC,,,,,25,,,,,,,,,,,,,,,,,2020,1,,,,,,,,,,,,,,,,,,,,,,,,,,,,,,,,,,,,,,,,,,,,,,,,,,,,,,,,,,,,,,,,,,,,,,,,,,,,,,,,,,,,,,,,,,,,,,,,,,,,,,,,,,
Syracuse,ACC,21,20,17,18,,,,,,,,,,,,,,,,,,2020,1,,,,,,,,,,,,,,,,,,,,,,,,,,,,,,,,,,,,,,,,,,,,,,,,,,,,,,,,,,,,,,,,,,,,,,,,,,,,,,,,,,,,,,,,,,,,,,,,,,,,,,,,,,
South Florida,AAC,,25,22,21,,,,,,,,,,,,,,,,,,2020,1,,,,,,,,,,,,,,,,,,,,,,,,,,,,,,,,,,,,,,,,,,,,,,,,,,,,,,,,,,,,,,,,,,,,,,,,,,,,,,,,,,,,,,,,,,,,,,,,,,,,,,,,,,
Notre Dame,ACC,16,15,,,,,,,,,,,,,,,,,,,,2020,1,,,,,,,,,,,,,,,,,,,,,,,,,,,,,,,,,,,,,,,,,,,,,,,,,,,,,,,,,,,,,,,,,,,,,,,,,,,,,,,,,,,,,,,,,,,,,,,,,,,,,,,,,,
Baylor,Big 12,4,,,,,,,,,,,,,,,,,,,,,2019,1,,,,,,,,,,,,,,,,,1,,,,,,,,,,,,,,,,,,,1,,,,,,,,,,,,,,,,,,,,,,,,,,,,,,,,4,4,4,4,3,6,7,8,4,2,2,1,1,1,1,1,,,,,,,,,,,,,,,,,,,,,,,
UConn,AAC,2,,,,,,,,,,,,,,,,,,,,,2019,1,,,,,,,,,,,,,,,,,2,,,,,,,,,,,,,,,,,,,2,,,,,,,,,,,,,,,,,,,,,,,,,,,,,,,,2,2,2,1,1,1,1,1,3,2,3,2,5,4,3,2,,,,,,,,,,,,,,,,,,,,,,,
Notre Dame,ACC,1,,,,,,,,,,,,,,,,,,,,,2019,1,,,,,,,,,,,,,,,,,4,,,,,,,,,,,,,,,,,,,3,,,,,,,,,,,,,,,,,,,,,,,,,,,,,,,,1,1,1,2,2,2,2,2,1,1,1,5,4,6,5,4,,,,,,,,,,,,,,,,,,,,,,,
Mississippi State,SEC,6,,,,,,,,,,,,,,,,,,,,,2019,1,,,,,,,,,,,,,,,,,5,,,,,,,,,,,,,,,,,,,4,,,,,,,,,,,,,,,,,,,,,,,,,,,,,,,,6,6,6,6,5,4,8,7,7,7,7,6,6,5,6,5,,,,,,,,,,,,,,,,,,,,,,,
Louisville,ACC,5,,,,,,,,,,,,,,,,,,,,,2019,1,,,,,,,,,,,,,,,,,3,,,,,,,,,,,,,,,,,,,5,,,,,,,,,,,,,,,,,,,,,,,,,,,,,,,,5,5,5,5,4,3,3,3,2,4,4,3,2,2,4,3,,,,,,,,,,,,,,,,,,,,,,,
Stanford,Pac-12,7,,,,,,,,,,,,,,,,,,,,,2019,1,,,,,,,,,,,,,,,,,7,,,,,,,,,,,,,,,,,,,6,,,,,,,,,,,,,,,,,,,,,,,,,,,,,,,,7,8,8,11,11,8,6,6,6,6,6,8,11,10,7,7,,,,,,,,,,,,,,,,,,,,,,,
Oregon,Pac-12,3,,,,,,,,,,,,,,,,,,,,,2019,1,,,,,,,,,,,,,,,,,6,,,,,,,,,,,,,,,,,,,7,,,,,,,,,,,,,,,,,,,,,,,,,,,,,,,,3,3,3,3,7,7,5,5,5,5,5,4,3,3,2,6,,,,,,,,,,,,,,,,,,,,,,,
Iowa,Big Ten,13,,,,,,,,,,,,,,,,,,,,,2019,1,,,,,,,,,,,,,,,,,10,,,,,,,,,,,,,,,,,,,8,,,,,,,,,,,,,,,,,,,,,,,,,,,,,,,,13,12,14,16,16,16,16,19,17,22,17,13,16,14,10,12,,,,,,,,,,,,,,,,,,,,,,,
Maryland,Big Ten,9,,,,,,,,,,,,,,,,,,,,,2019,1,,,,,,,,,,,,,,,,,8,,,,,,,,,,,,,,,,,,,9,,,,,,,,,,,,,,,,,,,,,,,,,,,,,,,,9,7,7,7,6,5,4,4,9,9,11,11,10,7,8,8,,,,,,,,,,,,,,,,,,,,,,,
NC State,ACC,17,,,,,,,,,,,,,,,,,,,,,2019,1,,,,,,,,,,,,,,,,,9,,,,,,,,,,,,,,,,,,,10,,,,,,,,,,,,,,,,,,,,,,,,,,,,,,,,17,15,13,10,10,10,9,9,8,8,8,7,9,12,9,10,,,,,,,,,,,,,,,,,,,,,,,
Oregon State,Pac-12,8,,,,,,,,,,,,,,,,,,,,,2019,1,,,,,,,,,,,,,,,,,11,,,,,,,,,,,,,,,,,,,11,,,,,,,,,,,,,,,,,,,,,,,,,,,,,,,,8,9,9,8,8,11,11,11,10,10,9,9,7,9,12,9,,,,,,,,,,,,,,,,,,,,,,,
Gonzaga,WCC,,,,,,,,,,,,,,,,,,,,,,2019,1,,,,,,,,,,,,,,,,,14,,,,,,,,,,,,,,,,,,,12,,,,,,,,,,,,,,,,,,,,,,,,,,,,,,,,,,,24,21,21,20,17,14,13,18,15,13,13,15,16,,,,,,,,,,,,,,,,,,,,,,,
Marquette,Big East,19,,,,,,,,,,,,,,,,,,,,,2019,1,,,,,,,,,,,,,,,,,17,,,,,,,,,,,,,,,,,,,13,,,,,,,,,,,,,,,,,,,,,,,,,,,,,,,,19,22,22,18,19,19,22,20,15,14,10,10,8,8,11,13,,,,,,,,,,,,,,,,,,,,,,,
Iowa State,Big 12,,,,,,,,,,,,,,,,,,,,,,2019,1,,,,,,,,,,,,,,,,,19,,,,,,,,,,,,,,,,,,,13,,,,,,,,,,,,,,,,,,,,,,,,,,,,,,,,,,23,,,,,25,20,18,20,23,22,18,20,20,,,,,,,,,,,,,,,,,,,,,,,
Syracuse,ACC,18,,,,,,,,,,,,,,,,,,,,,2019,1,,,,,,,,,,,,,,,,,18,,,,,,,,,,,,,,,,,,,15,,,,,,,,,,,,,,,,,,,,,,,,,,,,,,,,18,14,12,15,15,15,15,14,12,12,13,18,15,16,18,17,,,,,,,,,,,,,,,,,,,,,,,
South Carolina,SEC,10,,,,,,,,,,,,,,,,,,,,,2019,1,,,,,,,,,,,,,,,,,12,,,,,,,,,,,,,,,,,,,16,,,,,,,,,,,,,,,,,,,,,,,,,,,,,,,,10,13,18,22,25,25,25,23,21,15,19,16,12,11,13,14,,,,,,,,,,,,,,,,,,,,,,,
Texas A&M,SEC,20,,,,,,,,,,,,,,,,,,,,,2019,1,,,,,,,,,,,,,,,,,15,,,,,,,,,,,,,,,,,,,17,,,,,,,,,,,,,,,,,,,,,,,,,,,,,,,,20,20,17,,,23,23,21,,,24,20,18,22,21,19,,,,,,,,,,,,,,,,,,,,,,,
Kentucky,SEC,,,,,,,,,,,,,,,,,,,,,,2019,1,,,,,,,,,,,,,,,,,13,,,,,,,,,,,,,,,,,,,18,,,,,,,,,,,,,,,,,,,,,,,,,,,,,,,,,,25,19,18,18,18,16,16,16,15,19,19,17,16,11,,,,,,,,,,,,,,,,,,,,,,,
Miami (FL),ACC,25,,,,,,,,,,,,,,,,,,,,,2019,1,,,,,,,,,,,,,,,,,16,,,,,,,,,,,,,,,,,,,19,,,,,,,,,,,,,,,,,,,,,,,,,,,,,,,,24,24,21,25,24,24,24,,,,,,25,20,14,15,,,,,,,,,,,,,,,,,,,,,,,
UCLA,Pac-12,,,,,,,,,,,,,,,,,,,,,,2019,1,,,,,,,,,,,,,,,,,25,,,,,,,,,,,,,,,,,,,20,,,,,,,,,,,,,,,,,,,,,,,,,,,,,,,,,,,,,,,,,,,,,,,25,,,,,,,,,,,,,,,,,,,,,,,
Drake,MVC,,,,,,,,,,,,,,,,,,,,,,2019,1,,,,,,,,,,,,,,,,,22,,,,,,,,,,,,,,,,,,,21,,,,,,,,,,,,,,,,,,,,,,,,,,,,,,,,,,24,21,,,,,,,,,,,24,23,,,,,,,,,,,,,,,,,,,,,,,
Texas,Big 12,11,,,,,,,,,,,,,,,,,,,,,2019,1,,,,,,,,,,,,,,,,,21,,,,,,,,,,,,,,,,,,,22,,,,,,,,,,,,,,,,,,,,,,,,,,,,,,,,11,10,10,12,12,12,13,13,11,11,12,12,14,15,19,18,,,,,,,,,,,,,,,,,,,,,,,
Arizona State,Pac-12,23,,,,,,,,,,,,,,,,,,,,,2019,1,,,,,,,,,,,,,,,,,20,,,,,,,,,,,,,,,,,,,23,,,,,,,,,,,,,,,,,,,,,,,,,,,,,,,,22,19,19,17,17,17,17,22,19,19,16,21,20,19,17,21,,,,,,,,,,,,,,,,,,,,,,,
Rice,CUSA,,,,,,,,,,,,,,,,,,,,,,2019,1,,,,,,,,,,,,,,,,,24,,,,,,,,,,,,,,,,,,,24,,,,,,,,,,,,,,,,,,,,,,,,,,,,,,,,,,,,,,,,,,,,,,25,24,,,,,,,,,,,,,,,,,,,,,,,
Florida State,ACC,,,,,,,,,,,,,,,,,,,,,,2019,1,,,,,,,,,,,,,,,,,22,,,,,,,,,,,,,,,,,,,25,,,,,,,,,,,,,,,,,,,,,,,,,,,,,,,,,,,,,,,,22,,22,24,24,21,22,22,,,,,,,,,,,,,,,,,,,,,,,
South Dakota,Summit,,,,,,,,,,,,,,,,,,,,,,2019,1,,,,,,,,,,,,,,,,,,,,,,,,,,,,,,,,,,,,,,,,,,,,,,,,,,,,,,,,,,,,,,,,,,,,,,,,,,,,,,,,,25,23,,,,,,,,,,,,,,,,,,,,,,,,
Rutgers,Big Ten,,,,,,,,,,,,,,,,,,,,,,2019,1,,,,,,,,,,,,,,,,,,,,,,,,,,,,,,,,,,,,,,,,,,,,,,,,,,,,,,,,,,,,,,,,,,,,,,,,,,,,,20,14,17,20,23,,,,,,,,,,,,,,,,,,,,,,,,,
Michigan State,Big Ten,,,,,,,,,,,,,,,,,,,,,,2019,1,,,,,,,,,,,,,,,,,,,,,,,,,,,,,,,,,,,,,,,,,,,,,,,,,,,,,,,,,,,,,,,,,,,,,,,,23,22,21,15,23,17,23,22,23,24,,,,,,,,,,,,,,,,,,,,,,,,,
Utah,Pac-12,,,,,,,,,,,,,,,,,,,,,,2019,1,,,,,,,,,,,,,,,,,,,,,,,,,,,,,,,,,,,,,,,,,,,,,,,,,,,,,,,,,,,,,,,,,,,,,,,,,,,,,,21,14,17,,,,,,,,,,,,,,,,,,,,,,,,,,
BYU,WCC,,,,,,,,,,,,,,,,,,,,,,2019,1,,,,,,,,,,,,,,,,,,,,,,,,,,,,,,,,,,,,,,,,,,,,,,,,,,,,,,,,,,,,,,,,,,,,,,,,,,,,,,,25,,,,,,,,,,,,,,,,,,,,,,,,,,,
Missouri,SEC,16,,,,,,,,,,,,,,,,,,,,,2019,1,,,,,,,,,,,,,,,,,,,,,,,,,,,,,,,,,,,,,,,,,,,,,,,,,,,,,,,,,,,,,,,,,,,,16,21,,23,22,,,,,,25,,,,,,,,,,,,,,,,,,,,,,,,,,,,
Tennessee,SEC,11,,,,,,,,,,,,,,,,,,,,,2019,1,,,,,,,,,,,,,,,,,,,,,,,,,,,,,,,,,,,,,,,,,,,,,,,,,,,,,,,,,,,,,,,,,,,,12,11,11,9,9,9,10,10,13,20,,,,,,,,,,,,,,,,,,,,,,,,,,,,,
Minnesota,Big Ten,,,,,,,,,,,,,,,,,,,,,,2019,1,,,,,,,,,,,,,,,,,,,,,,,,,,,,,,,,,,,,,,,,,,,,,,,,,,,,,,,,,,,,,,,,,,,,25,23,20,14,13,13,12,12,18,23,,,,,,,,,,,,,,,,,,,,,,,,,,,,,
Indiana,Big Ten,,,,,,,,,,,,,,,,,,,,,,2019,1,,,,,,,,,,,,,,,,,,,,,,,,,,,,,,,,,,,,,,,,,,,,,,,,,,,,,,,,,,,,,,,,,,,,,,,,,,,,25,25,,,,,,,,,,,,,,,,,,,,,,,,,,,,,
California,Pac-12,24,,,,,,,,,,,,,,,,,,,,,2019,1,,,,,,,,,,,,,,,,,,,,,,,,,,,,,,,,,,,,,,,,,,,,,,,,,,,,,,,,,,,,,,,,,,,,23,18,15,13,13,14,14,18,24,,,,,,,,,,,,,,,,,,,,,,,,,,,,,,
DePaul,Big East,15,,,,,,,,,,,,,,,,,,,,,2019,1,,,,,,,,,,,,,,,,,,,,,,,,,,,,,,,,,,,,,,,,,,,,,,,,,,,,,,,,,,,,,,,,,,,,15,16,16,20,20,20,19,24,24,,,,,,,,,,,,,,,,,,,,,,,,,,,,,,
South Florida,AAC,22,,,,,,,,,,,,,,,,,,,,,2019,1,,,,,,,,,,,,,,,,,,,,,,,,,,,,,,,,,,,,,,,,,,,,,,,,,,,,,,,,,,,,,,,,,,,,21,17,,,,,,,,,,,,,,,,,,,,,,,,,,,,,,,,,,,,,
West Virginia,Big 12,,,,,,,,,,,,,,,,,,,,,,2019,1,,,,,,,,,,,,,,,,,,,,,,,,,,,,,,,,,,,,,,,,,,,,,,,,,,,,,,,,,,,,,,,,,,,,,25,,,,,,,,,,,,,,,,,,,,,,,,,,,,,,,,,,,,,
Georgia,SEC,14,,,,,,,,,,,,,,,,,,,,,2019,1,,,,,,,,,,,,,,,,,,,,,,,,,,,,,,,,,,,,,,,,,,,,,,,,,,,,,,,,,,,,,,,,,,,,14,,,,,,,,,,,,,,,,,,,,,,,,,,,,,,,,,,,,,,
Duke,ACC,21,,,,,,,,,,,,,,,,,,,,,2019,1,,,,,,,,,,,,,,,,,,,,,,,,,,,,,,,,,,,,,,,,,,,,,,,,,,,,,,,,,,,,,,,,,,,,,,,,,,,,,,,,,,,,,,,,,,,,,,,,,,,,,,,,,,
UConn,AAC,1,,,,,,,,,,,,,,,,,,,,,2018,1,1,1,1,1,1,1,1,1,1,1,1,1,1,1,1,1,,,,,,,,,,,,,,,,,,,,1,,,,,,,,,,,,,,,,,,,,,,,,,,,,,,,,,,,,,,,,,,,,,,,,1,,,,,,,,,,,,,,,,,,,,,,
Baylor,Big 12,3,,,,,,,,,,,,,,,,,,,,,2018,1,3,8,9,8,6,6,6,6,5,4,3,3,3,3,3,3,,,,,,,,,,,,,,,,,,,,2,,,,,,,,,,,,,,,,,,,,,,,,,,,,,,,,,,,,,,,,,,,,,,,,2,,,,,,,,,,,,,,,,,,,,,,
Louisville,ACC,9,,,,,,,,,,,,,,,,,,,,,2018,1,5,4,4,4,3,3,3,3,3,2,4,4,4,4,4,4,,,,,,,,,,,,,,,,,,,,3,,,,,,,,,,,,,,,,,,,,,,,,,,,,,,,,,,,,,,,,,,,,,,,,3,,,,,,,,,,,,,,,,,,,,,,
Mississippi State,SEC,7,,,,,,,,,,,,,,,,,,,,,2018,1,7,7,6,6,5,5,5,5,4,3,2,2,2,2,2,2,,,,,,,,,,,,,,,,,,,,4,,,,,,,,,,,,,,,,,,,,,,,,,,,,,,,,,,,,,,,,,,,,,,,,4,,,,,,,,,,,,,,,,,,,,,,
Notre Dame,ACC,6,,,,,,,,,,,,,,,,,,,,,2018,1,6,6,3,3,2,2,2,2,2,5,5,5,5,5,5,5,,,,,,,,,,,,,,,,,,,,5,,,,,,,,,,,,,,,,,,,,,,,,,,,,,,,,,,,,,,,,,,,,,,,,5,,,,,,,,,,,,,,,,,,,,,,
Oregon,Pac-12,11,,,,,,,,,,,,,,,,,,,,,2018,1,10,10,10,9,9,10,10,9,8,7,7,6,9,9,8,6,,,,,,,,,,,,,,,,,,,,6,,,,,,,,,,,,,,,,,,,,,,,,,,,,,,,,,,,,,,,,,,,,,,,,6,,,,,,,,,,,,,,,,,,,,,,
South Carolina,SEC,4,,,,,,,,,,,,,,,,,,,,,2018,1,4,3,5,5,4,4,4,4,9,10,9,7,7,8,7,8,,,,,,,,,,,,,,,,,,,,7,,,,,,,,,,,,,,,,,,,,,,,,,,,,,,,,,,,,,,,,,,,,,,,,7,,,,,,,,,,,,,,,,,,,,,,
Texas,Big 12,2,,,,,,,,,,,,,,,,,,,,,2018,1,2,2,2,2,8,8,8,8,7,9,6,8,6,6,6,7,,,,,,,,,,,,,,,,,,,,8,,,,,,,,,,,,,,,,,,,,,,,,,,,,,,,,,,,,,,,,,,,,,,,,8,,,,,,,,,,,,,,,,,,,,,,
UCLA,Pac-12,8,,,,,,,,,,,,,,,,,,,,,2018,1,8,5,7,7,11,11,11,14,14,13,13,9,8,7,10,9,,,,,,,,,,,,,,,,,,,,9,,,,,,,,,,,,,,,,,,,,,,,,,,,,,,,,,,,,,,,,,,,,,,,,9,,,,,,,,,,,,,,,,,,,,,,
Ohio State,Big Ten,5,,,,,,,,,,,,,,,,,,,,,2018,1,9,9,8,12,13,12,12,10,10,8,12,18,13,16,14,13,,,,,,,,,,,,,,,,,,,,10,,,,,,,,,,,,,,,,,,,,,,,,,,,,,,,,,,,,,,,,,,,,,,,,10,,,,,,,,,,,,,,,,,,,,,,
Florida State,ACC,18,,,,,,,,,,,,,,,,,,,,,2018,1,17,13,13,13,12,13,13,11,13,12,8,10,12,12,9,11,,,,,,,,,,,,,,,,,,,,11,,,,,,,,,,,,,,,,,,,,,,,,,,,,,,,,,,,,,,,,,,,,,,,,11,,,,,,,,,,,,,,,,,,,,,,
Tennessee,SEC,14,,,,,,,,,,,,,,,,,,,,,2018,1,13,12,12,11,7,7,7,7,6,6,10,12,11,11,15,12,,,,,,,,,,,,,,,,,,,,12,,,,,,,,,,,,,,,,,,,,,,,,,,,,,,,,,,,,,,,,,,,,,,,,12,,,,,,,,,,,,,,,,,,,,,,
Oregon State,Pac-12,19,,,,,,,,,,,,,,,,,,,,,2018,1,18,18,21,19,17,17,17,16,22,18,17,16,16,15,12,10,,,,,,,,,,,,,,,,,,,,13,,,,,,,,,,,,,,,,,,,,,,,,,,,,,,,,,,,,,,,,,,,,,,,,13,,,,,,,,,,,,,,,,,,,,,,
Texas A&M,SEC,21,,,,,,,,,,,,,,,,,,,,,2018,1,19,19,18,21,19,19,22,19,17,16,15,14,14,17,17,15,,,,,,,,,,,,,,,,,,,,14,,,,,,,,,,,,,,,,,,,,,,,,,,,,,,,,,,,,,,,,,,,,,,,,14,,,,,,,,,,,,,,,,,,,,,,
Stanford,Pac-12,10,,,,,,,,,,,,,,,,,,,,,2018,1,14,14,16,18,18,18,,24,,,,24,17,14,16,16,,,,,,,,,,,,,,,,,,,,15,,,,,,,,,,,,,,,,,,,,,,,,,,,,,,,,,,,,,,,,,,,,,,,,15,,,,,,,,,,,,,,,,,,,,,,
Maryland,Big Ten,15,,,,,,,,,,,,,,,,,,,,,2018,1,15,15,15,15,15,15,15,13,11,14,14,11,10,10,13,17,,,,,,,,,,,,,,,,,,,,16,,,,,,,,,,,,,,,,,,,,,,,,,,,,,,,,,,,,,,,,,,,,,,,,17,,,,,,,,,,,,,,,,,,,,,,
Missouri,SEC,16,,,,,,,,,,,,,,,,,,,,,2018,1,23,23,19,17,16,16,16,15,12,11,11,15,15,13,11,14,,,,,,,,,,,,,,,,,,,,17,,,,,,,,,,,,,,,,,,,,,,,,,,,,,,,,,,,,,,,,,,,,,,,,16,,,,,,,,,,,,,,,,,,,,,,
Georgia,SEC,,,,,,,,,,,,,,,,,,,,,,2018,1,,,,,,,,,,,21,17,18,20,19,19,,,,,,,,,,,,,,,,,,,,18,,,,,,,,,,,,,,,,,,,,,,,,,,,,,,,,,,,,,,,,,,,,,,,,18,,,,,,,,,,,,,,,,,,,,,,
South Florida,AAC,23,,,,,,,,,,,,,,,,,,,,,2018,1,22,17,17,16,22,22,25,,,,,,,22,18,20,,,,,,,,,,,,,,,,,,,,19,,,,,,,,,,,,,,,,,,,,,,,,,,,,,,,,,,,,,,,,,,,,,,,,19,,,,,,,,,,,,,,,,,,,,,,
Duke,ACC,12,,,,,,,,,,,,,,,,,,,,,2018,1,11,16,14,14,14,14,14,17,16,15,18,19,19,17,20,18,,,,,,,,,,,,,,,,,,,,20,,,,,,,,,,,,,,,,,,,,,,,,,,,,,,,,,,,,,,,,,,,,,,,,20,,,,,,,,,,,,,,,,,,,,,,
NC State,ACC,,,,,,,,,,,,,,,,,,,,,,2018,1,,,,,,,,,,,,,23,25,21,23,,,,,,,,,,,,,,,,,,,,21,,,,,,,,,,,,,,,,,,,,,,,,,,,,,,,,,,,,,,,,,,,,,,,,21,,,,,,,,,,,,,,,,,,,,,,
Green Bay,Horizon,,,,,,,,,,,,,,,,,,,,,,2018,1,,,,23,21,21,19,,25,23,22,20,20,19,22,21,,,,,,,,,,,,,,,,,,,,22,,,,,,,,,,,,,,,,,,,,,,,,,,,,,,,,,,,,,,,,,,,,,,,,22,,,,,,,,,,,,,,,,,,,,,,
Belmont,OVC,,,,,,,,,,,,,,,,,,,,,,2018,1,,,,,,,,,,,,,,24,23,22,,,,,,,,,,,,,,,,,,,,23,,,,,,,,,,,,,,,,,,,,,,,,,,,,,,,,,,,,,,,,,,,,,,,,23,,,,,,,,,,,,,,,,,,,,,,
LSU,SEC,,,,,,,,,,,,,,,,,,,,,,2018,1,,,,,,,,,,,,,,,24,24,,,,,,,,,,,,,,,,,,,,24,,,,,,,,,,,,,,,,,,,,,,,,,,,,,,,,,,,,,,,,,,,,,,,,24,,,,,,,,,,,,,,,,,,,,,,
Mercer,Southern,,,,,,,,,,,,,,,,,,,,,,2018,1,,,,,,,,,,,,,,,,25,,,,,,,,,,,,,,,,,,,,25,,,,,,,,,,,,,,,,,,,,,,,,,,,,,,,,,,,,,,,,,,,,,,,,25,,,,,,,,,,,,,,,,,,,,,,
Oklahoma State,Big 12,,,,,,,,,,,,,,,,,,,,,,2018,1,,,,,,,24,20,20,24,19,23,22,21,25,,,,,,,,,,,,,,,,,,,,,,,,,,,,,,,,,,,,,,,,,,,,,,,,,,,,,,,,,,,,,,,,,,,,,,,,,,,,,,,,,,,,,,,,,,,
Michigan,Big Ten,24,,,,,,,,,,,,,,,,,,,,,2018,1,24,25,22,24,23,23,21,22,23,19,16,13,21,23,,,,,,,,,,,,,,,,,,,,,,,,,,,,,,,,,,,,,,,,,,,,,,,,,,,,,,,,,,,,,,,,,,,,,,,,,,,,,,,,,,,,,,,,,,,,
TCU,Big 12,,,,,,,,,,,,,,,,,,,,,,2018,1,,,,,,,,,,,24,22,24,,,,,,,,,,,,,,,,,,,,,,,,,,,,,,,,,,,,,,,,,,,,,,,,,,,,,,,,,,,,,,,,,,,,,,,,,,,,,,,,,,,,,,,,,,,,,
Arizona State,Pac-12,,,,,,,,,,,,,,,,,,,,,,2018,1,,24,,,,,,25,18,22,25,,25,,,,,,,,,,,,,,,,,,,,,,,,,,,,,,,,,,,,,,,,,,,,,,,,,,,,,,,,,,,,,,,,,,,,,,,,,,,,,,,,,,,,,,,,,,,,,
West Virginia,Big 12,13,,,,,,,,,,,,,,,,,,,,,2018,1,12,11,11,10,10,9,9,12,15,17,20,21,,,,,,,,,,,,,,,,,,,,,,,,,,,,,,,,,,,,,,,,,,,,,,,,,,,,,,,,,,,,,,,,,,,,,,,,,,,,,,,,,,,,,,,,,,,,,,
California,Pac-12,20,,,,,,,,,,,,,,,,,,,,,2018,1,20,21,24,25,24,24,20,23,24,21,23,25,,,,,,,,,,,,,,,,,,,,,,,,,,,,,,,,,,,,,,,,,,,,,,,,,,,,,,,,,,,,,,,,,,,,,,,,,,,,,,,,,,,,,,,,,,,,,,
Iowa,Big Ten,,,,,,,,,,,,,,,,,,,,,,2018,1,,,,,25,25,23,18,18,20,,,,,,,,,,,,,,,,,,,,,,,,,,,,,,,,,,,,,,,,,,,,,,,,,,,,,,,,,,,,,,,,,,,,,,,,,,,,,,,,,,,,,,,,,,,,,,,,
Rutgers,Big Ten,,,,,,,,,,,,,,,,,,,,,,2018,1,,,,,,,,,21,25,,,,,,,,,,,,,,,,,,,,,,,,,,,,,,,,,,,,,,,,,,,,,,,,,,,,,,,,,,,,,,,,,,,,,,,,,,,,,,,,,,,,,,,,,,,,,,,,
Villanova,Big East,,,,,,,,,,,,,,,,,,,,,,2018,1,,,25,22,20,20,18,21,,,,,,,,,,,,,,,,,,,,,,,,,,,,,,,,,,,,,,,,,,,,,,,,,,,,,,,,,,,,,,,,,,,,,,,,,,,,,,,,,,,,,,,,,,,,,,,,,,
Kentucky,SEC,,,,,,,,,,,,,,,,,,,,,,2018,1,25,22,20,20,,,,,,,,,,,,,,,,,,,,,,,,,,,,,,,,,,,,,,,,,,,,,,,,,,,,,,,,,,,,,,,,,,,,,,,,,,,,,,,,,,,,,,,,,,,,,,,,,,,,,,
Marquette,Big East,17,,,,,,,,,,,,,,,,,,,,,2018,1,16,20,23,,,,,,,,,,,,,,,,,,,,,,,,,,,,,,,,,,,,,,,,,,,,,,,,,,,,,,,,,,,,,,,,,,,,,,,,,,,,,,,,,,,,,,,,,,,,,,,,,,,,,,,
Oklahoma,Big 12,22,,,,,,,,,,,,,,,,,,,,,2018,1,21,,,,,,,,,,,,,,,,,,,,,,,,,,,,,,,,,,,,,,,,,,,,,,,,,,,,,,,,,,,,,,,,,,,,,,,,,,,,,,,,,,,,,,,,,,,,,,,,,,,,,,,,,
DePaul,Big East,25,,,,,,,,,,,,,,,,,,,,,2018,1,,,,,,,,,,,,,,,,,,,,,,,,,,,,,,,,,,,,,,,,,,,,,,,,,,,,,,,,,,,,,,,,,,,,,,,,,,,,,,,,,,,,,,,,,,,,,,,,,,,,,,,,,,
UConn,AAC,3,,,,,,,,,,,,,,,,,,,,,2017,1,,,,,,,,,,,,,,,,,,,,3,2,2,1,,1,1,1,1,1,1,1,1,1,1,,1,,,,,,,,,,,,,,,,,,,,,,,,,,,,,,,,,,,,,,,,,,,,,,,,,1,1,1,,,,,,,,,,,,,,,,,,,
Notre Dame,ACC,1,,,,,,,,,,,,,,,,,,,,,2017,1,,,,,,,,,,,,,,,,,,,,1,1,1,2,,2,2,7,6,6,8,7,7,7,5,,2,,,,,,,,,,,,,,,,,,,,,,,,,,,,,,,,,,,,,,,,,,,,,,,,,2,3,3,,,,,,,,,,,,,,,,,,,
South Carolina,SEC,4,,,,,,,,,,,,,,,,,,,,,2017,1,,,,,,,,,,,,,,,,,,,,4,3,3,6,,6,6,5,5,5,5,4,6,6,7,,3,,,,,,,,,,,,,,,,,,,,,,,,,,,,,,,,,,,,,,,,,,,,,,,,,6,5,4,,,,,,,,,,,,,,,,,,,
Maryland,Big Ten,6,,,,,,,,,,,,,,,,,,,,,2017,1,,,,,,,,,,,,,,,,,,,,6,6,5,4,,4,4,3,3,3,3,3,3,2,2,,4,,,,,,,,,,,,,,,,,,,,,,,,,,,,,,,,,,,,,,,,,,,,,,,,,4,4,5,,,,,,,,,,,,,,,,,,,
Baylor,Big 12,2,,,,,,,,,,,,,,,,,,,,,2017,1,,,,,,,,,,,,,,,,,,,,2,5,4,3,,3,3,2,2,2,2,2,2,4,4,,5,,,,,,,,,,,,,,,,,,,,,,,,,,,,,,,,,,,,,,,,,,,,,,,,,3,2,2,,,,,,,,,,,,,,,,,,,
Stanford,Pac-12,11,,,,,,,,,,,,,,,,,,,,,2017,1,,,,,,,,,,,,,,,,,,,,11,11,11,10,,14,13,10,13,10,10,8,8,10,8,,6,,,,,,,,,,,,,,,,,,,,,,,,,,,,,,,,,,,,,,,,,,,,,,,,,10,10,6,,,,,,,,,,,,,,,,,,,
Mississippi State,SEC,10,,,,,,,,,,,,,,,,,,,,,2017,1,,,,,,,,,,,,,,,,,,,,10,7,6,5,,5,5,4,4,4,4,5,4,3,3,,7,,,,,,,,,,,,,,,,,,,,,,,,,,,,,,,,,,,,,,,,,,,,,,,,,5,6,7,,,,,,,,,,,,,,,,,,,
Oregon State,Pac-12,25,,,,,,,,,,,,,,,,,,,,,2017,1,,,,,,,,,,,,,,,,,,,,24,22,24,24,,25,22,16,10,11,11,11,9,11,10,,8,,,,,,,,,,,,,,,,,,,,,,,,,,,,,,,,,,,,,,,,,,,,,,,,,,6,8,,,,,,,,,,,,,,,,,,,
Duke,ACC,,,,,,,,,,,,,,,,,,,,,,2017,1,,,,,,,,,,,,,,,,,,,,,,,21,,17,15,13,12,15,14,15,14,13,13,,9,,,,,,,,,,,,,,,,,,,,,,,,,,,,,,,,,,,,,,,,,,,,,,,,,18,13,9,,,,,,,,,,,,,,,,,,,
Florida State,ACC,12,,,,,,,,,,,,,,,,,,,,,2017,1,,,,,,,,,,,,,,,,,,,,12,10,8,7,,7,7,6,7,7,6,6,5,4,8,,10,,,,,,,,,,,,,,,,,,,,,,,,,,,,,,,,,,,,,,,,,,,,,,,,,7,8,10,,,,,,,,,,,,,,,,,,,
Ohio State,Big Ten,7,,,,,,,,,,,,,,,,,,,,,2017,1,,,,,,,,,,,,,,,,,,,,7,8,9,12,,12,14,11,11,16,15,14,13,12,12,,11,,,,,,,,,,,,,,,,,,,,,,,,,,,,,,,,,,,,,,,,,,,,,,,,,12,9,11,,,,,,,,,,,,,,,,,,,
Washington,Pac-12,17,,,,,,,,,,,,,,,,,,,,,2017,1,,,,,,,,,,,,,,,,,,,,17,15,13,11,,9,9,12,8,8,7,10,10,9,11,,12,,,,,,,,,,,,,,,,,,,,,,,,,,,,,,,,,,,,,,,,,,,,,,,,,11,11,12,,,,,,,,,,,,,,,,,,,
Louisville,ACC,5,,,,,,,,,,,,,,,,,,,,,2017,1,,,,,,,,,,,,,,,,,,,,5,4,7,8,,8,8,8,9,9,9,9,12,14,14,,13,,,,,,,,,,,,,,,,,,,,,,,,,,,,,,,,,,,,,,,,,,,,,,,,,8,14,13,,,,,,,,,,,,,,,,,,,
Texas,Big 12,8,,,,,,,,,,,,,,,,,,,,,2017,1,,,,,,,,,,,,,,,,,,,,8,14,14,17,,16,16,15,16,12,12,12,11,8,6,,14,,,,,,,,,,,,,,,,,,,,,,,,,,,,,,,,,,,,,,,,,,,,,,,,,16,12,14,,,,,,,,,,,,,,,,,,,
UCLA,Pac-12,9,,,,,,,,,,,,,,,,,,,,,2017,1,,,,,,,,,,,,,,,,,,,,9,9,10,9,,10,10,9,17,13,13,13,15,18,15,,15,,,,,,,,,,,,,,,,,,,,,,,,,,,,,,,,,,,,,,,,,,,,,,,,,9,15,15,,,,,,,,,,,,,,,,,,,
Miami (FL),ACC,14,,,,,,,,,,,,,,,,,,,,,2017,1,,,,,,,,,,,,,,,,,,,,22,21,18,14,,11,11,14,14,14,17,16,16,16,17,,16,,,,,,,,,,,,,,,,,,,,,,,,,,,,,,,,,,,,,,,,,,,,,,,,,13,16,16,,,,,,,,,,,,,,,,,,,
NC State,ACC,,,,,,,,,,,,,,,,,,,,,,2017,1,,,,,,,,,,,,,,,,,,,,,,,,,,,,23,21,18,19,17,15,18,,17,,,,,,,,,,,,,,,,,,,,,,,,,,,,,,,,,,,,,,,,,,,,,,,,,,17,18,,,,,,,,,,,,,,,,,,,
Kentucky,SEC,19,,,,,,,,,,,,,,,,,,,,,2017,1,,,,,,,,,,,,,,,,,,,,15,20,17,15,,18,17,24,,,,25,,,22,,18,,,,,,,,,,,,,,,,,,,,,,,,,,,,,,,,,,,,,,,,,,,,,,,,,19,20,19,,,,,,,,,,,,,,,,,,,
DePaul,Big East,21,,,,,,,,,,,,,,,,,,,,,2017,1,,,,,,,,,,,,,,,,,,,,20,18,15,16,,,,23,21,19,21,17,18,17,19,,19,,,,,,,,,,,,,,,,,,,,,,,,,,,,,,,,,,,,,,,,,,,,,,,,,17,18,17,,,,,,,,,,,,,,,,,,,
Drake,MVC,,,,,,,,,,,,,,,,,,,,,,2017,1,,,,,,,,,,,,,,,,,,,,,,,,,,,,,,,,,25,21,,20,,,,,,,,,,,,,,,,,,,,,,,,,,,,,,,,,,,,,,,,,,,,,,,,,,22,20,,,,,,,,,,,,,,,,,,,
Syracuse,ACC,14,,,,,,,,,,,,,,,,,,,,,2017,1,,,,,,,,,,,,,,,,,,,,14,11,20,20,,19,25,,,,,24,20,21,20,,21,,,,,,,,,,,,,,,,,,,,,,,,,,,,,,,,,,,,,,,,,,,,,,,,,21,21,21,,,,,,,,,,,,,,,,,,,
West Virginia,Big 12,22,,,,,,,,,,,,,,,,,,,,,2017,1,,,,,,,,,,,,,,,,,,,,21,19,16,13,,13,12,17,18,24,22,22,,,,,22,,,,,,,,,,,,,,,,,,,,,,,,,,,,,,,,,,,,,,,,,,,,,,,,,14,,,,,,,,,,,,,,,,,,,,,
Oklahoma,Big 12,16,,,,,,,,,,,,,,,,,,,,,2017,1,,,,,,,,,,,,,,,,,,,,16,13,12,19,,20,24,20,22,20,20,18,19,19,16,,23,,,,,,,,,,,,,,,,,,,,,,,,,,,,,,,,,,,,,,,,,,,,,,,,,20,19,22,,,,,,,,,,,,,,,,,,,
Kansas State,Big 12,,,,,,,,,,,,,,,,,,,,,,2017,1,,,,,,,,,,,,,,,,,,,,,,,,,24,,25,25,22,25,,25,24,,,24,,,,,,,,,,,,,,,,,,,,,,,,,,,,,,,,,,,,,,,,,,,,,,,,,,24,24,,,,,,,,,,,,,,,,,,,
Missouri,SEC,24,,,,,,,,,,,,,,,,,,,,,2017,1,,,,,,,,,,,,,,,,,,,,25,,,,,,,,,,,,,,24,,25,,,,,,,,,,,,,,,,,,,,,,,,,,,,,,,,,,,,,,,,,,,,,,,,,,23,25,,,,,,,,,,,,,,,,,,,
Creighton,Big East,,,,,,,,,,,,,,,,,,,,,,2017,1,,,,,,,,,,,,,,,,,,,,,,,,,,,,,,,,,,,,,,,,,,,,,,,,,,,,,,,,,,,,,,,,,,,,,,,,,,,,,,,,,,,,,,,23,,,,,,,,,,,,,,,,,,,
Temple,AAC,,,,,,,,,,,,,,,,,,,,,,2017,1,,,,,,,,,,,,,,,,,,,,,,,,,,,,,,,,,,23,,,,,,,,,,,,,,,,,,,,,,,,,,,,,,,,,,,,,,,,,,,,,,,,,,,,25,,,,,,,,,,,,,,,,,,,,
Michigan,Big Ten,,,,,,,,,,,,,,,,,,,,,,2017,1,,,,,,,,,,,,,,,,,,,,,,,,,,,,,,,,21,20,25,,,,,,,,,,,,,,,,,,,,,,,,,,,,,,,,,,,,,,,,,,,,,,,,,,,,,,,,,,,,,,,,,,,,,,,,
South Florida,AAC,,,,,,,,,,,,,,,,,,,,,,2017,1,,,,,,,,,,,,,,,,,,,,,,,22,,21,23,22,20,23,23,20,22,22,,,,,,,,,,,,,,,,,,,,,,,,,,,,,,,,,,,,,,,,,,,,,,,,,,,,22,,,,,,,,,,,,,,,,,,,,,
Texas A&M,SEC,,,,,,,,,,,,,,,,,,,,,,2017,1,,,,,,,,,,,,,,,,,,,,,,25,,,,,,,25,,,,23,,,,,,,,,,,,,,,,,,,,,,,,,,,,,,,,,,,,,,,,,,,,,,,,,,,,,,,,,,,,,,,,,,,,,,,,,
Arizona State,Pac-12,18,,,,,,,,,,,,,,,,,,,,,2017,1,,,,,,,,,,,,,,,,,,,,18,23,,,,21,18,19,19,18,16,23,23,,,,,,,,,,,,,,,,,,,,,,,,,,,,,,,,,,,,,,,,,,,,,,,,,,,,,23,,,,,,,,,,,,,,,,,,,,,
Tennessee,SEC,13,,,,,,,,,,,,,,,,,,,,,2017,1,,,,,,,,,,,,,,,,,,,,13,17,22,,,,,,,,,,24,,,,,,,,,,,,,,,,,,,,,,,,,,,,,,,,,,,,,,,,,,,,,,,,,,,,,,,,,,,,,,,,,,,,,,,,,,
Green Bay,Horizon,,,,,,,,,,,,,,,,,,,,,,2017,1,,,,,,,,,,,,,,,,,,,,,,,,,,,,,,24,21,,,,,,,,,,,,,,,,,,,,,,,,,,,,,,,,,,,,,,,,,,,,,,,,,,,,,,,,,,,,,,,,,,,,,,,,,,,
Virginia Tech,ACC,,,,,,,,,,,,,,,,,,,,,,2017,1,,,,,,,,,,,,,,,,,,,,,,,25,,23,19,18,15,17,19,,,,,,,,,,,,,,,,,,,,,,,,,,,,,,,,,,,,,,,,,,,,,,,,,,,,,,,24,,,,,,,,,,,,,,,,,,,,,
California,Pac-12,,,,,,,,,,,,,,,,,,,,,,2017,1,,,,,,,,,,,,,,,,,,,,,,,,,,21,20,24,,,,,,,,,,,,,,,,,,,,,,,,,,,,,,,,,,,,,,,,,,,,,,,,,,,,,,,,,,,,,,,,,,,,,,,,,,,,,,
Colorado,Pac-12,,,,,,,,,,,,,,,,,,,,,,2017,1,,,,,,,,,,,,,,,,,,,,,,21,18,,15,20,,,,,,,,,,,,,,,,,,,,,,,,,,,,,,,,,,,,,,,,,,,,,,,,,,,,,,,,,,,15,,,,,,,,,,,,,,,,,,,,,
Oregon,Pac-12,,,,,,,,,,,,,,,,,,,,,,2017,1,,,,,,,,,,,,,,,,,,,,,,,,,,,,,,,,,,,,,,,,,,,,,,,,,,,,,,,,,,,,,,,,,,,,,,,,,,,,,,,,,,,,,25,,,,,,,,,,,,,,,,,,,,,
Florida,SEC,20,,,,,,,,,,,,,,,,,,,,,2017,1,,,,,,,,,,,,,,,,,,,,19,16,19,23,,,,,,,,,,,,,,,,,,,,,,,,,,,,,,,,,,,,,,,,,,,,,,,,,,,,,,,,,,,,,,,,,,,,,,,,,,,,,,,,,,,
Auburn,SEC,,,,,,,,,,,,,,,,,,,,,,2017,1,,,,,,,,,,,,,,,,,,,,,,23,,,,,,,,,,,,,,,,,,,,,,,,,,,,,,,,,,,,,,,,,,,,,,,,,,,,,,,,,,,,,,,,,,,,,,,,,,,,,,,,,,,,
Michigan State,Big Ten,,,,,,,,,,,,,,,,,,,,,,2017,1,,,,,,,,,,,,,,,,,,,,,24,,,,,,,,,,,,,,,,,,,,,,,,,,,,,,,,,,,,,,,,,,,,,,,,,,,,,,,,,,,,,,,,,,,,,,,,,,,,,,,,,,,,,
Gonzaga,WCC,,,,,,,,,,,,,,,,,,,,,,2017,1,,,,,,,,,,,,,,,,,,,,,25,,,,,,,,,,,,,,,,,,,,,,,,,,,,,,,,,,,,,,,,,,,,,,,,,,,,,,,,,,,,,,,,,,,,,,,,,,,,,,,,,,,,,
Indiana,Big Ten,23,,,,,,,,,,,,,,,,,,,,,2017,1,,,,,,,,,,,,,,,,,,,,23,,,,,,,,,,,,,,,,,,,,,,,,,,,,,,,,,,,,,,,,,,,,,,,,,,,,,,,,,,,,,,,,,,,,,,,,,,,,,,,,,,,,,,
UConn,AAC,1,,,,,,,,,,,,,,,,,,,,,2016,1,,,,,,,,,,,,,,,,,,,,,,,,,,,,,,,,,,,,1,,1,,,,,,,,,,,,,1,1,1,1,1,1,1,1,1,1,1,1,1,1,,,,,,,,,,,,,,,,,,,,,,,,1,1,,,,,,,,,,,,,,,,,
Notre Dame,ACC,3,,,,,,,,,,,,,,,,,,,,,2016,1,,,,,,,,,,,,,,,,,,,,,,,,,,,,,,,,,,,,2,,3,,,,,,,,,,,,,2,3,3,3,3,3,3,3,3,3,3,3,2,2,,,,,,,,,,,,,,,,,,,,,,,,3,2,,,,,,,,,,,,,,,,,
South Carolina,SEC,2,,,,,,,,,,,,,,,,,,,,,2016,1,,,,,,,,,,,,,,,,,,,,,,,,,,,,,,,,,,,,3,,2,,,,,,,,,,,,,3,2,2,2,2,2,2,2,2,2,2,2,3,3,,,,,,,,,,,,,,,,,,,,,,,,2,3,,,,,,,,,,,,,,,,,
Baylor,Big 12,5,,,,,,,,,,,,,,,,,,,,,2016,1,,,,,,,,,,,,,,,,,,,,,,,,,,,,,,,,,,,,4,,5,,,,,,,,,,,,,4,4,4,4,4,4,6,6,4,4,4,4,4,4,,,,,,,,,,,,,,,,,,,,,,,,5,4,,,,,,,,,,,,,,,,,
Maryland,Big Ten,9,,,,,,,,,,,,,,,,,,,,,2016,1,,,,,,,,,,,,,,,,,,,,,,,,,,,,,,,,,,,,5,,6,,,,,,,,,,,,,5,5,5,6,6,6,8,8,5,5,5,5,6,6,,,,,,,,,,,,,,,,,,,,,,,,8,5,,,,,,,,,,,,,,,,,
Oregon State,Pac-12,10,,,,,,,,,,,,,,,,,,,,,2016,1,,,,,,,,,,,,,,,,,,,,,,,,,,,,,,,,,,,,6,,7,,,,,,,,,,,,,6,7,7,7,11,10,11,12,11,9,9,8,7,7,,,,,,,,,,,,,,,,,,,,,,,,9,8,,,,,,,,,,,,,,,,,
Texas,Big 12,12,,,,,,,,,,,,,,,,,,,,,2016,1,,,,,,,,,,,,,,,,,,,,,,,,,,,,,,,,,,,,7,,8,,,,,,,,,,,,,7,6,5,5,5,5,4,4,6,6,6,6,8,8,,,,,,,,,,,,,,,,,,,,,,,,11,6,,,,,,,,,,,,,,,,,
Louisville,ACC,8,,,,,,,,,,,,,,,,,,,,,2016,1,,,,,,,,,,,,,,,,,,,,,,,,,,,,,,,,,,,,8,,22,,,,,,,,,,,,,8,,,,,,,23,17,14,13,12,11,10,,,,,,,,,,,,,,,,,,,,,,,,16,7,,,,,,,,,,,,,,,,,
Ohio State,Big Ten,6,,,,,,,,,,,,,,,,,,,,,2016,1,,,,,,,,,,,,,,,,,,,,,,,,,,,,,,,,,,,,9,,11,,,,,,,,,,,,,9,10,10,10,9,9,5,5,7,7,7,7,5,5,,,,,,,,,,,,,,,,,,,,,,,,7,9,,,,,,,,,,,,,,,,,
UCLA,Pac-12,,,,,,,,,,,,,,,,,,,,,,2016,1,,,,,,,,,,,,,,,,,,,,,,,,,,,,,,,,,,,,10,,,,,,,,,,,,,,,10,24,20,19,19,21,15,17,20,15,14,14,12,14,,,,,,,,,,,,,,,,,,,,,,,,,12,,,,,,,,,,,,,,,,,
Arizona State,Pac-12,15,,,,,,,,,,,,,,,,,,,,,2016,1,,,,,,,,,,,,,,,,,,,,,,,,,,,,,,,,,,,,11,,16,,,,,,,,,,,,,11,17,24,21,22,17,14,10,8,8,8,9,9,9,,,,,,,,,,,,,,,,,,,,,,,,18,10,,,,,,,,,,,,,,,,,
Kentucky,SEC,18,,,,,,,,,,,,,,,,,,,,,2016,1,,,,,,,,,,,,,,,,,,,,,,,,,,,,,,,,,,,,12,,12,,,,,,,,,,,,,12,11,8,8,7,7,10,9,9,12,18,18,16,15,,,,,,,,,,,,,,,,,,,,,,,,13,13,,,,,,,,,,,,,,,,,
Stanford,Pac-12,16,,,,,,,,,,,,,,,,,,,,,2016,1,,,,,,,,,,,,,,,,,,,,,,,,,,,,,,,,,,,,13,,13,,,,,,,,,,,,,13,16,14,15,12,11,9,11,12,16,15,13,15,13,,,,,,,,,,,,,,,,,,,,,,,,15,11,,,,,,,,,,,,,,,,,
Syracuse,ACC,23,,,,,,,,,,,,,,,,,,,,,2016,1,,,,,,,,,,,,,,,,,,,,,,,,,,,,,,,,,,,,14,,23,,,,,,,,,,,,,14,20,19,,,,,,,,,,23,18,,,,,,,,,,,,,,,,,,,,,,,,25,17,,,,,,,,,,,,,,,,,
Mississippi State,SEC,11,,,,,,,,,,,,,,,,,,,,,2016,1,,,,,,,,,,,,,,,,,,,,,,,,,,,,,,,,,,,,15,,8,,,,,,,,,,,,,15,9,9,9,8,8,7,7,10,13,11,11,14,16,,,,,,,,,,,,,,,,,,,,,,,,10,16,,,,,,,,,,,,,,,,,
Michigan State,Big Ten,24,,,,,,,,,,,,,,,,,,,,,2016,1,,,,,,,,,,,,,,,,,,,,,,,,,,,,,,,,,,,,16,,20,,,,,,,,,,,,,16,19,25,24,24,24,23,18,21,18,17,17,25,20,,,,,,,,,,,,,,,,,,,,,,,,23,19,,,,,,,,,,,,,,,,,
Florida State,ACC,7,,,,,,,,,,,,,,,,,,,,,2016,1,,,,,,,,,,,,,,,,,,,,,,,,,,,,,,,,,,,,17,,14,,,,,,,,,,,,,17,13,11,11,10,15,19,16,14,11,10,10,10,12,,,,,,,,,,,,,,,,,,,,,,,,6,14,,,,,,,,,,,,,,,,,
Texas A&M,SEC,13,,,,,,,,,,,,,,,,,,,,,2016,1,,,,,,,,,,,,,,,,,,,,,,,,,,,,,,,,,,,,18,,10,,,,,,,,,,,,,19,12,15,18,16,16,13,15,13,10,12,15,12,11,,,,,,,,,,,,,,,,,,,,,,,,12,15,,,,,,,,,,,,,,,,,
Miami (FL),ACC,,,,,,,,,,,,,,,,,,,,,,2016,1,,,,,,,,,,,,,,,,,,,,,,,,,,,,,,,,,,,,19,,,,,,,,,,,,,,,20,,,23,23,22,,21,16,17,16,19,18,17,,,,,,,,,,,,,,,,,,,,,,,,,21,,,,,,,,,,,,,,,,,
DePaul,Big East,,,,,,,,,,,,,,,,,,,,,,2016,1,,,,,,,,,,,,,,,,,,,,,,,,,,,,,,,,,,,,20,,,,,,,,,,,,,,,18,23,18,16,17,25,24,,24,23,,23,21,19,,,,,,,,,,,,,,,,,,,,,,,,,18,,,,,,,,,,,,,,,,,
South Florida,AAC,20,,,,,,,,,,,,,,,,,,,,,2016,1,,,,,,,,,,,,,,,,,,,,,,,,,,,,,,,,,,,,21,,18,,,,,,,,,,,,,21,24,21,20,20,20,22,19,15,20,19,22,19,21,,,,,,,,,,,,,,,,,,,,,,,,19,20,,,,,,,,,,,,,,,,,
Colorado State,MWC,,,,,,,,,,,,,,,,,,,,,,2016,1,,,,,,,,,,,,,,,,,,,,,,,,,,,,,,,,,,,,22,,,,,,,,,,,,,,,22,,,,,,,,,,,,,25,,,,,,,,,,,,,,,,,,,,,,,,,22,,,,,,,,,,,,,,,,,
West Virginia,Big 12,,,,,,,,,,,,,,,,,,,,,,2016,1,,,,,,,,,,,,,,,,,,,,,,,,,,,,,,,,,,,,23,,,,,,,,,,,,,,,23,,,,,,,,25,24,,24,,,,,,,,,,,,,,,,,,,,,,,,,,,22,,,,,,,,,,,,,,,,,
Oklahoma,Big 12,17,,,,,,,,,,,,,,,,,,,,,2016,1,,,,,,,,,,,,,,,,,,,,,,,,,,,,,,,,,,,,24,,21,,,,,,,,,,,,,24,21,17,17,18,18,17,14,19,21,20,21,20,23,,,,,,,,,,,,,,,,,,,,,,,,17,24,,,,,,,,,,,,,,,,,
Florida,SEC,,,,,,,,,,,,,,,,,,,,,,2016,1,,,,,,,,,,,,,,,,,,,,,,,,,,,,,,,,,,,,25,,,,,,,,,,,,,,,25,,,,,,,20,22,,22,16,22,,,,,,,,,,,,,,,,,,,,,,,,,,25,,,,,,,,,,,,,,,,,
Oklahoma State,Big 12,,,,,,,,,,,,,,,,,,,,,,2016,1,,,,,,,,,,,,,,,,,,,,,,,,,,,,,,,,,,,,,,,,,,,,,,,,,,,,,,,,,,,,,25,20,17,22,,,,,,,,,,,,,,,,,,,,,,,,,,,,,,,,,,,,,,,,,,
Missouri,SEC,,,,,,,,,,,,,,,,,,,,,,2016,1,,,,,,,,,,,,,,,,,,,,,,,,,,,,,,,,,,,,,,,,,,,,,,,,,,,,,,,25,23,20,24,23,22,21,,,24,,,,,,,,,,,,,,,,,,,,,,,,,,,,,,,,,,,,,,,,,,
Tennessee,SEC,4,,,,,,,,,,,,,,,,,,,,,2016,1,,,,,,,,,,,,,,,,,,,,,,,,,,,,,,,,,,,,,,4,,,,,,,,,,,,,,8,16,14,14,13,12,13,18,19,23,25,24,,,,,,,,,,,,,,,,,,,,,,,,,4,,,,,,,,,,,,,,,,,,
Washington,Pac-12,,,,,,,,,,,,,,,,,,,,,,2016,1,,,,,,,,,,,,,,,,,,,,,,,,,,,,,,,,,,,,,,,,,,,,,,,,,,,,,,,,,,,,25,24,,,,,,,,,,,,,,,,,,,,,,,,,,,,,,,,,,,,,,,,,,,,,
Duke,ACC,14,,,,,,,,,,,,,,,,,,,,,2016,1,,,,,,,,,,,,,,,,,,,,,,,,,,,,,,,,,,,,,,15,,,,,,,,,,,,,,14,13,13,13,12,18,22,,,,,,,,,,,,,,,,,,,,,,,,,,,,,,14,,,,,,,,,,,,,,,,,,
USC,Pac-12,,,,,,,,,,,,,,,,,,,,,,2016,1,,,,,,,,,,,,,,,,,,,,,,,,,,,,,,,,,,,,,,,,,,,,,,,,,,,,,,,,,,25,,,,,,,,,,,,,,,,,,,,,,,,,,,,,,,,,,,,,,,,,,,,,,,,
Northwestern,Big Ten,19,,,,,,,,,,,,,,,,,,,,,2016,1,,,,,,,,,,,,,,,,,,,,,,,,,,,,,,,,,,,,,,19,,,,,,,,,,,,,,15,12,12,15,14,16,,,,,,,,,,,,,,,,,,,,,,,,,,,,,,,20,,,,,,,,,,,,,,,,,,
California,Pac-12,,,,,,,,,,,,,,,,,,,,,,2016,1,,,,,,,,,,,,,,,,,,,,,,,,,,,,,,,,,,,,,,16,,,,,,,,,,,,,,18,22,21,21,19,21,,,,,,,,,,,,,,,,,,,,,,,,,,,,,,,21,,,,,,,,,,,,,,,,,,
Seton Hall,Big East,,,,,,,,,,,,,,,,,,,,,,2016,1,,,,,,,,,,,,,,,,,,,,,,,,,,,,,,,,,,,,,,,,,,,,,,,,,,,,22,,,,,25,,,,,,,,,,,,,,,,,,,,,,,,,,,,,,,,,,,,,,,,,,,,,,,,,
St. John's (NY),Big East,,,,,,,,,,,,,,,,,,,,,,2016,1,,,,,,,,,,,,,,,,,,,,,,,,,,,,,,,,,,,,,,,,,,,,,,,,,,,,,,25,,,,,,,,,,,,,,,,,,,,,,,,,,,,,,,,,,,,,,,,,,,,,,,,,,,,
Iowa,Big Ten,,,,,,,,,,,,,,,,,,,,,,2016,1,,,,,,,,,,,,,,,,,,,,,,,,,,,,,,,,,,,,,,25,,,,,,,,,,,,,,,23,,,,,,,,,,,,,,,,,,,,,,,,,,,,,,,,,,,,,,,,,,,,,,,,,,,,,
George Washington,A-10,21,,,,,,,,,,,,,,,,,,,,,2016,1,,,,,,,,,,,,,,,,,,,,,,,,,,,,,,,,,,,,,,24,,,,,,,,,,,,,,,,,,,,,,,,,,,,,,,,,,,,,,,,,,,,,,,,,,22,,,,,,,,,,,,,,,,,,
Chattanooga,Southern,25,,,,,,,,,,,,,,,,,,,,,2016,1,,,,,,,,,,,,,,,,,,,,,,,,,,,,,,,,,,,,,,,,,,,,,,,,,,,,,,,,,,,,,,,,,,,,,,,,,,,,,,,,,,,,,,,,24,,,,,,,,,,,,,,,,,,
UNC,ACC,22,,,,,,,,,,,,,,,,,,,,,2016,1,,,,,,,,,,,,,,,,,,,,,,,,,,,,,,,,,,,,,,,,,,,,,,,,,,,,,,,,,,,,,,,,,,,,,,,,,,,,,,,,,,,,,,,,,,,,,,,,,,,,,,,,,,
UConn,AAC,1,,,,,,,,,,,,,,,,,,,,,2015,1,,,,,,,,,,,,,,,,,,,,,,,,,,,,,,,,,,,,1,,,,,,,,,,,,,,,,,,,,,,,,,,,,,,,1,,,,,,,,,,,,,,,,,,,,,,,1,3,3,2,2,2,2,2,2,2,2,2,2,1,1,1,
Notre Dame,ACC,3,,,,,,,,,,,,,,,,,,,,,2015,1,,,,,,,,,,,,,,,,,,,,,,,,,,,,,,,,,,,,2,,,,,,,,,,,,,,,,,,,,,,,,,,,,,,,2,,,,,,,,,,,,,,,,,,,,,,,3,2,2,5,5,4,4,4,7,6,4,4,4,4,4,2,
South Carolina,SEC,2,,,,,,,,,,,,,,,,,,,,,2015,1,,,,,,,,,,,,,,,,,,,,,,,,,,,,,,,,,,,,3,,,,,,,,,,,,,,,,,,,,,,,,,,,,,,,3,,,,,,,,,,,,,,,,,,,,,,,2,1,1,1,1,1,1,1,1,1,1,1,1,2,2,3,
Maryland,Big Ten,10,,,,,,,,,,,,,,,,,,,,,2015,1,,,,,,,,,,,,,,,,,,,,,,,,,,,,,,,,,,,,4,,,,,,,,,,,,,,,,,,,,,,,,,,,,,,,4,,,,,,,,,,,,,,,,,,,,,,,9,10,15,14,14,15,14,12,8,7,5,5,5,5,5,4,
Baylor,Big 12,8,,,,,,,,,,,,,,,,,,,,,2015,1,,,,,,,,,,,,,,,,,,,,,,,,,,,,,,,,,,,,5,,,,,,,,,,,,,,,,,,,,,,,,,,,,,,,6,,,,,,,,,,,,,,,,,,,,,,,8,13,11,9,9,6,6,5,3,3,3,3,3,3,3,5,
Tennessee,SEC,4,,,,,,,,,,,,,,,,,,,,,2015,1,,,,,,,,,,,,,,,,,,,,,,,,,,,,,,,,,,,,6,,,,,,,,,,,,,,,,,,,,,,,,,,,,,,,5,,,,,,,,,,,,,,,,,,,,,,,4,4,14,11,11,8,8,7,6,5,6,6,6,6,6,6,
Florida State,ACC,,,,,,,,,,,,,,,,,,,,,,2015,1,,,,,,,,,,,,,,,,,,,,,,,,,,,,,,,,,,,,7,,,,,,,,,,,,,,,,,,,,,,,,,,,,,,,7,,,,,,,,,,,,,,,,,,,,,,,,,,,,,,,20,17,9,9,7,9,9,7,
Louisville,ACC,12,,,,,,,,,,,,,,,,,,,,,2015,1,,,,,,,,,,,,,,,,,,,,,,,,,,,,,,,,,,,,8,,,,,,,,,,,,,,,,,,,,,,,,,,,,,,,10,,,,,,,,,,,,,,,,,,,,,,,12,12,7,10,10,7,7,6,4,4,8,8,9,8,8,8,
Arizona State,Pac-12,,,,,,,,,,,,,,,,,,,,,,2015,1,,,,,,,,,,,,,,,,,,,,,,,,,,,,,,,,,,,,9,,,,,,,,,,,,,,,,,,,,,,,,,,,,,,,9,,,,,,,,,,,,,,,,,,,,,,,,,,,,25,22,18,14,13,11,10,12,12,10,9,
Oregon State,Pac-12,20,,,,,,,,,,,,,,,,,,,,,2015,1,,,,,,,,,,,,,,,,,,,,,,,,,,,,,,,,,,,,10,,,,,,,,,,,,,,,,,,,,,,,,,,,,,,,8,,,,,,,,,,,,,,,,,,,,,,,20,19,17,15,16,10,13,11,9,9,7,7,8,7,7,10,
Kentucky,SEC,11,,,,,,,,,,,,,,,,,,,,,2015,1,,,,,,,,,,,,,,,,,,,,,,,,,,,,,,,,,,,,11,,,,,,,,,,,,,,,,,,,,,,,,,,,,,,,12,,,,,,,,,,,,,,,,,,,,,,,13,9,13,8,8,12,11,10,10,14,10,11,10,11,13,11,
Mississippi State,SEC,,,,,,,,,,,,,,,,,,,,,,2015,1,,,,,,,,,,,,,,,,,,,,,,,,,,,,,,,,,,,,12,,,,,,,,,,,,,,,,,,,,,,,,,,,,,,,11,,,,,,,,,,,,,,,,,,,,,,,,25,23,22,21,19,17,14,15,18,18,17,13,14,11,12,
Princeton,Ivy,,,,,,,,,,,,,,,,,,,,,,2015,1,,,,,,,,,,,,,,,,,,,,,,,,,,,,,,,,,,,,13,,,,,,,,,,,,,,,,,,,,,,,,,,,,,,,13,,,,,,,,,,,,,,,,,,,,,,,,,,,,,,22,19,19,19,18,16,16,14,13,
Stanford,Pac-12,6,,,,,,,,,,,,,,,,,,,,,2015,1,,,,,,,,,,,,,,,,,,,,,,,,,,,,,,,,,,,,14,,,,,,,,,,,,,,,,,,,,,,,,,,,,,,,19,,,,,,,,,,,,,,,,,,,,,,,6,5,8,7,7,16,15,15,13,11,12,12,19,18,19,14,
UNC,ACC,13,,,,,,,,,,,,,,,,,,,,,2015,1,,,,,,,,,,,,,,,,,,,,,,,,,,,,,,,,,,,,15,,,,,,,,,,,,,,,,,,,,,,,,,,,,,,,15,,,,,,,,,,,,,,,,,,,,,,,11,11,6,6,6,9,9,8,12,12,16,13,17,17,15,15,
Duke,ACC,7,,,,,,,,,,,,,,,,,,,,,2015,1,,,,,,,,,,,,,,,,,,,,,,,,,,,,,,,,,,,,16,,,,,,,,,,,,,,,,,,,,,,,,,,,,,,,16,,,,,,,,,,,,,,,,,,,,,,,7,8,9,13,13,10,10,13,16,15,17,15,11,10,16,16,
Chattanooga,Southern,,,,,,,,,,,,,,,,,,,,,,2015,1,,,,,,,,,,,,,,,,,,,,,,,,,,,,,,,,,,,,17,,,,,,,,,,,,,,,,,,,,,,,,,,,,,,,17,,,,,,,,,,,,,,,,,,,,,,,,,,,,,,,,,25,23,21,20,18,17,
Iowa,Big Ten,19,,,,,,,,,,,,,,,,,,,,,2015,1,,,,,,,,,,,,,,,,,,,,,,,,,,,,,,,,,,,,18,,,,,,,,,,,,,,,,,,,,,,,,,,,,,,,14,,,,,,,,,,,,,,,,,,,,,,,18,17,22,24,23,23,20,17,22,20,20,16,14,13,17,18,
George Washington,A-10,,,,,,,,,,,,,,,,,,,,,,2015,1,,,,,,,,,,,,,,,,,,,,,,,,,,,,,,,,,,,,19,,,,,,,,,,,,,,,,,,,,,,,,,,,,,,,21,,,,,,,,,,,,,,,,,,,,,,,,,,,,,,,,,,24,20,24,22,19,
Florida Gulf Coast,A-Sun,,,,,,,,,,,,,,,,,,,,,,2015,1,,,,,,,,,,,,,,,,,,,,,,,,,,,,,,,,,,,,20,,,,,,,,,,,,,,,,,,,,,,,,,,,,,,,20,,,,,,,,,,,,,,,,,,,,,,,,,,,,,,,,,,,,22,21,20,
Texas A&M,SEC,5,,,,,,,,,,,,,,,,,,,,,2015,1,,,,,,,,,,,,,,,,,,,,,,,,,,,,,,,,,,,,21,,,,,,,,,,,,,,,,,,,,,,,,,,,,,,,18,,,,,,,,,,,,,,,,,,,,,,,5,7,5,4,4,5,5,9,11,10,12,14,15,15,12,21,
Northwestern,Big Ten,,,,,,,,,,,,,,,,,,,,,,2015,1,,,,,,,,,,,,,,,,,,,,,,,,,,,,,,,,,,,,22,,,,,,,,,,,,,,,,,,,,,,,,,,,,,,,24,,,,,,,,,,,,,,,,,,,,,,,,,,,,,,,,,,,,,25,22,
Ohio State,Big Ten,,,,,,,,,,,,,,,,,,,,,,2015,1,,,,,,,,,,,,,,,,,,,,,,,,,,,,,,,,,,,,23,,,,,,,,,,,,,,,,,,,,,,,,,,,,,,,,,,,,,,,,,,,,,,,,,,,,,,,,,,,,,,,,,,,,,23,
California,Pac-12,15,,,,,,,,,,,,,,,,,,,,,2015,1,,,,,,,,,,,,,,,,,,,,,,,,,,,,,,,,,,,,24,,,,,,,,,,,,,,,,,,,,,,,,,,,,,,,,,,,,,,,,,,,,,,,,,,,,,,14,14,10,18,24,,,,,,,,,,24,25,
South Florida,AAC,,,,,,,,,,,,,,,,,,,,,,2015,1,,,,,,,,,,,,,,,,,,,,,,,,,,,,,,,,,,,,25,,,,,,,,,,,,,,,,,,,,,,,,,,,,,,,,,,,,,,,,,,,,,,,,,,,,,,,,,,,,,,,,,,25,,,,
Seton Hall,Big East,,,,,,,,,,,,,,,,,,,,,,2015,1,,,,,,,,,,,,,,,,,,,,,,,,,,,,,,,,,,,,,,,,,,,,,,,,,,,,,,,,,,,,,,,,,,,25,,,,,,,,,,,,,,,,,,,,,,,,,,,,,23,,,,,,,,,24,
Syracuse,ACC,25,,,,,,,,,,,,,,,,,,,,,2015,1,,,,,,,,,,,,,,,,,,,,,,,,,,,,,,,,,,,,,,,,,,,,,,,,,,,,,,,,,,,,,,,,,,,22,,,,,,,,,,,,,,,,,,,,,,,23,22,21,20,19,22,21,21,25,23,23,25,23,25,23,,
Rutgers,Big Ten,24,,,,,,,,,,,,,,,,,,,,,2015,1,,,,,,,,,,,,,,,,,,,,,,,,,,,,,,,,,,,,,,,,,,,,,,,,,,,,,,,,,,,,,,,,,,,23,,,,,,,,,,,,,,,,,,,,,,,22,,18,17,17,17,16,24,24,25,22,21,18,19,20,,
Nebraska,Big Ten,16,,,,,,,,,,,,,,,,,,,,,2015,1,,,,,,,,,,,,,,,,,,,,,,,,,,,,,,,,,,,,,,,,,,,,,,,,,,,,,,,,,,,,,,,,,,,,,,,,,,,,,,,,,,,,,,,,,,16,15,12,12,12,12,12,19,17,16,15,19,22,21,,,
James Madison,CAA,,,,,,,,,,,,,,,,,,,,,,2015,1,,,,,,,,,,,,,,,,,,,,,,,,,,,,,,,,,,,,,,,,,,,,,,,,,,,,,,,,,,,,,,,,,,,,,,,,,,,,,,,,,,,,,,,,,,,,,,,,,,,,,,,23,,,
Georgia,SEC,,,,,,,,,,,,,,,,,,,,,,2015,1,,,,,,,,,,,,,,,,,,,,,,,,,,,,,,,,,,,,,,,,,,,,,,,,,,,,,,,,,,,,,,,,,,,,,,,,,,,,,,,,,,,,,,,,,,24,22,19,16,15,14,19,20,18,22,21,22,24,,,,
Texas,Big 12,9,,,,,,,,,,,,,,,,,,,,,2015,1,,,,,,,,,,,,,,,,,,,,,,,,,,,,,,,,,,,,,,,,,,,,,,,,,,,,,,,,,,,,,,,,,,,,,,,,,,,,,,,,,,,,,,,,,,10,6,4,3,3,3,3,3,5,8,14,20,,,,,
Oklahoma,Big 12,,,,,,,,,,,,,,,,,,,,,,2015,1,,,,,,,,,,,,,,,,,,,,,,,,,,,,,,,,,,,,,,,,,,,,,,,,,,,,,,,,,,,,,,,,,,,,,,,,,,,,,,,,,,,,,,,,,,,,,,,,,,,,24,,,,,,
Minnesota,Big Ten,,,,,,,,,,,,,,,,,,,,,,2015,1,,,,,,,,,,,,,,,,,,,,,,,,,,,,,,,,,,,,,,,,,,,,,,,,,,,,,,,,,,,,,,,,,,,,,,,,,,,,,,,,,,,,,,,,,,,,,,,,,23,23,21,,,,,,,
Western Kentucky,CUSA,,,,,,,,,,,,,,,,,,,,,,2015,1,,,,,,,,,,,,,,,,,,,,,,,,,,,,,,,,,,,,,,,,,,,,,,,,,,,,,,,,,,,,,,,,,,,,,,,,,,,,,,,,,,,,,,,,,,,,,,,,,25,,24,,,,,,,
Oklahoma State,Big 12,21,,,,,,,,,,,,,,,,,,,,,2015,1,,,,,,,,,,,,,,,,,,,,,,,,,,,,,,,,,,,,,,,,,,,,,,,,,,,,,,,,,,,,,,,,,,,,,,,,,,,,,,,,,,,,,,,,,,21,20,20,20,19,18,18,16,21,,,,,,,,
Michigan State,Big Ten,14,,,,,,,,,,,,,,,,,,,,,2015,1,,,,,,,,,,,,,,,,,,,,,,,,,,,,,,,,,,,,,,,,,,,,,,,,,,,,,,,,,,,,,,,,,,,,,,,,,,,,,,,,,,,,,,,,,,15,16,16,19,18,20,24,,,,,,,,,,
DePaul,Big East,18,,,,,,,,,,,,,,,,,,,,,2015,1,,,,,,,,,,,,,,,,,,,,,,,,,,,,,,,,,,,,,,,,,,,,,,,,,,,,,,,,,,,,,,,,,,,,,,,,,,,,,,,,,,,,,,,,,,18,18,25,25,25,,25,,,,,,,,,,
West Virginia,Big 12,17,,,,,,,,,,,,,,,,,,,,,2015,1,,,,,,,,,,,,,,,,,,,,,,,,,,,,,,,,,,,,,,,,,,,,,,,,,,,,,,,,,,,,,,,,,,,,,,,,,,,,,,,,,,,,,,,,,,17,22,24,23,22,21,,,,,,,,,,,
Green Bay,Horizon,,,,,,,,,,,,,,,,,,,,,,2015,1,,,,,,,,,,,,,,,,,,,,,,,,,,,,,,,,,,,,,,,,,,,,,,,,,,,,,,,,,,,,,,,,,,,,,,,,,,,,,,,,,,,,,,,,,,,,,,,24,,,,,,,,,,,
Arkansas,SEC,,,,,,,,,,,,,,,,,,,,,,2015,1,,,,,,,,,,,,,,,,,,,,,,,,,,,,,,,,,,,,,,,,,,,,,,,,,,,,,,,,,,,,,,,,,,,,,,,,,,,,,,,,,,,,,,,,,,,,25,,,,,,,,,,,,,,
Purdue,Big Ten,,,,,,,,,,,,,,,,,,,,,,2015,1,,,,,,,,,,,,,,,,,,,,,,,,,,,,,,,,,,,,,,,,,,,,,,,,,,,,,,,,,,,,,,,,,,,,,,,,,,,,,,,,,,,,,,,,,,24,,,,,,,,,,,,,,,,
Gonzaga,WCC,,,,,,,,,,,,,,,,,,,,,,2015,1,,,,,,,,,,,,,,,,,,,,,,,,,,,,,,,,,,,,,,,,,,,,,,,,,,,,,,,,,,,,,,,,,,,,,,,,,,,,,,,,,,,,,,,,,,24,,,,,,,,,,,,,,,,
Dayton,A-10,22,,,,,,,,,,,,,,,,,,,,,2015,1,,,,,,,,,,,,,,,,,,,,,,,,,,,,,,,,,,,,,,,,,,,,,,,,,,,,,,,,,,,,,,,,,,,,,,,,,,,,,,,,,,,,,,,,,,,,,,,,,,,,,,,,,,
UCLA,Pac-12,23,,,,,,,,,,,,,,,,,,,,,2015,1,,,,,,,,,,,,,,,,,,,,,,,,,,,,,,,,,,,,,,,,,,,,,,,,,,,,,,,,,,,,,,,,,,,,,,,,,,,,,,,,,,,,,,,,,,,,,,,,,,,,,,,,,,
UConn,AAC,1,1,1,1,1,1,1,1,1,1,1,1,1,1,1,1,1,1,1,,,2014,1,,,,,,,,,,,,,,,,,,,,,,,,,,,,,,,,,,,,1,,,,,,,,,,,,,,,,,,,,,,,,,,,,,,,,,,,,,,,,,,,,,,,,,,,,,,,,,,,,,,,,,,,,,,
Notre Dame,ACC,6,6,5,5,4,4,4,2,2,2,2,2,2,2,2,2,2,2,2,,,2014,1,,,,,,,,,,,,,,,,,,,,,,,,,,,,,,,,,,,,2,,,,,,,,,,,,,,,,,,,,,,,,,,,,,,,,,,,,,,,,,,,,,,,,,,,,,,,,,,,,,,,,,,,,,,
Tennessee,SEC,4,4,3,3,3,3,3,5,5,8,12,11,10,8,8,10,10,6,4,,,2014,1,,,,,,,,,,,,,,,,,,,,,,,,,,,,,,,,,,,,3,,,,,,,,,,,,,,,,,,,,,,,,,,,,,,,,,,,,,,,,,,,,,,,,,,,,,,,,,,,,,,,,,,,,,,
Louisville,AAC,5,5,4,4,7,7,7,7,7,5,5,5,5,4,4,3,3,3,3,,,2014,1,,,,,,,,,,,,,,,,,,,,,,,,,,,,,,,,,,,,4,,,,,,,,,,,,,,,,,,,,,,,,,,,,,,,,,,,,,,,,,,,,,,,,,,,,,,,,,,,,,,,,,,,,,,
Baylor,Big 12,10,9,9,9,9,9,9,9,9,7,7,12,9,7,7,6,6,9,7,,,2014,1,,,,,,,,,,,,,,,,,,,,,,,,,,,,,,,,,,,,5,,,,,,,,,,,,,,,,,,,,,,,,,,,,,,,,,,,,,,,,,,,,,,,,,,,,,,,,,,,,,,,,,,,,,,
Stanford,Pac-12,3,3,6,6,6,6,6,4,4,4,4,4,4,3,6,5,5,4,6,,,2014,1,,,,,,,,,,,,,,,,,,,,,,,,,,,,,,,,,,,,6,,,,,,,,,,,,,,,,,,,,,,,,,,,,,,,,,,,,,,,,,,,,,,,,,,,,,,,,,,,,,,,,,,,,,,
West Virginia,Big 12,,,,,,,,,,,,18,20,17,13,13,11,7,5,,,2014,1,,,,,,,,,,,,,,,,,,,,,,,,,,,,,,,,,,,,7,,,,,,,,,,,,,,,,,,,,,,,,,,,,,,,,,,,,,,,,,,,,,,,,,,,,,,,,,,,,,,,,,,,,,,
South Carolina,SEC,22,21,19,17,12,10,10,13,13,10,8,10,7,6,5,4,4,5,8,,,2014,1,,,,,,,,,,,,,,,,,,,,,,,,,,,,,,,,,,,,8,,,,,,,,,,,,,,,,,,,,,,,,,,,,,,,,,,,,,,,,,,,,,,,,,,,,,,,,,,,,,,,,,,,,,,
Duke,ACC,2,2,2,2,2,2,2,3,3,3,3,3,3,5,3,7,7,10,9,,,2014,1,,,,,,,,,,,,,,,,,,,,,,,,,,,,,,,,,,,,9,,,,,,,,,,,,,,,,,,,,,,,,,,,,,,,,,,,,,,,,,,,,,,,,,,,,,,,,,,,,,,,,,,,,,,
Kentucky,SEC,7,7,7,7,5,5,5,6,6,9,10,9,13,15,18,15,12,12,10,,,2014,1,,,,,,,,,,,,,,,,,,,,,,,,,,,,,,,,,,,,10,,,,,,,,,,,,,,,,,,,,,,,,,,,,,,,,,,,,,,,,,,,,,,,,,,,,,,,,,,,,,,,,,,,,,,
Maryland,ACC,8,8,8,8,8,8,8,8,8,6,6,6,8,10,9,8,9,8,11,,,2014,1,,,,,,,,,,,,,,,,,,,,,,,,,,,,,,,,,,,,11,,,,,,,,,,,,,,,,,,,,,,,,,,,,,,,,,,,,,,,,,,,,,,,,,,,,,,,,,,,,,,,,,,,,,,
UNC,ACC,12,12,12,11,18,15,14,10,10,13,9,7,6,13,17,11,14,13,12,,,2014,1,,,,,,,,,,,,,,,,,,,,,,,,,,,,,,,,,,,,12,,,,,,,,,,,,,,,,,,,,,,,,,,,,,,,,,,,,,,,,,,,,,,,,,,,,,,,,,,,,,,,,,,,,,,
Nebraska,Big Ten,17,15,11,10,15,19,19,18,18,16,18,21,,22,21,17,16,16,13,,,2014,1,,,,,,,,,,,,,,,,,,,,,,,,,,,,,,,,,,,,13,,,,,,,,,,,,,,,,,,,,,,,,,,,,,,,,,,,,,,,,,,,,,,,,,,,,,,,,,,,,,,,,,,,,,,
Penn State,Big Ten,13,13,14,13,10,12,17,15,15,14,16,13,12,9,11,9,8,11,14,,,2014,1,,,,,,,,,,,,,,,,,,,,,,,,,,,,,,,,,,,,14,,,,,,,,,,,,,,,,,,,,,,,,,,,,,,,,,,,,,,,,,,,,,,,,,,,,,,,,,,,,,,,,,,,,,,
Texas A&M,SEC,16,16,13,12,23,24,,,,,25,17,17,19,14,16,17,15,15,,,2014,1,,,,,,,,,,,,,,,,,,,,,,,,,,,,,,,,,,,,15,,,,,,,,,,,,,,,,,,,,,,,,,,,,,,,,,,,,,,,,,,,,,,,,,,,,,,,,,,,,,,,,,,,,,,
NC State,ACC,,,,,,,,,,20,20,23,18,14,10,14,13,14,16,,,2014,1,,,,,,,,,,,,,,,,,,,,,,,,,,,,,,,,,,,,16,,,,,,,,,,,,,,,,,,,,,,,,,,,,,,,,,,,,,,,,,,,,,,,,,,,,,,,,,,,,,,,,,,,,,,
Purdue,Big Ten,18,18,18,16,16,18,18,17,17,21,22,22,19,25,23,21,19,17,17,,,2014,1,,,,,,,,,,,,,,,,,,,,,,,,,,,,,,,,,,,,17,,,,,,,,,,,,,,,,,,,,,,,,,,,,,,,,,,,,,,,,,,,,,,,,,,,,,,,,,,,,,,,,,,,,,,
Gonzaga,WCC,25,25,24,24,24,23,25,24,,,,25,22,20,20,24,22,21,18,,,2014,1,,,,,,,,,,,,,,,,,,,,,,,,,,,,,,,,,,,,18,,,,,,,,,,,,,,,,,,,,,,,,,,,,,,,,,,,,,,,,,,,,,,,,,,,,,,,,,,,,,,,,,,,,,,
Iowa,Big Ten,,,,,25,21,22,21,22,,,,,,,,25,23,19,,,2014,1,,,,,,,,,,,,,,,,,,,,,,,,,,,,,,,,,,,,19,,,,,,,,,,,,,,,,,,,,,,,,,,,,,,,,,,,,,,,,,,,,,,,,,,,,,,,,,,,,,,,,,,,,,,
Michigan State,Big Ten,20,19,21,21,,,,,,,,,,24,25,23,21,19,20,,,2014,1,,,,,,,,,,,,,,,,,,,,,,,,,,,,,,,,,,,,20,,,,,,,,,,,,,,,,,,,,,,,,,,,,,,,,,,,,,,,,,,,,,,,,,,,,,,,,,,,,,,,,,,,,,,
Oklahoma State,Big 12,21,20,20,19,14,14,13,11,11,15,11,8,11,12,12,12,15,18,21,,,2014,1,,,,,,,,,,,,,,,,,,,,,,,,,,,,,,,,,,,,21,,,,,,,,,,,,,,,,,,,,,,,,,,,,,,,,,,,,,,,,,,,,,,,,,,,,,,,,,,,,,,,,,,,,,,
Middle Tennessee,CUSA,,,,,,,,,,,,,25,21,,,23,22,22,,,2014,1,,,,,,,,,,,,,,,,,,,,,,,,,,,,,,,,,,,,22,,,,,,,,,,,,,,,,,,,,,,,,,,,,,,,,,,,,,,,,,,,,,,,,,,,,,,,,,,,,,,,,,,,,,,
DePaul,Big East,,,25,25,,,,,,,,,,,,,,25,23,,,2014,1,,,,,,,,,,,,,,,,,,,,,,,,,,,,,,,,,,,,23,,,,,,,,,,,,,,,,,,,,,,,,,,,,,,,,,,,,,,,,,,,,,,,,,,,,,,,,,,,,,,,,,,,,,,
California,Pac-12,9,10,17,20,21,22,21,23,23,19,15,19,21,23,22,18,18,20,24,,,2014,1,,,,,,,,,,,,,,,,,,,,,,,,,,,,,,,,,,,,24,,,,,,,,,,,,,,,,,,,,,,,,,,,,,,,,,,,,,,,,,,,,,,,,,,,,,,,,,,,,,,,,,,,,,,
USC,Pac-12,,,,,,,,,,,,,,,,,,,,,,2014,1,,,,,,,,,,,,,,,,,,,,,,,,,,,,,,,,,,,,25,,,,,,,,,,,,,,,,,,,,,,,,,,,,,,,,,,,,,,,,,,,,,,,,,,,,,,,,,,,,,,,,,,,,,,
Bowling Green,MAC,,,,,,,,,,,,,,,,,,,25,,,2014,1,,,,,,,,,,,,,,,,,,,,,,,,,,,,,,,,,,,,,,,,,,,,,,,,,,,,,,,,,,,,,,,,,,,,,,,,,,,,,,,,,,,,,,,,,,,,,,,,,,,,,,,,,,
Rutgers,AAC,,,,,,,,,,,23,,,,,25,24,24,,,,2014,1,,,,,,,,,,,,,,,,,,,,,,,,,,,,,,,,,,,,,,,,,,,,,,,,,,,,,,,,,,,,,,,,,,,,,,,,,,,,,,,,,,,,,,,,,,,,,,,,,,,,,,,,,,
Arizona State,Pac-12,,,,,,,,,24,23,19,14,15,11,15,20,20,,,,,2014,1,,,,,,,,,,,,,,,,,,,,,,,,,,,,,,,,,,,,,,,,,,,,,,,,,,,,,,,,,,,,,,,,,,,,,,,,,,,,,,,,,,,,,,,,,,,,,,,,,,,,,,,,,,
LSU,SEC,15,14,15,15,13,13,12,16,16,12,14,15,14,16,19,19,,,,,,2014,1,,,,,,,,,,,,,,,,,,,,,,,,,,,,,,,,,,,,,,,,,,,,,,,,,,,,,,,,,,,,,,,,,,,,,,,,,,,,,,,,,,,,,,,,,,,,,,,,,,,,,,,,,,
St. John's (NY),Big East,,,,,,,,,,,,,,,24,22,,,,,,2014,1,,,,,,,,,,,,,,,,,,,,,,,,,,,,,,,,,,,,,,,,,,,,,,,,,,,,,,,,,,,,,,,,,,,,,,,,,,,,,,,,,,,,,,,,,,,,,,,,,,,,,,,,,,
Vanderbilt,SEC,,,,,,,,,,,24,16,16,18,16,,,,,,,2014,1,,,,,,,,,,,,,,,,,,,,,,,,,,,,,,,,,,,,,,,,,,,,,,,,,,,,,,,,,,,,,,,,,,,,,,,,,,,,,,,,,,,,,,,,,,,,,,,,,,,,,,,,,,
Iowa State,Big 12,23,22,22,23,20,17,15,14,14,11,13,20,23,,,,,,,,,2014,1,,,,,,,,,,,,,,,,,,,,,,,,,,,,,,,,,,,,,,,,,,,,,,,,,,,,,,,,,,,,,,,,,,,,,,,,,,,,,,,,,,,,,,,,,,,,,,,,,,,,,,,,,,
Florida State,ACC,,,,,,,24,22,21,18,17,24,23,,,,,,,,,2014,1,,,,,,,,,,,,,,,,,,,,,,,,,,,,,,,,,,,,,,,,,,,,,,,,,,,,,,,,,,,,,,,,,,,,,,,,,,,,,,,,,,,,,,,,,,,,,,,,,,,,,,,,,,
Colorado,Pac-12,19,17,16,14,11,11,11,12,12,17,21,,,,,,,,,,,2014,1,,,,,,,,,,,,,,,,,,,,,,,,,,,,,,,,,,,,,,,,,,,,,,,,,,,,,,,,,,,,,,,,,,,,,,,,,,,,,,,,,,,,,,,,,,,,,,,,,,,,,,,,,,
Indiana,Big Ten,,,,,,,,,,22,,,,,,,,,,,,2014,1,,,,,,,,,,,,,,,,,,,,,,,,,,,,,,,,,,,,,,,,,,,,,,,,,,,,,,,,,,,,,,,,,,,,,,,,,,,,,,,,,,,,,,,,,,,,,,,,,,,,,,,,,,
San Diego,WCC,,,,,,,,,,24,,,,,,,,,,,,2014,1,,,,,,,,,,,,,,,,,,,,,,,,,,,,,,,,,,,,,,,,,,,,,,,,,,,,,,,,,,,,,,,,,,,,,,,,,,,,,,,,,,,,,,,,,,,,,,,,,,,,,,,,,,
Georgia,SEC,24,24,23,22,19,16,16,19,19,25,,,,,,,,,,,,2014,1,,,,,,,,,,,,,,,,,,,,,,,,,,,,,,,,,,,,,,,,,,,,,,,,,,,,,,,,,,,,,,,,,,,,,,,,,,,,,,,,,,,,,,,,,,,,,,,,,,,,,,,,,,
Syracuse,ACC,,,,,22,25,23,20,20,,,,,,,,,,,,,2014,1,,,,,,,,,,,,,,,,,,,,,,,,,,,,,,,,,,,,,,,,,,,,,,,,,,,,,,,,,,,,,,,,,,,,,,,,,,,,,,,,,,,,,,,,,,,,,,,,,,,,,,,,,,
Oklahoma,Big 12,11,11,10,18,17,20,20,25,25,,,,,,,,,,,,,2014,1,,,,,,,,,,,,,,,,,,,,,,,,,,,,,,,,,,,,,,,,,,,,,,,,,,,,,,,,,,,,,,,,,,,,,,,,,,,,,,,,,,,,,,,,,,,,,,,,,,,,,,,,,,
Dayton,A-10,14,23,,,,,,,,,,,,,,,,,,,,2014,1,,,,,,,,,,,,,,,,,,,,,,,,,,,,,,,,,,,,,,,,,,,,,,,,,,,,,,,,,,,,,,,,,,,,,,,,,,,,,,,,,,,,,,,,,,,,,,,,,,,,,,,,,,
Baylor,Big 12,1,,,,,,,,,,,,,,,,,,,,,2013,1,,,,,,,,,,,,,,,,,1,1,,,,,,,,,,,,,,,,,,1,,,,,,,,,,,,,,,,,,,,,,,,,,,,,,,,1,3,3,3,3,3,3,2,1,1,1,1,1,1,1,1,,,,,,,,,,,,,,,,,,,,,,,
Notre Dame,Big East,7,,,,,,,,,,,,,,,,,,,,,2013,1,,,,,,,,,,,,,,,,,2,2,,,,,,,,,,,,,,,,,,2,,,,,,,,,,,,,,,,,,,,,,,,,,,,,,,,7,5,5,5,5,5,5,5,2,2,2,2,2,2,2,2,,,,,,,,,,,,,,,,,,,,,,,
UConn,Big East,2,,,,,,,,,,,,,,,,,,,,,2013,1,,,,,,,,,,,,,,,,,3,3,,,,,,,,,,,,,,,,,,3,,,,,,,,,,,,,,,,,,,,,,,,,,,,,,,,2,2,2,2,2,2,2,1,3,3,3,3,3,3,3,3,,,,,,,,,,,,,,,,,,,,,,,
Stanford,Pac-12,4,,,,,,,,,,,,,,,,,,,,,2013,1,,,,,,,,,,,,,,,,,4,4,,,,,,,,,,,,,,,,,,4,,,,,,,,,,,,,,,,,,,,,,,,,,,,,,,,4,1,1,1,1,1,1,4,5,6,6,4,4,4,4,4,,,,,,,,,,,,,,,,,,,,,,,
Duke,ACC,3,,,,,,,,,,,,,,,,,,,,,2013,1,,,,,,,,,,,,,,,,,6,5,,,,,,,,,,,,,,,,,,5,,,,,,,,,,,,,,,,,,,,,,,,,,,,,,,,3,4,4,4,4,4,4,3,4,4,4,5,5,5,5,5,,,,,,,,,,,,,,,,,,,,,,,
California,Pac-12,13,,,,,,,,,,,,,,,,,,,,,2013,1,,,,,,,,,,,,,,,,,5,6,,,,,,,,,,,,,,,,,,6,,,,,,,,,,,,,,,,,,,,,,,,,,,,,,,,12,11,10,11,9,8,8,7,7,7,7,6,6,6,6,6,,,,,,,,,,,,,,,,,,,,,,,
Kentucky,SEC,6,,,,,,,,,,,,,,,,,,,,,2013,1,,,,,,,,,,,,,,,,,7,7,,,,,,,,,,,,,,,,,,7,,,,,,,,,,,,,,,,,,,,,,,,,,,,,,,,6,9,9,7,7,7,7,6,6,5,5,8,10,9,8,10,,,,,,,,,,,,,,,,,,,,,,,
Penn State,Big Ten,8,,,,,,,,,,,,,,,,,,,,,2013,1,,,,,,,,,,,,,,,,,8,8,,,,,,,,,,,,,,,,,,8,,,,,,,,,,,,,,,,,,,,,,,,,,,,,,,,9,6,6,10,11,11,10,9,8,8,8,7,8,8,7,7,,,,,,,,,,,,,,,,,,,,,,,
Texas A&M,SEC,15,,,,,,,,,,,,,,,,,,,,,2013,1,,,,,,,,,,,,,,,,,19,9,,,,,,,,,,,,,,,,,,9,,,,,,,,,,,,,,,,,,,,,,,,,,,,,,,,16,,,,23,22,24,24,20,20,16,16,14,11,10,13,,,,,,,,,,,,,,,,,,,,,,,
Tennessee,SEC,20,,,,,,,,,,,,,,,,,,,,,2013,1,,,,,,,,,,,,,,,,,9,10,,,,,,,,,,,,,,,,,,10,,,,,,,,,,,,,,,,,,,,,,,,,,,,,,,,24,20,16,14,13,10,13,12,9,9,9,9,12,12,11,8,,,,,,,,,,,,,,,,,,,,,,,
UCLA,Pac-12,,,,,,,,,,,,,,,,,,,,,,2013,1,,,,,,,,,,,,,,,,,14,11,,,,,,,,,,,,,,,,,,11,,,,,,,,,,,,,,,,,,,,,,,,,,,,,,,,,19,19,17,14,12,17,16,14,14,19,18,17,15,17,17,,,,,,,,,,,,,,,,,,,,,,,
Maryland,ACC,5,,,,,,,,,,,,,,,,,,,,,2013,1,,,,,,,,,,,,,,,,,10,12,,,,,,,,,,,,,,,,,,12,,,,,,,,,,,,,,,,,,,,,,,,,,,,,,,,5,10,11,9,10,9,9,8,10,10,10,10,7,7,8,9,,,,,,,,,,,,,,,,,,,,,,,
UNC,ACC,,,,,,,,,,,,,,,,,,,,,,2013,1,,,,,,,,,,,,,,,,,15,13,,,,,,,,,,,,,,,,,,13,,,,,,,,,,,,,,,,,,,,,,,,,,,,,,,,,25,22,21,19,17,16,15,11,11,11,11,16,14,16,15,,,,,,,,,,,,,,,,,,,,,,,
Georgia,SEC,10,,,,,,,,,,,,,,,,,,,,,2013,1,,,,,,,,,,,,,,,,,12,14,,,,,,,,,,,,,,,,,,14,,,,,,,,,,,,,,,,,,,,,,,,,,,,,,,,10,8,8,6,6,6,6,10,13,13,14,13,9,13,13,11,,,,,,,,,,,,,,,,,,,,,,,
Delaware,CAA,11,,,,,,,,,,,,,,,,,,,,,2013,1,,,,,,,,,,,,,,,,,16,15,,,,,,,,,,,,,,,,,,15,,,,,,,,,,,,,,,,,,,,,,,,,,,,,,,,17,,,,,,,,,,,25,20,20,18,18,,,,,,,,,,,,,,,,,,,,,,,
Louisville,Big East,9,,,,,,,,,,,,,,,,,,,,,2013,1,,,,,,,,,,,,,,,,,13,16,,,,,,,,,,,,,,,,,,16,,,,,,,,,,,,,,,,,,,,,,,,,,,,,,,,8,7,7,8,8,14,12,11,15,15,13,12,11,10,12,16,,,,,,,,,,,,,,,,,,,,,,,
South Carolina,SEC,,,,,,,,,,,,,,,,,,,,,,2013,1,,,,,,,,,,,,,,,,,17,17,,,,,,,,,,,,,,,,,,17,,,,,,,,,,,,,,,,,,,,,,,,,,,,,,,,,,,,24,21,19,18,18,19,18,15,15,16,15,14,,,,,,,,,,,,,,,,,,,,,,,
Dayton,A-10,,,,,,,,,,,,,,,,,,,,,,2013,1,,,,,,,,,,,,,,,,,11,18,,,,,,,,,,,,,,,,,,18,,,,,,,,,,,,,,,,,,,,,,,,,,,,,,,,,24,23,19,17,16,15,22,22,18,17,17,18,17,14,12,,,,,,,,,,,,,,,,,,,,,,,
Colorado,Pac-12,,,,,,,,,,,,,,,,,,,,,,2013,1,,,,,,,,,,,,,,,,,18,19,,,,,,,,,,,,,,,,,,19,,,,,,,,,,,,,,,,,,,,,,,,,,,,,,,,,,,,,25,23,20,23,21,20,22,21,21,20,19,,,,,,,,,,,,,,,,,,,,,,,
Green Bay,Horizon,,,,,,,,,,,,,,,,,,,,,,2013,1,,,,,,,,,,,,,,,,,20,20,,,,,,,,,,,,,,,,,,20,,,,,,,,,,,,,,,,,,,,,,,,,,,,,,,,,,,,,,,,,,,,,,25,21,,,,,,,,,,,,,,,,,,,,,,,
Purdue,Big Ten,21,,,,,,,,,,,,,,,,,,,,,2013,1,,,,,,,,,,,,,,,,,,21,,,,,,,,,,,,,,,,,,21,,,,,,,,,,,,,,,,,,,,,,,,,,,,,,,,18,14,14,15,15,13,11,14,12,12,15,14,13,18,22,25,,,,,,,,,,,,,,,,,,,,,,,
Syracuse,Big East,,,,,,,,,,,,,,,,,,,,,,2013,1,,,,,,,,,,,,,,,,,24,22,,,,,,,,,,,,,,,,,,22,,,,,,,,,,,,,,,,,,,,,,,,,,,,,,,,,,,,,,,,,,,,24,23,21,22,,,,,,,,,,,,,,,,,,,,,,,
Iowa State,Big 12,,,,,,,,,,,,,,,,,,,,,,2013,1,,,,,,,,,,,,,,,,,,23,,,,,,,,,,,,,,,,,,23,,,,,,,,,,,,,,,,,,,,,,,,,,,,,,,,,,24,22,,,,,25,24,24,23,25,24,,23,,,,,,,,,,,,,,,,,,,,,,,
Nebraska,Big Ten,18,,,,,,,,,,,,,,,,,,,,,2013,1,,,,,,,,,,,,,,,,,21,24,,,,,,,,,,,,,,,,,,24,,,,,,,,,,,,,,,,,,,,,,,,,,,,,,,,15,23,21,25,,,,25,,,,,,,24,20,,,,,,,,,,,,,,,,,,,,,,,
Florida State,ACC,,,,,,,,,,,,,,,,,,,,,,2013,1,,,,,,,,,,,,,,,,,23,25,,,,,,,,,,,,,,,,,,25,,,,,,,,,,,,,,,,,,,,,,,,,,,,,,,,,,,24,,23,21,19,18,22,22,20,19,19,19,24,,,,,,,,,,,,,,,,,,,,,,,
LSU,SEC,,,,,,,,,,,,,,,,,,,,,,2013,1,,,,,,,,,,,,,,,,,22,,,,,,,,,,,,,,,,,,,,,,,,,,,,,,,,,,,,,,,,,,,,,,,,,,,,,,,,,,,,,,,,,,,,,,,,,,,,,,,,,,,,,,,,,
Toledo,MAC,,,,,,,,,,,,,,,,,,,,,,2013,1,,,,,,,,,,,,,,,,,25,,,,,,,,,,,,,,,,,,,,,,,,,,,,,,,,,,,,,,,,,,,,,,,,,,,,,,,,,,,,,,,,,,,,,,,,,,,,,,,,,,,,,,,,,
Oklahoma State,Big 12,23,,,,,,,,,,,,,,,,,,,,,2013,1,,,,,,,,,,,,,,,,,,,,,,,,,,,,,,,,,,,,,,,,,,,,,,,,,,,,,,,,,,,,,,,,,,,,22,21,18,16,16,15,14,13,21,17,12,19,22,25,23,,,,,,,,,,,,,,,,,,,,,,,,
Oklahoma,Big 12,12,,,,,,,,,,,,,,,,,,,,,2013,1,,,,,,,,,,,,,,,,,,,,,,,,,,,,,,,,,,,,,,,,,,,,,,,,,,,,,,,,,,,,,,,,,,,,11,13,12,13,12,18,18,17,16,16,20,21,23,22,,,,,,,,,,,,,,,,,,,,,,,,,
Iowa,Big Ten,,,,,,,,,,,,,,,,,,,,,,2013,1,,,,,,,,,,,,,,,,,,,,,,,,,,,,,,,,,,,,,,,,,,,,,,,,,,,,,,,,,,,,,,,,,,,,,,,,,,,,,,,24,,,,,,,,,,,,,,,,,,,,,,,,,,,
Michigan,Big Ten,,,,,,,,,,,,,,,,,,,,,,2013,1,,,,,,,,,,,,,,,,,,,,,,,,,,,,,,,,,,,,,,,,,,,,,,,,,,,,,,,,,,,,,,,,,,,,,,,,,,,,,25,23,,,,,,,,,,,,,,,,,,,,,,,,,,,,
Michigan State,Big Ten,,,,,,,,,,,,,,,,,,,,,,2013,1,,,,,,,,,,,,,,,,,,,,,,,,,,,,,,,,,,,,,,,,,,,,,,,,,,,,,,,,,,,,,,,,,,,,,,,,,,,,,,25,,,,,,,,,,,,,,,,,,,,,,,,,,,,
Kansas,Big 12,,,,,,,,,,,,,,,,,,,,,,2013,1,,,,,,,,,,,,,,,,,,,,,,,,,,,,,,,,,,,,,,,,,,,,,,,,,,,,,,,,,,,,,,,,,,,,,22,20,17,22,19,22,21,17,23,,,,,,,,,,,,,,,,,,,,,,,,,,,,,
Miami (FL),ACC,24,,,,,,,,,,,,,,,,,,,,,2013,1,,,,,,,,,,,,,,,,,,,,,,,,,,,,,,,,,,,,,,,,,,,,,,,,,,,,,,,,,,,,,,,,,,,,23,,,23,21,,,,24,,,,,,,,,,,,,,,,,,,,,,,,,,,,,,
Arkansas,SEC,,,,,,,,,,,,,,,,,,,,,,2013,1,,,,,,,,,,,,,,,,,,,,,,,,,,,,,,,,,,,,,,,,,,,,,,,,,,,,,,,,,,,,,,,,,,,,,,,,,,25,23,,,,,,,,,,,,,,,,,,,,,,,,,,,,,,,
Texas,Big 12,,,,,,,,,,,,,,,,,,,,,,2013,1,,,,,,,,,,,,,,,,,,,,,,,,,,,,,,,,,,,,,,,,,,,,,,,,,,,,,,,,,,,,,,,,,,,,19,15,13,12,18,20,20,,,,,,,,,,,,,,,,,,,,,,,,,,,,,,,,
West Virginia,Big 12,17,,,,,,,,,,,,,,,,,,,,,2013,1,,,,,,,,,,,,,,,,,,,,,,,,,,,,,,,,,,,,,,,,,,,,,,,,,,,,,,,,,,,,,,,,,,,,14,12,25,,25,24,,,,,,,,,,,,,,,,,,,,,,,,,,,,,,,,,
Ohio State,Big Ten,19,,,,,,,,,,,,,,,,,,,,,2013,1,,,,,,,,,,,,,,,,,,,,,,,,,,,,,,,,,,,,,,,,,,,,,,,,,,,,,,,,,,,,,,,,,,,,20,16,15,20,20,,,,,,,,,,,,,,,,,,,,,,,,,,,,,,,,,,
St. John's (NY),Big East,14,,,,,,,,,,,,,,,,,,,,,2013,1,,,,,,,,,,,,,,,,,,,,,,,,,,,,,,,,,,,,,,,,,,,,,,,,,,,,,,,,,,,,,,,,,,,,20,18,17,,,,,,,,,,,,,,,,,,,,,,,,,,,,,,,,,,,,
Vanderbilt,SEC,16,,,,,,,,,,,,,,,,,,,,,2013,1,,,,,,,,,,,,,,,,,,,,,,,,,,,,,,,,,,,,,,,,,,,,,,,,,,,,,,,,,,,,,,,,,,,,13,17,,,,,,,,,,,,,,,,,,,,,,,,,,,,,,,,,,,,,
Georgetown,Big East,,,,,,,,,,,,,,,,,,,,,,2013,1,,,,,,,,,,,,,,,,,,,,,,,,,,,,,,,,,,,,,,,,,,,,,,,,,,,,,,,,,,,,,,,,,,,,25,,,,,,,,,,,,,,,,,,,,,,,,,,,,,,,,,,,,,,
Georgia Tech,ACC,22,,,,,,,,,,,,,,,,,,,,,2013,1,,,,,,,,,,,,,,,,,,,,,,,,,,,,,,,,,,,,,,,,,,,,,,,,,,,,,,,,,,,,,,,,,,,,,,,,,,,,,,,,,,,,,,,,,,,,,,,,,,,,,,,,,,
DePaul,Big East,25,,,,,,,,,,,,,,,,,,,,,2013,1,,,,,,,,,,,,,,,,,,,,,,,,,,,,,,,,,,,,,,,,,,,,,,,,,,,,,,,,,,,,,,,,,,,,,,,,,,,,,,,,,,,,,,,,,,,,,,,,,,,,,,,,,,
Baylor,Big 12,1,,,,,,,,,,,,,,,,,,,,,2012,1,,,,,,,,,,,,,,,,,,,,1,1,1,1,,1,1,1,1,1,1,1,1,1,1,,1,,,,,,,,,,,,,,,,,,,,,,,,,,,,,,,,,,,,,,,,,,,,,,,,1,1,1,,,,,,,,,,,,,,,,,,,,
Stanford,Pac-12,5,,,,,,,,,,,,,,,,,,,,,2012,1,,,,,,,,,,,,,,,,,,,,5,3,5,4,,4,4,4,4,4,4,4,4,3,2,,2,,,,,,,,,,,,,,,,,,,,,,,,,,,,,,,,,,,,,,,,,,,,,,,,2,4,2,,,,,,,,,,,,,,,,,,,,
UConn,Big East,4,,,,,,,,,,,,,,,,,,,,,2012,1,,,,,,,,,,,,,,,,,,,,4,2,2,2,,2,2,2,3,3,3,3,3,2,4,,3,,,,,,,,,,,,,,,,,,,,,,,,,,,,,,,,,,,,,,,,,,,,,,,,3,2,4,,,,,,,,,,,,,,,,,,,,
Notre Dame,Big East,2,,,,,,,,,,,,,,,,,,,,,2012,1,,,,,,,,,,,,,,,,,,,,2,4,3,3,,3,3,3,2,2,2,2,2,4,3,,4,,,,,,,,,,,,,,,,,,,,,,,,,,,,,,,,,,,,,,,,,,,,,,,,4,3,3,,,,,,,,,,,,,,,,,,,,
Maryland,ACC,10,,,,,,,,,,,,,,,,,,,,,2012,1,,,,,,,,,,,,,,,,,,,,10,8,6,5,,5,5,5,5,8,8,9,8,8,6,,5,,,,,,,,,,,,,,,,,,,,,,,,,,,,,,,,,,,,,,,,,,,,,,,,5,5,6,,,,,,,,,,,,,,,,,,,,
Duke,ACC,8,,,,,,,,,,,,,,,,,,,,,2012,1,,,,,,,,,,,,,,,,,,,,8,7,7,6,,9,8,7,7,5,5,5,5,5,7,,6,,,,,,,,,,,,,,,,,,,,,,,,,,,,,,,,,,,,,,,,,,,,,,,,6,9,5,,,,,,,,,,,,,,,,,,,,
Delaware,CAA,,,,,,,,,,,,,,,,,,,,,,2012,1,,,,,,,,,,,,,,,,,,,,,,24,22,,19,19,21,20,16,15,12,12,10,9,,7,,,,,,,,,,,,,,,,,,,,,,,,,,,,,,,,,,,,,,,,,,,,,,,,7,21,8,,,,,,,,,,,,,,,,,,,,
Miami (FL),ACC,7,,,,,,,,,,,,,,,,,,,,,2012,1,,,,,,,,,,,,,,,,,,,,7,9,9,9,,7,12,12,13,11,10,7,6,6,5,,8,,,,,,,,,,,,,,,,,,,,,,,,,,,,,,,,,,,,,,,,,,,,,,,,8,7,7,,,,,,,,,,,,,,,,,,,,
Tennessee,SEC,3,,,,,,,,,,,,,,,,,,,,,2012,1,,,,,,,,,,,,,,,,,,,,3,6,8,7,,6,7,6,6,9,7,8,11,13,10,,9,,,,,,,,,,,,,,,,,,,,,,,,,,,,,,,,,,,,,,,,,,,,,,,,9,6,13,,,,,,,,,,,,,,,,,,,,
Green Bay,Horizon,,,,,,,,,,,,,,,,,,,,,,2012,1,,,,,,,,,,,,,,,,,,,,,,23,21,,18,18,17,14,12,12,10,9,11,12,,10,,,,,,,,,,,,,,,,,,,,,,,,,,,,,,,,,,,,,,,,,,,,,,,,10,19,11,,,,,,,,,,,,,,,,,,,,
Penn State,Big Ten,11,,,,,,,,,,,,,,,,,,,,,2012,1,,,,,,,,,,,,,,,,,,,,11,17,16,17,,16,16,22,,22,18,19,18,12,11,,11,,,,,,,,,,,,,,,,,,,,,,,,,,,,,,,,,,,,,,,,,,,,,,,,11,16,9,,,,,,,,,,,,,,,,,,,,
Kentucky,SEC,17,,,,,,,,,,,,,,,,,,,,,2012,1,,,,,,,,,,,,,,,,,,,,17,14,12,10,,8,6,11,9,6,6,6,7,7,13,,12,,,,,,,,,,,,,,,,,,,,,,,,,,,,,,,,,,,,,,,,,,,,,,,,12,8,10,,,,,,,,,,,,,,,,,,,,
Purdue,Big Ten,16,,,,,,,,,,,,,,,,,,,,,2012,1,,,,,,,,,,,,,,,,,,,,16,15,13,12,,20,20,18,17,13,13,15,16,17,22,,13,,,,,,,,,,,,,,,,,,,,,,,,,,,,,,,,,,,,,,,,,,,,,,,,13,22,21,,,,,,,,,,,,,,,,,,,,
St. John's (NY),Big East,,,,,,,,,,,,,,,,,,,,,,2012,1,,,,,,,,,,,,,,,,,,,,,,,,,,,,,,,,,,20,,14,,,,,,,,,,,,,,,,,,,,,,,,,,,,,,,,,,,,,,,,,,,,,,,,14,,18,,,,,,,,,,,,,,,,,,,,
Georgia Tech,ACC,,,,,,,,,,,,,,,,,,,,,,2012,1,,,,,,,,,,,,,,,,,,,,,,,,,,,,,,,24,22,20,17,,15,,,,,,,,,,,,,,,,,,,,,,,,,,,,,,,,,,,,,,,,,,,,,,,,15,,15,,,,,,,,,,,,,,,,,,,,
Ohio State,Big Ten,24,,,,,,,,,,,,,,,,,,,,,2012,1,,,,,,,,,,,,,,,,,,,,24,18,17,13,,11,9,8,11,10,9,11,10,9,8,,16,,,,,,,,,,,,,,,,,,,,,,,,,,,,,,,,,,,,,,,,,,,,,,,,16,12,14,,,,,,,,,,,,,,,,,,,,
Georgetown,Big East,14,,,,,,,,,,,,,,,,,,,,,2012,1,,,,,,,,,,,,,,,,,,,,14,21,20,19,,17,15,15,18,19,20,17,14,15,15,,17,,,,,,,,,,,,,,,,,,,,,,,,,,,,,,,,,,,,,,,,,,,,,,,,17,17,12,,,,,,,,,,,,,,,,,,,,
Nebraska,Big Ten,,,,,,,,,,,,,,,,,,,,,,2012,1,,,,,,,,,,,,,,,,,,,,,,,,,24,23,19,15,20,19,16,13,16,23,,17,,,,,,,,,,,,,,,,,,,,,,,,,,,,,,,,,,,,,,,,,,,,,,,,17,25,24,,,,,,,,,,,,,,,,,,,,
Louisville,Big East,9,,,,,,,,,,,,,,,,,,,,,2012,1,,,,,,,,,,,,,,,,,,,,9,11,10,15,,14,14,14,16,18,16,14,20,19,16,,19,,,,,,,,,,,,,,,,,,,,,,,,,,,,,,,,,,,,,,,,,,,,,,,,19,14,20,,,,,,,,,,,,,,,,,,,,
Georgia,SEC,12,,,,,,,,,,,,,,,,,,,,,2012,1,,,,,,,,,,,,,,,,,,,,12,10,15,14,,13,17,16,19,15,17,21,21,18,18,,20,,,,,,,,,,,,,,,,,,,,,,,,,,,,,,,,,,,,,,,,,,,,,,,,20,13,16,,,,,,,,,,,,,,,,,,,,
St. Bonaventure,A-10,,,,,,,,,,,,,,,,,,,,,,2012,1,,,,,,,,,,,,,,,,,,,,,,,,,,,,,,,,25,22,19,,21,,,,,,,,,,,,,,,,,,,,,,,,,,,,,,,,,,,,,,,,,,,,,,,,21,,19,,,,,,,,,,,,,,,,,,,,
Texas A&M,Big 12,6,,,,,,,,,,,,,,,,,,,,,2012,1,,,,,,,,,,,,,,,,,,,,6,5,4,8,,10,10,9,12,14,14,18,15,14,14,,22,,,,,,,,,,,,,,,,,,,,,,,,,,,,,,,,,,,,,,,,,,,,,,,,22,10,17,,,,,,,,,,,,,,,,,,,,
Rutgers,Big East,15,,,,,,,,,,,,,,,,,,,,,2012,1,,,,,,,,,,,,,,,,,,,,15,13,11,11,,12,11,10,8,7,11,13,17,21,24,,23,,,,,,,,,,,,,,,,,,,,,,,,,,,,,,,,,,,,,,,,,,,,,,,,23,11,23,,,,,,,,,,,,,,,,,,,,
Princeton,Ivy,,,,,,,,,,,,,,,,,,,,,,2012,1,,,,,,,,,,,,,,,,,,,,,,,,,,,,,,,,,,,,24,,,,,,,,,,,,,,,,,,,,,,,,,,,,,,,,,,,,,,,,,,,,,,,,24,,,,,,,,,,,,,,,,,,,,,,
South Carolina,SEC,,,,,,,,,,,,,,,,,,,,,,2012,1,,,,,,,,,,,,,,,,,,,,,,,,,,,,24,,,,24,25,,,25,,,,,,,,,,,,,,,,,,,,,,,,,,,,,,,,,,,,,,,,,,,,,,,,25,,25,,,,,,,,,,,,,,,,,,,,
Gonzaga,WCC,,,,,,,,,,,,,,,,,,,,,,2012,1,,,,,,,,,,,,,,,,,,,,,,,,,,,,23,,22,20,19,,25,,,,,,,,,,,,,,,,,,,,,,,,,,,,,,,,,,,,,,,,,,,,,,,,,,,,22,,,,,,,,,,,,,,,,,,,,
DePaul,Big East,18,,,,,,,,,,,,,,,,,,,,,2012,1,,,,,,,,,,,,,,,,,,,,18,23,22,20,,21,21,20,21,21,23,,,24,21,,,,,,,,,,,,,,,,,,,,,,,,,,,,,,,,,,,,,,,,,,,,,,,,,,,23,,,,,,,,,,,,,,,,,,,,,
BYU,WCC,,,,,,,,,,,,,,,,,,,,,,2012,1,,,,,,,,,,,,,,,,,,,,,,,,,,,,,,23,22,,23,,,,,,,,,,,,,,,,,,,,,,,,,,,,,,,,,,,,,,,,,,,,,,,,,,,,,,,,,,,,,,,,,,,,,,,,,
UNC,ACC,19,,,,,,,,,,,,,,,,,,,,,2012,1,,,,,,,,,,,,,,,,,,,,19,16,14,18,,23,24,25,22,24,25,23,22,,,,,,,,,,,,,,,,,,,,,,,,,,,,,,,,,,,,,,,,,,,,,,,,,,,,,18,,,,,,,,,,,,,,,,,,,,,
Texas Tech,Big 12,25,,,,,,,,,,,,,,,,,,,,,2012,1,,,,,,,,,,,,,,,,,,,,25,19,19,16,,15,13,13,10,17,21,25,,,,,,,,,,,,,,,,,,,,,,,,,,,,,,,,,,,,,,,,,,,,,,,,,,,,,,15,,,,,,,,,,,,,,,,,,,,,
Kansas State,Big 12,,,,,,,,,,,,,,,,,,,,,,2012,1,,,,,,,,,,,,,,,,,,,,,,,,,,,,,23,,,,,,,,,,,,,,,,,,,,,,,,,,,,,,,,,,,,,,,,,,,,,,,,,,,,,,,,,,,,,,,,,,,,,,,,,,,,,
Vanderbilt,SEC,,,,,,,,,,,,,,,,,,,,,,2012,1,,,,,,,,,,,,,,,,,,,,,,25,23,,25,25,24,25,25,,,,,,,,,,,,,,,,,,,,,,,,,,,,,,,,,,,,,,,,,,,,,,,,,,,,,,,,20,,,,,,,,,,,,,,,,,,,,,
Texas,Big 12,,,,,,,,,,,,,,,,,,,,,,2012,1,,,,,,,,,,,,,,,,,,,,,24,21,25,,22,22,23,,,,,,,,,,,,,,,,,,,,,,,,,,,,,,,,,,,,,,,,,,,,,,,,,,,,,,,,,,24,,,,,,,,,,,,,,,,,,,,,
Oklahoma,Big 12,13,,,,,,,,,,,,,,,,,,,,,2012,1,,,,,,,,,,,,,,,,,,,,13,12,18,24,,,,,,,,,,,,,,,,,,,,,,,,,,,,,,,,,,,,,,,,,,,,,,,,,,,,,,,,,,,,,,,,,,,,,,,,,,,,,,,,,,,
LSU,SEC,20,,,,,,,,,,,,,,,,,,,,,2012,1,,,,,,,,,,,,,,,,,,,,20,20,,,,,,,,,,,,,,,,,,,,,,,,,,,,,,,,,,,,,,,,,,,,,,,,,,,,,,,,,,,,,,,,,,,,,,,,,,,,,,,,,,,,,
Virginia,ACC,,,,,,,,,,,,,,,,,,,,,,2012,1,,,,,,,,,,,,,,,,,,,,,22,,,,,,,,,,,,,,,,,,,,,,,,,,,,,,,,,,,,,,,,,,,,,,,,,,,,,,,,,,,,,,,,,,,,,,,,,,,,,,,,,,,,,
UCLA,Pac-12,22,,,,,,,,,,,,,,,,,,,,,2012,1,,,,,,,,,,,,,,,,,,,,22,25,,,,,,,,,,,,,,,,,,,,,,,,,,,,,,,,,,,,,,,,,,,,,,,,,,,,,,,,,,,,,,,,,,,,,,,,,,,,,,,,,,,,,
Florida State,ACC,21,,,,,,,,,,,,,,,,,,,,,2012,1,,,,,,,,,,,,,,,,,,,,21,,,,,,,,,,,,,,,,,,,,,,,,,,,,,,,,,,,,,,,,,,,,,,,,,,,,,,,,,,,,,,,,,,,,,,,,,,,,,,,,,,,,,,
USC,Pac-12,23,,,,,,,,,,,,,,,,,,,,,2012,1,,,,,,,,,,,,,,,,,,,,23,,,,,,,,,,,,,,,,,,,,,,,,,,,,,,,,,,,,,,,,,,,,,,,,,,,,,,,,,,,,,,,,,,,,,,,,,,,,,,,,,,,,,,
UConn,Big East,1,,,,,,,,,,,,,,,,,,,,,2011,1,,,,,,,,,,,,,,,,,,,,,,,,1,,,,,,,,,,,1,1,1,,1,1,1,1,2,2,2,2,2,2,2,1,1,,,,,,,,,,,,,,,,,,,,,,,,,,,,,,,,,,,,,,,,,,,,,,,,,,,,,,,1
Stanford,Pac-10,3,,,,,,,,,,,,,,,,,,,,,2011,1,,,,,,,,,,,,,,,,,,,,,,,,3,,,,,,,,,,,2,2,3,,3,3,8,9,4,4,4,4,4,3,3,2,2,,,,,,,,,,,,,,,,,,,,,,,,,,,,,,,,,,,,,,,,,,,,,,,,,,,,,,,3
Baylor,Big 12,2,,,,,,,,,,,,,,,,,,,,,2011,1,,,,,,,,,,,,,,,,,,,,,,,,2,,,,,,,,,,,3,3,2,,2,2,2,2,1,1,1,1,1,1,1,3,3,,,,,,,,,,,,,,,,,,,,,,,,,,,,,,,,,,,,,,,,,,,,,,,,,,,,,,,2
Tennessee,SEC,4,,,,,,,,,,,,,,,,,,,,,2011,1,,,,,,,,,,,,,,,,,,,,,,,,6,,,,,,,,,,,4,4,4,,9,8,5,5,5,5,5,5,5,4,4,4,4,,,,,,,,,,,,,,,,,,,,,,,,,,,,,,,,,,,,,,,,,,,,,,,,,,,,,,,4
Xavier,A-10,5,,,,,,,,,,,,,,,,,,,,,2011,1,,,,,,,,,,,,,,,,,,,,,,,,5,,,,,,,,,,,6,5,5,,4,4,4,4,9,8,7,7,7,7,6,6,5,,,,,,,,,,,,,,,,,,,,,,,,,,,,,,,,,,,,,,,,,,,,,,,,,,,,,,,5
Duke,ACC,6,,,,,,,,,,,,,,,,,,,,,2011,1,,,,,,,,,,,,,,,,,,,,,,,,4,,,,,,,,,,,8,6,6,,5,5,3,3,3,3,3,3,3,5,7,9,6,,,,,,,,,,,,,,,,,,,,,,,,,,,,,,,,,,,,,,,,,,,,,,,,,,,,,,,6
Texas A&M,Big 12,8,,,,,,,,,,,,,,,,,,,,,2011,1,,,,,,,,,,,,,,,,,,,,,,,,8,,,,,,,,,,,5,7,8,,7,7,7,7,7,7,6,6,6,6,5,5,8,,,,,,,,,,,,,,,,,,,,,,,,,,,,,,,,,,,,,,,,,,,,,,,,,,,,,,,8
UCLA,Pac-10,16,,,,,,,,,,,,,,,,,,,,,2011,1,,,,,,,,,,,,,,,,,,,,,,,,9,,,,,,,,,,,9,8,15,,13,10,9,8,12,10,8,11,10,9,9,11,7,,,,,,,,,,,,,,,,,,,,,,,,,,,,,,,,,,,,,,,,,,,,,,,,,,,,,,,13
Notre Dame,Big East,12,,,,,,,,,,,,,,,,,,,,,2011,1,,,,,,,,,,,,,,,,,,,,,,,,17,,,,,,,,,,,7,9,12,,16,18,17,16,13,12,11,9,8,8,8,8,10,,,,,,,,,,,,,,,,,,,,,,,,,,,,,,,,,,,,,,,,,,,,,,,,,,,,,,,18
DePaul,Big East,,,,,,,,,,,,,,,,,,,,,,2011,1,,,,,,,,,,,,,,,,,,,,,,,,22,,,,,,,,,,,12,10,,,,24,16,21,16,14,13,12,9,10,10,7,9,,,,,,,,,,,,,,,,,,,,,,,,,,,,,,,,,,,,,,,,,,,,,,,,,,,,,,,
Miami (FL),ACC,,,,,,,,,,,,,,,,,,,,,,2011,1,,,,,,,,,,,,,,,,,,,,,,,,,,,,,,,,,,,10,11,,,,,,,,22,17,16,18,20,13,12,11,,,,,,,,,,,,,,,,,,,,,,,,,,,,,,,,,,,,,,,,,,,,,,,,,,,,,,,
Michigan State,Big Ten,25,,,,,,,,,,,,,,,,,,,,,2011,1,,,,,,,,,,,,,,,,,,,,,,,,14,,,,,,,,,,,11,12,25,,25,15,12,12,11,9,12,10,11,11,11,10,12,,,,,,,,,,,,,,,,,,,,,,,,,,,,,,,,,,,,,,,,,,,,,,,,,,,,,,,25
Green Bay,Horizon,,,,,,,,,,,,,,,,,,,,,,2011,1,,,,,,,,,,,,,,,,,,,,,,,,,,,,,,,,,,,15,13,,,,23,,,,23,21,22,21,18,17,17,13,,,,,,,,,,,,,,,,,,,,,,,,,,,,,,,,,,,,,,,,,,,,,,,,,,,,,,,
UNC,ACC,15,,,,,,,,,,,,,,,,,,,,,2011,1,,,,,,,,,,,,,,,,,,,,,,,,10,,,,,,,,,,,19,14,14,,14,12,10,10,8,11,10,15,15,13,12,13,14,,,,,,,,,,,,,,,,,,,,,,,,,,,,,,,,,,,,,,,,,,,,,,,,,,,,,,,14
Florida State,ACC,18,,,,,,,,,,,,,,,,,,,,,2011,1,,,,,,,,,,,,,,,,,,,,,,,,15,,,,,,,,,,,14,15,16,,15,17,22,25,24,21,22,21,19,19,15,14,15,,,,,,,,,,,,,,,,,,,,,,,,,,,,,,,,,,,,,,,,,,,,,,,,,,,,,,,15
Maryland,ACC,21,,,,,,,,,,,,,,,,,,,,,2011,1,,,,,,,,,,,,,,,,,,,,,,,,19,,,,,,,,,,,13,16,21,,22,22,19,18,14,13,15,14,12,12,16,15,16,,,,,,,,,,,,,,,,,,,,,,,,,,,,,,,,,,,,,,,,,,,,,,,,,,,,,,,23
Kentucky,SEC,9,,,,,,,,,,,,,,,,,,,,,2011,1,,,,,,,,,,,,,,,,,,,,,,,,13,,,,,,,,,,,16,17,9,,8,14,11,11,10,19,19,17,16,15,19,20,17,,,,,,,,,,,,,,,,,,,,,,,,,,,,,,,,,,,,,,,,,,,,,,,,,,,,,,,9
Ohio State,Big Ten,7,,,,,,,,,,,,,,,,,,,,,2011,1,,,,,,,,,,,,,,,,,,,,,,,,11,,,,,,,,,,,,18,7,,6,6,13,13,20,24,25,24,,,,,18,,,,,,,,,,,,,,,,,,,,,,,,,,,,,,,,,,,,,,,,,,,,,,,,,,,,,,,7
Marist,MAAC,,,,,,,,,,,,,,,,,,,,,,2011,1,,,,,,,,,,,,,,,,,,,,,,,,,,,,,,,,,,,21,19,,,,,,,,,,,,25,24,21,19,,,,,,,,,,,,,,,,,,,,,,,,,,,,,,,,,,,,,,,,,,,,,,,,,,,,,,,
Gonzaga,WCC,,,,,,,,,,,,,,,,,,,,,,2011,1,,,,,,,,,,,,,,,,,,,,,,,,,,,,,,,,,,,22,20,,,,,,,,,,,,,25,23,20,,,,,,,,,,,,,,,,,,,,,,,,,,,,,,,,,,,,,,,,,,,,,,,,,,,,,,,
Oklahoma,Big 12,10,,,,,,,,,,,,,,,,,,,,,2011,1,,,,,,,,,,,,,,,,,,,,,,,,12,,,,,,,,,,,18,21,11,,11,13,15,15,19,15,14,13,13,14,14,16,21,,,,,,,,,,,,,,,,,,,,,,,,,,,,,,,,,,,,,,,,,,,,,,,,,,,,,,,11
Georgetown,Big East,13,,,,,,,,,,,,,,,,,,,,,2011,1,,,,,,,,,,,,,,,,,,,,,,,,20,,,,,,,,,,,17,22,13,,12,11,20,19,15,18,16,19,17,16,18,18,23,,,,,,,,,,,,,,,,,,,,,,,,,,,,,,,,,,,,,,,,,,,,,,,,,,,,,,,12
Georgia Tech,ACC,,,,,,,,,,,,,,,,,,,,,,2011,1,,,,,,,,,,,,,,,,,,,,,,,,,,,,,,,,,,,,23,,,,,,,,,,25,25,,,,24,,,,,,,,,,,,,,,,,,,,,,,,,,,,,,,,,,,,,,,,,,,,,,,,,,,,,,,
Marquette,Big East,,,,,,,,,,,,,,,,,,,,,,2011,1,,,,,,,,,,,,,,,,,,,,,,,,,,,,,,,,,,,20,24,,,,,,,,,,,23,21,22,24,25,,,,,,,,,,,,,,,,,,,,,,,,,,,,,,,,,,,,,,,,,,,,,,,,,,,,,,,
Iowa,Big Ten,22,,,,,,,,,,,,,,,,,,,,,2011,1,,,,,,,,,,,,,,,,,,,,,,,,16,,,,,,,,,,,24,25,22,,18,19,14,14,21,16,18,18,20,,,,,,,,,,,,,,,,,,,,,,,,,,,,,,,,,,,,,,,,,,,,,,,,,,,,,,,,,,,20
Houston,CUSA,,,,,,,,,,,,,,,,,,,,,,2011,1,,,,,,,,,,,,,,,,,,,,,,,,,,,,,,,,,,,25,,,,,,,,,,,,,,,,22,,,,,,,,,,,,,,,,,,,,,,,,,,,,,,,,,,,,,,,,,,,,,,,,,,,,,,,
Iowa State,Big 12,20,,,,,,,,,,,,,,,,,,,,,2011,1,,,,,,,,,,,,,,,,,,,,,,,,21,,,,,,,,,,,23,,19,,19,16,21,20,17,17,20,23,22,22,20,25,,,,,,,,,,,,,,,,,,,,,,,,,,,,,,,,,,,,,,,,,,,,,,,,,,,,,,,,19
West Virginia,Big East,11,,,,,,,,,,,,,,,,,,,,,2011,1,,,,,,,,,,,,,,,,,,,,,,,,7,,,,,,,,,,,,,10,,10,9,6,6,6,6,9,8,14,17,21,19,,,,,,,,,,,,,,,,,,,,,,,,,,,,,,,,,,,,,,,,,,,,,,,,,,,,,,,,10
Georgia,SEC,19,,,,,,,,,,,,,,,,,,,,,2011,1,,,,,,,,,,,,,,,,,,,,,,,,,,,,,,,,,,,,,18,,21,25,,,,,24,20,24,24,,22,,,,,,,,,,,,,,,,,,,,,,,,,,,,,,,,,,,,,,,,,,,,,,,,,,,,,,,,17
Penn State,Big Ten,,,,,,,,,,,,,,,,,,,,,,2011,1,,,,,,,,,,,,,,,,,,,,,,,,,,,,,,,,,,,,,,,,,,,,,,,,23,23,,,,,,,,,,,,,,,,,,,,,,,,,,,,,,,,,,,,,,,,,,,,,,,,,,,,,,,,,
Arkansas,SEC,,,,,,,,,,,,,,,,,,,,,,2011,1,,,,,,,,,,,,,,,,,,,,,,,,,,,,,,,,,,,,,,,,,25,22,25,20,23,,,,,,,,,,,,,,,,,,,,,,,,,,,,,,,,,,,,,,,,,,,,,,,,,,,,,,,,,,,,,
Syracuse,Big East,,,,,,,,,,,,,,,,,,,,,,2011,1,,,,,,,,,,,,,,,,,,,,,,,,24,,,,,,,,,,,,,,,,,23,24,23,25,,,,,,,,,,,,,,,,,,,,,,,,,,,,,,,,,,,,,,,,,,,,,,,,,,,,,,,,,,,,,,
St. John's (NY),Big East,14,,,,,,,,,,,,,,,,,,,,,2011,1,,,,,,,,,,,,,,,,,,,,,,,,18,,,,,,,,,,,,,20,,20,20,18,17,18,,,,,,,,,,,,,,,,,,,,,,,,,,,,,,,,,,,,,,,,,,,,,,,,,,,,,,,,,,,,,,,22
Texas,Big 12,17,,,,,,,,,,,,,,,,,,,,,2011,1,,,,,,,,,,,,,,,,,,,,,,,,23,,,,,,,,,,,,,17,,17,21,,23,22,,,,,,,,,,,,,,,,,,,,,,,,,,,,,,,,,,,,,,,,,,,,,,,,,,,,,,,,,,,,,,,16
Boston College,ACC,,,,,,,,,,,,,,,,,,,,,,2011,1,,,,,,,,,,,,,,,,,,,,,,,,25,,,,,,,,,,,,,,,,,24,,,,,,,,,,,,,,,,,,,,,,,,,,,,,,,,,,,,,,,,,,,,,,,,,,,,,,,,,,,,,,,,,
Vanderbilt,SEC,24,,,,,,,,,,,,,,,,,,,,,2011,1,,,,,,,,,,,,,,,,,,,,,,,,,,,,,,,,,,,,,23,,23,,,,,,,,,,,,,,,,,,,,,,,,,,,,,,,,,,,,,,,,,,,,,,,,,,,,,,,,,,,,,,,,,,,24
Nebraska,Big 12,,,,,,,,,,,,,,,,,,,,,,2011,1,,,,,,,,,,,,,,,,,,,,,,,,,,,,,,,,,,,,,,,24,,,,,,,,,,,,,,,,,,,,,,,,,,,,,,,,,,,,,,,,,,,,,,,,,,,,,,,,,,,,,,,,,,,
TCU,MWC,23,,,,,,,,,,,,,,,,,,,,,2011,1,,,,,,,,,,,,,,,,,,,,,,,,,,,,,,,,,,,,,24,,,,,,,,,,,,,,,,,,,,,,,,,,,,,,,,,,,,,,,,,,,,,,,,,,,,,,,,,,,,,,,,,,,,,21
UConn,Big East,1,,,,,,,,,,,,,,,,,,,,,2010,1,,,,,,,,,,,,,,,,,,,,,,,,,,,,,,,,,,,,1,,1,,,,,,,,,,,,,,1,1,1,1,1,1,1,1,1,1,1,1,1,1,1,,,,,,,,,,,,,,,,,,,,,,,,1,,,,,,,,,,,,,,,,
Stanford,Pac-10,2,,,,,,,,,,,,,,,,,,,,,2010,1,,,,,,,,,,,,,,,,,,,,,,,,,,,,,,,,,,,,2,,2,,,,,,,,,,,,,,2,2,2,2,2,2,2,2,2,2,2,2,2,2,2,,,,,,,,,,,,,,,,,,,,,,,,2,,,,,,,,,,,,,,,,
Tennessee,SEC,6,,,,,,,,,,,,,,,,,,,,,2010,1,,,,,,,,,,,,,,,,,,,,,,,,,,,,,,,,,,,,3,,6,,,,,,,,,,,,,,6,4,3,4,4,4,4,3,5,5,5,5,4,4,4,,,,,,,,,,,,,,,,,,,,,,,,6,,,,,,,,,,,,,,,,
Nebraska,Big 12,,,,,,,,,,,,,,,,,,,,,,2010,1,,,,,,,,,,,,,,,,,,,,,,,,,,,,,,,,,,,,4,,,,,,,,,,,,,,,,,24,20,14,13,12,11,7,6,4,3,3,3,3,3,,,,,,,,,,,,,,,,,,,,,,,,,,,,,,,,,,,,,,,,
Xavier,A-10,9,,,,,,,,,,,,,,,,,,,,,2010,1,,,,,,,,,,,,,,,,,,,,,,,,,,,,,,,,,,,,5,,9,,,,,,,,,,,,,,9,8,12,15,15,16,14,11,10,7,6,6,5,5,5,,,,,,,,,,,,,,,,,,,,,,,,9,,,,,,,,,,,,,,,,
Duke,ACC,11,,,,,,,,,,,,,,,,,,,,,2010,1,,,,,,,,,,,,,,,,,,,,,,,,,,,,,,,,,,,,6,,10,,,,,,,,,,,,,,11,7,7,8,8,9,7,6,7,6,8,8,6,9,7,,,,,,,,,,,,,,,,,,,,,,,,11,,,,,,,,,,,,,,,,
Notre Dame,Big East,5,,,,,,,,,,,,,,,,,,,,,2010,1,,,,,,,,,,,,,,,,,,,,,,,,,,,,,,,,,,,,7,,5,,,,,,,,,,,,,,5,3,4,3,3,3,3,4,3,3,4,4,7,6,6,,,,,,,,,,,,,,,,,,,,,,,,5,,,,,,,,,,,,,,,,
Ohio State,Big Ten,3,,,,,,,,,,,,,,,,,,,,,2010,1,,,,,,,,,,,,,,,,,,,,,,,,,,,,,,,,,,,,8,,3,,,,,,,,,,,,,,3,9,8,6,6,6,5,5,4,8,7,7,10,10,8,,,,,,,,,,,,,,,,,,,,,,,,3,,,,,,,,,,,,,,,,
Texas A&M,Big 12,15,,,,,,,,,,,,,,,,,,,,,2010,1,,,,,,,,,,,,,,,,,,,,,,,,,,,,,,,,,,,,9,,11,,,,,,,,,,,,,,10,10,13,10,10,10,8,9,8,12,13,15,12,15,11,,,,,,,,,,,,,,,,,,,,,,,,15,,,,,,,,,,,,,,,,
West Virginia,Big East,,,,,,,,,,,,,,,,,,,,,,2010,1,,,,,,,,,,,,,,,,,,,,,,,,,,,,,,,,,,,,10,,,,,,,,,,,,,,,,,,,,,22,18,16,16,11,9,9,8,7,9,,,,,,,,,,,,,,,,,,,,,,,,,,,,,,,,,,,,,,,,
Florida State,ACC,13,,,,,,,,,,,,,,,,,,,,,2010,1,,,,,,,,,,,,,,,,,,,,,,,,,,,,,,,,,,,,11,,12,,,,,,,,,,,,,,12,12,10,12,12,13,16,15,13,15,10,10,9,8,10,,,,,,,,,,,,,,,,,,,,,,,,13,,,,,,,,,,,,,,,,
Oklahoma,Big 12,20,,,,,,,,,,,,,,,,,,,,,2010,1,,,,,,,,,,,,,,,,,,,,,,,,,,,,,,,,,,,,12,,20,,,,,,,,,,,,,,18,16,15,13,14,14,13,13,11,13,12,11,11,11,12,,,,,,,,,,,,,,,,,,,,,,,,20,,,,,,,,,,,,,,,,
Georgetown,Big East,,,,,,,,,,,,,,,,,,,,,,2010,1,,,,,,,,,,,,,,,,,,,,,,,,,,,,,,,,,,,,13,,,,,,,,,,,,,,,,,,,,,,24,19,17,18,16,14,13,12,13,,,,,,,,,,,,,,,,,,,,,,,,,,,,,,,,,,,,,,,,
Baylor,Big 12,8,,,,,,,,,,,,,,,,,,,,,2010,1,,,,,,,,,,,,,,,,,,,,,,,,,,,,,,,,,,,,14,,8,,,,,,,,,,,,,,8,6,6,5,5,5,9,10,14,15,11,18,17,14,16,,,,,,,,,,,,,,,,,,,,,,,,8,,,,,,,,,,,,,,,,
St. John's (NY),Big East,,,,,,,,,,,,,,,,,,,,,,2010,1,,,,,,,,,,,,,,,,,,,,,,,,,,,,,,,,,,,,15,,,,,,,,,,,,,,,,,,,,,,,,,25,25,22,18,16,17,,,,,,,,,,,,,,,,,,,,,,,,,,,,,,,,,,,,,,,,
Iowa State,Big 12,,,,,,,,,,,,,,,,,,,,,,2010,1,,,,,,,,,,,,,,,,,,,,,,,,,,,,,,,,,,,,16,,,,,,,,,,,,,,,,,,,,,,,,22,22,20,13,15,13,14,,,,,,,,,,,,,,,,,,,,,,,,,,,,,,,,,,,,,,,,
Texas,Big 12,10,,,,,,,,,,,,,,,,,,,,,2010,1,,,,,,,,,,,,,,,,,,,,,,,,,,,,,,,,,,,,17,,13,,,,,,,,,,,,,,17,17,17,17,17,15,19,20,19,17,14,12,14,18,15,,,,,,,,,,,,,,,,,,,,,,,,10,,,,,,,,,,,,,,,,
Gonzaga,WCC,,,,,,,,,,,,,,,,,,,,,,2010,1,,,,,,,,,,,,,,,,,,,,,,,,,,,,,,,,,,,,18,,,,,,,,,,,,,,,,,,,,,,,,,24,22,21,19,17,18,,,,,,,,,,,,,,,,,,,,,,,,,,,,,,,,,,,,,,,,
Kentucky,SEC,,,,,,,,,,,,,,,,,,,,,,2010,1,,,,,,,,,,,,,,,,,,,,,,,,,,,,,,,,,,,,19,,,,,,,,,,,,,,,,,,,,,,,,,20,17,16,16,19,19,,,,,,,,,,,,,,,,,,,,,,,,,,,,,,,,,,,,,,,,
Oklahoma State,Big 12,,,,,,,,,,,,,,,,,,,,,,2010,1,,,,,,,,,,,,,,,,,,,,,,,,,,,,,,,,,,,,20,,,,,,,,,,,,,,,,,,,,,23,15,12,15,10,15,17,23,20,20,,,,,,,,,,,,,,,,,,,,,,,,,,,,,,,,,,,,,,,,
LSU,SEC,7,,,,,,,,,,,,,,,,,,,,,2010,1,,,,,,,,,,,,,,,,,,,,,,,,,,,,,,,,,,,,21,,7,,,,,,,,,,,,,,7,5,5,11,11,11,12,18,18,19,23,23,20,21,22,,,,,,,,,,,,,,,,,,,,,,,,7,,,,,,,,,,,,,,,,
UCLA,Pac-10,,,,,,,,,,,,,,,,,,,,,,2010,1,,,,,,,,,,,,,,,,,,,,,,,,,,,,,,,,,,,,22,,,,,,,,,,,,,,,,,,,,,,,,,,,,,,23,,,,,,,,,,,,,,,,,,,,,,,,,,,,,,,,,,,,,,,,
Georgia,SEC,16,,,,,,,,,,,,,,,,,,,,,2010,1,,,,,,,,,,,,,,,,,,,,,,,,,,,,,,,,,,,,23,,14,,,,,,,,,,,,,,13,13,11,9,9,8,6,8,9,14,19,20,24,22,24,,,,,,,,,,,,,,,,,,,,,,,,16,,,,,,,,,,,,,,,,
Michigan State,Big Ten,21,,,,,,,,,,,,,,,,,,,,,2010,1,,,,,,,,,,,,,,,,,,,,,,,,,,,,,,,,,,,,24,,25,,,,,,,,,,,,,,22,21,16,16,16,19,20,,,,,,,25,25,,,,,,,,,,,,,,,,,,,,,,,,21,,,,,,,,,,,,,,,,
Hartford,AmEast,,,,,,,,,,,,,,,,,,,,,,2010,1,,,,,,,,,,,,,,,,,,,,,,,,,,,,,,,,,,,,25,,,,,,,,,,,,,,,,,,,,,,,,,,,,24,23,21,,,,,,,,,,,,,,,,,,,,,,,,,,,,,,,,,,,,,,,,
Virginia,ACC,12,,,,,,,,,,,,,,,,,,,,,2010,1,,,,,,,,,,,,,,,,,,,,,,,,,,,,,,,,,,,,,,15,,,,,,,,,,,,,,14,19,19,23,23,21,23,25,21,,,,21,24,,,,,,,,,,,,,,,,,,,,,,,,,12,,,,,,,,,,,,,,,,
Georgia Tech,ACC,,,,,,,,,,,,,,,,,,,,,,2010,1,,,,,,,,,,,,,,,,,,,,,,,,,,,,,,,,,,,,,,,,,,,,,,,,,,,,23,,25,24,24,20,21,22,25,21,21,19,22,,,,,,,,,,,,,,,,,,,,,,,,,,,,,,,,,,,,,,,,,,
TCU,MWC,,,,,,,,,,,,,,,,,,,,,,2010,1,,,,,,,,,,,,,,,,,,,,,,,,,,,,,,,,,,,,,,,,,,,,,,,,,,,,,,,,,25,22,23,20,,24,23,,,,,,,,,,,,,,,,,,,,,,,,,,,,,,,,,,,,,,,,,,,
Vanderbilt,SEC,22,,,,,,,,,,,,,,,,,,,,,2010,1,,,,,,,,,,,,,,,,,,,,,,,,,,,,,,,,,,,,,,21,,,,,,,,,,,,,,16,18,18,19,18,17,,21,,,,25,,,,,,,,,,,,,,,,,,,,,,,,,,,22,,,,,,,,,,,,,,,,
UNC,ACC,4,,,,,,,,,,,,,,,,,,,,,2010,1,,,,,,,,,,,,,,,,,,,,,,,,,,,,,,,,,,,,,,4,,,,,,,,,,,,,,4,11,9,7,7,7,10,14,12,9,18,,,,,,,,,,,,,,,,,,,,,,,,,,,,4,,,,,,,,,,,,,,,,
Green Bay,Horizon,,,,,,,,,,,,,,,,,,,,,,2010,1,,,,,,,,,,,,,,,,,,,,,,,,,,,,,,,,,,,,,,,,,,,,,,,,,,,,,,23,22,22,18,17,17,24,23,,,,,,,,,,,,,,,,,,,,,,,,,,,,,,,,,,,,,,,,,,,,,
Penn State,Big Ten,,,,,,,,,,,,,,,,,,,,,,2010,1,,,,,,,,,,,,,,,,,,,,,,,,,,,,,,,,,,,,,,,,,,,,,,,,,,,,,,,,,,,,23,,,,,,,,,,,,,,,,,,,,,,,,,,,,,,,,,,,,,,,,,,,,,,
Vermont,AmEast,,,,,,,,,,,,,,,,,,,,,,2010,1,,,,,,,,,,,,,,,,,,,,,,,,,,,,,,,,,,,,,,,,,,,,,,,,,,,,,,,,,,,24,,,,,,,,,,,,,,,,,,,,,,,,,,,,,,,,,,,,,,,,,,,,,,,
Miami (FL),ACC,,,,,,,,,,,,,,,,,,,,,,2010,1,,,,,,,,,,,,,,,,,,,,,,,,,,,,,,,,,,,,,,,,,,,,,,,,,,,,,,,,,,25,,,,,,,,,,,,,,,,,,,,,,,,,,,,,,,,,,,,,,,,,,,,,,,,
Kansas,Big 12,19,,,,,,,,,,,,,,,,,,,,,2010,1,,,,,,,,,,,,,,,,,,,,,,,,,,,,,,,,,,,,,,18,,,,,,,,,,,,,,24,23,22,21,21,24,,,,,,,,,,,,,,,,,,,,,,,,,,,,,,,,,19,,,,,,,,,,,,,,,,
Arizona State,Pac-10,14,,,,,,,,,,,,,,,,,,,,,2010,1,,,,,,,,,,,,,,,,,,,,,,,,,,,,,,,,,,,,,,17,,,,,,,,,,,,,,15,14,14,18,19,,,,,,,,,,,,,,,,,,,,,,,,,,,,,,,,,,14,,,,,,,,,,,,,,,,
Pitt,Big East,,,,,,,,,,,,,,,,,,,,,,2010,1,,,,,,,,,,,,,,,,,,,,,,,,,,,,,,,,,,,,,,24,,,,,,,,,,,,,,19,15,21,20,20,,,,,,,,,,,,,,,,,,,,,,,,,,,,,,,,,,,,,,,,,,,,,,,,,,
James Madison,CAA,,,,,,,,,,,,,,,,,,,,,,2010,1,,,,,,,,,,,,,,,,,,,,,,,,,,,,,,,,,,,,,,,,,,,,,,,,,,,,,,24,25,25,,,,,,,,,,,,,,,,,,,,,,,,,,,,,,,,,,,,,,,,,,,,,,,,,,
Dayton,A-10,,,,,,,,,,,,,,,,,,,,,,2010,1,,,,,,,,,,,,,,,,,,,,,,,,,,,,,,,,,,,,,,,,,,,,,,,,,,,,25,20,,,,,,,,,,,,,,,,,,,,,,,,,,,,,,,,,,,,,,,,,,,,,,,,,,,,,
California,Pac-10,17,,,,,,,,,,,,,,,,,,,,,2010,1,,,,,,,,,,,,,,,,,,,,,,,,,,,,,,,,,,,,,,22,,,,,,,,,,,,,,20,22,,,,,,,,,,,,,,,,,,,,,,,,,,,,,,,,,,,,,17,,,,,,,,,,,,,,,,
Maryland,ACC,,,,,,,,,,,,,,,,,,,,,,2010,1,,,,,,,,,,,,,,,,,,,,,,,,,,,,,,,,,,,,,,,,,,,,,,,,,,,,,25,,,,,,,,,,,,,,,,,,,,,,,,,,,,,,,,,,,,,,,,,,,,,,,,,,,,,
DePaul,Big East,17,,,,,,,,,,,,,,,,,,,,,2010,1,,,,,,,,,,,,,,,,,,,,,,,,,,,,,,,,,,,,,,15,,,,,,,,,,,,,,21,,,,,,,,,,,,,,,,,,,,,,,,,,,,,,,,,,,,,,17,,,,,,,,,,,,,,,,
Mississippi State,SEC,25,,,,,,,,,,,,,,,,,,,,,2010,1,,,,,,,,,,,,,,,,,,,,,,,,,,,,,,,,,,,,,,19,,,,,,,,,,,,,,,,,,,,,,,,,,,,,,,,,,,,,,,,,,,,,,,,,,,,25,,,,,,,,,,,,,,,,
San Diego State,MWC,,,,,,,,,,,,,,,,,,,,,,2010,1,,,,,,,,,,,,,,,,,,,,,,,,,,,,,,,,,,,,,,23,,,,,,,,,,,,,,,,,,,,,,,,,,,,,,,,,,,,,,,,,,,,,,,,,,,,,,,,,,,,,,,,,,,,
Louisville,Big East,23,,,,,,,,,,,,,,,,,,,,,2010,1,,,,,,,,,,,,,,,,,,,,,,,,,,,,,,,,,,,,,,,,,,,,,,,,,,,,,,,,,,,,,,,,,,,,,,,,,,,,,,,,,,,,,,,,,,23,,,,,,,,,,,,,,,,
Middle Tennessee,Sun Belt,24,,,,,,,,,,,,,,,,,,,,,2010,1,,,,,,,,,,,,,,,,,,,,,,,,,,,,,,,,,,,,,,,,,,,,,,,,,,,,,,,,,,,,,,,,,,,,,,,,,,,,,,,,,,,,,,,,,,24,,,,,,,,,,,,,,,,
