Rk,School,Conf,AP Rank,W,L,Pts,Opp,MOV,SOS,OSRS,DSRS,SRS,ORtg,DRtg,NRtg,run_date
1,Connecticut,Big East,1.0,19,0,90.1,51.4,38.68,15.62,31.03,23.27,54.31,129.8,58.73,71.07,2026-01-22
2,UCLA,Big Ten,3.0,17,1,87.0,57.3,29.72,19.07,28.19,20.61,48.8,133.24,67.34,65.91,2026-01-22
3,LSU,SEC,6.0,17,2,99.6,56.7,42.84,4.55,35.41,11.98,47.39,125.22,69.48,55.74,2026-01-22
4,Texas,SEC,4.0,19,2,88.8,53.0,35.76,11.5,27.4,19.86,47.27,124.8,64.47,60.34,2026-01-22
5,South Carolina,SEC,2.0,19,1,88.7,53.9,34.8,11.42,27.71,18.51,46.22,123.8,64.86,58.94,2026-01-22
6,Michigan,Big Ten,7.0,15,3,87.6,59.2,28.39,12.67,25.58,15.48,41.06,118.05,66.62,51.43,2026-01-22
7,Oklahoma,SEC,16.0,14,4,89.8,62.3,27.44,9.05,26.99,9.5,36.49,111.38,68.72,42.65,2026-01-22
8,Louisville,ACC,8.0,18,3,83.0,59.6,23.33,11.92,22.26,13.0,35.26,119.54,74.02,45.52,2026-01-22
9,TCU,Big 12,9.0,18,2,81.6,53.4,28.15,6.03,16.93,17.25,34.18,112.77,68.89,43.88,2026-01-22
10,Vanderbilt,SEC,5.0,19,0,86.1,58.2,27.89,5.91,22.21,11.6,33.81,120.57,76.96,43.61,2026-01-22
11,Michigan St.,Big Ten,13.0,17,2,86.6,59.7,26.84,6.81,22.78,10.87,33.65,120.33,76.9,43.43,2026-01-22
12,Iowa,Big Ten,10.0,16,2,80.2,61.8,18.39,13.82,18.63,13.58,32.2,113.31,72.24,41.07,2026-01-22
13,Maryland,Big Ten,15.0,17,3,84.8,58.7,26.05,6.11,23.01,9.15,32.16,117.03,75.25,41.78,2026-01-22
14,Duke,ACC,21.0,13,6,74.7,61.2,13.53,18.5,16.77,15.26,32.02,112.07,70.9,41.17,2026-01-22
15,Tennessee,SEC,17.0,13,3,80.6,60.4,20.19,11.57,20.69,11.07,31.76,112.01,71.73,40.28,2026-01-22
16,Kentucky,SEC,11.0,17,3,78.1,55.7,22.35,8.74,15.01,16.08,31.09,115.07,73.17,41.91,2026-01-22
17,Nebraska,Big Ten,24.0,14,4,83.6,62.8,20.78,10.06,20.24,10.6,30.84,119.01,78.33,40.68,2026-01-22
18,Ohio St.,Big Ten,12.0,17,2,85.4,63.1,22.32,8.04,22.46,7.89,30.35,111.1,75.09,36.01,2026-01-22
19,Minnesota,Big Ten,,12,6,73.9,53.9,20.0,10.28,12.69,17.59,30.28,111.93,70.63,41.3,2026-01-22
20,West Virginia,Big 12,22.0,15,4,78.6,58.5,20.11,10.04,16.69,13.46,30.15,111.47,73.31,38.16,2026-01-22
21,Southern California,Big Ten,,11,7,68.6,58.3,10.22,19.4,10.28,19.33,29.62,106.69,67.57,39.12,2026-01-22
22,Ole Miss,SEC,18.0,16,4,78.1,56.4,21.7,7.2,14.99,13.91,28.9,111.44,74.76,36.68,2026-01-22
23,North Carolina,ACC,,15,5,77.8,58.6,19.25,9.14,15.16,13.23,28.39,110.13,73.58,36.55,2026-01-22
24,Notre Dame,ACC,,12,6,81.6,64.4,17.22,11.15,20.0,8.38,28.37,113.74,78.81,34.94,2026-01-22
25,NC State,ACC,,13,6,77.5,65.5,12.0,16.35,19.38,8.97,28.35,113.39,77.18,36.21,2026-01-22
26,Oklahoma St.,Big 12,,16,4,87.9,61.5,26.4,4.03,21.49,6.65,28.13,119.71,84.34,35.37,2026-01-22
27,Oregon,Big Ten,,14,6,78.5,62.9,15.6,12.16,18.11,9.65,27.76,110.46,74.5,35.96,2026-01-22
28,Baylor,Big 12,14.0,17,3,72.6,56.4,16.25,10.03,11.2,15.08,26.28,104.06,69.8,34.26,2026-01-22
29,Texas Tech,Big 12,19.0,19,1,74.5,54.2,20.35,5.69,11.25,14.79,26.04,106.56,72.92,33.64,2026-01-22
30,Alabama,SEC,23.0,17,3,71.8,54.2,17.55,7.7,10.07,15.18,25.25,108.73,74.8,33.93,2026-01-22
31,Washington,Big Ten,25.0,14,4,73.4,57.7,15.72,9.05,12.35,12.43,24.77,111.15,77.2,33.95,2026-01-22
32,Iowa St.,Big 12,,14,5,83.9,63.8,20.16,3.69,20.33,3.51,23.85,116.76,85.81,30.95,2026-01-22
33,Mississippi St.,SEC,,15,5,79.4,61.6,17.75,5.6,16.23,7.12,23.35,111.17,81.16,30.01,2026-01-22
34,Georgia,SEC,,16,3,76.2,55.9,20.32,2.91,11.71,11.51,23.22,107.92,77.72,30.2,2026-01-22
35,Illinois,Big Ten,,15,4,79.2,63.1,16.16,7.06,13.24,9.97,23.21,109.62,80.13,29.49,2026-01-22
36,Stanford,ACC,,15,5,69.7,57.1,12.55,9.31,7.72,14.14,21.86,104.58,75.16,29.42,2026-01-22
37,Villanova,Big East,,15,4,73.8,62.0,11.79,9.27,12.52,8.54,21.06,107.4,79.53,27.87,2026-01-22
38,Syracuse,ACC,,16,3,74.6,59.8,14.79,5.05,12.14,7.7,19.84,102.66,77.99,24.67,2026-01-22
39,Virginia,ACC,,13,5,76.0,59.3,16.72,2.98,11.26,8.44,19.7,109.16,82.92,26.24,2026-01-22
40,Miami,ACC,,11,7,72.9,63.3,9.61,9.92,11.27,8.27,19.53,105.38,81.11,24.27,2026-01-22
41,Virginia Tech,ACC,,14,5,74.5,57.7,16.79,2.14,9.41,9.52,18.93,100.81,77.85,22.97,2026-01-22
42,Utah,Big 12,,14,5,70.3,62.1,8.26,10.6,8.64,9.24,17.87,102.72,80.07,22.65,2026-01-22
43,Clemson,ACC,,13,6,70.2,57.0,13.16,3.99,5.95,11.2,17.15,108.54,84.88,23.66,2026-01-22
44,Florida,SEC,,13,8,75.7,63.0,12.71,4.32,10.34,6.7,17.04,102.54,81.79,20.76,2026-01-22
45,Princeton,Ivy,20.0,16,1,75.8,65.1,10.65,6.3,12.69,4.26,16.95,109.81,87.82,21.99,2026-01-22
46,Colorado,Big 12,,12,7,68.8,60.4,8.42,8.34,6.01,10.75,16.76,99.28,78.19,21.09,2026-01-22
47,Kansas State,Big 12,,10,9,70.1,65.2,4.84,11.74,9.64,6.95,16.59,104.31,84.08,20.23,2026-01-22
48,Brigham Young,Big 12,,14,4,72.4,59.8,12.56,4.0,8.76,7.79,16.55,98.5,79.04,19.46,2026-01-22
49,Seton Hall,Big East,,14,5,71.7,62.6,9.05,7.45,9.67,6.83,16.5,103.85,82.89,20.97,2026-01-22
50,Arizona St.,Big 12,,17,2,68.1,57.1,11.05,5.38,4.93,11.5,16.44,97.6,76.74,20.86,2026-01-22
51,South Dakota State,Summit,,14,5,74.8,65.6,9.26,6.69,10.4,5.56,15.96,105.64,85.3,20.35,2026-01-22
52,California,ACC,,11,9,69.1,62.5,6.55,9.39,7.47,8.47,15.94,102.34,82.15,20.19,2026-01-22
53,Richmond,A-10,,16,4,74.4,62.6,11.8,3.85,10.66,4.99,15.65,109.4,89.03,20.37,2026-01-22
54,North Dakota St.,Summit,,16,2,79.8,59.4,20.33,-2.49,11.01,4.25,15.27,106.26,85.96,20.31,2026-01-22
55,James Madison,Sun Belt,,13,7,73.3,64.2,9.1,6.1,9.16,6.04,15.2,100.16,80.94,19.22,2026-01-22
56,Indiana,Big Ten,,11,8,70.8,66.6,4.21,10.82,9.39,5.64,15.03,106.43,87.75,18.68,2026-01-22
57,Marquette,Big East,,11,7,70.8,61.7,9.06,7.54,6.96,7.64,14.6,102.96,84.11,18.85,2026-01-22
58,Davidson,A-10,,14,6,69.5,58.6,10.9,3.34,5.61,8.63,14.24,100.83,82.0,18.83,2026-01-22
59,Kansas,Big 12,,12,8,72.9,65.6,7.3,9.93,9.07,4.97,14.04,103.96,86.27,17.69,2026-01-22
60,Purdue,Big Ten,,10,8,71.4,67.5,3.94,9.52,10.28,3.19,13.47,105.33,88.17,17.17,2026-01-22
61,Fairfield,MAAC,,15,3,79.4,61.2,18.22,-5.01,11.81,1.41,13.21,108.75,91.84,16.91,2026-01-22
62,Gonzaga,WCC,,14,6,72.8,64.1,8.65,4.45,8.92,4.18,13.1,104.74,87.75,16.99,2026-01-22
63,Troy,Sun Belt,,15,3,84.6,67.4,17.17,-1.35,14.5,-1.8,12.71,97.9,84.72,13.19,2026-01-22
64,Auburn,SEC,,13,6,63.0,57.9,5.05,7.61,1.53,11.14,12.67,96.28,80.54,15.74,2026-01-22
65,Rhode Island,A-10,,16,2,68.5,53.4,15.06,-0.19,3.07,9.39,12.46,100.68,84.21,16.47,2026-01-22
66,Montana State,Big Sky,,13,4,76.6,63.6,13.06,3.71,9.94,2.51,12.45,97.11,82.65,14.46,2026-01-22
67,Texas A&M,SEC,,8,6,65.0,65.1,-0.07,12.06,4.42,7.57,11.99,94.54,80.59,13.94,2026-01-22
68,Missouri,SEC,,13,8,74.9,72.1,2.76,9.18,12.01,-0.07,11.94,105.69,91.39,14.3,2026-01-22
69,South Florida,American,,12,8,71.6,71.0,0.65,11.22,9.93,1.94,11.87,103.41,89.35,14.07,2026-01-22
70,Columbia,Ivy,,12,5,71.4,62.5,8.88,2.96,8.5,3.34,11.84,101.72,87.65,14.07,2026-01-22
71,Santa Clara,WCC,,16,5,81.0,65.6,15.38,1.51,13.81,-2.57,11.24,101.7,88.36,13.34,2026-01-22
72,Rice,American,,16,3,70.1,58.9,11.16,-0.01,4.38,6.76,11.15,97.12,83.26,13.85,2026-01-22
73,Wisconsin,Big Ten,,12,7,71.6,69.1,2.53,8.49,8.8,2.22,11.02,102.41,88.48,13.93,2026-01-22
74,George Mason,A-10,,12,6,69.5,62.0,7.5,3.4,5.42,5.48,10.9,97.12,83.02,14.1,2026-01-22
75,San Diego State,MWC,,14,3,71.2,60.4,10.82,2.67,4.13,6.29,10.42,99.98,86.39,13.59,2026-01-22
76,Georgetown,Big East,,11,7,68.1,59.8,8.33,1.96,4.06,6.24,10.3,98.19,85.03,13.16,2026-01-22
77,Harvard,Ivy,,9,8,64.6,60.1,4.53,5.42,1.79,8.16,9.95,94.52,82.09,12.43,2026-01-22
78,Nevada-Las Vegas,MWC,,12,6,68.5,62.6,5.89,3.39,5.5,3.78,9.28,100.54,88.95,11.59,2026-01-22
79,Florida State,ACC,,6,13,74.4,78.2,-3.84,13.05,13.85,-4.65,9.21,99.89,89.86,10.03,2026-01-22
80,Penn State,Big Ten,,7,12,75.7,82.1,-6.32,15.48,16.95,-7.78,9.17,105.34,94.24,11.09,2026-01-22
81,Ball State,MAC,,14,4,78.4,63.9,14.5,-1.21,9.37,-0.22,9.15,98.61,88.86,9.75,2026-01-22
82,Colorado State,MWC,,15,4,68.3,55.9,12.32,-1.57,1.39,7.54,8.94,99.66,88.06,11.6,2026-01-22
83,Oregon State,WCC,,14,6,67.0,60.5,6.45,4.63,2.11,6.53,8.63,99.01,88.4,10.61,2026-01-22
84,Georgia Tech,ACC,,8,11,66.1,67.2,-1.16,9.7,4.43,4.11,8.54,93.04,83.01,10.04,2026-01-22
85,Saint Joseph's,A-10,,12,6,68.0,56.8,11.22,1.72,0.39,8.14,8.53,95.44,84.65,10.8,2026-01-22
86,Murray State,MVC,,16,2,84.2,73.8,10.33,0.85,17.06,-8.62,8.44,104.14,94.56,9.58,2026-01-22
87,UC Irvine,Big West,,16,2,72.2,56.3,15.89,-7.45,3.63,4.81,8.44,98.62,88.19,10.44,2026-01-22
88,Arkansas State,Sun Belt,,16,4,78.9,67.6,11.3,-0.78,10.72,-2.29,8.43,95.84,87.19,8.65,2026-01-22
89,Creighton,Big East,,8,11,68.9,69.1,-0.16,8.31,6.81,1.35,8.15,100.21,90.38,9.83,2026-01-22
90,Georgia Southern,Sun Belt,,13,5,75.1,65.8,9.33,1.87,4.72,3.39,8.11,100.28,89.88,10.4,2026-01-22
91,Belmont,MVC,,11,8,69.3,68.2,1.05,7.04,4.85,3.25,8.09,97.45,88.13,9.33,2026-01-22
92,North Texas,American,,11,8,71.5,61.9,9.63,4.28,1.89,5.98,7.87,91.59,82.84,8.75,2026-01-22
93,Green Bay,Horizon,,15,5,68.0,57.6,10.45,-0.69,1.08,6.71,7.79,95.39,85.71,9.68,2026-01-22
94,Cincinnati,Big 12,,7,12,70.7,70.6,0.11,8.68,6.7,-0.08,6.62,97.55,90.14,7.41,2026-01-22
95,Arizona,Big 12,,10,8,72.6,68.6,4.0,2.4,8.24,-1.83,6.4,96.97,90.91,6.06,2026-01-22
96,Massachusetts,MAC,,13,3,70.6,59.0,11.56,-5.44,2.63,3.5,6.13,94.24,87.57,6.67,2026-01-22
97,Arkansas,SEC,,11,9,73.7,72.9,0.75,5.37,9.27,-3.15,6.12,95.93,89.74,6.18,2026-01-22
98,Abilene Christian,WAC,,14,5,75.0,57.7,17.32,-3.32,0.59,5.41,5.99,93.84,87.28,6.56,2026-01-22
99,Lindenwood,OVC,,13,6,73.4,60.8,12.58,-1.24,5.06,0.76,5.82,102.15,95.19,6.97,2026-01-22
100,Louisiana Tech,CUSA,,11,5,75.9,62.2,13.75,1.5,5.51,0.28,5.79,100.62,93.61,7.01,2026-01-22
101,Wake Forest,ACC,,12,8,66.3,59.8,6.55,-0.78,0.88,4.89,5.77,94.24,88.05,6.2,2026-01-22
102,Central Michigan,MAC,,10,6,69.2,64.9,4.25,3.02,3.79,1.96,5.75,95.23,89.28,5.96,2026-01-22
103,Miami (OH),MAC,,14,4,70.7,58.6,12.11,-2.17,0.66,4.98,5.64,93.06,86.46,6.6,2026-01-22
104,Marshall,Sun Belt,,15,5,72.4,61.4,11.0,1.09,3.82,1.77,5.59,95.96,90.01,5.94,2026-01-22
105,New Mexico,MWC,,12,7,69.9,63.1,6.89,-1.33,3.35,2.22,5.57,93.95,88.76,5.19,2026-01-22
106,Portland,WCC,,11,8,71.5,61.6,9.95,2.24,3.42,2.12,5.54,91.75,85.75,6.0,2026-01-22
107,UCF,Big 12,,10,8,67.1,61.4,5.67,-0.53,1.19,3.95,5.14,92.32,87.41,4.91,2026-01-22
108,St. John's (NY),Big East,,15,5,63.8,60.5,3.35,1.72,-0.09,5.16,5.07,95.31,90.19,5.12,2026-01-22
109,McNeese State,Southland,,14,4,67.4,52.6,14.83,-3.25,-3.05,8.04,5.0,91.51,85.12,6.39,2026-01-22
110,Quinnipiac,MAAC,,14,4,68.1,52.6,15.5,-10.78,-0.23,4.96,4.72,97.79,91.33,6.47,2026-01-22
111,Northwestern,Big Ten,,8,11,66.1,71.4,-5.32,9.99,5.26,-0.59,4.68,98.37,93.87,4.5,2026-01-22
112,Butler,Big East,,8,11,63.4,65.1,-1.68,6.31,-0.11,4.74,4.63,91.02,87.26,3.76,2026-01-22
113,Northern Iowa,MVC,,9,8,64.5,63.1,1.35,3.26,-2.13,6.74,4.61,88.96,84.53,4.44,2026-01-22
114,Temple,American,,8,10,69.4,70.2,-0.83,5.27,6.18,-1.75,4.44,95.62,91.78,3.85,2026-01-22
115,Grand Canyon,MWC,,6,12,65.8,69.2,-3.39,7.81,4.41,0.01,4.42,94.63,90.3,4.34,2026-01-22
116,UTSA,American,,9,8,61.5,58.3,3.24,3.61,-4.31,8.73,4.42,88.58,83.71,4.87,2026-01-22
117,College of Charleston,CAA,,14,3,78.6,59.5,19.06,-6.14,4.35,-0.09,4.26,96.68,92.4,4.29,2026-01-22
118,Coastal Carolina,Sun Belt,,9,10,74.2,64.2,9.95,0.17,4.57,-0.34,4.23,91.17,87.64,3.53,2026-01-22
119,Illinois State,MVC,,10,8,74.6,68.8,5.78,-1.61,6.6,-2.43,4.16,99.0,95.54,3.46,2026-01-22
120,UC Santa Barbara,Big West,,13,3,70.8,60.2,10.63,-4.84,1.44,2.66,4.1,95.67,91.55,4.12,2026-01-22
121,East Carolina,American,,14,6,73.3,66.3,7.0,-3.13,6.61,-2.75,3.87,94.27,91.14,3.13,2026-01-22
122,Western Illinois,OVC,,15,2,79.1,60.8,18.35,-8.23,6.74,-2.9,3.85,99.64,94.93,4.71,2026-01-22
123,Southern Indiana,OVC,,13,4,70.6,55.6,15.0,-2.45,-0.27,3.75,3.48,91.03,87.02,4.01,2026-01-22
124,High Point,Big South,,16,2,76.4,58.6,17.78,-10.17,4.42,-0.96,3.46,94.75,91.73,3.02,2026-01-22
125,Boise State,MWC,,14,5,71.5,67.3,4.21,-0.67,6.89,-3.56,3.33,98.78,95.8,2.97,2026-01-22
126,Idaho,Big Sky,,13,5,80.7,69.1,11.61,-4.94,11.29,-8.36,2.94,98.53,96.24,2.29,2026-01-22
127,Vermont,AmEast,,15,5,68.5,54.7,13.8,-4.59,-2.54,5.45,2.91,96.5,92.63,3.87,2026-01-22
128,South Dakota,Summit,,14,5,73.9,55.4,18.47,-8.26,-0.69,3.49,2.8,91.08,87.72,3.35,2026-01-22
129,Sam Houston,CUSA,,11,5,65.9,55.7,10.19,0.73,-3.73,6.22,2.49,82.63,81.73,0.91,2026-01-22
130,Eastern Kentucky,A-Sun,,15,4,75.6,60.5,15.11,-8.98,2.97,-0.66,2.31,92.74,91.53,1.21,2026-01-22
131,UC San Diego,Big West,,12,5,70.5,59.2,11.24,-6.65,0.46,1.83,2.29,89.52,87.67,1.85,2026-01-22
132,Central Arkansas,A-Sun,,10,8,71.7,59.6,12.17,-4.33,0.09,2.15,2.23,90.52,88.36,2.15,2026-01-22
133,Middle Tennessee,CUSA,,10,8,60.4,59.5,0.94,1.1,-4.54,6.59,2.05,90.98,89.88,1.09,2026-01-22
134,Old Dominion,Sun Belt,,12,7,68.8,66.1,2.74,3.15,1.24,0.69,1.93,89.06,87.99,1.07,2026-01-22
135,Tulane,American,,8,10,70.1,69.6,0.5,1.42,4.33,-2.41,1.92,94.0,92.73,1.27,2026-01-22
136,Southern Methodist,ACC,,8,11,65.7,70.7,-5.0,6.86,2.54,-0.68,1.86,92.52,91.51,1.01,2026-01-22
137,Rutgers,Big Ten,,9,9,59.6,63.6,-3.94,5.76,-3.98,5.79,1.81,88.29,87.48,0.81,2026-01-22
138,San Francisco,WCC,,11,7,69.4,66.9,2.44,1.55,3.81,-2.03,1.78,89.15,88.12,1.04,2026-01-22
139,Charlotte,American,,9,10,63.4,66.7,-3.26,5.0,0.1,1.63,1.74,91.05,90.12,0.93,2026-01-22
140,Pennsylvania,Ivy,,11,6,65.2,57.1,8.06,-0.22,-2.32,4.03,1.71,90.28,89.67,0.6,2026-01-22
141,Liberty,CUSA,,8,8,67.3,64.2,3.13,3.36,1.71,-0.06,1.65,96.15,95.73,0.42,2026-01-22
142,California Baptist,WAC,,11,8,70.8,66.0,4.79,-3.15,4.15,-2.51,1.64,90.33,90.05,0.28,2026-01-22
143,Tulsa,American,,12,6,71.3,66.8,4.56,-3.08,2.04,-0.56,1.47,90.81,90.46,0.35,2026-01-22
144,Loyola Marymount,WCC,,11,7,69.3,63.1,6.22,-1.98,2.57,-1.13,1.44,97.36,96.47,0.89,2026-01-22
145,Pepperdine,WCC,,11,8,68.5,65.8,2.63,0.22,2.27,-0.94,1.33,93.5,93.08,0.41,2026-01-22
146,Missouri State,CUSA,,12,6,66.7,63.9,2.83,-1.55,-0.92,2.21,1.29,88.25,88.01,0.24,2026-01-22
147,Purdue Fort Wayne,Horizon,,11,8,69.1,62.2,6.89,-2.06,0.59,0.57,1.16,89.72,89.4,0.32,2026-01-22
148,Hawaii,Big West,,8,9,62.5,60.9,1.59,0.53,-3.09,4.16,1.07,89.57,88.97,0.6,2026-01-22
149,Providence,Big East,,10,11,59.2,62.4,-3.19,4.07,-3.97,4.85,0.88,87.15,87.65,-0.5,2026-01-22
150,Army,Patriot,,14,3,68.2,57.3,10.88,-8.68,-1.09,1.72,0.63,94.6,94.78,-0.18,2026-01-22
151,Austin Peay,A-Sun,,11,5,66.8,55.1,11.69,-5.52,-6.97,7.38,0.41,87.36,87.79,-0.43,2026-01-22
152,Saint Mary's (CA),WCC,,11,9,59.1,58.1,1.05,2.38,-5.69,6.06,0.38,87.89,89.12,-1.23,2026-01-22
153,Southern Mississippi,Sun Belt,,11,7,78.4,72.9,5.44,-0.38,8.19,-7.82,0.37,97.5,98.48,-0.98,2026-01-22
154,Idaho State,Big Sky,,11,6,64.4,58.1,6.29,-3.08,-6.96,7.32,0.36,84.68,84.86,-0.18,2026-01-22
155,UAB,American,,7,12,70.3,69.4,0.95,-0.82,3.16,-2.82,0.34,95.39,96.04,-0.65,2026-01-22
156,Florida Gulf Coast,A-Sun,,9,8,63.3,59.8,3.53,5.45,-5.8,5.72,-0.08,87.89,89.64,-1.75,2026-01-22
157,Fresno State,MWC,,10,9,63.9,59.2,4.79,-2.44,-3.65,3.54,-0.1,87.91,88.87,-0.96,2026-01-22
158,Appalachian State,Sun Belt,,8,9,64.8,58.3,6.53,0.89,-4.31,4.2,-0.11,91.87,94.06,-2.19,2026-01-22
159,Navy,Patriot,,10,6,72.1,64.4,7.63,-6.17,4.17,-4.54,-0.37,94.55,96.69,-2.14,2026-01-22
160,Oral Roberts,Summit,,11,8,77.9,74.6,3.26,2.48,10.06,-10.52,-0.46,95.13,97.16,-2.03,2026-01-22
161,Houston,Big 12,,6,12,60.8,70.3,-9.5,8.97,-1.85,1.32,-0.53,85.14,86.55,-1.42,2026-01-22
162,Bradley,MVC,,11,7,72.1,65.9,6.17,-3.48,0.71,-1.25,-0.54,91.62,93.24,-1.62,2026-01-22
163,Xavier,Big East,,10,9,60.6,64.1,-3.53,2.86,-4.48,3.81,-0.67,88.36,90.69,-2.33,2026-01-22
164,UC Davis,Big West,,12,6,69.0,63.8,5.22,-2.38,1.2,-2.02,-0.82,91.85,95.23,-3.38,2026-01-22
165,Northern Colorado,Big Sky,,14,6,71.5,60.7,10.85,-3.42,-0.57,-0.27,-0.83,89.88,91.7,-1.82,2026-01-22
166,South Alabama,Sun Belt,,9,8,70.6,67.7,2.94,-3.86,1.04,-1.96,-0.92,90.88,93.39,-2.51,2026-01-22
167,Brown,Ivy,,11,5,65.0,56.2,8.81,-6.92,-2.65,1.66,-0.99,86.79,90.5,-3.7,2026-01-22
168,George Washington,A-10,,10,10,62.7,60.6,2.15,-1.34,-4.13,3.0,-1.13,90.97,93.73,-2.76,2026-01-22
169,Kent State,MAC,,8,10,70.1,67.6,2.5,2.54,0.35,-1.5,-1.15,91.77,94.85,-3.08,2026-01-22
170,Cleveland State,Horizon,,15,5,72.2,58.1,14.05,-10.81,-1.41,0.1,-1.31,90.85,93.94,-3.09,2026-01-22
171,Louisiana-Monroe,Sun Belt,,8,9,65.5,67.1,-1.53,0.11,-0.93,-0.5,-1.42,88.45,91.21,-2.76,2026-01-22
172,Jacksonville,A-Sun,,11,6,72.1,68.5,3.59,-2.31,5.38,-6.89,-1.51,90.25,94.04,-3.79,2026-01-22
173,FDU,NEC,,15,4,66.9,53.3,13.58,-11.11,-6.17,4.47,-1.7,91.03,93.52,-2.48,2026-01-22
174,Toledo,MAC,,8,8,65.5,64.0,1.5,-2.53,-2.18,0.45,-1.73,90.72,94.2,-3.48,2026-01-22
175,Howard,MEAC,,13,7,64.8,63.1,1.7,-3.56,-1.88,0.02,-1.86,87.12,91.8,-4.68,2026-01-22
176,Bryant,AmEast,,14,5,67.9,54.0,13.95,-11.87,-3.13,1.26,-1.87,88.69,92.11,-3.43,2026-01-22
177,Albany (NY),AmEast,,11,7,60.3,54.7,5.56,-4.72,-7.4,5.45,-1.95,92.08,95.82,-3.74,2026-01-22
178,Saint Louis,A-10,,10,10,69.7,67.4,2.3,-0.34,0.47,-2.55,-2.07,86.09,90.34,-4.25,2026-01-22
179,Eastern Michigan,MAC,,8,9,69.2,68.4,0.82,0.06,1.41,-3.73,-2.31,93.43,97.92,-4.49,2026-01-22
180,Northern Kentucky,Horizon,,10,11,67.0,69.6,-2.62,0.24,1.02,-3.4,-2.38,90.94,95.43,-4.49,2026-01-22
181,Ohio,MAC,,11,5,74.2,70.1,4.13,-4.7,5.06,-7.49,-2.43,89.85,95.11,-5.26,2026-01-22
182,La Salle,A-10,,10,8,63.7,64.0,-0.33,-0.28,-3.18,0.61,-2.57,83.47,88.89,-5.42,2026-01-22
183,Longwood,Big South,,13,5,79.4,65.2,14.22,-5.7,3.41,-6.11,-2.7,88.4,95.25,-6.85,2026-01-22
184,Binghamton,AmEast,,12,6,69.4,64.2,5.22,-2.49,1.47,-4.27,-2.8,93.78,98.56,-4.78,2026-01-22
185,Washington State,WCC,,4,17,62.3,74.0,-11.71,8.83,-0.9,-1.99,-2.89,90.99,96.72,-5.73,2026-01-22
186,Maine,AmEast,,9,10,61.1,61.7,-0.63,-2.35,-4.2,1.22,-2.98,86.64,92.67,-6.03,2026-01-22
187,Holy Cross,Patriot,,10,7,59.4,59.7,-0.29,-2.7,-6.48,3.49,-2.99,82.45,88.47,-6.02,2026-01-22
188,Drexel,CAA,,9,7,64.6,58.7,5.94,-5.7,-4.15,0.98,-3.17,92.8,98.57,-5.77,2026-01-22
189,Lamar,Southland,,10,6,64.9,59.3,5.63,-7.18,-3.71,0.47,-3.24,87.83,93.13,-5.3,2026-01-22
190,Virginia Commonwealth,A-10,,6,13,57.5,66.5,-9.0,5.51,-5.58,2.08,-3.49,83.4,89.53,-6.13,2026-01-22
191,Youngstown State,Horizon,,13,6,68.3,58.5,9.84,-6.0,-5.11,1.4,-3.71,86.89,93.53,-6.65,2026-01-22
192,UT Arlington,WAC,,8,10,60.4,64.8,-4.39,0.45,-4.53,0.58,-3.94,82.57,87.7,-5.13,2026-01-22
193,Dayton,A-10,,9,9,65.4,67.3,-1.94,-2.06,-1.26,-2.75,-4.0,89.3,96.95,-7.65,2026-01-22
194,Stephen F. Austin,Southland,,13,5,77.4,69.4,8.0,-8.64,6.73,-10.75,-4.02,90.87,97.94,-7.07,2026-01-22
195,Loyola (IL),A-10,,7,11,54.7,62.2,-7.5,3.45,-8.9,4.86,-4.05,82.69,90.48,-7.79,2026-01-22
196,Tennessee Tech,OVC,,10,7,68.0,63.1,4.94,-5.72,-1.87,-2.51,-4.39,89.53,96.77,-7.25,2026-01-22
197,Georgia State,Sun Belt,,8,11,69.5,72.4,-2.95,3.39,2.13,-6.68,-4.55,90.43,98.16,-7.73,2026-01-22
198,Bowling Green,MAC,,10,7,71.4,64.6,6.82,0.76,-1.86,-2.76,-4.62,86.71,94.03,-7.32,2026-01-22
199,Florida International,CUSA,,10,6,76.2,68.6,7.63,-6.65,4.12,-8.77,-4.65,88.01,96.13,-8.13,2026-01-22
200,Utah Valley,WAC,,9,8,63.1,59.6,3.41,-2.68,-6.06,1.32,-4.74,80.48,88.47,-7.99,2026-01-22
201,Pacific,WCC,,7,11,64.9,67.1,-2.17,1.48,-2.29,-2.46,-4.75,90.22,98.21,-7.99,2026-01-22
202,Cal State Fullerton,Big West,,9,9,71.3,64.8,6.56,-4.86,1.02,-5.89,-4.86,84.45,92.51,-8.07,2026-01-22
203,Southern,SWAC,,8,8,59.3,63.4,-4.13,5.36,-7.4,2.4,-5.0,83.43,92.27,-8.84,2026-01-22
204,Lehigh,Patriot,,8,8,66.2,68.3,-2.06,-2.98,1.18,-6.22,-5.04,94.55,103.19,-8.63,2026-01-22
205,Nevada,MWC,,7,11,55.2,58.3,-3.17,-0.71,-10.17,5.11,-5.06,80.17,88.84,-8.66,2026-01-22
206,DePaul,Big East,,4,16,62.2,73.0,-10.75,5.56,-0.83,-4.36,-5.19,86.81,95.32,-8.51,2026-01-22
207,Chattanooga,Southern,,11,5,65.4,59.0,6.38,-5.45,-6.0,0.76,-5.24,87.31,95.19,-7.88,2026-01-22
208,UC Riverside,Big West,,6,11,61.5,61.8,-0.35,-1.04,-7.93,2.63,-5.31,81.91,90.49,-8.58,2026-01-22
209,Illinois-Chicago,MVC,,8,10,62.9,63.4,-0.44,-5.02,-5.9,0.44,-5.47,88.97,98.09,-9.12,2026-01-22
210,West Georgia,A-Sun,,12,5,74.0,63.8,10.24,-8.44,0.8,-6.31,-5.51,90.09,99.1,-9.01,2026-01-22
211,Boston College,ACC,,4,17,62.7,73.8,-11.14,5.62,0.0,-5.52,-5.53,91.32,101.34,-10.02,2026-01-22
212,Delaware,CUSA,,7,10,66.8,66.8,0.0,-4.03,-1.28,-4.25,-5.53,84.93,94.06,-9.14,2026-01-22
213,Tarleton State,WAC,,9,8,67.2,65.5,1.71,-2.53,-2.85,-2.82,-5.67,87.4,95.92,-8.52,2026-01-22
214,Monmouth,CAA,,12,5,65.4,57.0,8.41,-7.34,-7.4,1.64,-5.76,83.99,92.84,-8.85,2026-01-22
215,Southern Utah,WAC,,11,7,74.5,67.4,7.11,-4.91,0.01,-5.78,-5.77,89.76,99.08,-9.32,2026-01-22
216,NJIT,AmEast,,13,6,68.7,65.4,3.37,-9.16,1.63,-7.42,-5.8,92.3,101.92,-9.62,2026-01-22
217,Air Force,MWC,,8,10,58.4,60.2,-1.78,-3.97,-8.42,2.51,-5.91,82.6,92.19,-9.59,2026-01-22
218,Eastern Washington,Big Sky,,9,9,68.0,66.5,1.5,-1.56,-1.12,-4.82,-5.94,84.34,93.78,-9.44,2026-01-22
219,Little Rock,OVC,,9,9,58.8,59.9,-1.17,0.23,-10.9,4.88,-6.02,78.82,88.14,-9.32,2026-01-22
220,Drake,MVC,,5,12,68.5,76.7,-8.18,2.15,1.11,-7.14,-6.03,91.76,101.43,-9.67,2026-01-22
221,Fordham,A-10,,9,9,65.7,64.7,0.94,-6.56,-1.51,-4.58,-6.09,85.23,95.42,-10.19,2026-01-22
222,Sacramento State,Big Sky,,9,9,65.8,59.3,6.5,-4.46,-8.09,1.88,-6.21,81.74,91.59,-9.86,2026-01-22
223,Stetson,A-Sun,,10,7,69.9,64.9,5.06,-4.47,-0.48,-6.0,-6.47,90.64,100.98,-10.34,2026-01-22
224,Duquesne,A-10,,7,11,65.6,63.6,2.0,-3.5,-5.51,-0.99,-6.5,79.44,90.73,-11.29,2026-01-22
225,Tennessee-Martin,OVC,,10,8,66.2,62.6,3.61,-2.98,-5.45,-1.06,-6.51,85.02,95.71,-10.69,2026-01-22
226,Jacksonville State,CUSA,,9,8,65.5,57.6,7.88,-5.99,-7.09,0.53,-6.56,87.85,98.19,-10.34,2026-01-22
227,Memphis,American,,7,12,66.7,70.4,-3.74,-0.28,-1.25,-5.41,-6.67,79.31,89.1,-9.79,2026-01-22
228,Northwestern State,Southland,,9,8,63.6,62.7,0.88,0.92,-7.72,1.04,-6.68,82.96,93.55,-10.58,2026-01-22
229,Robert Morris,Horizon,,12,6,66.1,60.4,5.61,-8.28,-5.46,-1.38,-6.84,86.19,97.03,-10.84,2026-01-22
230,Morehead State,OVC,,10,9,65.6,67.2,-1.63,-0.81,-4.11,-2.81,-6.92,85.6,96.03,-10.43,2026-01-22
231,Pittsburgh,ACC,,8,12,62.4,66.9,-4.55,-2.64,-5.4,-1.71,-7.11,83.18,94.57,-11.4,2026-01-22
232,Alabama A&M,SWAC,,8,9,61.2,60.5,0.71,0.03,-7.97,0.79,-7.19,81.92,92.52,-10.6,2026-01-22
233,William & Mary,CAA,,8,8,61.6,62.1,-0.56,-5.38,-6.86,-0.38,-7.24,84.06,95.67,-11.62,2026-01-22
234,Maryland-Baltimore County,AmEast,,8,9,64.9,59.2,5.76,-5.67,-8.18,0.84,-7.33,80.63,92.2,-11.56,2026-01-22
235,Campbell,CAA,,11,8,62.5,56.9,5.63,-6.53,-10.17,2.75,-7.42,82.85,95.59,-12.74,2026-01-22
236,Northern Arizona,Big Sky,,7,13,71.7,73.4,-1.7,-1.08,2.51,-10.09,-7.58,89.43,101.01,-11.58,2026-01-22
237,St. Bonaventure,A-10,,12,7,62.9,59.3,3.58,-8.8,-7.75,0.06,-7.69,82.45,94.6,-12.16,2026-01-22
238,Stony Brook,CAA,,10,9,58.4,56.2,2.16,-3.82,-12.96,5.2,-7.76,78.57,91.34,-12.76,2026-01-22
239,St. Thomas,Summit,,9,10,64.8,60.9,3.89,-3.46,-7.95,0.17,-7.78,83.25,95.97,-12.72,2026-01-22
240,Towson,CAA,,10,7,67.8,67.0,0.76,-4.73,-0.69,-7.16,-7.85,86.14,98.47,-12.33,2026-01-22
241,Kennesaw State,CUSA,,8,8,65.1,61.3,3.75,-2.05,-4.94,-3.12,-8.05,84.17,96.05,-11.88,2026-01-22
242,Wofford,Southern,,9,9,68.1,63.2,4.89,-3.63,-5.01,-3.22,-8.23,86.41,99.39,-12.98,2026-01-22
243,Elon,CAA,,7,10,64.5,63.8,0.71,-5.17,-5.59,-2.65,-8.24,83.52,95.86,-12.34,2026-01-22
244,Florida Atlantic,American,,8,11,62.8,68.2,-5.42,-0.13,-4.18,-4.07,-8.25,83.01,96.58,-13.56,2026-01-22
245,Utah State,MWC,,6,11,62.1,67.2,-5.18,0.6,-4.97,-3.37,-8.34,85.35,98.1,-12.75,2026-01-22
246,Maryland-Eastern Shore,MEAC,,11,10,63.7,67.3,-3.62,-0.76,-3.65,-4.73,-8.39,83.66,96.9,-13.24,2026-01-22
247,UNC Greensboro,Southern,,12,7,68.5,54.5,13.95,-6.84,-9.66,1.22,-8.44,84.79,98.13,-13.34,2026-01-22
248,Kansas City,Summit,,6,13,70.8,68.7,2.11,0.41,-3.13,-5.4,-8.53,88.37,102.0,-13.63,2026-01-22
249,Mercer,Southern,,12,6,66.9,62.0,4.89,-10.44,-3.87,-5.13,-9.0,83.12,97.25,-14.13,2026-01-22
250,IU Indy,Horizon,,7,11,65.8,67.2,-1.44,-2.94,-5.38,-3.87,-9.25,80.96,94.65,-13.69,2026-01-22
251,Texas State,Sun Belt,,7,10,62.4,63.1,-0.76,-2.66,-8.72,-0.68,-9.4,79.76,93.43,-13.68,2026-01-22
252,Texas-Rio Grande Valley,Southland,,9,9,65.4,68.6,-3.17,-0.25,-2.85,-6.71,-9.56,85.7,99.46,-13.76,2026-01-22
253,Furman,Southern,,11,8,71.2,62.2,9.05,-2.86,-2.63,-6.96,-9.59,80.96,95.13,-14.18,2026-01-22
254,Norfolk State,MEAC,,8,11,61.7,61.7,0.0,0.66,-10.11,0.51,-9.6,75.33,90.84,-15.51,2026-01-22
255,Incarnate Word,Southland,,8,8,62.6,69.6,-7.0,0.6,-4.34,-5.27,-9.61,88.03,101.71,-13.68,2026-01-22
256,Montana,Big Sky,,4,13,62.5,73.5,-11.0,4.31,-3.81,-5.88,-9.69,88.59,103.63,-15.04,2026-01-22
257,UTEP,CUSA,,9,8,67.3,68.1,-0.82,-3.19,-2.52,-7.21,-9.73,84.8,99.69,-14.89,2026-01-22
258,Wyoming,MWC,,5,12,53.9,62.1,-8.18,1.04,-11.3,1.33,-9.97,81.94,98.72,-16.79,2026-01-22
259,East Tennessee State,Southern,,7,11,56.4,59.5,-3.11,-2.62,-12.06,2.01,-10.05,79.52,94.98,-15.46,2026-01-22
260,North Carolina A&T,CAA,,7,9,63.3,62.4,0.81,3.43,-5.83,-4.24,-10.07,82.17,97.52,-15.35,2026-01-22
261,Merrimack,MAAC,,8,9,66.9,66.7,0.18,-7.08,-2.76,-7.32,-10.08,82.33,98.12,-15.79,2026-01-22
262,Wichita State,American,,4,16,59.7,66.5,-6.8,-0.13,-9.46,-0.67,-10.13,78.13,93.0,-14.86,2026-01-22
263,Weber State,Big Sky,,6,13,64.6,67.3,-2.68,-0.09,-5.38,-5.09,-10.47,82.96,98.31,-15.35,2026-01-22
264,Radford,Big South,,11,9,63.6,61.4,2.2,-8.24,-8.63,-1.89,-10.52,76.59,92.4,-15.81,2026-01-22
265,North Alabama,A-Sun,,8,9,63.7,64.6,-0.94,-5.36,-7.05,-3.5,-10.56,80.84,96.81,-15.97,2026-01-22
266,Oakland,Horizon,,6,12,62.4,71.8,-9.44,2.83,-3.24,-7.34,-10.58,85.95,101.43,-15.48,2026-01-22
267,Utah Tech,WAC,,6,10,63.9,68.1,-4.19,-5.7,-5.77,-5.14,-10.9,81.44,97.54,-16.11,2026-01-22
268,San Diego,WCC,,7,13,55.5,61.9,-6.4,-1.12,-12.78,1.3,-11.49,76.61,94.43,-17.82,2026-01-22
269,Marist,MAAC,,6,13,57.9,66.9,-9.0,-2.81,-7.32,-4.49,-11.81,81.05,99.21,-18.16,2026-01-22
270,Western Michigan,MAC,,5,11,56.1,68.1,-12.0,0.03,-11.29,-0.68,-11.97,76.96,94.56,-17.59,2026-01-22
271,Nicholls State,Southland,,8,8,66.6,65.6,1.06,-10.09,-7.29,-4.79,-12.09,80.32,97.18,-16.86,2026-01-22
272,Siena,MAAC,,7,11,66.4,65.1,1.33,-13.44,-2.82,-9.29,-12.11,76.95,97.93,-20.98,2026-01-22
273,SIU Edwardsville,OVC,,8,10,61.5,58.9,2.61,-6.18,-12.41,0.29,-12.12,78.32,96.88,-18.57,2026-01-22
274,Loyola (MD),Patriot,,8,9,55.7,61.4,-5.65,-6.68,-11.74,-0.59,-12.33,81.07,100.71,-19.64,2026-01-22
275,Southeast Missouri State,OVC,,6,12,66.8,68.4,-1.61,-3.75,-4.57,-7.93,-12.5,82.2,100.12,-17.92,2026-01-22
276,Cal State Bakersfield,Big West,,6,12,61.7,68.1,-6.33,-5.11,-6.04,-6.48,-12.52,81.48,99.16,-17.68,2026-01-22
277,Western Kentucky,CUSA,,5,12,58.3,65.0,-6.71,-2.57,-10.65,-2.05,-12.7,80.51,100.31,-19.8,2026-01-22
278,Mount St. Mary's,MAAC,,9,9,60.0,61.9,-1.94,-10.76,-10.39,-2.32,-12.71,74.98,94.2,-19.22,2026-01-22
279,New Mexico State,CUSA,,7,11,59.1,66.9,-7.83,0.14,-7.26,-5.53,-12.79,78.43,96.98,-18.55,2026-01-22
280,Yale,Ivy,,5,12,59.9,68.5,-8.59,-4.23,-6.18,-6.64,-12.82,79.56,99.25,-19.69,2026-01-22
281,Jackson State,SWAC,,4,13,60.2,67.6,-7.41,-0.21,-9.32,-3.58,-12.9,80.44,99.46,-19.03,2026-01-22
282,Hampton,CAA,,8,9,64.4,62.1,2.35,-7.48,-7.54,-5.51,-13.05,83.39,103.24,-19.85,2026-01-22
283,Long Island University,NEC,,10,7,69.9,60.6,9.29,-15.67,-5.34,-7.73,-13.07,82.03,102.17,-20.15,2026-01-22
284,Akron,MAC,,3,15,69.8,76.4,-6.61,1.5,-0.78,-12.53,-13.31,85.16,104.08,-18.92,2026-01-22
285,Boston University,Patriot,,5,12,57.5,60.5,-2.94,-5.96,-12.14,-1.38,-13.52,82.85,105.09,-22.24,2026-01-22
286,East Texas A&M,Southland,,7,9,66.1,67.2,-1.13,-4.89,-7.93,-5.67,-13.6,80.71,99.69,-18.99,2026-01-22
287,Coppin State,MEAC,,4,16,55.0,71.2,-16.2,5.17,-10.88,-2.73,-13.62,74.04,92.88,-18.84,2026-01-22
288,Milwaukee,Horizon,,6,14,59.8,65.4,-5.65,-4.41,-8.7,-4.93,-13.63,80.79,101.64,-20.86,2026-01-22
289,Lipscomb,A-Sun,,6,11,61.0,64.2,-3.24,-4.42,-11.41,-2.28,-13.69,76.13,96.6,-20.47,2026-01-22
290,Detroit Mercy,Horizon,,4,14,61.9,71.9,-9.94,-3.72,-7.07,-6.83,-13.89,79.99,100.46,-20.47,2026-01-22
291,Manhattan,MAAC,,5,13,55.1,65.6,-10.5,-3.51,-11.76,-2.25,-14.01,73.69,94.17,-20.48,2026-01-22
292,Northeastern,CAA,,6,10,62.2,67.6,-5.44,-8.58,-6.03,-7.98,-14.01,82.17,103.64,-21.47,2026-01-22
293,Denver,Summit,,7,11,59.6,67.1,-7.5,0.13,-11.21,-2.86,-14.07,77.95,100.17,-22.22,2026-01-22
294,Houston Christian,Southland,,5,11,63.2,68.9,-5.69,-1.7,-8.43,-5.7,-14.13,78.05,98.76,-20.71,2026-01-22
295,Eastern Illinois,OVC,,3,16,57.9,72.3,-14.32,0.06,-9.15,-5.1,-14.25,76.89,97.15,-20.27,2026-01-22
296,Southern Illinois,MVC,,5,12,65.6,70.5,-4.88,-3.92,-5.55,-8.7,-14.25,82.97,104.05,-21.09,2026-01-22
297,Iona,MAAC,,11,8,60.3,60.1,0.16,-13.7,-10.54,-3.83,-14.37,78.29,99.96,-21.67,2026-01-22
298,New Hampshire,AmEast,,6,12,58.8,62.5,-3.67,-4.83,-9.33,-5.06,-14.39,80.87,103.32,-22.45,2026-01-22
299,Dartmouth,Ivy,,9,8,59.3,56.3,3.0,-7.54,-14.22,-0.18,-14.4,78.67,101.65,-22.98,2026-01-22
300,Samford,Southern,,8,12,61.1,68.8,-7.7,0.06,-6.85,-7.62,-14.47,84.4,106.99,-22.58,2026-01-22
301,Portland State,Big Sky,,5,12,65.7,73.5,-7.82,-4.03,-2.72,-11.94,-14.66,86.12,107.68,-21.57,2026-01-22
302,Evansville,MVC,,4,14,63.5,74.2,-10.72,-3.97,-5.57,-9.12,-14.69,80.79,101.6,-20.81,2026-01-22
303,Lafayette,Patriot,,7,10,61.6,65.3,-3.71,-11.18,-6.98,-7.91,-14.89,83.95,106.62,-22.67,2026-01-22
304,Alcorn State,SWAC,,7,9,53.4,63.1,-9.63,3.18,-16.43,1.54,-14.9,73.1,95.83,-22.73,2026-01-22
305,Indiana State,MVC,,6,11,72.8,79.7,-6.88,-4.44,3.78,-18.78,-15.01,86.04,106.02,-19.98,2026-01-22
306,Hofstra,CAA,,3,14,52.4,65.1,-12.76,0.59,-14.23,-0.99,-15.22,75.79,100.26,-24.47,2026-01-22
307,Buffalo,MAC,,2,15,58.2,70.5,-12.35,-2.93,-8.97,-6.32,-15.28,75.42,97.33,-21.91,2026-01-22
308,Cal State Northridge,Big West,,6,11,66.0,66.8,-0.82,-4.5,-8.33,-7.3,-15.63,76.44,98.13,-21.68,2026-01-22
309,Sacred Heart,MAAC,,8,10,57.9,62.3,-4.39,-10.37,-11.84,-3.88,-15.73,77.54,101.47,-23.93,2026-01-22
310,Bucknell,Patriot,,5,12,53.8,58.6,-4.76,-6.26,-16.53,0.46,-16.07,72.47,97.46,-24.98,2026-01-22
311,North Florida,A-Sun,,6,11,61.4,72.4,-11.0,-2.59,-6.96,-9.23,-16.19,80.55,103.69,-23.14,2026-01-22
312,American,Patriot,,4,13,56.1,66.1,-10.0,-6.42,-10.39,-6.03,-16.42,78.49,104.46,-25.97,2026-01-22
313,Cornell,Ivy,,7,10,55.4,58.6,-3.24,-8.18,-16.47,-0.09,-16.56,76.94,103.18,-26.24,2026-01-22
314,Wright State,Horizon,,6,14,67.0,71.4,-4.4,-5.69,-5.59,-11.27,-16.86,82.49,107.17,-24.67,2026-01-22
315,Winthrop,Big South,,10,10,65.7,68.2,-2.45,-5.02,-6.13,-10.83,-16.96,80.96,105.08,-24.12,2026-01-22
316,San Jose State,MWC,,2,17,56.8,72.5,-15.68,1.78,-8.5,-8.66,-17.16,75.48,99.43,-23.94,2026-01-22
317,Alabama State,SWAC,,5,11,54.9,69.8,-14.88,3.49,-12.95,-4.94,-17.89,70.35,95.08,-24.73,2026-01-22
318,Charleston Southern,Big South,,5,14,58.9,72.1,-13.16,-2.99,-9.78,-8.27,-18.04,79.33,106.49,-27.16,2026-01-22
319,Colgate,Patriot,,5,12,54.3,65.5,-11.18,-5.09,-13.91,-4.37,-18.28,73.93,102.2,-28.27,2026-01-22
320,Northern Illinois,MAC,,3,14,54.5,68.6,-14.06,-4.29,-15.14,-3.21,-18.35,74.16,101.68,-27.52,2026-01-22
321,Texas Southern,SWAC,,8,10,66.6,72.0,-5.44,1.18,-6.79,-11.68,-18.47,77.2,101.82,-24.62,2026-01-22
322,UNC Wilmington,CAA,,5,12,63.1,69.9,-6.88,-8.75,-7.81,-10.69,-18.5,79.84,106.74,-26.9,2026-01-22
323,North Carolina Central,MEAC,,3,14,60.8,74.5,-13.76,-0.23,-7.83,-10.96,-18.79,73.72,98.37,-24.65,2026-01-22
324,Texas A&M-Corpus Christi,Southland,,3,13,58.1,68.0,-9.88,-3.88,-14.22,-4.86,-19.08,74.58,102.57,-27.99,2026-01-22
325,North Dakota,Summit,,4,14,57.1,68.6,-11.5,-2.18,-11.44,-7.92,-19.37,71.85,98.52,-26.67,2026-01-22
326,Gardner-Webb,Big South,,6,13,54.7,63.9,-9.26,-10.13,-14.52,-4.87,-19.39,75.18,103.76,-28.57,2026-01-22
327,Tennessee State,OVC,,3,14,59.5,77.1,-17.59,-1.81,-5.92,-13.47,-19.4,78.22,104.92,-26.69,2026-01-22
328,Grambling,SWAC,,5,13,63.1,66.9,-3.83,-3.7,-10.28,-9.16,-19.44,73.85,101.22,-27.37,2026-01-22
329,Rider,MAAC,,4,14,54.6,65.5,-10.89,-8.7,-14.96,-4.64,-19.59,73.79,103.25,-29.46,2026-01-22
330,Louisiana,Sun Belt,,1,17,56.6,72.9,-16.39,0.36,-13.43,-6.72,-20.15,71.82,99.59,-27.77,2026-01-22
331,UNC Asheville,Big South,,7,12,63.2,60.4,2.79,-12.86,-14.64,-5.66,-20.3,69.89,99.12,-29.24,2026-01-22
332,Wagner,NEC,,7,10,56.8,60.9,-4.18,-9.89,-16.51,-4.05,-20.56,67.39,97.43,-30.04,2026-01-22
333,Seattle,WCC,,5,13,63.3,74.5,-11.22,-2.33,-8.46,-12.44,-20.9,76.88,106.36,-29.49,2026-01-22
334,New Haven,NEC,,5,12,58.1,58.8,-0.71,-13.5,-17.49,-3.81,-21.3,72.67,105.31,-32.64,2026-01-22
335,Long Beach State,Big West,,2,15,52.0,73.3,-21.29,1.04,-13.58,-8.39,-21.97,72.51,104.4,-31.89,2026-01-22
336,Cal Poly,Big West,,3,14,58.2,74.9,-16.71,2.58,-7.46,-14.76,-22.22,79.38,110.92,-31.54,2026-01-22
337,Southeastern Louisiana,Southland,,2,14,60.8,79.8,-19.06,1.71,-9.16,-13.2,-22.36,80.61,112.83,-32.22,2026-01-22
338,Massachusetts-Lowell,AmEast,,6,12,59.6,64.8,-5.17,-8.77,-13.64,-8.93,-22.57,77.1,112.5,-35.4,2026-01-22
339,Stonehill,NEC,,6,11,59.6,66.2,-6.65,-12.7,-12.74,-9.84,-22.58,76.27,108.7,-32.43,2026-01-22
340,South Carolina Upstate,Big South,,6,13,58.9,63.6,-4.74,-7.5,-16.07,-6.68,-22.75,69.57,104.3,-34.73,2026-01-22
341,Western Carolina,Southern,,3,15,60.2,68.7,-8.5,-4.13,-13.55,-9.37,-22.93,71.65,105.05,-33.4,2026-01-22
342,Canisius,MAAC,,3,14,55.0,70.7,-15.71,-7.29,-14.23,-8.77,-23.0,73.28,106.87,-33.59,2026-01-22
343,Delaware State,MEAC,,3,16,54.1,66.5,-12.47,-3.72,-16.74,-6.3,-23.03,68.31,102.28,-33.97,2026-01-22
344,Arkansas-Pine Bluff,SWAC,,6,10,56.1,70.1,-14.0,-5.93,-14.15,-8.98,-23.13,74.38,106.62,-32.24,2026-01-22
345,New Orleans,Southland,,1,16,62.9,84.4,-21.47,-1.12,-5.23,-18.2,-23.43,75.98,106.43,-30.45,2026-01-22
346,Morgan State,MEAC,,3,17,53.1,73.6,-20.55,0.47,-14.07,-9.57,-23.65,73.51,109.25,-35.74,2026-01-22
347,Queens (NC),A-Sun,,7,10,59.5,67.5,-7.94,-8.99,-14.83,-9.29,-24.12,71.26,103.48,-32.22,2026-01-22
348,Florida A&M,SWAC,,4,12,57.4,73.8,-16.38,-6.42,-13.4,-10.89,-24.29,72.38,105.01,-32.63,2026-01-22
349,Chicago State,NEC,,3,16,56.7,75.9,-19.16,-5.16,-11.19,-13.13,-24.31,72.45,106.02,-33.56,2026-01-22
350,Mercyhurst,NEC,,4,13,59.4,79.1,-19.71,-5.07,-7.89,-16.89,-24.77,80.66,116.43,-35.77,2026-01-22
351,Saint Peter's,MAAC,,4,14,51.1,65.3,-14.28,-7.17,-19.42,-5.92,-25.34,68.71,107.46,-38.74,2026-01-22
352,South Carolina State,MEAC,,5,14,57.5,68.1,-10.58,-6.64,-16.19,-10.16,-26.34,69.54,107.03,-37.5,2026-01-22
353,Bethune-Cookman,SWAC,,3,15,55.5,72.4,-16.94,-4.51,-17.18,-9.26,-26.44,69.31,106.51,-37.2,2026-01-22
354,Saint Francis (PA),NEC,,2,15,55.9,72.2,-16.29,-11.28,-13.44,-15.03,-28.47,70.51,111.42,-40.91,2026-01-22
355,Bellarmine,A-Sun,,2,17,52.3,80.2,-27.89,2.23,-14.04,-14.62,-28.66,70.36,109.88,-39.51,2026-01-22
356,Omaha,Summit,,2,19,54.4,79.4,-25.0,1.5,-15.48,-13.29,-28.77,70.39,111.48,-41.09,2026-01-22
357,Prairie View,SWAC,,2,15,55.3,77.6,-22.35,-2.22,-12.36,-16.53,-28.89,68.47,106.05,-37.58,2026-01-22
358,Le Moyne,NEC,,5,14,56.0,75.1,-19.11,-8.15,-13.15,-15.84,-28.99,75.06,118.18,-43.12,2026-01-22
359,Valparaiso,MVC,,0,19,54.3,80.1,-25.79,-4.8,-14.13,-16.46,-30.58,66.26,106.68,-40.42,2026-01-22
360,Mississippi Valley State,SWAC,,4,13,57.2,85.3,-28.06,-3.3,-10.55,-20.81,-31.36,70.23,110.91,-40.69,2026-01-22
361,Central Connecticut State,NEC,,0,17,52.2,73.5,-21.29,-10.96,-17.81,-14.45,-32.26,65.24,111.62,-46.38,2026-01-22
362,Presbyterian,Big South,,2,16,53.2,72.7,-19.5,-6.32,-20.79,-13.97,-34.76,63.54,113.04,-49.5,2026-01-22
363,Niagara,MAAC,,0,17,50.9,82.1,-31.18,-7.02,-17.34,-20.86,-38.2,61.84,111.94,-50.11,2026-01-22
1,Connecticut,Big East,1.0,20,0,89.8,51.0,38.8,15.53,30.74,23.59,54.33,129.01,58.0,71.01,2026-01-24
2,UCLA,Big Ten,3.0,18,1,87.5,56.8,30.68,18.79,28.72,20.76,49.47,133.48,66.67,66.81,2026-01-24
3,LSU,SEC,6.0,18,2,99.5,56.6,42.9,4.95,35.74,12.11,47.85,125.54,69.17,56.38,2026-01-24
4,Texas,SEC,4.0,19,2,88.8,53.0,35.76,11.51,27.39,19.88,47.27,124.44,64.23,60.21,2026-01-24
5,South Carolina,SEC,2.0,19,2,88.3,55.8,32.57,12.6,27.59,17.58,45.17,123.13,65.67,57.46,2026-01-24
6,Michigan,Big Ten,7.0,16,3,87.9,59.2,28.68,12.21,26.32,14.58,40.9,118.68,67.49,51.19,2026-01-24
7,Oklahoma,SEC,16.0,15,4,90.0,63.4,26.63,11.01,28.11,9.53,37.64,112.35,68.21,44.14,2026-01-24
8,Louisville,ACC,8.0,18,3,83.0,59.6,23.33,12.01,22.51,12.83,35.34,119.58,74.01,45.57,2026-01-24
9,Vanderbilt,SEC,5.0,20,0,85.9,58.0,27.9,6.43,22.33,12.0,34.33,120.4,76.1,44.3,2026-01-24
10,TCU,Big 12,9.0,18,2,81.6,53.4,28.15,5.98,17.1,17.03,34.13,112.75,68.96,43.79,2026-01-24
11,Michigan St.,Big Ten,13.0,18,2,86.0,60.2,25.8,8.01,23.12,10.69,33.81,120.14,76.56,43.58,2026-01-24
12,Iowa,Big Ten,10.0,17,2,80.4,62.6,17.79,14.91,19.31,13.39,32.7,113.62,71.96,41.67,2026-01-24
13,Duke,ACC,21.0,13,6,74.7,61.2,13.53,18.61,16.9,15.24,32.14,111.94,70.68,41.26,2026-01-24
14,Maryland,Big Ten,15.0,17,4,84.4,60.0,24.48,7.63,23.47,8.64,32.11,117.15,75.47,41.68,2026-01-24
15,Tennessee,SEC,17.0,14,3,79.4,60.2,19.12,12.77,20.15,11.73,31.88,111.44,70.96,40.49,2026-01-24
16,Kentucky,SEC,11.0,17,4,77.1,55.9,21.19,10.0,14.63,16.56,31.19,114.54,72.67,41.87,2026-01-24
17,Minnesota,Big Ten,,13,6,73.5,54.3,19.21,11.25,12.48,17.98,30.46,111.46,70.09,41.38,2026-01-24
18,Ohio St.,Big Ten,12.0,18,2,85.2,63.3,21.9,8.49,22.5,7.9,30.39,111.54,75.28,36.25,2026-01-24
19,West Virginia,Big 12,22.0,16,4,77.4,57.8,19.6,10.41,15.8,14.2,30.01,110.28,72.24,38.04,2026-01-24
20,Nebraska,Big Ten,24.0,14,5,82.4,62.8,19.53,10.22,19.09,10.66,29.75,117.45,78.37,39.08,2026-01-24
21,Southern California,Big Ten,,11,8,68.5,59.2,9.37,20.12,10.67,18.82,29.49,106.5,67.62,38.88,2026-01-24
22,Ole Miss,SEC,18.0,17,4,78.3,56.6,21.67,7.49,15.28,13.88,29.16,111.65,74.63,37.02,2026-01-24
23,Notre Dame,ACC,,13,6,81.2,64.5,16.74,11.71,20.06,8.39,28.45,113.86,78.76,35.11,2026-01-24
24,NC State,ACC,,13,6,77.5,65.5,12.0,16.4,19.54,8.86,28.4,113.33,77.09,36.24,2026-01-24
25,Oklahoma St.,Big 12,,16,4,87.9,61.5,26.4,4.25,21.75,6.61,28.35,119.83,84.24,35.59,2026-01-24
26,North Carolina,ACC,,16,5,76.7,58.0,18.71,9.12,14.2,13.64,27.84,109.05,73.21,35.83,2026-01-24
27,Oregon,Big Ten,,14,7,77.6,63.0,14.62,12.91,17.77,9.76,27.53,109.99,74.3,35.68,2026-01-24
28,Baylor,Big 12,14.0,18,3,72.6,56.0,16.67,9.91,11.4,15.18,26.58,104.29,69.61,34.68,2026-01-24
29,Alabama,SEC,23.0,17,3,71.8,54.2,17.55,7.69,10.16,15.09,25.24,108.59,74.71,33.89,2026-01-24
30,Washington,Big Ten,25.0,15,4,73.8,58.1,15.74,9.23,12.31,12.65,24.97,111.55,77.39,34.17,2026-01-24
31,Texas Tech,Big 12,19.0,19,2,73.9,55.0,18.81,6.13,11.01,13.93,24.94,106.12,74.04,32.08,2026-01-24
32,Iowa St.,Big 12,,15,5,84.4,64.0,20.4,4.23,20.83,3.8,24.63,117.03,85.16,31.88,2026-01-24
33,Mississippi St.,SEC,,15,5,79.4,61.6,17.75,5.56,16.24,7.07,23.31,110.98,81.05,29.92,2026-01-24
34,Illinois,Big Ten,,15,4,79.2,63.1,16.16,7.03,13.24,9.95,23.19,109.34,79.95,29.39,2026-01-24
35,Georgia,SEC,,17,3,76.2,56.4,19.8,3.19,11.59,11.41,22.99,107.27,77.57,29.71,2026-01-24
36,Stanford,ACC,,15,5,69.7,57.1,12.55,9.36,7.89,14.02,21.91,104.6,75.17,29.44,2026-01-24
37,Villanova,Big East,,15,4,73.8,62.0,11.79,9.26,12.63,8.42,21.05,107.3,79.5,27.79,2026-01-24
38,Virginia,ACC,,14,5,76.4,58.6,17.84,2.49,11.77,8.56,20.33,109.39,82.44,26.95,2026-01-24
39,Syracuse,ACC,,16,3,74.6,59.8,14.79,5.12,12.33,7.59,19.91,102.65,77.97,24.67,2026-01-24
40,Miami,ACC,,11,8,72.6,63.9,8.68,11.15,11.34,8.5,19.83,105.42,80.82,24.6,2026-01-24
41,Virginia Tech,ACC,,15,5,74.4,58.3,16.1,3.1,9.88,9.32,19.2,101.15,77.78,23.38,2026-01-24
42,Utah,Big 12,,14,5,70.3,62.1,8.26,10.79,8.98,9.08,18.06,102.85,79.99,22.86,2026-01-24
43,Brigham Young,Big 12,,15,4,72.4,59.9,12.53,5.22,9.68,8.06,17.74,99.63,78.54,21.09,2026-01-24
44,Florida,SEC,,13,8,75.7,63.0,12.71,4.52,10.65,6.58,17.23,102.63,81.73,20.9,2026-01-24
45,Clemson,ACC,,13,7,70.1,57.7,12.35,4.77,6.39,10.73,17.12,108.64,85.28,23.36,2026-01-24
46,Princeton,Ivy,20.0,16,1,75.8,65.1,10.65,6.46,12.86,4.25,17.11,109.7,87.57,22.13,2026-01-24
47,South Dakota State,Summit,,15,5,76.1,64.7,11.4,5.54,11.28,5.66,16.94,107.17,85.26,21.9,2026-01-24
48,Arizona St.,Big 12,,17,3,66.9,56.9,10.0,6.91,4.26,12.65,16.91,96.7,75.31,21.39,2026-01-24
49,Colorado,Big 12,,12,7,68.8,60.4,8.42,8.37,6.2,10.59,16.79,99.24,78.13,21.11,2026-01-24
50,Seton Hall,Big East,,14,5,71.7,62.6,9.05,7.51,9.81,6.75,16.56,103.82,82.83,20.99,2026-01-24
51,California,ACC,,11,9,69.1,62.5,6.55,9.56,7.78,8.33,16.11,102.48,82.13,20.35,2026-01-24
52,Kansas State,Big 12,,11,9,70.0,65.2,4.8,11.13,9.49,6.44,15.93,103.93,84.57,19.36,2026-01-24
53,Richmond,A-10,,16,4,74.4,62.6,11.8,3.94,10.93,4.81,15.74,109.4,88.91,20.49,2026-01-24
54,Indiana,Big Ten,,11,9,70.6,67.3,3.3,11.96,9.41,5.85,15.26,106.6,87.86,18.75,2026-01-24
55,James Madison,Sun Belt,,14,7,73.2,64.4,8.86,5.92,9.14,5.63,14.77,99.83,81.25,18.58,2026-01-24
56,North Dakota St.,Summit,,17,2,79.5,59.8,19.74,-2.62,11.12,3.5,14.62,106.15,86.82,19.33,2026-01-24
57,Marquette,Big East,,12,7,70.0,61.4,8.63,7.6,6.52,7.8,14.32,102.13,83.76,18.37,2026-01-24
58,Kansas,Big 12,,12,8,72.9,65.6,7.3,10.11,9.4,4.81,14.21,104.18,86.3,17.88,2026-01-24
59,Davidson,A-10,,14,7,68.7,58.6,10.05,3.92,5.33,8.64,13.97,100.26,81.87,18.38,2026-01-24
60,Rhode Island,A-10,,17,2,68.1,53.4,14.63,0.66,3.03,9.96,12.99,100.47,83.33,17.14,2026-01-24
61,Purdue,Big Ten,,10,9,70.2,69.0,1.21,11.67,9.97,2.91,12.88,104.36,88.06,16.3,2026-01-24
62,Gonzaga,WCC,,14,7,73.4,65.4,8.0,4.86,9.96,2.89,12.86,104.94,88.31,16.63,2026-01-24
63,Auburn,SEC,,13,7,62.5,59.1,3.4,8.85,1.47,10.79,12.25,95.73,80.61,15.13,2026-01-24
64,Wisconsin,Big Ten,,13,7,71.2,68.7,2.55,9.68,8.76,3.47,12.23,102.32,86.78,15.54,2026-01-24
65,Fairfield,MAAC,,16,3,79.5,60.6,18.84,-6.63,10.97,1.24,12.21,107.43,91.91,15.52,2026-01-24
66,Troy,Sun Belt,,15,4,83.7,68.1,15.68,-0.59,14.17,-2.1,12.08,97.57,85.17,12.4,2026-01-24
67,Missouri,SEC,,13,9,74.2,72.5,1.68,10.32,12.16,-0.16,12.0,105.67,91.3,14.37,2026-01-24
68,South Florida,American,,12,8,71.6,71.0,0.65,11.28,10.18,1.76,11.93,103.41,89.33,14.08,2026-01-24
69,Columbia,Ivy,,12,5,71.4,62.5,8.88,3.02,8.66,3.24,11.9,101.57,87.48,14.09,2026-01-24
70,Texas A&M,SEC,,8,7,64.3,67.3,-3.0,14.57,4.54,7.03,11.57,94.49,81.11,13.38,2026-01-24
71,Santa Clara,WCC,,17,5,81.5,65.3,16.23,0.48,14.05,-2.62,11.43,101.67,88.27,13.4,2026-01-24
72,Rice,American,,16,3,70.1,58.9,11.16,0.04,4.47,6.72,11.2,97.02,83.15,13.88,2026-01-24
73,Montana State,Big Sky,,13,5,75.7,64.4,11.28,3.61,9.43,1.18,10.61,96.28,84.17,12.11,2026-01-24
74,Georgetown,Big East,,11,8,66.7,61.0,5.74,4.86,3.94,6.65,10.59,97.55,84.08,13.47,2026-01-24
75,San Diego State,MWC,,14,3,71.2,60.4,10.82,2.81,4.38,6.18,10.56,100.19,86.44,13.75,2026-01-24
76,George Mason,A-10,,13,6,68.8,61.3,7.58,2.83,4.69,5.72,10.41,96.36,82.93,13.43,2026-01-24
77,Ball State,MAC,,15,4,78.4,63.7,14.68,-0.5,9.95,0.33,10.28,99.51,88.15,11.36,2026-01-24
78,Florida State,ACC,,7,13,74.3,76.9,-2.55,12.65,13.76,-3.66,10.1,99.68,88.52,11.16,2026-01-24
79,Harvard,Ivy,,9,8,64.6,60.1,4.53,5.52,1.87,8.18,10.05,94.4,81.89,12.51,2026-01-24
80,Nevada-Las Vegas,MWC,,13,6,69.0,61.8,7.21,2.83,6.1,3.95,10.04,100.62,88.12,12.5,2026-01-24
81,Arkansas State,Sun Belt,,17,4,79.1,67.0,12.14,-0.35,11.23,-1.39,9.85,96.04,85.75,10.3,2026-01-24
82,Colorado State,MWC,,16,4,68.2,55.7,12.55,-1.27,1.28,8.29,9.57,99.38,86.92,12.46,2026-01-24
83,Penn State,Big Ten,,7,13,75.2,82.0,-6.8,16.02,16.76,-7.54,9.22,105.39,94.33,11.07,2026-01-24
84,Georgia Tech,ACC,,8,12,65.1,66.6,-1.5,10.67,3.92,5.25,9.17,92.61,81.86,10.75,2026-01-24
85,Oregon State,WCC,,15,6,68.1,61.8,6.38,5.01,3.73,5.33,9.06,99.97,88.81,11.16,2026-01-24
86,Georgia Southern,Sun Belt,,14,5,75.4,65.9,9.42,2.35,5.25,3.6,8.85,100.87,89.68,11.18,2026-01-24
87,Saint Joseph's,A-10,,12,6,68.0,56.8,11.22,1.84,0.64,8.02,8.65,95.46,84.53,10.93,2026-01-24
88,Creighton,Big East,,8,11,68.9,69.1,-0.16,8.55,7.0,1.39,8.39,100.2,90.1,10.1,2026-01-24
89,Belmont,MVC,,11,8,69.3,68.2,1.05,7.32,5.02,3.36,8.38,97.37,87.65,9.72,2026-01-24
90,UC Irvine,Big West,,17,2,72.3,56.9,15.37,-7.1,4.09,4.18,8.27,99.37,89.18,10.19,2026-01-24
91,Murray State,MVC,,16,3,83.6,74.6,9.0,1.52,17.14,-9.29,7.85,104.36,95.55,8.8,2026-01-24
92,Green Bay,Horizon,,16,5,68.2,57.6,10.62,-0.98,1.18,6.59,7.77,95.47,85.82,9.65,2026-01-24
93,North Texas,American,,11,9,70.6,61.7,8.95,4.2,1.14,6.22,7.36,90.19,82.13,8.06,2026-01-24
94,Arizona,Big 12,,10,8,72.6,68.6,4.0,2.58,8.31,-1.73,6.58,96.92,90.64,6.29,2026-01-24
95,Arkansas,SEC,,11,10,73.3,73.0,0.24,6.2,9.5,-3.06,6.44,95.88,89.26,6.62,2026-01-24
96,Cincinnati,Big 12,,7,13,70.6,71.8,-1.15,9.58,6.81,-0.49,6.32,97.36,90.3,7.06,2026-01-24
97,Louisiana Tech,CUSA,,12,5,75.0,61.5,13.47,1.71,5.16,1.15,6.31,100.61,92.85,7.76,2026-01-24
98,Abilene Christian,WAC,,14,5,75.0,57.7,17.32,-3.12,0.97,5.22,6.19,93.99,87.22,6.78,2026-01-24
99,Lindenwood,OVC,,14,6,73.0,60.5,12.5,-1.18,4.85,1.24,6.1,102.04,94.62,7.43,2026-01-24
100,Northern Iowa,MVC,,10,8,65.8,63.7,2.11,3.9,-1.0,7.01,6.02,90.68,84.35,6.33,2026-01-24
101,McNeese State,Southland,,15,4,67.7,51.4,16.26,-4.23,-2.88,8.89,6.01,91.36,83.48,7.88,2026-01-24
102,Central Michigan,MAC,,11,6,69.5,64.2,5.24,2.08,3.38,2.58,5.96,94.21,88.1,6.11,2026-01-24
103,Wake Forest,ACC,,12,8,66.3,59.8,6.55,-0.73,1.04,4.78,5.82,94.15,88.0,6.15,2026-01-24
104,New Mexico,MWC,,12,7,69.9,63.1,6.89,-1.22,3.49,2.18,5.67,93.93,88.63,5.3,2026-01-24
105,Miami (OH),MAC,,15,4,70.9,58.2,12.74,-3.15,0.84,4.77,5.62,93.12,86.57,6.54,2026-01-24
106,St. John's (NY),Big East,,15,6,63.4,60.2,3.14,2.46,0.07,5.53,5.6,95.26,89.47,5.79,2026-01-24
107,Marshall,Sun Belt,,17,5,72.3,61.6,10.73,0.73,3.58,2.0,5.58,95.59,89.69,5.9,2026-01-24
108,Massachusetts,MAC,,13,4,69.9,60.1,9.82,-4.71,2.15,2.96,5.11,93.67,88.49,5.18,2026-01-24
109,UCF,Big 12,,10,9,66.1,62.1,4.05,1.04,1.08,4.01,5.09,92.01,87.28,4.73,2026-01-24
110,College of Charleston,CAA,,15,3,78.2,58.3,19.89,-6.87,4.02,0.99,5.01,96.94,91.2,5.74,2026-01-24
111,Northwestern,Big Ten,,8,11,66.1,71.4,-5.32,10.31,5.44,-0.45,4.99,98.35,93.46,4.89,2026-01-24
112,Portland,WCC,,11,9,71.4,62.4,9.0,2.32,3.29,1.64,4.93,91.34,86.16,5.18,2026-01-24
113,Quinnipiac,MAAC,,15,4,67.4,52.1,15.37,-10.62,-0.62,5.36,4.75,96.91,90.49,6.42,2026-01-24
114,Butler,Big East,,9,11,63.9,65.2,-1.3,5.87,0.22,4.35,4.57,91.52,87.83,3.69,2026-01-24
115,Temple,American,,8,10,69.4,70.2,-0.83,5.25,6.32,-1.9,4.42,95.55,91.8,3.76,2026-01-24
116,Grand Canyon,MWC,,6,13,65.0,69.1,-4.11,7.94,3.97,-0.14,3.83,93.75,90.28,3.47,2026-01-24
117,East Carolina,American,,14,6,73.3,66.3,7.0,-3.26,6.8,-3.06,3.75,94.11,91.22,2.89,2026-01-24
118,High Point,Big South,,18,2,76.1,58.0,18.15,-10.81,4.07,-0.37,3.7,94.22,90.91,3.31,2026-01-24
119,Boise State,MWC,,15,5,70.9,66.5,4.4,-0.62,6.41,-2.82,3.59,97.88,94.55,3.33,2026-01-24
120,Vermont,AmEast,,16,5,69.1,54.2,14.86,-5.46,-1.83,5.37,3.54,97.13,92.31,4.83,2026-01-24
121,Western Illinois,OVC,,16,3,77.4,60.9,16.42,-7.03,5.82,-2.29,3.53,98.74,94.71,4.03,2026-01-24
122,UC Santa Barbara,Big West,,14,3,70.2,59.6,10.59,-5.55,0.43,3.02,3.45,94.31,91.01,3.3,2026-01-24
123,Illinois State,MVC,,10,9,74.0,69.2,4.84,-1.52,6.36,-3.04,3.32,98.54,96.31,2.23,2026-01-24
124,Eastern Kentucky,A-Sun,,16,4,76.0,60.7,15.3,-8.47,3.35,-0.09,3.26,92.46,90.18,2.27,2026-01-24
125,UTSA,American,,9,9,60.3,57.9,2.39,3.18,-5.79,9.03,3.24,86.92,83.79,3.13,2026-01-24
126,Central Arkansas,A-Sun,,11,8,72.5,59.9,12.63,-4.32,1.08,2.01,3.09,92.52,89.13,3.4,2026-01-24
127,Idaho,Big Sky,,14,5,79.7,68.3,11.37,-4.75,10.82,-7.74,3.07,97.71,95.29,2.42,2026-01-24
128,Southern Indiana,OVC,,14,5,70.3,56.6,13.74,-2.67,-0.21,3.11,2.89,91.03,87.86,3.17,2026-01-24
129,South Dakota,Summit,,15,5,73.6,54.6,18.95,-9.26,-1.12,3.92,2.8,90.74,87.21,3.52,2026-01-24
130,Coastal Carolina,Sun Belt,,9,11,73.8,64.5,9.3,-0.95,4.05,-1.34,2.71,90.43,88.93,1.5,2026-01-24
131,Loyola Marymount,WCC,,12,7,69.7,63.4,6.37,-1.38,3.24,-0.9,2.34,98.08,96.06,2.02,2026-01-24
132,Idaho State,Big Sky,,12,6,65.2,58.2,7.0,-2.06,-5.42,7.71,2.29,86.26,84.0,2.26,2026-01-24
133,Rutgers,Big Ten,,9,10,59.6,65.2,-5.53,7.75,-3.08,5.3,2.22,89.18,87.92,1.26,2026-01-24
134,UC San Diego,Big West,,12,6,70.0,59.6,10.39,-6.02,0.35,1.81,2.16,89.14,87.48,1.66,2026-01-24
135,Tulsa,American,,13,6,70.6,66.1,4.53,-2.44,1.91,0.17,2.08,90.27,89.18,1.09,2026-01-24
136,Tulane,American,,8,10,70.1,69.6,0.5,1.49,4.67,-2.68,1.99,94.16,92.83,1.33,2026-01-24
137,Charlotte,American,,9,10,63.4,66.7,-3.26,5.18,0.36,1.55,1.92,91.08,89.96,1.12,2026-01-24
138,Pennsylvania,Ivy,,11,6,65.2,57.1,8.06,-0.02,-2.11,4.02,1.91,90.37,89.54,0.83,2026-01-24
139,Purdue Fort Wayne,Horizon,,12,8,69.7,62.6,7.05,-1.87,1.55,0.17,1.71,90.75,89.68,1.07,2026-01-24
140,Sam Houston,CUSA,,11,6,65.5,56.3,9.24,0.41,-4.22,5.85,1.62,82.11,82.4,-0.29,2026-01-24
141,California Baptist,WAC,,12,8,70.6,65.8,4.85,-3.27,4.15,-2.57,1.58,90.09,89.89,0.2,2026-01-24
142,Middle Tennessee,CUSA,,11,9,60.0,59.3,0.65,0.86,-5.01,6.52,1.51,90.56,90.17,0.39,2026-01-24
143,Missouri State,CUSA,,12,7,65.9,63.7,2.21,-0.78,-1.32,2.75,1.43,88.01,87.77,0.24,2026-01-24
144,San Francisco,WCC,,12,7,69.4,66.8,2.53,0.94,3.96,-2.57,1.39,89.41,88.96,0.45,2026-01-24
145,Pepperdine,WCC,,11,9,67.6,65.2,2.4,0.44,1.74,-0.35,1.38,93.32,92.96,0.36,2026-01-24
146,Southern Methodist,ACC,,8,12,65.0,70.8,-5.85,6.99,1.69,-0.55,1.14,91.49,91.41,0.08,2026-01-24
147,Hawaii,Big West,,9,9,62.6,60.4,2.17,-0.28,-3.33,4.3,0.97,88.76,88.36,0.41,2026-01-24
148,Austin Peay,A-Sun,,12,5,67.2,55.8,11.47,-5.12,-5.6,6.55,0.95,88.77,88.49,0.28,2026-01-24
149,Army,Patriot,,15,3,67.9,56.6,11.39,-9.0,-0.85,1.79,0.94,94.74,94.41,0.33,2026-01-24
150,Providence,Big East,,10,11,59.2,62.4,-3.19,4.08,-3.86,4.75,0.89,87.02,87.6,-0.58,2026-01-24
151,Old Dominion,Sun Belt,,12,8,68.2,67.0,1.15,3.5,0.64,0.17,0.82,87.94,88.16,-0.22,2026-01-24
152,Saint Mary's (CA),WCC,,12,9,58.8,57.7,1.1,2.42,-5.96,6.59,0.63,88.07,88.92,-0.85,2026-01-24
153,Southern Mississippi,Sun Belt,,11,8,77.0,72.3,4.68,0.33,7.34,-6.84,0.5,96.37,97.25,-0.88,2026-01-24
154,Navy,Patriot,,11,6,72.1,64.1,8.0,-5.9,4.68,-4.27,0.41,95.51,96.6,-1.09,2026-01-24
155,UAB,American,,7,12,70.3,69.4,0.95,-0.78,3.39,-3.0,0.39,95.56,96.16,-0.6,2026-01-24
156,Houston,Big 12,,6,13,61.1,70.3,-9.21,9.46,-1.05,1.3,0.25,86.03,86.47,-0.44,2026-01-24
157,Liberty,CUSA,,9,9,65.9,63.5,2.39,2.15,0.41,-0.2,0.21,94.66,96.37,-1.71,2026-01-24
158,Bradley,MVC,,12,7,72.4,64.5,7.95,-4.83,0.65,-0.47,0.18,91.81,92.26,-0.45,2026-01-24
159,Fresno State,MWC,,10,10,63.4,59.2,4.15,-1.81,-4.04,4.01,-0.02,87.03,87.98,-0.96,2026-01-24
160,UC Davis,Big West,,13,6,68.8,63.7,5.16,-1.9,1.57,-1.76,-0.2,92.15,94.69,-2.54,2026-01-24
161,Louisiana-Monroe,Sun Belt,,8,11,66.2,68.1,-1.95,1.64,0.53,-0.84,-0.31,90.03,91.47,-1.44,2026-01-24
162,Oral Roberts,Summit,,11,8,77.9,74.6,3.26,2.54,10.29,-10.69,-0.4,95.11,97.11,-2.0,2026-01-24
163,Xavier,Big East,,10,9,60.6,64.1,-3.53,3.08,-4.32,3.87,-0.45,88.29,90.38,-2.1,2026-01-24
164,Florida Gulf Coast,A-Sun,,9,9,63.4,60.6,2.89,5.16,-5.04,4.52,-0.52,88.21,90.62,-2.41,2026-01-24
165,Ohio,MAC,,12,5,74.6,69.3,5.35,-4.23,5.96,-6.5,-0.54,91.1,93.9,-2.8,2026-01-24
166,South Alabama,Sun Belt,,9,9,70.9,68.3,2.61,-3.26,1.52,-2.16,-0.65,90.83,93.03,-2.2,2026-01-24
167,Northern Colorado,Big Sky,,14,6,71.5,60.7,10.85,-3.38,-0.33,-0.46,-0.79,90.0,91.8,-1.8,2026-01-24
168,Brown,Ivy,,11,5,65.0,56.2,8.81,-6.85,-2.51,1.6,-0.91,86.72,90.36,-3.64,2026-01-24
169,Kent State,MAC,,8,10,70.1,67.6,2.5,2.7,0.7,-1.7,-0.99,91.95,94.87,-2.92,2026-01-24
170,George Washington,A-10,,10,11,62.6,60.7,1.9,-1.33,-3.9,2.63,-1.28,91.13,94.21,-3.09,2026-01-24
171,Cleveland State,Horizon,,15,6,72.0,59.1,12.9,-9.81,-0.78,-0.56,-1.34,91.29,94.49,-3.2,2026-01-24
172,Appalachian State,Sun Belt,,9,10,64.2,58.0,6.16,-0.88,-4.93,3.52,-1.41,91.09,94.86,-3.77,2026-01-24
173,FDU,NEC,,16,4,67.4,52.9,14.45,-12.15,-5.9,4.36,-1.54,90.97,93.31,-2.34,2026-01-24
174,Toledo,MAC,,8,8,65.5,64.0,1.5,-2.46,-2.29,0.63,-1.66,90.35,93.75,-3.4,2026-01-24
175,Saint Louis,A-10,,11,10,69.5,66.9,2.67,-0.54,0.38,-2.07,-1.69,85.66,89.47,-3.81,2026-01-24
176,Howard,MEAC,,14,7,64.7,62.5,2.24,-4.03,-1.93,0.14,-1.79,87.0,91.58,-4.58,2026-01-24
177,Bryant,AmEast,,14,5,67.9,54.0,13.95,-11.85,-3.01,1.16,-1.85,88.59,92.04,-3.46,2026-01-24
178,Eastern Michigan,MAC,,8,9,69.2,68.4,0.82,0.39,1.58,-3.56,-1.98,93.35,97.47,-4.12,2026-01-24
179,Albany (NY),AmEast,,11,8,60.3,55.3,5.0,-4.36,-7.03,5.01,-2.02,91.88,95.84,-3.96,2026-01-24
180,Jacksonville,A-Sun,,11,7,71.6,69.3,2.33,-1.94,4.74,-7.12,-2.38,88.72,93.52,-4.8,2026-01-24
181,Maine,AmEast,,10,10,61.3,61.7,-0.35,-2.17,-3.52,1.0,-2.52,87.08,92.46,-5.38,2026-01-24
182,Northern Kentucky,Horizon,,10,12,67.1,69.8,-2.73,0.15,1.22,-3.81,-2.58,90.82,95.58,-4.76,2026-01-24
183,La Salle,A-10,,10,9,63.5,64.0,-0.53,-0.38,-2.86,0.09,-2.76,83.67,89.42,-5.75,2026-01-24
184,Drexel,CAA,,10,7,63.7,57.6,6.06,-5.71,-4.27,1.44,-2.83,92.08,97.39,-5.31,2026-01-24
185,Binghamton,AmEast,,13,6,68.4,63.1,5.37,-3.03,0.35,-3.2,-2.85,92.3,97.21,-4.91,2026-01-24
186,Lamar,Southland,,11,6,65.0,59.1,5.88,-7.42,-3.55,0.45,-3.11,87.38,92.59,-5.21,2026-01-24
187,Virginia Commonwealth,A-10,,7,13,57.8,66.2,-8.4,5.13,-5.17,1.9,-3.27,83.85,89.75,-5.89,2026-01-24
188,Washington State,WCC,,4,18,61.9,73.6,-11.73,8.43,-1.43,-1.87,-3.3,89.92,96.27,-6.35,2026-01-24
189,Dayton,A-10,,10,9,65.9,66.8,-0.95,-2.43,-0.88,-2.5,-3.37,90.0,96.73,-6.72,2026-01-24
190,Holy Cross,Patriot,,10,8,59.3,60.4,-1.06,-2.47,-6.64,3.11,-3.53,82.28,89.21,-6.93,2026-01-24
191,Longwood,Big South,,14,6,78.4,65.1,13.25,-6.72,3.0,-6.54,-3.54,86.97,95.04,-8.07,2026-01-24
192,Stephen F. Austin,Southland,,14,5,77.0,69.1,7.95,-8.34,6.95,-10.52,-3.57,91.21,97.75,-6.55,2026-01-24
193,Loyola (IL),A-10,,8,11,55.2,62.1,-6.89,3.3,-8.4,4.81,-3.59,83.13,90.29,-7.16,2026-01-24
194,Pacific,WCC,,8,11,64.9,66.4,-1.42,1.46,-2.16,-1.59,-3.76,89.99,96.64,-6.66,2026-01-24
195,Illinois-Chicago,MVC,,9,10,63.6,63.4,0.21,-3.98,-4.92,1.15,-3.77,90.28,97.0,-6.72,2026-01-24
196,Florida International,CUSA,,11,6,75.6,68.1,7.53,-6.03,4.5,-8.28,-3.78,88.9,95.83,-6.93,2026-01-24
197,Georgia State,Sun Belt,,9,11,69.9,72.6,-2.65,3.25,2.68,-6.77,-4.09,90.52,97.72,-7.2,2026-01-24
198,Delaware,CUSA,,9,10,66.5,65.2,1.26,-4.35,-0.95,-3.4,-4.35,85.42,92.89,-7.47,2026-01-24
199,Tennessee Tech,OVC,,10,8,67.3,63.2,4.06,-4.96,-2.3,-2.1,-4.39,88.89,96.31,-7.42,2026-01-24
200,Tarleton State,WAC,,10,8,66.3,63.9,2.39,-2.34,-3.2,-1.2,-4.4,86.78,93.7,-6.91,2026-01-24
201,Cal State Fullerton,Big West,,10,9,72.0,64.8,7.16,-5.54,1.86,-6.33,-4.48,85.19,92.88,-7.69,2026-01-24
202,Youngstown State,Horizon,,13,7,66.9,58.3,8.6,-5.86,-6.25,1.73,-4.53,84.86,92.74,-7.88,2026-01-24
203,UT Arlington,WAC,,8,11,59.2,64.1,-4.89,0.35,-5.76,1.22,-4.55,80.68,86.76,-6.08,2026-01-24
204,Chattanooga,Southern,,12,5,64.6,57.9,6.71,-5.59,-6.21,1.63,-4.59,86.5,93.46,-6.96,2026-01-24
205,UC Riverside,Big West,,6,12,61.8,62.5,-0.67,-0.27,-6.86,2.21,-4.64,83.52,91.26,-7.73,2026-01-24
206,DePaul,Big East,,4,17,62.4,73.0,-10.52,5.77,-0.26,-4.49,-4.75,87.63,95.62,-7.99,2026-01-24
207,Utah Valley,WAC,,9,9,62.9,59.9,3.0,-2.61,-6.06,1.26,-4.8,80.8,88.93,-8.12,2026-01-24
208,Southern,SWAC,,9,8,59.8,62.4,-2.53,3.2,-7.92,2.99,-4.93,82.31,91.04,-8.73,2026-01-24
209,Lehigh,Patriot,,9,8,66.2,67.8,-1.59,-3.53,1.26,-6.38,-5.12,93.9,102.73,-8.83,2026-01-24
210,Southern Utah,WAC,,12,7,73.9,67.0,6.95,-4.58,0.55,-5.69,-5.14,90.77,99.24,-8.48,2026-01-24
211,Eastern Washington,Big Sky,,10,9,68.7,66.3,2.37,-2.24,-0.51,-4.79,-5.3,85.18,93.77,-8.59,2026-01-24
212,Drake,MVC,,6,12,70.1,77.0,-6.89,1.56,2.54,-7.87,-5.33,93.19,101.94,-8.75,2026-01-24
213,Memphis,American,,8,12,66.0,68.9,-2.95,0.02,-1.34,-4.07,-5.4,79.53,87.63,-8.1,2026-01-24
214,Morehead State,OVC,,11,9,65.5,66.5,-1.05,-0.32,-3.9,-1.69,-5.58,86.15,94.72,-8.57,2026-01-24
215,Robert Morris,Horizon,,13,6,65.5,59.4,6.11,-7.86,-5.7,0.07,-5.62,85.52,94.66,-9.14,2026-01-24
216,NJIT,AmEast,,13,7,67.9,64.7,3.15,-8.81,1.19,-6.86,-5.66,91.56,101.06,-9.5,2026-01-24
217,Boston College,ACC,,4,17,62.7,73.8,-11.14,5.46,0.06,-5.74,-5.68,91.14,101.41,-10.26,2026-01-24
218,Monmouth,CAA,,12,5,65.4,57.0,8.41,-7.29,-7.16,1.45,-5.71,83.88,92.72,-8.84,2026-01-24
219,Nevada,MWC,,7,12,55.3,58.4,-3.16,-1.43,-10.24,4.53,-5.71,80.11,89.64,-9.53,2026-01-24
220,Sacramento State,Big Sky,,9,10,65.3,59.5,5.79,-3.73,-8.52,2.74,-5.79,80.94,90.29,-9.35,2026-01-24
221,Kennesaw State,CUSA,,9,8,66.1,60.8,5.35,-2.49,-3.64,-2.22,-5.85,85.49,94.57,-9.08,2026-01-24
222,Jacksonville State,CUSA,,10,8,65.0,56.9,8.06,-6.08,-7.02,1.14,-5.88,87.72,97.11,-9.39,2026-01-24
223,Bowling Green,MAC,,10,8,70.6,65.6,5.06,0.88,-2.69,-3.22,-5.91,85.66,94.81,-9.15,2026-01-24
224,Fordham,A-10,,9,10,65.2,64.8,0.37,-6.14,-1.81,-4.44,-6.25,84.67,95.03,-10.36,2026-01-24
225,West Georgia,A-Sun,,12,6,73.6,65.1,8.5,-7.78,0.99,-7.33,-6.34,90.69,101.09,-10.4,2026-01-24
226,Tennessee-Martin,OVC,,10,8,66.2,62.6,3.61,-2.85,-5.1,-1.28,-6.38,85.12,95.64,-10.52,2026-01-24
227,Stetson,A-Sun,,11,7,69.7,64.6,5.11,-5.0,-0.6,-5.9,-6.5,90.55,100.93,-10.38,2026-01-24
228,Little Rock,OVC,,9,10,58.7,60.3,-1.63,-0.05,-10.69,4.17,-6.52,78.84,88.92,-10.07,2026-01-24
229,Air Force,MWC,,8,11,57.8,61.1,-3.32,-3.0,-8.61,2.06,-6.56,81.76,92.19,-10.43,2026-01-24
230,St. Thomas,Summit,,9,11,64.9,61.7,3.25,-1.97,-6.94,0.38,-6.56,84.4,95.48,-11.08,2026-01-24
231,Northwestern State,Southland,,9,9,63.6,63.1,0.44,0.82,-7.84,1.1,-6.74,82.91,93.65,-10.74,2026-01-24
232,Campbell,CAA,,12,8,62.3,56.2,6.1,-6.76,-10.11,3.35,-6.76,83.04,94.7,-11.66,2026-01-24
233,Maryland-Baltimore County,AmEast,,9,9,64.2,58.7,5.5,-5.39,-8.61,1.72,-6.89,79.85,90.9,-11.05,2026-01-24
234,William & Mary,CAA,,9,8,61.6,61.4,0.24,-5.97,-6.82,-0.09,-6.91,84.21,95.35,-11.14,2026-01-24
235,Alabama A&M,SWAC,,9,9,61.6,59.4,2.17,-2.0,-8.42,1.49,-6.93,81.48,91.6,-10.12,2026-01-24
236,St. Bonaventure,A-10,,12,8,62.2,59.2,2.95,-7.65,-7.79,0.73,-7.07,82.5,93.98,-11.49,2026-01-24
237,Wofford,Southern,,10,9,68.7,62.8,5.89,-4.41,-4.19,-3.03,-7.22,87.03,98.7,-11.66,2026-01-24
238,Duquesne,A-10,,7,12,65.2,64.2,1.0,-3.41,-5.55,-1.69,-7.24,79.49,91.87,-12.38,2026-01-24
239,Northern Arizona,Big Sky,,7,13,71.7,73.4,-1.7,-0.75,2.84,-10.1,-7.25,89.54,100.69,-11.15,2026-01-24
240,Pittsburgh,ACC,,8,13,61.6,67.7,-6.14,-1.39,-5.46,-2.08,-7.54,82.7,94.74,-12.04,2026-01-24
241,Texas State,Sun Belt,,8,10,62.4,62.3,0.06,-2.3,-7.75,0.01,-7.73,80.51,91.93,-11.42,2026-01-24
242,Stony Brook,CAA,,10,10,57.5,55.9,1.65,-3.72,-13.51,5.62,-7.89,77.2,90.28,-13.09,2026-01-24
243,Elon,CAA,,8,10,64.6,63.6,1.06,-5.45,-5.26,-2.67,-7.92,83.57,95.63,-12.06,2026-01-24
244,Towson,CAA,,11,7,67.2,66.3,0.89,-5.2,-0.9,-7.07,-7.96,85.99,98.65,-12.66,2026-01-24
245,Florida Atlantic,American,,8,11,62.8,68.2,-5.42,0.05,-3.94,-4.12,-8.07,82.99,96.4,-13.41,2026-01-24
246,Maryland-Eastern Shore,MEAC,,11,10,63.7,67.3,-3.62,-0.52,-3.53,-4.62,-8.15,83.62,96.6,-12.98,2026-01-24
247,IU Indy,Horizon,,8,11,66.3,67.4,-1.11,-2.62,-4.52,-3.75,-8.26,81.63,94.05,-12.42,2026-01-24
248,Furman,Southern,,12,8,70.7,61.5,9.15,-2.96,-2.95,-5.64,-8.59,80.72,93.67,-12.95,2026-01-24
249,Norfolk State,MEAC,,9,11,62.5,61.2,1.3,-0.82,-9.17,0.35,-8.82,76.04,90.6,-14.57,2026-01-24
250,Utah State,MWC,,6,12,61.4,67.0,-5.56,0.26,-5.23,-3.62,-8.86,84.51,98.14,-13.63,2026-01-24
251,Radford,Big South,,13,9,64.3,61.0,3.23,-8.24,-7.48,-1.46,-8.94,78.0,91.86,-13.86,2026-01-24
252,UNC Greensboro,Southern,,12,8,67.1,54.4,12.65,-6.88,-10.48,1.35,-9.13,83.06,97.54,-14.48,2026-01-24
253,Wyoming,MWC,,6,12,54.4,61.4,-7.06,0.47,-10.84,1.67,-9.17,82.08,97.68,-15.6,2026-01-24
254,Texas-Rio Grande Valley,Southland,,10,9,65.2,67.6,-2.37,-1.13,-2.91,-6.28,-9.19,85.85,99.08,-13.23,2026-01-24
255,Incarnate Word,Southland,,9,8,63.3,69.4,-6.06,-0.32,-3.64,-5.61,-9.25,88.72,101.96,-13.24,2026-01-24
256,Kansas City,Summit,,6,14,70.0,68.5,1.5,-0.34,-3.8,-5.54,-9.34,86.67,101.38,-14.71,2026-01-24
257,Montana,Big Sky,,5,13,61.9,72.2,-10.33,3.74,-4.55,-4.83,-9.38,87.34,101.93,-14.59,2026-01-24
258,Mercer,Southern,,12,7,65.9,61.9,4.05,-10.42,-4.99,-4.73,-9.71,81.66,96.86,-15.2,2026-01-24
259,East Tennessee State,Southern,,8,11,56.7,59.0,-2.32,-3.52,-11.77,1.95,-9.81,79.8,94.9,-15.11,2026-01-24
260,Wichita State,American,,4,16,59.7,66.5,-6.8,0.06,-9.22,-0.72,-9.94,78.11,92.79,-14.68,2026-01-24
261,Weber State,Big Sky,,6,14,63.9,66.5,-2.6,-0.29,-6.0,-4.11,-10.11,81.81,96.75,-14.95,2026-01-24
262,Oakland,Horizon,,6,13,62.2,71.9,-9.68,3.31,-2.98,-7.16,-10.13,86.31,101.3,-14.99,2026-01-24
263,Utah Tech,WAC,,6,11,63.7,68.0,-4.29,-5.05,-5.36,-4.94,-10.3,81.76,97.09,-15.33,2026-01-24
264,Merrimack,MAAC,,9,9,66.8,66.3,0.56,-8.07,-2.59,-7.89,-10.48,82.26,98.69,-16.43,2026-01-24
265,North Carolina A&T,CAA,,7,10,63.1,62.7,0.35,2.44,-5.92,-4.64,-10.56,81.74,97.84,-16.1,2026-01-24
266,San Diego,WCC,,7,14,56.0,62.2,-6.29,-0.77,-12.06,1.24,-10.82,77.41,94.34,-16.93,2026-01-24
267,SIU Edwardsville,OVC,,9,10,61.6,57.9,3.63,-6.8,-12.46,1.46,-10.99,78.08,95.01,-16.92,2026-01-24
268,North Alabama,A-Sun,,9,9,63.7,64.4,-0.72,-6.46,-7.27,-3.87,-11.14,80.45,97.26,-16.81,2026-01-24
269,UTEP,CUSA,,9,9,66.4,68.9,-2.5,-3.22,-3.01,-8.27,-11.28,83.73,100.74,-17.01,2026-01-24
270,Southeast Missouri State,OVC,,7,12,66.8,67.8,-1.0,-3.68,-3.62,-7.71,-11.33,83.27,99.59,-16.33,2026-01-24
271,Nicholls State,Southland,,9,8,66.6,64.6,2.06,-10.72,-7.53,-3.93,-11.47,79.88,96.0,-16.12,2026-01-24
272,Marist,MAAC,,7,13,58.8,67.2,-8.4,-3.26,-6.78,-4.88,-11.66,82.35,100.35,-18.01,2026-01-24
273,Loyola (MD),Patriot,,8,10,56.0,61.7,-5.67,-6.37,-11.43,-0.61,-12.03,80.77,100.04,-19.27,2026-01-24
274,Western Kentucky,CUSA,,5,14,57.8,64.5,-6.68,-2.42,-10.78,-1.36,-12.14,80.47,99.51,-19.05,2026-01-24
275,Siena,MAAC,,7,12,66.7,65.6,1.11,-13.3,-2.46,-9.74,-12.19,78.06,99.11,-21.05,2026-01-24
276,Cal State Bakersfield,Big West,,6,13,61.2,67.8,-6.63,-4.7,-6.1,-6.27,-12.37,80.87,98.39,-17.53,2026-01-24
277,Mount St. Mary's,MAAC,,9,10,59.1,61.6,-2.53,-9.88,-10.75,-1.66,-12.41,74.29,93.15,-18.85,2026-01-24
278,Yale,Ivy,,5,12,59.9,68.5,-8.59,-4.15,-5.91,-6.83,-12.73,79.69,99.3,-19.61,2026-01-24
279,Long Island University,NEC,,11,7,70.1,60.6,9.5,-15.99,-5.02,-7.72,-12.74,82.56,102.22,-19.66,2026-01-24
280,New Mexico State,CUSA,,7,12,58.4,66.4,-8.0,-0.01,-7.62,-5.21,-12.83,77.45,96.22,-18.77,2026-01-24
281,Western Michigan,MAC,,5,12,56.1,67.8,-11.76,-1.09,-11.32,-1.52,-12.84,76.57,95.53,-18.96,2026-01-24
282,Milwaukee,Horizon,,7,14,60.5,65.5,-5.0,-4.63,-7.87,-5.08,-12.95,82.03,101.91,-19.88,2026-01-24
283,Boston University,Patriot,,6,12,58.0,60.2,-2.17,-6.5,-11.78,-1.2,-12.97,83.3,104.63,-21.33,2026-01-24
284,Denver,Summit,,8,11,59.8,66.4,-6.58,-0.42,-11.0,-2.11,-13.11,77.39,98.29,-20.91,2026-01-24
285,Southern Illinois,MVC,,6,12,66.8,70.7,-3.94,-4.17,-4.95,-8.15,-13.11,83.39,102.96,-19.56,2026-01-24
286,Akron,MAC,,3,16,68.9,76.3,-7.37,1.94,-1.09,-12.15,-13.24,84.43,103.27,-18.84,2026-01-24
287,East Texas A&M,Southland,,7,10,65.5,67.1,-1.65,-4.46,-7.86,-5.4,-13.26,80.2,98.78,-18.58,2026-01-24
288,Hampton,CAA,,8,10,63.2,61.8,1.39,-7.13,-8.03,-5.31,-13.33,82.58,103.16,-20.58,2026-01-24
289,Lipscomb,A-Sun,,6,12,60.9,64.3,-3.39,-4.53,-11.32,-2.27,-13.59,76.61,97.07,-20.46,2026-01-24
290,Coppin State,MEAC,,4,17,54.8,70.9,-16.05,4.88,-10.86,-2.76,-13.62,73.87,92.83,-18.96,2026-01-24
291,Iona,MAAC,,12,8,59.7,59.1,0.55,-13.79,-10.89,-3.11,-14.0,77.32,98.52,-21.2,2026-01-24
292,Detroit Mercy,Horizon,,4,15,62.3,72.1,-9.84,-3.96,-6.57,-7.44,-14.01,80.73,101.46,-20.73,2026-01-24
293,Jackson State,SWAC,,4,14,60.3,67.6,-7.28,-1.8,-9.55,-4.48,-14.03,80.68,101.32,-20.64,2026-01-24
294,Manhattan,MAAC,,5,13,55.1,65.6,-10.5,-3.55,-11.49,-2.56,-14.05,73.76,94.33,-20.57,2026-01-24
295,Houston Christian,Southland,,5,12,63.3,69.2,-5.88,-1.9,-7.84,-6.26,-14.1,78.61,99.35,-20.74,2026-01-24
296,New Hampshire,AmEast,,6,13,57.9,61.8,-3.89,-4.65,-10.25,-3.87,-14.12,79.66,101.84,-22.19,2026-01-24
297,Eastern Illinois,OVC,,3,17,57.9,72.3,-14.4,0.2,-8.89,-5.31,-14.2,77.14,97.41,-20.26,2026-01-24
298,Dartmouth,Ivy,,9,8,59.3,56.3,3.0,-7.41,-14.02,-0.24,-14.27,78.69,101.52,-22.84,2026-01-24
299,Northeastern,CAA,,6,11,61.5,67.4,-5.88,-8.44,-6.54,-7.79,-14.33,81.41,103.45,-22.05,2026-01-24
300,Evansville,MVC,,4,15,64.5,75.4,-10.95,-3.6,-4.59,-9.95,-14.54,81.77,102.36,-20.59,2026-01-24
301,Sacred Heart,MAAC,,9,10,58.9,61.9,-3.05,-10.94,-10.88,-3.95,-14.83,78.76,101.42,-22.66,2026-01-24
302,Hofstra,CAA,,3,15,52.5,64.7,-12.22,0.12,-14.18,-0.76,-14.94,75.94,100.05,-24.11,2026-01-24
303,Portland State,Big Sky,,5,13,65.6,73.9,-8.39,-3.94,-2.8,-12.2,-15.0,86.1,108.13,-22.03,2026-01-24
304,Buffalo,MAC,,2,16,57.8,70.8,-13.0,-2.17,-8.54,-6.62,-15.17,75.74,97.56,-21.82,2026-01-24
305,Indiana State,MVC,,6,12,72.9,80.1,-7.17,-4.59,3.69,-18.93,-15.24,85.64,105.94,-20.31,2026-01-24
306,Lafayette,Patriot,,7,11,61.2,65.3,-4.11,-11.18,-7.07,-8.22,-15.29,83.4,106.89,-23.49,2026-01-24
307,Alcorn State,SWAC,,8,9,53.6,62.4,-8.76,1.06,-16.64,1.27,-15.37,72.28,95.58,-23.3,2026-01-24
308,Cal State Northridge,Big West,,6,11,66.0,66.8,-0.82,-4.24,-8.07,-7.3,-15.37,76.45,97.83,-21.38,2026-01-24
309,North Florida,A-Sun,,7,11,62.5,71.6,-9.11,-4.08,-6.55,-8.85,-15.39,80.61,102.84,-22.22,2026-01-24
310,Samford,Southern,,8,13,60.8,69.3,-8.48,-0.38,-7.01,-8.43,-15.43,83.63,107.63,-24.0,2026-01-24
311,American,Patriot,,5,13,55.4,64.7,-9.28,-6.8,-10.98,-5.09,-16.08,77.64,103.14,-25.5,2026-01-24
312,Bucknell,Patriot,,5,13,53.3,58.9,-5.61,-5.77,-16.53,0.34,-16.18,72.23,97.6,-25.37,2026-01-24
313,San Jose State,MWC,,3,17,57.0,71.8,-14.75,1.5,-7.82,-8.47,-16.29,76.35,99.19,-22.83,2026-01-24
314,Cornell,Ivy,,7,10,55.4,58.6,-3.24,-8.16,-16.35,-0.18,-16.53,76.8,103.08,-26.29,2026-01-24
315,Winthrop,Big South,,10,11,65.4,68.4,-3.0,-4.66,-6.05,-10.67,-16.72,80.8,104.75,-23.95,2026-01-24
316,Wright State,Horizon,,6,14,67.0,71.4,-4.4,-5.69,-5.59,-11.26,-16.85,82.28,107.01,-24.73,2026-01-24
317,Northern Illinois,MAC,,4,14,55.1,67.9,-12.83,-4.31,-14.13,-3.01,-17.14,75.36,101.17,-25.82,2026-01-24
318,Alabama State,SWAC,,6,11,56.5,70.1,-13.53,1.72,-11.77,-5.8,-17.57,71.37,95.76,-24.39,2026-01-24
319,Colgate,Patriot,,5,13,53.6,64.3,-10.72,-5.64,-14.55,-3.68,-18.23,73.02,101.29,-28.28,2026-01-24
320,Louisiana,Sun Belt,,2,18,56.8,72.4,-15.6,0.91,-12.14,-6.12,-18.26,73.52,99.19,-25.67,2026-01-24
321,Charleston Southern,Big South,,6,14,59.8,72.1,-12.3,-4.56,-9.08,-9.53,-18.61,79.96,108.0,-28.05,2026-01-24
322,Grambling,SWAC,,6,13,63.2,66.3,-3.05,-4.72,-10.07,-8.71,-18.78,73.53,100.1,-26.57,2026-01-24
323,North Carolina Central,MEAC,,3,14,60.8,74.5,-13.76,-0.34,-7.72,-11.19,-18.91,73.49,98.41,-24.92,2026-01-24
324,Texas Southern,SWAC,,8,11,66.9,72.5,-5.58,-0.15,-5.84,-13.18,-19.02,78.09,103.42,-25.33,2026-01-24
325,Texas A&M-Corpus Christi,Southland,,3,14,57.6,67.6,-10.0,-4.07,-14.51,-4.56,-19.07,74.4,102.55,-28.15,2026-01-24
326,UNC Wilmington,CAA,,5,13,61.6,70.0,-8.39,-8.08,-8.92,-10.33,-19.26,78.53,106.99,-28.47,2026-01-24
327,Rider,MAAC,,4,15,53.8,64.6,-10.74,-8.91,-15.59,-4.05,-19.64,72.38,101.98,-29.59,2026-01-24
328,Tennessee State,OVC,,3,15,58.5,76.3,-17.83,-2.26,-6.64,-13.45,-20.09,76.9,104.65,-27.75,2026-01-24
329,Wagner,NEC,,8,10,56.9,60.1,-3.17,-11.0,-16.72,-3.4,-20.12,67.15,96.62,-29.48,2026-01-24
330,North Dakota,Summit,,4,15,56.6,70.2,-13.63,-0.93,-11.14,-9.02,-20.16,72.45,100.61,-28.15,2026-01-24
331,UNC Asheville,Big South,,8,13,62.4,60.4,2.0,-13.22,-14.58,-5.87,-20.44,70.63,100.22,-29.6,2026-01-24
332,Gardner-Webb,Big South,,6,15,53.8,63.7,-9.95,-10.76,-15.81,-4.9,-20.71,72.99,103.62,-30.63,2026-01-24
333,Seattle,WCC,,5,14,63.1,75.5,-12.42,-1.25,-8.26,-12.46,-20.72,76.99,106.08,-29.1,2026-01-24
334,Cal Poly,Big West,,3,15,57.8,74.1,-16.33,3.01,-7.67,-13.19,-20.86,79.1,108.87,-29.77,2026-01-24
335,New Haven,NEC,,5,13,58.4,59.2,-0.83,-14.11,-17.4,-4.21,-21.61,72.59,105.69,-33.09,2026-01-24
336,Long Beach State,Big West,,2,16,52.8,73.9,-21.11,0.91,-12.95,-8.85,-21.79,73.19,104.74,-31.55,2026-01-24
337,Delaware State,MEAC,,4,16,54.7,65.6,-10.85,-5.08,-16.21,-5.88,-22.08,68.74,101.45,-32.72,2026-01-24
338,Stonehill,NEC,,6,12,59.6,66.6,-7.0,-12.47,-12.6,-9.93,-22.53,76.48,109.03,-32.56,2026-01-24
339,Western Carolina,Southern,,3,16,59.6,68.3,-8.68,-4.46,-13.44,-9.4,-22.84,71.54,105.05,-33.51,2026-01-24
340,South Carolina Upstate,Big South,,6,15,58.3,63.8,-5.48,-7.9,-16.2,-6.64,-22.85,69.66,104.23,-34.57,2026-01-24
341,Southeastern Louisiana,Southland,,2,15,58.9,79.4,-20.41,2.28,-9.85,-13.05,-22.9,79.03,112.23,-33.2,2026-01-24
342,Massachusetts-Lowell,AmEast,,6,13,58.9,65.7,-6.79,-8.0,-13.54,-9.65,-23.19,76.66,113.07,-36.42,2026-01-24
343,Arkansas-Pine Bluff,SWAC,,6,11,56.0,69.8,-13.82,-6.53,-14.37,-8.97,-23.34,73.51,105.99,-32.48,2026-01-24
344,Florida A&M,SWAC,,5,12,58.1,73.2,-15.12,-6.97,-12.51,-10.9,-23.41,74.2,105.73,-31.53,2026-01-24
345,Canisius,MAAC,,3,15,55.0,71.0,-16.0,-7.49,-14.07,-9.42,-23.49,73.28,107.72,-34.44,2026-01-24
346,New Orleans,Southland,,1,17,62.2,83.4,-21.28,-1.49,-5.88,-17.67,-23.55,75.05,105.77,-30.72,2026-01-24
347,Queens (NC),A-Sun,,7,11,59.6,67.2,-7.67,-9.38,-14.51,-9.25,-23.76,71.38,103.37,-31.99,2026-01-24
348,Chicago State,NEC,,4,16,57.6,75.3,-17.75,-6.23,-10.87,-13.11,-23.98,72.66,105.9,-33.24,2026-01-24
349,Morgan State,MEAC,,3,18,53.0,73.8,-20.81,0.08,-13.8,-10.33,-24.13,73.51,109.83,-36.33,2026-01-24
350,Mercyhurst,NEC,,5,13,59.8,78.2,-18.44,-5.81,-7.32,-16.94,-24.26,81.23,116.41,-35.18,2026-01-24
351,Saint Peter's,MAAC,,4,15,51.5,65.4,-13.89,-7.32,-19.01,-5.87,-24.88,69.14,107.21,-38.06,2026-01-24
352,Bethune-Cookman,SWAC,,3,16,55.3,71.6,-16.32,-5.03,-16.75,-9.16,-25.9,69.35,106.0,-36.65,2026-01-24
353,South Carolina State,MEAC,,5,15,57.0,68.0,-11.05,-7.49,-16.65,-10.56,-27.21,68.51,107.32,-38.81,2026-01-24
354,Omaha,Summit,,2,20,53.7,78.8,-25.14,1.7,-15.69,-12.76,-28.45,70.03,110.91,-40.88,2026-01-24
355,Saint Francis (PA),NEC,,2,16,56.4,72.3,-15.89,-11.95,-13.34,-15.31,-28.65,70.62,111.77,-41.15,2026-01-24
356,Bellarmine,A-Sun,,2,18,52.6,80.3,-27.65,1.55,-14.02,-14.91,-28.93,70.02,109.91,-39.89,2026-01-24
357,Le Moyne,NEC,,5,15,55.5,74.3,-18.85,-8.79,-13.63,-15.63,-29.26,74.33,117.93,-43.6,2026-01-24
358,Prairie View,SWAC,,2,16,54.5,77.1,-22.61,-2.65,-12.9,-16.43,-29.34,67.81,106.26,-38.44,2026-01-24
359,Valparaiso,MVC,,0,20,53.5,80.0,-26.5,-4.09,-14.59,-16.0,-30.59,65.64,106.3,-40.66,2026-01-24
360,Mississippi Valley State,SWAC,,4,14,56.6,84.4,-27.78,-3.26,-10.69,-20.34,-31.04,69.57,109.85,-40.28,2026-01-24
361,Central Connecticut State,NEC,,0,18,51.8,73.7,-21.83,-10.36,-17.68,-14.51,-32.19,64.94,111.32,-46.38,2026-01-24
362,Presbyterian,Big South,,3,17,54.0,71.6,-17.55,-7.71,-19.46,-13.53,-32.99,64.96,112.18,-47.22,2026-01-24
363,Niagara,MAAC,,0,18,50.9,82.0,-31.11,-5.78,-17.02,-19.88,-36.89,61.99,110.44,-48.45,2026-01-24
1,Connecticut,Big East,1.0,21,0,89.9,51.0,38.86,15.35,30.74,23.47,54.21,129.03,58.16,70.87,2026-01-27
2,UCLA,Big Ten,2.0,19,1,87.1,56.3,30.85,18.03,27.89,20.99,48.88,132.42,66.31,66.11,2026-01-27
3,LSU,SEC,6.0,19,2,99.0,56.8,42.24,5.51,35.46,12.29,47.75,125.93,69.3,56.63,2026-01-27
4,Texas,SEC,4.0,19,2,88.8,53.0,35.76,11.58,27.33,20.01,47.34,124.53,64.17,60.36,2026-01-27
5,South Carolina,SEC,3.0,20,2,89.0,56.6,32.41,13.54,28.6,17.35,45.95,124.74,66.11,58.64,2026-01-27
6,Michigan,Big Ten,9.0,17,3,87.2,59.6,27.55,13.2,26.35,14.4,40.75,119.03,67.83,51.2,2026-01-27
7,Oklahoma,SEC,10.0,16,4,89.1,63.5,25.65,10.95,27.46,9.15,36.6,112.35,69.27,43.09,2026-01-27
8,Louisville,ACC,7.0,19,3,83.0,59.5,23.59,11.3,22.13,12.75,34.89,119.17,74.19,44.98,2026-01-27
9,Michigan St.,Big Ten,13.0,18,2,86.0,60.2,25.8,8.25,23.22,10.83,34.05,120.28,76.35,43.93,2026-01-27
10,Iowa,Big Ten,8.0,18,2,81.0,63.0,17.95,15.64,19.98,13.61,33.59,114.76,71.98,42.78,2026-01-27
11,Vanderbilt,SEC,5.0,20,1,85.3,60.1,25.19,8.25,22.27,11.18,33.44,120.65,77.58,43.07,2026-01-27
12,TCU,Big 12,12.0,19,2,80.9,53.2,27.62,5.68,16.26,17.04,33.3,112.28,69.41,42.87,2026-01-27
13,Duke,ACC,20.0,14,6,75.7,60.2,15.55,17.28,17.25,15.58,32.83,112.44,70.33,42.11,2026-01-27
14,Maryland,Big Ten,16.0,17,4,84.4,60.0,24.48,7.39,23.33,8.54,31.87,117.02,75.66,41.36,2026-01-27
15,Tennessee,SEC,15.0,14,3,79.4,60.2,19.12,12.74,20.04,11.82,31.85,111.53,71.08,40.45,2026-01-27
16,Minnesota,Big Ten,,14,6,74.2,54.2,20.0,11.42,13.14,18.28,31.42,112.96,70.0,42.95,2026-01-27
17,Kentucky,SEC,18.0,17,5,76.6,56.6,20.0,10.57,14.49,16.08,30.57,114.55,73.57,40.98,2026-01-27
18,West Virginia,Big 12,22.0,17,4,78.0,58.7,19.33,10.71,16.44,13.6,30.04,111.05,72.94,38.1,2026-01-27
19,Southern California,Big Ten,,11,9,68.5,59.9,8.6,21.14,10.85,18.9,29.74,107.11,67.92,39.19,2026-01-27
20,Nebraska,Big Ten,,15,5,82.3,63.5,18.85,10.79,19.23,10.4,29.64,117.58,78.66,38.92,2026-01-27
21,Ohio St.,Big Ten,11.0,18,3,84.4,64.6,19.86,9.66,22.17,7.35,29.52,111.53,76.2,35.33,2026-01-27
22,Ole Miss,SEC,17.0,17,4,78.3,56.6,21.67,7.45,15.11,14.01,29.12,111.65,74.55,37.1,2026-01-27
23,NC State,ACC,,14,6,77.6,66.1,11.5,16.47,19.53,8.44,27.97,112.78,77.08,35.7,2026-01-27
24,Oregon,Big Ten,,15,7,78.1,62.8,15.32,12.65,17.58,10.4,27.97,110.43,74.08,36.35,2026-01-27
25,North Carolina,ACC,,17,5,76.7,58.5,18.14,9.51,14.36,13.28,27.64,109.25,73.7,35.55,2026-01-27
26,Notre Dame,ACC,,13,7,80.1,64.5,15.55,11.91,19.25,8.2,27.46,113.0,79.11,33.89,2026-01-27
27,Oklahoma St.,Big 12,,16,5,86.8,62.3,24.48,4.9,21.08,6.02,27.1,119.24,85.24,34.0,2026-01-27
28,Baylor,Big 12,14.0,18,3,72.6,56.0,16.67,10.17,11.53,15.32,26.84,104.54,69.45,35.1,2026-01-27
29,Texas Tech,Big 12,21.0,20,2,74.0,54.8,19.23,6.72,11.39,14.56,25.95,106.97,73.37,33.6,2026-01-27
30,Alabama,SEC,24.0,18,3,72.4,55.3,17.05,8.75,11.02,14.78,25.8,109.74,75.11,34.63,2026-01-27
31,Washington,Big Ten,25.0,16,4,73.9,57.6,16.35,8.94,12.36,12.93,25.29,112.35,77.47,34.88,2026-01-27
32,Iowa St.,Big 12,,16,5,84.7,64.0,20.62,4.48,20.79,4.31,25.09,117.14,84.66,32.48,2026-01-27
33,Georgia,SEC,23.0,18,3,76.0,56.9,19.1,4.63,12.11,11.62,23.73,108.23,77.43,30.8,2026-01-27
34,Illinois,Big Ten,,15,5,79.0,64.0,15.05,8.12,13.64,9.53,23.17,109.82,80.34,29.48,2026-01-27
35,Mississippi St.,SEC,,15,6,79.3,62.7,16.57,6.39,16.66,6.3,22.96,111.45,81.87,29.58,2026-01-27
36,Stanford,ACC,,15,6,69.7,58.1,11.62,9.63,8.12,13.13,21.25,104.49,75.95,28.54,2026-01-27
37,Virginia,ACC,,14,6,76.4,59.6,16.85,3.85,12.11,8.59,20.7,109.28,81.9,27.37,2026-01-27
38,Syracuse,ACC,,16,4,74.4,60.7,13.75,6.26,12.62,7.4,20.01,103.07,78.24,24.83,2026-01-27
39,Virginia Tech,ACC,,16,5,74.9,58.2,16.67,3.28,10.6,9.34,19.95,101.98,77.64,24.34,2026-01-27
40,Villanova,Big East,,15,5,73.0,62.5,10.55,9.01,11.86,7.7,19.56,106.02,80.25,25.77,2026-01-27
41,Miami,ACC,,12,8,72.7,64.0,8.7,10.58,11.16,8.12,19.28,105.13,81.27,23.86,2026-01-27
42,Colorado,Big 12,,13,7,69.3,60.6,8.7,9.47,6.96,11.21,18.17,100.62,77.53,23.09,2026-01-27
43,Clemson,ACC,,14,7,69.8,57.7,12.1,5.9,6.28,11.72,18.0,108.73,84.29,24.44,2026-01-27
44,Brigham Young,Big 12,,15,5,72.7,61.5,11.2,6.43,10.29,7.34,17.63,100.43,79.29,21.14,2026-01-27
45,Florida,SEC,,13,9,75.0,64.1,10.82,6.53,10.53,6.81,17.35,102.9,82.01,20.89,2026-01-27
46,Utah,Big 12,,14,6,69.3,62.8,6.45,11.56,8.23,8.75,16.98,102.14,80.78,21.37,2026-01-27
47,California,ACC,,12,9,69.5,62.9,6.57,10.16,8.58,8.14,16.73,103.12,81.95,21.17,2026-01-27
48,Princeton,Ivy,19.0,17,1,74.8,64.2,10.56,5.93,11.78,4.7,16.48,108.88,87.54,21.34,2026-01-27
49,Seton Hall,Big East,,14,6,70.7,64.1,6.6,9.81,9.9,6.51,16.41,104.0,83.21,20.79,2026-01-27
50,Arizona St.,Big 12,,17,4,66.7,57.3,9.43,6.94,4.05,12.32,16.37,96.53,75.81,20.73,2026-01-27
51,South Dakota State,Summit,,16,5,76.0,64.6,11.48,4.74,10.84,5.37,16.21,107.44,86.33,21.11,2026-01-27
52,Richmond,A-10,,16,4,74.4,62.6,11.8,3.94,10.98,4.75,15.74,109.59,89.06,20.53,2026-01-27
53,Kansas,Big 12,,13,8,73.3,65.3,8.0,10.5,10.1,5.4,15.5,105.24,85.52,19.72,2026-01-27
54,North Dakota St.,Summit,,18,2,79.5,59.6,19.9,-2.28,11.39,3.88,15.28,106.66,86.38,20.28,2026-01-27
55,Kansas State,Big 12,,11,10,69.6,66.0,3.52,11.24,8.97,5.8,14.77,103.35,85.51,17.84,2026-01-27
56,Indiana,Big Ten,,11,10,70.5,67.9,2.62,12.11,9.34,5.39,14.73,106.48,88.41,18.06,2026-01-27
57,James Madison,Sun Belt,,14,8,73.0,64.8,8.14,6.16,8.76,5.54,14.29,99.79,81.86,17.93,2026-01-27
58,Marquette,Big East,,13,7,69.7,61.3,8.4,7.56,6.41,7.73,14.14,102.52,84.35,18.18,2026-01-27
59,Davidson,A-10,,15,7,68.5,58.3,10.27,3.45,5.05,8.68,13.72,100.2,82.09,18.11,2026-01-27
60,Purdue,Big Ten,,11,9,70.7,69.0,1.7,11.9,10.52,3.08,13.6,105.1,87.78,17.32,2026-01-27
61,Columbia,Ivy,,13,5,72.3,60.8,11.56,1.8,9.36,3.99,13.35,103.08,86.47,16.6,2026-01-27
62,Auburn,SEC,,13,8,62.6,59.7,2.9,10.18,1.69,11.4,13.09,96.54,80.49,16.05,2026-01-27
63,Gonzaga,WCC,,14,7,73.4,65.4,8.0,4.79,9.79,3.0,12.79,104.94,88.35,16.58,2026-01-27
64,Rhode Island,A-10,,18,2,68.6,54.1,14.55,0.38,3.31,9.44,12.75,100.87,84.06,16.81,2026-01-27
65,Missouri,SEC,,14,9,74.5,72.4,2.09,10.54,12.59,0.04,12.62,106.01,90.84,15.17,2026-01-27
66,Troy,Sun Belt,,16,4,84.4,68.1,16.25,-0.82,14.61,-2.0,12.61,98.38,85.27,13.11,2026-01-27
67,Wisconsin,Big Ten,,13,8,70.3,69.6,0.76,10.82,8.63,2.96,11.58,102.49,88.01,14.48,2026-01-27
68,Santa Clara,WCC,,17,5,81.5,65.3,16.23,0.41,13.83,-2.47,11.36,101.67,88.29,13.37,2026-01-27
69,Fairfield,MAAC,,17,3,78.4,59.7,18.7,-7.55,9.55,1.61,11.15,105.64,91.61,14.03,2026-01-27
70,Harvard,Ivy,,10,8,65.7,58.8,6.83,4.3,2.72,8.41,11.13,95.65,81.45,14.19,2026-01-27
71,Rice,American,,17,3,70.1,59.0,11.1,-0.01,4.29,6.8,11.09,96.86,83.08,13.78,2026-01-27
72,South Florida,American,,12,9,71.2,70.6,0.57,10.31,9.41,1.47,10.88,102.94,90.19,12.75,2026-01-27
73,Texas A&M,SEC,,8,8,64.6,68.1,-3.5,14.38,4.36,6.52,10.88,93.87,81.23,12.65,2026-01-27
74,Montana State,Big Sky,,14,5,76.6,64.8,11.74,2.86,10.24,0.39,10.63,97.43,85.27,12.16,2026-01-27
75,Georgetown,Big East,,12,8,66.7,60.6,6.1,4.42,3.83,6.69,10.52,97.51,84.12,13.39,2026-01-27
76,San Diego State,MWC,,15,3,72.5,60.7,11.78,1.58,5.28,5.24,10.52,101.31,87.64,13.67,2026-01-27
77,George Mason,A-10,,13,6,68.8,61.3,7.58,2.64,4.55,5.67,10.22,96.29,83.1,13.19,2026-01-27
78,Arkansas State,Sun Belt,,18,4,78.9,67.0,11.91,0.09,11.34,-1.2,10.14,96.69,85.9,10.79,2026-01-27
79,Georgia Tech,ACC,,9,12,65.8,66.7,-0.9,10.69,4.23,5.56,9.79,93.42,81.87,11.56,2026-01-27
80,Colorado State,MWC,,17,4,68.2,55.6,12.57,-1.23,1.45,8.27,9.72,99.81,87.05,12.75,2026-01-27
81,Nevada-Las Vegas,MWC,,14,6,68.7,61.6,7.1,2.38,5.65,3.83,9.48,100.96,89.12,11.84,2026-01-27
82,Georgia Southern,Sun Belt,,15,5,75.1,65.0,10.1,2.09,4.97,4.49,9.46,100.31,88.32,11.99,2026-01-27
83,Florida State,ACC,,7,14,74.0,77.0,-2.95,12.39,13.38,-3.94,9.44,99.65,89.27,10.38,2026-01-27
84,Oregon State,WCC,,15,6,68.1,61.8,6.38,5.01,3.6,5.47,9.07,99.98,88.8,11.18,2026-01-27
85,Ball State,MAC,,15,5,77.1,64.1,12.95,-0.11,8.88,0.17,9.05,98.6,88.9,9.7,2026-01-27
86,Saint Joseph's,A-10,,13,6,68.2,56.6,11.63,1.33,0.94,7.92,8.86,96.17,84.88,11.29,2026-01-27
87,Penn State,Big Ten,,7,14,74.4,82.3,-7.9,16.5,15.99,-7.39,8.6,105.01,94.77,10.24,2026-01-27
88,Belmont,MVC,,11,8,69.3,68.2,1.05,7.36,5.13,3.28,8.41,97.6,87.75,9.85,2026-01-27
89,UC Irvine,Big West,,17,3,72.0,57.5,14.5,-6.56,3.91,4.04,7.95,99.82,90.06,9.76,2026-01-27
90,Green Bay,Horizon,,17,5,68.4,57.8,10.64,-1.4,1.07,6.39,7.46,95.25,86.01,9.24,2026-01-27
91,North Texas,American,,11,9,70.6,61.7,8.95,4.05,1.07,6.15,7.22,90.2,82.27,7.92,2026-01-27
92,Miami (OH),MAC,,16,4,71.0,57.9,13.1,-2.18,1.15,6.05,7.21,94.14,85.33,8.81,2026-01-27
93,Murray State,MVC,,17,3,83.9,75.3,8.6,1.04,16.91,-9.81,7.1,104.12,96.26,7.86,2026-01-27
94,Cincinnati,Big 12,,8,13,70.4,71.4,-1.0,10.03,7.28,-0.26,7.03,98.06,89.98,8.08,2026-01-27
95,Creighton,Big East,,8,12,68.6,69.5,-0.9,7.75,6.13,0.73,6.85,99.22,91.16,8.05,2026-01-27
96,Arkansas,SEC,,11,10,73.3,73.0,0.24,6.51,9.55,-2.81,6.75,96.05,88.97,7.08,2026-01-27
97,St. John's (NY),Big East,,16,6,63.7,60.1,3.59,3.05,0.6,6.04,6.64,95.83,88.6,7.23,2026-01-27
98,Louisiana Tech,CUSA,,13,5,74.9,61.4,13.56,1.34,4.84,1.75,6.59,100.69,92.51,8.18,2026-01-27
99,Lindenwood,OVC,,15,6,73.9,60.4,13.48,-2.06,5.25,1.32,6.57,102.89,94.69,8.19,2026-01-27
100,Arizona,Big 12,,10,9,72.2,69.7,2.47,3.93,8.1,-1.7,6.4,96.77,90.54,6.23,2026-01-27
101,Abilene Christian,WAC,,14,5,75.0,57.7,17.32,-2.96,0.94,5.41,6.35,94.08,87.01,7.07,2026-01-27
102,McNeese State,Southland,,16,4,68.2,50.9,17.25,-5.35,-3.22,9.54,6.32,91.14,82.77,8.36,2026-01-27
103,New Mexico,MWC,,13,7,70.2,62.8,7.4,-1.32,3.87,2.22,6.08,94.58,88.58,6.0,2026-01-27
104,Central Michigan,MAC,,12,6,69.2,63.1,6.06,1.25,3.0,3.07,6.07,94.17,87.72,6.45,2026-01-27
105,UCF,Big 12,,10,10,65.3,62.3,3.0,2.9,1.11,4.79,5.9,92.56,86.83,5.73,2026-01-27
106,Northwestern,Big Ten,,8,12,65.1,71.9,-6.75,12.44,5.34,0.35,5.69,98.24,92.4,5.84,2026-01-27
107,Marshall,Sun Belt,,17,5,72.3,61.6,10.73,0.68,3.45,2.09,5.53,95.43,89.57,5.86,2026-01-27
108,Wake Forest,ACC,,12,9,65.9,61.0,4.9,0.32,1.05,4.17,5.22,94.14,88.77,5.37,2026-01-27
109,Butler,Big East,,9,12,63.7,65.1,-1.43,6.3,0.26,4.61,4.87,92.13,87.96,4.17,2026-01-27
110,East Carolina,American,,15,6,74.0,66.0,7.9,-3.15,7.29,-2.54,4.75,94.99,90.7,4.29,2026-01-27
111,Northern Iowa,MVC,,10,9,65.8,63.9,1.84,2.89,-1.53,6.26,4.73,90.0,85.3,4.7,2026-01-27
112,Massachusetts,MAC,,14,4,69.7,60.3,9.33,-4.65,1.93,2.76,4.68,93.65,89.06,4.6,2026-01-27
113,College of Charleston,CAA,,16,3,77.8,58.5,19.32,-7.06,3.92,0.73,4.65,96.82,91.58,5.24,2026-01-27
114,Quinnipiac,MAAC,,16,4,67.8,52.3,15.5,-11.08,-0.63,5.06,4.42,97.65,91.54,6.11,2026-01-27
115,Temple,American,,9,10,70.1,70.8,-0.74,5.05,6.97,-2.66,4.31,96.99,93.33,3.66,2026-01-27
116,Boise State,MWC,,16,5,71.1,66.4,4.67,-0.3,6.47,-2.27,4.2,97.9,93.73,4.17,2026-01-27
117,Eastern Kentucky,A-Sun,,17,4,76.5,60.3,16.19,-8.77,4.04,0.08,4.12,93.69,90.18,3.51,2026-01-27
118,Coastal Carolina,Sun Belt,,10,11,74.1,64.0,10.1,-0.89,4.36,-0.41,3.95,91.62,88.35,3.27,2026-01-27
119,Vermont,AmEast,,17,5,69.2,54.2,15.0,-5.5,-1.5,5.45,3.95,97.4,92.04,5.37,2026-01-27
120,Portland,WCC,,11,10,71.2,63.5,7.71,2.28,3.17,0.63,3.81,91.0,87.17,3.83,2026-01-27
121,High Point,Big South,,18,2,76.1,58.0,18.15,-10.7,4.11,-0.31,3.8,94.45,90.98,3.47,2026-01-27
122,Western Illinois,OVC,,16,3,77.4,60.9,16.42,-6.81,5.84,-2.09,3.75,98.87,94.52,4.35,2026-01-27
123,UTSA,American,,9,9,60.3,57.9,2.39,3.41,-5.77,9.24,3.47,86.95,83.47,3.48,2026-01-27
124,Grand Canyon,MWC,,6,14,65.0,69.4,-4.4,7.83,3.52,-0.09,3.43,93.17,90.11,3.06,2026-01-27
125,Illinois State,MVC,,11,9,74.6,69.2,5.4,-2.15,5.96,-2.71,3.25,98.71,96.46,2.25,2026-01-27
126,Central Arkansas,A-Sun,,11,8,72.5,59.9,12.63,-4.27,1.09,2.05,3.14,92.62,89.13,3.49,2026-01-27
127,Idaho,Big Sky,,15,5,79.9,68.2,11.7,-5.3,10.3,-7.21,3.09,97.18,94.76,2.42,2026-01-27
128,Southern Indiana,OVC,,14,5,70.3,56.6,13.74,-2.62,-0.29,3.23,2.95,91.11,87.82,3.29,2026-01-27
129,UC Santa Barbara,Big West,,15,3,70.3,59.4,10.89,-6.5,0.39,2.52,2.91,94.63,91.92,2.71,2026-01-27
130,UC San Diego,Big West,,13,6,69.9,59.9,9.95,-5.05,0.82,1.96,2.78,90.49,87.87,2.62,2026-01-27
131,Pennsylvania,Ivy,,12,6,65.1,56.0,9.11,-0.86,-2.42,5.06,2.64,90.08,88.21,1.87,2026-01-27
132,Pepperdine,WCC,,12,9,68.5,65.3,3.14,0.7,2.78,-0.23,2.54,94.48,92.6,1.88,2026-01-27
133,South Dakota,Summit,,15,6,72.7,55.8,16.95,-7.81,-1.49,3.79,2.3,90.35,87.56,2.79,2026-01-27
134,Charlotte,American,,9,11,64.4,67.5,-3.15,5.24,1.08,1.0,2.09,92.52,91.14,1.39,2026-01-27
135,Tulane,American,,8,11,69.6,69.6,-0.05,2.04,4.43,-2.44,1.99,94.12,92.74,1.38,2026-01-27
136,Purdue Fort Wayne,Horizon,,13,8,71.0,64.0,7.0,-1.77,2.81,-0.88,1.93,91.64,90.34,1.3,2026-01-27
137,California Baptist,WAC,,13,8,71.3,66.2,5.1,-3.18,4.93,-3.01,1.92,91.41,90.67,0.74,2026-01-27
138,Rutgers,Big Ten,,9,11,59.1,65.7,-6.65,8.53,-3.12,5.0,1.88,89.4,88.86,0.54,2026-01-27
139,Tulsa,American,,13,6,70.6,66.1,4.53,-2.71,1.66,0.16,1.82,90.01,89.23,0.78,2026-01-27
140,Sam Houston,CUSA,,11,6,65.5,56.3,9.24,0.45,-4.2,5.87,1.67,82.27,82.42,-0.16,2026-01-27
141,San Francisco,WCC,,13,7,69.3,66.6,2.75,0.8,3.84,-2.26,1.58,89.3,88.58,0.72,2026-01-27
142,Middle Tennessee,CUSA,,11,9,60.0,59.3,0.65,0.83,-5.08,6.56,1.48,90.67,90.27,0.39,2026-01-27
143,Missouri State,CUSA,,12,7,65.9,63.7,2.21,-0.74,-1.25,2.72,1.47,88.36,87.99,0.38,2026-01-27
144,Southern Methodist,ACC,,8,13,65.0,71.0,-6.0,7.42,1.84,-0.42,1.42,91.73,91.24,0.5,2026-01-27
145,Loyola Marymount,WCC,,12,8,69.3,63.7,5.6,-1.79,2.79,-1.52,1.27,97.34,96.77,0.58,2026-01-27
146,Navy,Patriot,,12,6,71.4,62.9,8.44,-5.68,4.03,-2.83,1.21,94.84,94.76,0.08,2026-01-27
147,Idaho State,Big Sky,,12,7,65.3,58.8,6.47,-2.75,-5.49,6.68,1.2,85.9,85.12,0.79,2026-01-27
148,Austin Peay,A-Sun,,13,5,68.3,57.2,11.11,-5.19,-4.33,5.14,0.81,90.47,90.37,0.1,2026-01-27
149,Providence,Big East,,10,11,59.2,62.4,-3.19,3.93,-3.99,4.73,0.74,87.03,87.8,-0.77,2026-01-27
150,Bradley,MVC,,13,7,72.5,64.4,8.05,-4.72,1.01,-0.47,0.54,92.33,92.26,0.07,2026-01-27
151,Hawaii,Big West,,10,9,62.7,60.2,2.53,-1.22,-3.77,4.26,0.49,88.08,88.3,-0.22,2026-01-27
152,Saint Mary's (CA),WCC,,13,9,59.2,57.5,1.68,1.48,-6.26,6.74,0.48,88.53,89.31,-0.78,2026-01-27
153,Old Dominion,Sun Belt,,12,9,67.8,66.9,0.9,3.16,0.59,-0.18,0.41,88.5,89.27,-0.77,2026-01-27
154,UC Davis,Big West,,14,6,69.5,63.9,5.55,-2.01,2.51,-2.19,0.32,93.51,95.24,-1.73,2026-01-27
155,Liberty,CUSA,,9,9,65.9,63.5,2.39,2.15,0.4,-0.19,0.21,94.82,96.48,-1.66,2026-01-27
156,Houston,Big 12,,6,13,61.1,70.3,-9.21,9.34,-1.21,1.34,0.12,85.98,86.51,-0.54,2026-01-27
157,Army,Patriot,,15,4,66.7,56.7,9.95,-8.46,-2.27,2.32,0.04,92.89,94.05,-1.17,2026-01-27
158,Fresno State,MWC,,10,11,63.0,59.6,3.33,-1.16,-4.07,3.95,-0.11,87.09,88.12,-1.04,2026-01-27
159,Northern Colorado,Big Sky,,15,6,71.5,60.6,10.95,-3.29,-0.57,0.45,-0.12,90.4,91.19,-0.8,2026-01-27
160,Louisiana-Monroe,Sun Belt,,8,11,66.2,68.1,-1.95,1.67,0.47,-0.75,-0.28,90.05,91.41,-1.36,2026-01-27
161,Brown,Ivy,,11,6,64.1,56.3,7.76,-5.31,-3.07,2.77,-0.31,86.52,89.43,-2.91,2026-01-27
162,Xavier,Big East,,10,10,60.2,64.2,-4.0,3.34,-4.67,4.01,-0.66,88.0,90.41,-2.4,2026-01-27
163,Southern Mississippi,Sun Belt,,11,9,75.9,72.8,3.15,0.44,6.17,-7.01,-0.84,95.48,98.21,-2.73,2026-01-27
164,Toledo,MAC,,9,8,66.1,64.1,1.94,-2.26,-1.99,1.04,-0.95,90.51,93.0,-2.48,2026-01-27
165,George Washington,A-10,,11,11,62.4,60.0,2.32,-1.54,-4.46,3.49,-0.97,90.66,93.25,-2.59,2026-01-27
166,UAB,American,,7,13,69.9,70.3,-0.4,-0.71,2.82,-3.79,-0.97,94.96,97.33,-2.38,2026-01-27
167,Ohio,MAC,,12,6,74.2,69.6,4.56,-3.96,5.65,-6.67,-1.02,90.49,93.84,-3.36,2026-01-27
168,Kent State,MAC,,9,10,70.8,67.9,2.89,1.67,1.31,-2.52,-1.21,93.0,96.16,-3.15,2026-01-27
169,Appalachian State,Sun Belt,,9,10,64.2,58.0,6.16,-0.77,-4.83,3.53,-1.29,91.28,94.87,-3.59,2026-01-27
170,South Alabama,Sun Belt,,9,10,69.6,68.3,1.26,-2.61,0.66,-2.01,-1.35,89.61,92.78,-3.17,2026-01-27
171,Florida Gulf Coast,A-Sun,,9,10,62.4,60.2,2.26,4.33,-6.21,4.66,-1.55,86.69,90.56,-3.87,2026-01-27
172,Oral Roberts,Summit,,11,9,77.7,75.2,2.5,1.61,9.93,-11.79,-1.86,95.14,99.06,-3.91,2026-01-27
173,Drexel,CAA,,11,7,63.9,56.9,7.0,-5.98,-4.39,2.47,-1.92,92.13,96.1,-3.98,2026-01-27
174,Eastern Michigan,MAC,,9,9,69.4,68.1,1.33,-0.43,1.8,-3.87,-2.08,94.13,98.28,-4.15,2026-01-27
175,Howard,MEAC,,15,7,65.0,62.2,2.77,-4.98,-2.05,-0.15,-2.2,87.01,92.17,-5.17,2026-01-27
176,Jacksonville,A-Sun,,12,7,71.7,68.2,3.47,-3.25,4.2,-6.45,-2.25,88.37,93.01,-4.64,2026-01-27
177,FDU,NEC,,17,4,66.8,52.3,14.48,-13.11,-6.94,4.67,-2.27,89.74,93.02,-3.28,2026-01-27
178,Cleveland State,Horizon,,15,7,70.5,59.2,11.27,-9.26,-2.02,-0.34,-2.36,89.71,94.41,-4.69,2026-01-27
179,Saint Louis,A-10,,11,11,69.0,67.2,1.86,-0.63,0.14,-2.58,-2.44,85.37,90.12,-4.75,2026-01-27
180,Binghamton,AmEast,,14,6,68.1,62.8,5.35,-2.95,0.1,-2.6,-2.5,92.44,96.89,-4.45,2026-01-27
181,Northern Kentucky,Horizon,,10,13,68.1,71.0,-2.87,0.27,2.26,-4.85,-2.6,91.62,96.3,-4.68,2026-01-27
182,La Salle,A-10,,11,9,64.5,64.5,-0.05,-0.86,-1.84,-0.81,-2.65,85.04,90.58,-5.54,2026-01-27
183,Lamar,Southland,,12,6,65.4,59.3,6.11,-7.31,-3.61,0.95,-2.67,88.58,93.03,-4.45,2026-01-27
184,Loyola (IL),A-10,,9,11,56.2,62.0,-5.8,3.05,-7.83,5.07,-2.76,83.85,89.85,-6.0,2026-01-27
185,Bryant,AmEast,,14,6,67.2,54.9,12.35,-11.25,-3.51,0.7,-2.81,87.67,92.57,-4.9,2026-01-27
186,Maine,AmEast,,10,11,61.1,61.7,-0.57,-2.27,-3.96,1.12,-2.84,86.87,92.75,-5.87,2026-01-27
187,Dayton,A-10,,10,10,65.9,67.5,-1.55,-1.53,-0.15,-2.94,-3.08,91.05,97.27,-6.22,2026-01-27
188,Youngstown State,Horizon,,14,7,66.6,57.3,9.29,-5.64,-6.31,3.14,-3.16,85.01,90.85,-5.83,2026-01-27
189,Washington State,WCC,,4,18,61.9,73.6,-11.73,8.52,-1.31,-1.9,-3.21,90.19,96.36,-6.17,2026-01-27
190,Albany (NY),AmEast,,11,9,59.8,55.3,4.5,-5.19,-7.94,4.7,-3.24,90.4,96.24,-5.84,2026-01-27
191,Longwood,Big South,,14,6,78.4,65.1,13.25,-6.46,3.17,-6.45,-3.29,87.32,95.03,-7.72,2026-01-27
192,Virginia Commonwealth,A-10,,7,14,57.5,66.2,-8.71,5.41,-5.38,2.08,-3.31,83.74,89.69,-5.95,2026-01-27
193,Holy Cross,Patriot,,11,8,59.9,60.3,-0.37,-3.08,-6.12,2.67,-3.45,83.25,90.05,-6.8,2026-01-27
194,Cal State Fullerton,Big West,,11,9,72.1,63.7,8.4,-6.32,1.47,-5.01,-3.54,85.07,91.49,-6.43,2026-01-27
195,DePaul,Big East,,5,17,63.0,72.4,-9.36,5.75,0.26,-3.87,-3.61,88.52,94.93,-6.41,2026-01-27
196,Pacific,WCC,,8,12,64.8,66.5,-1.7,1.67,-2.48,-1.16,-3.65,89.56,95.97,-6.41,2026-01-27
197,Florida International,CUSA,,11,7,74.7,68.4,6.28,-5.06,4.17,-7.99,-3.83,88.77,95.8,-7.03,2026-01-27
198,Illinois-Chicago,MVC,,9,11,63.6,63.9,-0.3,-3.72,-4.84,0.83,-4.02,90.31,97.31,-7.0,2026-01-27
199,Stephen F. Austin,Southland,,14,6,76.3,69.3,7.05,-8.09,6.37,-10.52,-4.15,91.55,98.84,-7.3,2026-01-27
200,Delaware,CUSA,,9,10,66.5,65.2,1.26,-4.36,-0.96,-3.4,-4.36,85.53,92.99,-7.46,2026-01-27
201,Tarleton State,WAC,,10,8,66.3,63.9,2.39,-2.32,-3.2,-1.19,-4.39,86.88,93.69,-6.8,2026-01-27
202,UT Arlington,WAC,,8,11,59.2,64.1,-4.89,0.43,-5.76,1.29,-4.47,80.8,86.69,-5.89,2026-01-27
203,Drake,MVC,,6,13,71.1,77.6,-6.58,2.05,3.1,-7.63,-4.53,94.04,101.68,-7.64,2026-01-27
204,Georgia State,Sun Belt,,9,12,69.9,73.7,-3.81,3.81,2.73,-7.28,-4.56,90.9,98.59,-7.69,2026-01-27
205,Tennessee Tech,OVC,,10,9,67.0,63.4,3.58,-5.04,-2.05,-2.75,-4.8,89.56,97.53,-7.97,2026-01-27
206,Southern Utah,WAC,,13,7,73.4,66.1,7.25,-5.09,-0.03,-4.82,-4.85,90.74,98.64,-7.9,2026-01-27
207,Utah Valley,WAC,,9,10,63.5,61.2,2.32,-2.37,-5.33,0.32,-5.01,82.08,90.42,-8.34,2026-01-27
208,Chattanooga,Southern,,13,5,64.4,57.6,6.83,-6.56,-6.76,1.71,-5.06,86.49,94.07,-7.58,2026-01-27
209,UC Riverside,Big West,,6,13,62.2,63.5,-1.32,-0.2,-6.3,1.22,-5.08,84.3,92.55,-8.25,2026-01-27
210,Robert Morris,Horizon,,14,6,65.9,59.1,6.85,-8.37,-5.79,0.71,-5.09,85.61,93.95,-8.34,2026-01-27
211,Southern,SWAC,,10,8,60.9,62.5,-1.56,1.59,-7.07,1.96,-5.1,83.6,92.41,-8.81,2026-01-27
212,Lehigh,Patriot,,10,8,66.0,66.7,-0.72,-4.39,0.45,-5.57,-5.11,93.24,102.02,-8.78,2026-01-27
213,Bowling Green,MAC,,10,9,70.3,65.5,4.74,1.24,-2.47,-2.69,-5.16,86.39,94.54,-8.14,2026-01-27
214,Nevada,MWC,,7,13,55.4,58.6,-3.25,-0.9,-10.07,4.86,-5.21,81.14,89.95,-8.81,2026-01-27
215,Sacramento State,Big Sky,,10,10,65.1,59.2,5.85,-3.66,-8.52,3.31,-5.22,81.92,90.34,-8.41,2026-01-27
216,Boston College,ACC,,4,18,62.4,74.3,-11.95,6.67,-0.05,-5.24,-5.29,91.14,100.85,-9.71,2026-01-27
217,Kennesaw State,CUSA,,10,8,66.3,60.4,5.89,-3.19,-3.53,-1.79,-5.32,85.29,93.77,-8.48,2026-01-27
218,Memphis,American,,8,12,66.0,68.9,-2.95,0.06,-1.35,-4.01,-5.36,79.67,87.66,-8.0,2026-01-27
219,Jacksonville State,CUSA,,11,8,65.4,57.1,8.32,-6.47,-6.65,1.18,-5.47,88.62,97.27,-8.66,2026-01-27
220,NJIT,AmEast,,13,7,67.9,64.7,3.15,-8.9,1.22,-6.97,-5.75,91.57,101.22,-9.65,2026-01-27
221,Eastern Washington,Big Sky,,10,10,68.0,66.1,1.9,-2.5,-1.07,-4.7,-5.78,85.37,94.62,-9.26,2026-01-27
222,Morehead State,OVC,,12,9,64.8,65.6,-0.81,-1.02,-4.69,-1.13,-5.82,85.51,94.33,-8.82,2026-01-27
223,Monmouth,CAA,,12,5,65.4,57.0,8.41,-7.42,-7.17,1.32,-5.85,84.03,93.04,-9.02,2026-01-27
224,Tennessee-Martin,OVC,,10,8,66.2,62.6,3.61,-2.66,-4.97,-1.22,-6.19,85.38,95.59,-10.22,2026-01-27
225,St. Thomas,Summit,,10,11,65.2,61.3,3.95,-2.9,-6.7,0.47,-6.23,84.99,95.46,-10.47,2026-01-27
226,Stetson,A-Sun,,11,8,70.3,65.7,4.58,-4.54,0.62,-6.86,-6.25,92.36,102.35,-9.99,2026-01-27
227,Little Rock,OVC,,9,10,58.7,60.3,-1.63,0.05,-10.65,4.23,-6.43,79.02,88.87,-9.86,2026-01-27
228,West Georgia,A-Sun,,13,6,73.7,65.0,8.74,-8.58,1.15,-7.61,-6.46,91.05,101.6,-10.54,2026-01-27
229,William & Mary,CAA,,10,8,61.3,60.1,1.22,-6.69,-7.33,0.82,-6.52,83.34,93.97,-10.63,2026-01-27
230,Alabama A&M,SWAC,,10,9,62.6,59.6,3.0,-3.06,-7.83,1.27,-6.56,82.31,91.86,-9.55,2026-01-27
231,Campbell,CAA,,12,8,62.3,56.2,6.1,-6.57,-9.96,3.39,-6.57,83.32,94.69,-11.37,2026-01-27
232,Maryland-Baltimore County,AmEast,,10,9,64.8,58.4,6.42,-6.52,-8.09,1.51,-6.58,81.44,91.84,-10.39,2026-01-27
233,Fordham,A-10,,9,11,64.3,64.5,-0.2,-5.93,-2.79,-3.83,-6.62,83.57,94.53,-10.95,2026-01-27
234,Air Force,MWC,,8,12,57.8,61.8,-4.0,-2.4,-8.62,1.95,-6.66,81.74,92.24,-10.5,2026-01-27
235,Northwestern State,Southland,,9,9,63.6,63.1,0.44,0.84,-7.99,1.27,-6.72,82.85,93.49,-10.64,2026-01-27
236,Elon,CAA,,9,10,65.4,63.0,2.37,-5.88,-4.59,-2.18,-6.77,84.72,95.15,-10.44,2026-01-27
237,Wofford,Southern,,11,9,68.7,62.9,5.75,-4.52,-4.05,-2.94,-6.99,87.7,99.0,-11.3,2026-01-27
238,Texas State,Sun Belt,,9,10,62.5,62.3,0.26,-2.2,-7.41,0.33,-7.08,81.68,92.16,-10.48,2026-01-27
239,Florida Atlantic,American,,9,11,62.9,68.0,-5.1,0.43,-3.8,-3.41,-7.21,83.87,95.99,-12.12,2026-01-27
240,St. Bonaventure,A-10,,12,9,62.7,60.3,2.38,-7.46,-6.94,-0.42,-7.36,83.59,95.45,-11.86,2026-01-27
241,Duquesne,A-10,,7,13,64.6,64.6,0.0,-2.75,-5.61,-1.81,-7.42,79.71,92.32,-12.6,2026-01-27
242,Northern Arizona,Big Sky,,7,14,71.1,73.3,-2.24,-0.75,2.21,-9.8,-7.59,89.34,100.94,-11.6,2026-01-27
243,Stony Brook,CAA,,10,10,57.5,55.9,1.65,-3.68,-13.38,5.52,-7.86,77.58,90.57,-12.99,2026-01-27
244,Wyoming,MWC,,7,12,55.4,61.2,-5.74,0.03,-10.06,1.98,-8.08,83.38,97.22,-13.84,2026-01-27
245,IU Indy,Horizon,,8,11,66.3,67.4,-1.11,-2.45,-4.63,-3.47,-8.09,81.78,93.92,-12.14,2026-01-27
246,Maryland-Eastern Shore,MEAC,,11,10,63.7,67.3,-3.62,-0.58,-3.62,-4.6,-8.21,83.7,96.7,-13.01,2026-01-27
247,Norfolk State,MEAC,,10,11,62.8,61.0,1.76,-1.43,-8.52,0.21,-8.31,76.88,90.7,-13.82,2026-01-27
248,Pittsburgh,ACC,,8,14,60.6,69.0,-8.32,0.09,-5.68,-2.66,-8.34,82.45,95.49,-13.04,2026-01-27
249,Furman,Southern,,13,8,70.6,61.5,9.1,-3.54,-2.9,-5.46,-8.36,81.02,93.75,-12.73,2026-01-27
250,Kansas City,Summit,,6,15,69.6,68.8,0.81,0.69,-3.54,-4.99,-8.53,87.86,101.53,-13.67,2026-01-27
251,Montana,Big Sky,,6,13,62.3,71.9,-9.63,3.53,-3.68,-5.0,-8.69,88.21,101.75,-13.54,2026-01-27
252,Radford,Big South,,13,9,64.3,61.0,3.23,-8.2,-7.49,-1.41,-8.9,78.18,92.03,-13.85,2026-01-27
253,Texas-Rio Grande Valley,Southland,,11,9,65.2,66.9,-1.65,-2.0,-3.22,-5.72,-8.94,86.19,98.88,-12.7,2026-01-27
254,Towson,CAA,,11,8,66.1,66.4,-0.37,-5.07,-1.95,-7.01,-8.96,84.71,98.81,-14.1,2026-01-27
255,Incarnate Word,Southland,,10,8,64.8,69.6,-4.78,-1.68,-2.18,-6.82,-9.0,90.62,103.4,-12.79,2026-01-27
256,East Tennessee State,Southern,,9,11,56.8,58.5,-1.7,-3.67,-11.37,2.32,-9.06,80.39,94.35,-13.96,2026-01-27
257,Oakland,Horizon,,7,13,63.2,71.9,-8.65,2.65,-2.21,-7.3,-9.5,88.05,102.05,-14.01,2026-01-27
258,UNC Greensboro,Southern,,12,9,66.1,54.6,11.57,-6.81,-10.66,1.15,-9.51,82.71,97.87,-15.16,2026-01-27
259,Mercer,Southern,,12,8,65.9,62.2,3.7,-10.09,-4.81,-4.78,-9.59,82.35,97.42,-15.07,2026-01-27
260,San Diego,WCC,,8,14,56.5,62.1,-5.59,-0.63,-11.36,1.59,-9.77,78.24,93.65,-15.41,2026-01-27
261,Utah State,MWC,,6,13,61.2,67.4,-6.21,-0.17,-5.39,-4.38,-9.78,84.41,99.4,-14.98,2026-01-27
262,North Carolina A&T,CAA,,7,11,63.0,63.2,-0.17,2.72,-5.67,-4.32,-9.99,82.15,97.38,-15.23,2026-01-27
263,Wichita State,American,,4,16,59.7,66.5,-6.8,0.0,-9.24,-0.77,-10.0,78.18,92.9,-14.72,2026-01-27
264,SIU Edwardsville,OVC,,10,10,61.9,58.2,3.7,-6.36,-11.6,1.59,-10.01,79.65,95.11,-15.46,2026-01-27
265,Merrimack,MAAC,,10,9,67.6,66.4,1.21,-8.59,-1.81,-8.33,-10.15,83.19,99.3,-16.11,2026-01-27
266,Weber State,Big Sky,,6,15,64.3,67.7,-3.43,0.24,-5.33,-4.82,-10.15,82.8,97.68,-14.88,2026-01-27
267,Utah Tech,WAC,,6,12,62.9,67.7,-4.78,-5.09,-6.45,-4.35,-10.8,80.92,96.95,-16.03,2026-01-27
268,Southeast Missouri State,OVC,,7,12,66.8,67.8,-1.0,-3.48,-3.57,-7.55,-11.13,83.49,99.5,-16.01,2026-01-27
269,North Alabama,A-Sun,,9,9,63.7,64.4,-0.72,-6.47,-7.38,-3.78,-11.16,80.44,97.2,-16.76,2026-01-27
270,Denver,Summit,,9,11,61.2,66.8,-5.65,-0.36,-9.71,-1.88,-11.59,79.56,98.23,-18.68,2026-01-27
271,UTEP,CUSA,,9,10,66.1,69.2,-3.05,-3.34,-3.22,-8.47,-11.7,83.68,101.23,-17.55,2026-01-27
272,Western Kentucky,CUSA,,5,14,57.8,64.5,-6.68,-2.29,-10.68,-1.33,-12.01,80.71,99.54,-18.83,2026-01-27
273,Marist,MAAC,,7,14,59.0,67.1,-8.05,-4.03,-6.82,-5.26,-12.08,82.38,100.94,-18.56,2026-01-27
274,Nicholls State,Southland,,10,8,66.8,64.7,2.11,-11.64,-7.74,-4.43,-12.16,79.69,96.71,-17.02,2026-01-27
275,Lipscomb,A-Sun,,7,12,60.5,63.3,-2.74,-4.42,-11.39,-1.03,-12.42,76.59,95.38,-18.79,2026-01-27
276,Cal State Bakersfield,Big West,,6,13,61.2,67.8,-6.63,-4.81,-6.37,-6.1,-12.47,80.65,98.26,-17.61,2026-01-27
277,Siena,MAAC,,7,12,66.7,65.6,1.11,-13.77,-2.7,-9.97,-12.67,77.76,99.58,-21.81,2026-01-27
278,Loyola (MD),Patriot,,8,11,55.4,61.3,-5.84,-6.94,-11.91,-0.88,-12.79,80.12,100.61,-20.49,2026-01-27
279,Western Michigan,MAC,,5,13,55.4,67.6,-12.22,-0.66,-11.89,-1.01,-12.89,76.11,95.22,-19.11,2026-01-27
280,Mount St. Mary's,MAAC,,9,11,59.6,62.6,-3.05,-9.91,-10.57,-2.39,-12.96,74.46,94.02,-19.56,2026-01-27
281,Southern Illinois,MVC,,6,12,66.8,70.7,-3.94,-4.1,-5.05,-7.99,-13.04,83.53,102.98,-19.45,2026-01-27
282,Milwaukee,Horizon,,7,15,61.0,66.3,-5.27,-4.68,-7.56,-5.57,-13.13,83.08,103.24,-20.16,2026-01-27
283,New Mexico State,CUSA,,7,13,58.3,66.6,-8.35,-0.26,-7.82,-5.38,-13.2,76.94,96.05,-19.11,2026-01-27
284,Evansville,MVC,,5,15,64.7,74.9,-10.25,-2.99,-4.01,-9.23,-13.24,82.59,101.42,-18.83,2026-01-27
285,Akron,MAC,,3,16,68.9,76.3,-7.37,1.88,-0.84,-12.46,-13.3,84.85,103.68,-18.83,2026-01-27
286,New Hampshire,AmEast,,7,13,57.9,61.3,-3.45,-4.77,-10.04,-3.4,-13.43,79.82,101.03,-21.21,2026-01-27
287,East Texas A&M,Southland,,7,10,65.5,67.1,-1.65,-4.64,-7.99,-5.45,-13.44,80.04,98.72,-18.68,2026-01-27
288,Boston University,Patriot,,7,12,58.0,59.8,-1.84,-7.57,-11.73,-1.73,-13.46,83.99,105.96,-21.98,2026-01-27
289,Detroit Mercy,Horizon,,4,16,62.2,72.1,-9.9,-3.43,-6.23,-7.31,-13.54,81.04,101.02,-19.99,2026-01-27
290,Yale,Ivy,,5,13,58.7,68.3,-9.61,-3.99,-6.96,-6.65,-13.6,78.38,99.22,-20.84,2026-01-27
291,Long Island University,NEC,,11,8,69.2,60.5,8.74,-16.43,-5.72,-7.95,-13.67,81.72,102.7,-20.98,2026-01-27
292,Eastern Illinois,OVC,,3,18,57.4,71.3,-13.9,0.16,-9.25,-4.5,-13.75,76.99,96.63,-19.65,2026-01-27
293,Coppin State,MEAC,,4,18,55.0,70.8,-15.82,4.1,-10.76,-3.29,-14.04,73.96,93.42,-19.47,2026-01-27
294,Manhattan,MAAC,,5,14,55.1,66.0,-10.89,-3.17,-10.97,-3.09,-14.07,75.07,95.87,-20.8,2026-01-27
295,Iona,MAAC,,13,8,59.9,59.3,0.57,-13.93,-10.76,-3.33,-14.08,77.59,99.0,-21.41,2026-01-27
296,Jackson State,SWAC,,5,14,59.9,66.5,-6.58,-2.93,-10.31,-3.84,-14.15,79.9,100.61,-20.71,2026-01-27
297,Hampton,CAA,,8,11,62.7,62.7,-0.05,-6.98,-8.49,-5.93,-14.42,82.08,104.19,-22.11,2026-01-27
298,Northeastern,CAA,,6,11,61.5,67.4,-5.88,-8.67,-6.65,-7.9,-14.55,81.37,103.72,-22.35,2026-01-27
299,Houston Christian,Southland,,5,13,62.7,68.9,-6.22,-2.46,-8.63,-6.01,-14.64,78.27,99.73,-21.46,2026-01-27
300,Cal State Northridge,Big West,,6,12,65.4,66.7,-1.28,-3.75,-7.96,-6.79,-14.75,76.45,96.9,-20.45,2026-01-27
301,Indiana State,MVC,,6,13,72.7,80.3,-7.63,-3.91,3.54,-18.39,-14.85,85.99,105.82,-19.83,2026-01-27
302,Portland State,Big Sky,,5,14,65.6,74.5,-8.89,-3.51,-2.96,-11.99,-14.95,85.94,107.79,-21.86,2026-01-27
303,Buffalo,MAC,,2,17,58.7,71.5,-12.84,-2.13,-7.76,-7.21,-14.97,77.05,98.59,-21.54,2026-01-27
304,Alcorn State,SWAC,,9,9,54.0,61.6,-7.56,-0.66,-16.67,1.54,-15.13,72.28,95.08,-22.8,2026-01-27
305,Samford,Southern,,8,14,60.9,69.3,-8.45,-0.77,-7.22,-8.24,-15.45,83.66,107.64,-23.97,2026-01-27
306,Hofstra,CAA,,3,16,51.7,64.2,-12.53,-0.37,-14.84,-0.75,-15.59,74.97,99.9,-24.94,2026-01-27
307,Bucknell,Patriot,,6,13,53.3,58.2,-4.84,-6.33,-16.09,0.43,-15.67,72.98,97.59,-24.61,2026-01-27
308,Lafayette,Patriot,,7,12,60.5,65.2,-4.63,-11.05,-8.0,-7.69,-15.69,82.34,106.55,-24.21,2026-01-27
309,Sacred Heart,MAAC,,10,10,59.5,62.1,-2.65,-12.44,-11.16,-4.7,-15.86,78.73,102.69,-23.95,2026-01-27
310,North Florida,A-Sun,,7,12,62.1,72.5,-10.42,-3.37,-6.64,-9.38,-16.02,80.78,103.88,-23.09,2026-01-27
311,American,Patriot,,5,14,55.6,65.0,-9.42,-6.66,-10.54,-5.54,-16.08,78.4,103.94,-25.54,2026-01-27
312,San Jose State,MWC,,3,18,57.4,72.8,-15.38,2.1,-7.2,-9.0,-16.2,77.15,99.71,-22.56,2026-01-27
313,Dartmouth,Ivy,,9,9,57.8,58.1,-0.33,-6.08,-15.18,-1.1,-16.28,77.17,103.44,-26.27,2026-01-27
314,Winthrop,Big South,,10,11,65.4,68.4,-3.0,-4.49,-6.09,-10.46,-16.55,80.89,104.61,-23.72,2026-01-27
315,Northern Illinois,MAC,,4,15,55.4,68.1,-12.68,-4.09,-13.78,-2.99,-16.77,76.14,101.46,-25.32,2026-01-27
316,Wright State,Horizon,,6,15,66.3,71.5,-5.19,-5.41,-5.77,-11.32,-17.09,82.2,107.24,-25.04,2026-01-27
317,Alabama State,SWAC,,7,11,57.6,69.4,-11.78,-0.33,-11.51,-5.62,-17.13,72.12,95.84,-23.71,2026-01-27
318,Cornell,Ivy,,7,11,54.4,60.1,-5.61,-7.21,-16.39,-1.41,-17.8,76.48,104.85,-28.38,2026-01-27
319,Louisiana,Sun Belt,,2,18,56.8,72.4,-15.6,0.98,-12.02,-6.17,-18.19,73.74,99.27,-25.53,2026-01-27
320,Charleston Southern,Big South,,6,14,59.8,72.1,-12.3,-4.27,-8.9,-9.43,-18.32,80.31,107.97,-27.66,2026-01-27
321,Colgate,Patriot,,5,14,53.6,63.9,-10.37,-6.3,-14.52,-3.89,-18.41,73.67,102.36,-28.69,2026-01-27
322,Grambling,SWAC,,6,13,63.2,66.3,-3.05,-4.65,-10.12,-8.6,-18.71,73.66,100.11,-26.45,2026-01-27
323,North Carolina Central,MEAC,,3,14,60.8,74.5,-13.76,-0.39,-7.92,-11.04,-18.96,73.4,98.35,-24.95,2026-01-27
324,UNC Wilmington,CAA,,5,13,61.6,70.0,-8.39,-7.91,-8.8,-10.29,-19.09,78.85,107.07,-28.22,2026-01-27
325,Texas Southern,SWAC,,8,12,66.8,73.0,-6.2,-0.54,-5.71,-13.64,-19.35,78.42,104.19,-25.76,2026-01-27
326,Wagner,NEC,,9,10,57.0,59.7,-2.74,-11.32,-16.74,-2.87,-19.61,67.33,96.16,-28.84,2026-01-27
327,Texas A&M-Corpus Christi,Southland,,3,15,58.4,68.8,-10.39,-4.57,-13.65,-6.04,-19.69,75.46,104.39,-28.93,2026-01-27
328,North Dakota,Summit,,4,16,56.5,70.3,-13.85,-0.84,-11.1,-8.91,-20.01,72.75,100.74,-27.99,2026-01-27
329,UNC Asheville,Big South,,8,13,62.4,60.4,2.0,-13.0,-14.48,-5.74,-20.22,70.84,100.15,-29.31,2026-01-27
330,Seattle,WCC,,5,15,62.6,75.1,-12.5,-1.17,-8.05,-12.29,-20.34,77.9,106.62,-28.71,2026-01-27
331,Tennessee State,OVC,,3,16,58.5,77.1,-18.63,-1.76,-6.5,-13.89,-20.39,77.28,105.47,-28.2,2026-01-27
332,Gardner-Webb,Big South,,6,15,53.8,63.7,-9.95,-10.6,-15.77,-4.79,-20.56,73.15,103.59,-30.44,2026-01-27
333,Rider,MAAC,,4,16,53.5,64.1,-10.65,-9.98,-16.18,-4.45,-20.63,71.64,102.72,-31.08,2026-01-27
334,Long Beach State,Big West,,2,17,52.9,73.8,-20.84,1.1,-12.57,-8.66,-21.24,74.07,104.83,-30.76,2026-01-27
335,Cal Poly,Big West,,3,16,56.9,74.1,-17.16,2.66,-9.02,-12.67,-21.7,77.73,108.5,-30.77,2026-01-27
336,New Haven,NEC,,6,13,58.5,59.3,-0.74,-15.09,-17.56,-4.53,-22.09,72.36,106.05,-33.69,2026-01-27
337,Delaware State,MEAC,,4,16,54.7,65.6,-10.85,-5.17,-16.24,-5.93,-22.17,68.85,101.65,-32.8,2026-01-27
338,Western Carolina,Southern,,3,17,59.3,68.0,-8.7,-4.44,-13.41,-8.86,-22.27,72.17,104.97,-32.8,2026-01-27
339,Southeastern Louisiana,Southland,,2,16,59.3,78.8,-19.44,1.31,-9.54,-13.04,-22.57,79.67,112.22,-32.55,2026-01-27
340,South Carolina Upstate,Big South,,6,15,58.3,63.8,-5.48,-7.72,-16.05,-6.61,-22.66,70.02,104.31,-34.29,2026-01-27
341,Canisius,MAAC,,3,16,54.3,70.3,-16.0,-6.72,-14.84,-7.88,-22.72,72.44,105.89,-33.46,2026-01-27
342,Stonehill,NEC,,7,12,60.3,66.5,-6.16,-13.73,-12.39,-10.34,-22.73,77.14,110.01,-32.88,2026-01-27
343,Arkansas-Pine Bluff,SWAC,,6,12,56.5,70.4,-13.89,-6.49,-13.42,-9.77,-23.19,74.84,107.11,-32.27,2026-01-27
344,Queens (NC),A-Sun,,7,12,59.8,67.7,-7.95,-9.14,-14.17,-9.26,-23.43,72.0,103.66,-31.66,2026-01-27
345,Florida A&M,SWAC,,5,13,57.5,72.5,-15.0,-7.49,-12.7,-11.02,-23.73,73.71,105.89,-32.18,2026-01-27
346,Massachusetts-Lowell,AmEast,,6,14,58.6,66.2,-7.6,-8.1,-13.58,-10.17,-23.75,77.17,114.6,-37.44,2026-01-27
347,Morgan State,MEAC,,3,19,53.2,73.7,-20.5,-0.07,-13.62,-10.15,-23.77,73.95,109.69,-35.74,2026-01-27
348,New Orleans,Southland,,1,18,61.1,83.1,-22.05,-1.28,-6.58,-17.53,-24.11,74.27,105.66,-31.39,2026-01-27
349,Chicago State,NEC,,4,17,58.4,75.4,-16.95,-7.21,-10.59,-13.57,-24.16,73.12,106.7,-33.58,2026-01-27
350,Mercyhurst,NEC,,6,13,60.7,78.1,-17.42,-6.77,-7.07,-17.13,-24.2,81.78,116.88,-35.09,2026-01-27
351,Saint Peter's,MAAC,,5,15,51.7,64.4,-12.75,-8.21,-18.82,-5.55,-24.37,69.62,106.85,-37.24,2026-01-27
352,Bethune-Cookman,SWAC,,3,17,54.8,70.6,-15.8,-5.55,-17.18,-8.38,-25.55,69.0,105.21,-36.21,2026-01-27
353,South Carolina State,MEAC,,5,15,57.0,68.0,-11.05,-7.38,-16.67,-10.43,-27.1,68.62,107.24,-38.62,2026-01-27
354,Saint Francis (PA),NEC,,2,17,56.6,71.7,-15.11,-12.73,-13.14,-15.42,-28.56,70.82,111.94,-41.12,2026-01-27
355,Omaha,Summit,,2,20,53.7,78.8,-25.14,1.47,-15.84,-12.84,-28.68,69.92,111.06,-41.14,2026-01-27
356,Le Moyne,NEC,,5,16,54.8,73.4,-18.67,-8.53,-14.15,-14.59,-28.73,73.84,116.8,-42.96,2026-01-27
357,Bellarmine,A-Sun,,2,19,52.4,79.9,-27.48,1.36,-14.51,-14.28,-28.79,69.78,109.44,-39.66,2026-01-27
358,Prairie View,SWAC,,2,17,54.7,77.1,-22.37,-3.55,-13.03,-16.7,-29.72,68.03,106.94,-38.91,2026-01-27
359,Valparaiso,MVC,,0,20,53.5,80.0,-26.5,-3.95,-14.54,-15.91,-30.45,65.81,106.26,-40.45,2026-01-27
360,Mississippi Valley State,SWAC,,4,14,56.6,84.4,-27.78,-3.33,-10.83,-20.29,-31.11,69.53,109.88,-40.35,2026-01-27
361,Central Connecticut State,NEC,,0,19,52.5,73.7,-21.16,-11.31,-17.49,-14.98,-32.47,65.6,112.46,-46.86,2026-01-27
362,Presbyterian,Big South,,3,17,54.0,71.6,-17.55,-7.39,-19.41,-13.26,-32.67,65.09,111.92,-46.82,2026-01-27
363,Niagara,MAAC,,0,19,51.6,81.4,-29.74,-6.58,-16.57,-19.74,-36.31,62.72,110.57,-47.86,2026-01-27
1,UConn,Big East,1.0,21,0,89.9,51.0,38.86,15.37,30.73,23.5,54.23,129.02,58.11,70.92,2026-01-29
2,UCLA,Big Ten,2.0,19,1,87.1,56.3,30.85,18.03,27.91,20.97,48.88,132.47,66.35,66.12,2026-01-29
3,LSU,SEC,6.0,19,2,99.0,56.8,42.24,5.5,35.48,12.26,47.74,125.99,69.36,56.63,2026-01-29
4,Texas,SEC,4.0,19,2,88.8,53.0,35.76,11.54,27.29,20.02,47.31,124.47,64.13,60.34,2026-01-29
5,South Carolina,SEC,3.0,20,2,89.0,56.6,32.41,13.52,28.58,17.34,45.93,124.73,66.11,58.63,2026-01-29
6,Michigan,Big Ten,9.0,17,3,87.2,59.6,27.55,13.19,26.34,14.4,40.74,119.02,67.83,51.2,2026-01-29
7,Oklahoma,SEC,10.0,16,4,89.1,63.5,25.65,10.94,27.45,9.14,36.59,112.35,69.27,43.08,2026-01-29
8,Louisville,ACC,7.0,19,3,83.0,59.5,23.59,11.27,22.12,12.74,34.86,119.17,74.21,44.96,2026-01-29
9,Michigan St.,Big Ten,13.0,18,2,86.0,60.2,25.8,8.23,23.2,10.82,34.03,120.27,76.36,43.92,2026-01-29
10,Iowa,Big Ten,8.0,18,2,81.0,63.0,17.95,15.6,19.94,13.61,33.55,114.72,71.97,42.74,2026-01-29
11,Vanderbilt,SEC,5.0,20,1,85.3,60.1,25.19,8.23,22.27,11.15,33.42,120.67,77.63,43.05,2026-01-29
12,TCU,Big 12,12.0,19,2,80.9,53.2,27.62,5.68,16.26,17.04,33.3,112.29,69.4,42.89,2026-01-29
13,Duke,ACC,20.0,14,6,75.7,60.2,15.55,17.19,17.19,15.55,32.74,112.36,70.35,42.01,2026-01-29
14,Maryland,Big Ten,16.0,17,4,84.4,60.0,24.48,7.36,23.32,8.52,31.84,117.02,75.68,41.34,2026-01-29
15,Tennessee,SEC,15.0,14,3,79.4,60.2,19.12,12.72,20.03,11.82,31.84,111.52,71.08,40.45,2026-01-29
16,Minnesota,Big Ten,,14,6,74.2,54.2,20.0,11.41,13.16,18.25,31.41,113.0,70.04,42.96,2026-01-29
17,Kentucky,SEC,18.0,17,5,76.6,56.6,20.0,10.54,14.47,16.07,30.54,114.54,73.58,40.96,2026-01-29
18,USC,Big Ten,,11,9,68.5,59.9,8.6,21.15,10.85,18.9,29.75,107.12,67.9,39.22,2026-01-29
19,Nebraska,Big Ten,,15,5,82.3,63.5,18.85,10.8,19.27,10.39,29.65,117.63,78.68,38.96,2026-01-29
20,Ohio St.,Big Ten,11.0,18,3,84.4,64.6,19.86,9.6,22.14,7.32,29.46,111.49,76.22,35.27,2026-01-29
21,West Virginia,Big 12,22.0,17,5,77.4,59.2,18.14,11.04,16.02,13.15,29.17,110.78,73.81,36.97,2026-01-29
22,Ole Miss,SEC,17.0,17,4,78.3,56.6,21.67,7.43,15.1,13.99,29.09,111.65,74.57,37.08,2026-01-29
23,Oregon,Big Ten,,15,7,78.1,62.8,15.32,12.67,17.58,10.4,27.99,110.45,74.07,36.38,2026-01-29
24,NC State,ACC,,14,6,77.6,66.1,11.5,16.45,19.52,8.42,27.95,112.78,77.1,35.68,2026-01-29
25,UNC,ACC,,17,5,76.7,58.5,18.14,9.5,14.34,13.29,27.63,109.27,73.72,35.55,2026-01-29
26,Notre Dame,ACC,,13,7,80.1,64.5,15.55,11.87,19.23,8.19,27.42,112.99,79.13,33.86,2026-01-29
27,Oklahoma St.,Big 12,,16,5,86.8,62.3,24.48,4.93,21.06,6.07,27.13,119.21,85.15,34.06,2026-01-29
28,Baylor,Big 12,14.0,19,3,73.0,56.4,16.64,9.76,11.83,14.57,26.4,105.26,70.72,34.54,2026-01-29
29,Texas Tech,Big 12,21.0,20,2,74.0,54.8,19.23,6.77,11.39,14.62,26.0,106.93,73.23,33.7,2026-01-29
30,Alabama,SEC,24.0,18,3,72.4,55.3,17.05,8.73,11.01,14.77,25.78,109.74,75.12,34.62,2026-01-29
31,Washington,Big Ten,25.0,16,4,73.9,57.6,16.35,9.01,12.4,12.96,25.36,112.4,77.42,34.98,2026-01-29
32,Iowa St.,Big 12,,16,5,84.7,64.0,20.62,4.42,20.71,4.33,25.04,117.02,84.59,32.44,2026-01-29
33,Georgia,SEC,23.0,18,3,76.0,56.9,19.1,4.6,12.1,11.6,23.69,108.22,77.46,30.76,2026-01-29
34,Illinois,Big Ten,,15,5,79.0,64.0,15.05,8.1,13.63,9.52,23.15,109.82,80.35,29.47,2026-01-29
35,Mississippi St.,SEC,,15,6,79.3,62.7,16.57,6.37,16.67,6.27,22.94,111.49,81.92,29.57,2026-01-29
36,Stanford,ACC,,15,6,69.7,58.1,11.62,9.64,8.12,13.14,21.26,104.51,75.95,28.56,2026-01-29
37,Virginia,ACC,,14,6,76.4,59.6,16.85,3.83,12.1,8.59,20.68,109.27,81.91,27.36,2026-01-29
38,Syracuse,ACC,,16,4,74.4,60.7,13.75,6.29,12.63,7.41,20.04,103.08,78.2,24.88,2026-01-29
39,Virginia Tech,ACC,,16,5,74.9,58.2,16.67,3.25,10.59,9.32,19.91,101.98,77.67,24.31,2026-01-29
40,Villanova,Big East,,16,5,73.5,62.7,10.76,8.57,12.29,7.04,19.33,106.73,81.28,25.45,2026-01-29
41,Miami,ACC,,12,8,72.7,64.0,8.7,10.52,11.13,8.1,19.22,105.08,81.28,23.8,2026-01-29
42,Colorado,Big 12,,13,7,69.3,60.6,8.7,9.46,6.94,11.22,18.16,100.6,77.51,23.09,2026-01-29
43,Utah,Big 12,,15,6,69.3,62.9,6.48,12.51,8.73,9.28,18.01,103.15,80.35,22.8,2026-01-29
44,Clemson,ACC,,14,7,69.8,57.7,12.1,5.86,6.26,11.69,17.95,108.71,84.32,24.39,2026-01-29
45,Brigham Young,Big 12,,15,5,72.7,61.5,11.2,6.42,10.23,7.39,17.62,100.33,79.18,21.15,2026-01-29
46,Florida,SEC,,13,9,75.0,64.1,10.82,6.5,10.51,6.81,17.32,102.85,81.99,20.86,2026-01-29
47,California,ACC,,12,9,69.5,62.9,6.57,10.17,8.61,8.13,16.74,103.17,81.97,21.2,2026-01-29
48,Princeton,Ivy,19.0,17,1,74.8,64.2,10.56,5.89,11.74,4.71,16.45,108.83,87.52,21.3,2026-01-29
49,Seton Hall,Big East,,14,6,70.7,64.1,6.6,9.81,9.83,6.58,16.41,103.9,83.09,20.8,2026-01-29
50,Arizona St.,Big 12,,17,4,66.7,57.3,9.43,6.96,4.06,12.33,16.39,96.55,75.78,20.77,2026-01-29
51,South Dakota State,Summit,,16,5,76.0,64.6,11.48,4.76,10.86,5.38,16.24,107.48,86.33,21.15,2026-01-29
52,Richmond,A-10,,16,4,74.4,62.6,11.8,3.9,10.96,4.74,15.7,109.58,89.09,20.5,2026-01-29
53,Kansas,Big 12,,13,8,73.3,65.3,8.0,10.51,10.08,5.43,15.51,105.2,85.44,19.75,2026-01-29
54,North Dakota St.,Summit,,18,2,79.5,59.6,19.9,-2.27,11.38,3.91,15.29,106.68,86.37,20.31,2026-01-29
55,Kansas State,Big 12,,11,10,69.6,66.0,3.52,11.3,8.94,5.88,14.83,103.29,85.34,17.95,2026-01-29
56,Indiana,Big Ten,,11,10,70.5,67.9,2.62,12.09,9.33,5.38,14.71,106.48,88.43,18.05,2026-01-29
57,James Madison,Sun Belt,,14,8,73.0,64.8,8.14,6.06,8.71,5.49,14.2,99.71,81.89,17.82,2026-01-29
58,Marquette,Big East,,13,7,69.7,61.3,8.4,7.53,6.39,7.73,14.11,102.51,84.35,18.16,2026-01-29
59,Davidson,A-10,,15,7,68.5,58.3,10.27,3.4,5.02,8.65,13.67,100.17,82.11,18.06,2026-01-29
60,Purdue,Big Ten,,11,9,70.7,69.0,1.7,11.9,10.55,3.05,13.6,105.14,87.81,17.33,2026-01-29
61,Columbia,Ivy,,13,5,72.3,60.8,11.56,1.78,9.37,3.96,13.33,103.1,86.51,16.58,2026-01-29
62,Auburn,SEC,,13,8,62.6,59.7,2.9,10.17,1.71,11.36,13.07,96.59,80.55,16.05,2026-01-29
63,Gonzaga,WCC,,14,7,73.4,65.4,8.0,4.84,9.81,3.03,12.84,104.98,88.32,16.66,2026-01-29
64,Rhode Island,A-10,,18,2,68.6,54.1,14.55,0.35,3.27,9.45,12.72,100.82,84.03,16.79,2026-01-29
65,Missouri,SEC,,14,9,74.5,72.4,2.09,10.53,12.58,0.03,12.62,106.02,90.85,15.17,2026-01-29
66,Troy,Sun Belt,,16,4,84.4,68.1,16.25,-0.84,14.6,-2.02,12.58,98.39,85.3,13.09,2026-01-29
67,Wisconsin,Big Ten,,13,8,70.3,69.6,0.76,10.81,8.6,2.97,11.57,102.47,88.0,14.47,2026-01-29
68,Santa Clara,WCC,,17,5,81.5,65.3,16.23,0.44,13.85,-2.45,11.39,101.7,88.27,13.43,2026-01-29
69,Fairfield,MAAC,,17,3,78.4,59.7,18.7,-7.59,9.51,1.6,11.11,105.61,91.63,13.98,2026-01-29
70,Rice,American,,17,3,70.1,59.0,11.1,0.01,4.29,6.81,11.11,96.86,83.05,13.81,2026-01-29
71,Harvard,Ivy,,10,8,65.7,58.8,6.83,4.26,2.72,8.37,11.1,95.67,81.51,14.16,2026-01-29
72,Texas A&M,SEC,,8,8,64.6,68.1,-3.5,14.32,4.33,6.49,10.82,93.85,81.26,12.59,2026-01-29
73,South Florida,American,,13,9,71.0,70.1,0.82,9.94,9.06,1.7,10.76,102.32,89.73,12.59,2026-01-29
74,Montana State,Big Sky,,14,5,76.6,64.8,11.74,2.91,10.27,0.41,10.68,97.48,85.25,12.24,2026-01-29
75,San Diego State,MWC,,15,3,72.5,60.7,11.78,1.63,5.31,5.27,10.57,101.37,87.62,13.75,2026-01-29
76,Georgetown,Big East,,12,8,66.7,60.6,6.1,4.39,3.78,6.71,10.49,97.44,84.07,13.37,2026-01-29
77,George Mason,A-10,,13,6,68.8,61.3,7.58,2.6,4.54,5.64,10.18,96.29,83.14,13.15,2026-01-29
78,Arkansas State,Sun Belt,,18,4,78.9,67.0,11.91,0.09,11.31,-1.17,10.14,96.66,85.85,10.8,2026-01-29
79,Colorado State,MWC,,17,4,68.2,55.6,12.57,-1.13,1.5,8.32,9.82,99.87,86.98,12.9,2026-01-29
80,Georgia Tech,ACC,,9,12,65.8,66.7,-0.9,10.61,4.19,5.51,9.71,93.38,81.91,11.46,2026-01-29
81,Nevada-Las Vegas,MWC,,14,6,68.7,61.6,7.1,2.38,5.63,3.85,9.48,100.94,89.08,11.87,2026-01-29
82,Florida State,ACC,,7,14,74.0,77.0,-2.95,12.37,13.37,-3.95,9.42,99.65,89.28,10.37,2026-01-29
83,Georgia Southern,Sun Belt,,15,5,75.1,65.0,10.1,2.03,4.93,4.47,9.4,100.28,88.35,11.93,2026-01-29
84,Oregon State,WCC,,15,6,68.1,61.8,6.38,5.05,3.62,5.49,9.1,100.02,88.78,11.24,2026-01-29
85,Ball State,MAC,,15,5,77.1,64.1,12.95,-0.14,8.84,0.18,9.02,98.57,88.9,9.67,2026-01-29
86,Saint Joseph's,A-10,,13,6,68.2,56.6,11.63,1.28,0.89,7.92,8.81,96.1,84.87,11.24,2026-01-29
87,Penn State,Big Ten,,7,14,74.4,82.3,-7.9,16.49,15.98,-7.4,8.58,105.02,94.78,10.23,2026-01-29
88,Belmont,MVC,,11,8,69.3,68.2,1.05,7.33,5.12,3.26,8.39,97.6,87.77,9.83,2026-01-29
89,UC Irvine,Big West,,17,3,72.0,57.5,14.5,-6.44,3.98,4.08,8.06,99.91,89.99,9.92,2026-01-29
90,Green Bay,Horizon,,17,5,68.4,57.8,10.64,-1.42,1.09,6.35,7.44,95.29,86.06,9.23,2026-01-29
91,Miami (OH),MAC,,16,4,71.0,57.9,13.1,-2.21,1.13,6.05,7.18,94.12,85.33,8.79,2026-01-29
92,North Texas,American,,11,9,70.6,61.7,8.95,3.99,1.06,6.1,7.16,90.17,82.31,7.86,2026-01-29
93,Murray State,MVC,,17,3,83.9,75.3,8.6,1.02,16.89,-9.82,7.07,104.1,96.26,7.84,2026-01-29
94,Cincinnati,Big 12,,8,13,70.4,71.4,-1.0,9.97,7.27,-0.3,6.97,98.06,90.04,8.03,2026-01-29
95,Creighton,Big East,,8,12,68.6,69.5,-0.9,7.78,6.1,0.78,6.88,99.17,91.08,8.1,2026-01-29
96,Arkansas,SEC,,11,10,73.3,73.0,0.24,6.5,9.56,-2.82,6.74,96.07,88.98,7.09,2026-01-29
97,St. John's (NY),Big East,,16,6,63.7,60.1,3.59,3.01,0.51,6.09,6.6,95.72,88.52,7.2,2026-01-29
98,Lindenwood,OVC,,15,6,73.9,60.4,13.48,-2.07,5.22,1.34,6.56,102.84,94.65,8.2,2026-01-29
99,Louisiana Tech,CUSA,,13,5,74.9,61.4,13.56,1.3,4.79,1.76,6.55,100.63,92.48,8.15,2026-01-29
100,Arizona,Big 12,,10,9,72.2,69.7,2.47,4.0,8.15,-1.68,6.47,96.85,90.52,6.34,2026-01-29
101,Abilene Christian,WAC,,14,5,75.0,57.7,17.32,-2.92,0.97,5.42,6.39,94.14,87.0,7.14,2026-01-29
102,McNeese State,Southland,,16,4,68.2,50.9,17.25,-5.37,-3.23,9.53,6.29,91.12,82.77,8.35,2026-01-29
103,New Mexico,MWC,,13,7,70.2,62.8,7.4,-1.26,3.87,2.27,6.14,94.59,88.49,6.09,2026-01-29
104,Central Michigan,MAC,,12,6,69.2,63.1,6.06,1.22,2.98,3.06,6.04,94.16,87.73,6.43,2026-01-29
105,UCF,Big 12,,10,10,65.3,62.3,3.0,2.82,1.08,4.74,5.82,92.53,86.88,5.65,2026-01-29
106,Northwestern,Big Ten,,8,12,65.1,71.9,-6.75,12.48,5.35,0.38,5.73,98.26,92.35,5.91,2026-01-29
107,Marshall,Sun Belt,,17,5,72.3,61.6,10.73,0.63,3.41,2.07,5.48,95.41,89.59,5.82,2026-01-29
108,Wake Forest,ACC,,12,9,65.9,61.0,4.9,0.28,1.04,4.15,5.18,94.12,88.79,5.33,2026-01-29
109,Butler,Big East,,9,12,63.7,65.1,-1.43,6.28,0.21,4.64,4.85,92.06,87.91,4.15,2026-01-29
110,Northern Iowa,MVC,,10,9,65.8,63.9,1.84,2.88,-1.53,6.25,4.72,90.01,85.31,4.7,2026-01-29
111,College of Charleston,CAA,,16,3,77.8,58.5,19.32,-7.08,3.9,0.73,4.63,96.82,91.6,5.22,2026-01-29
112,Massachusetts,MAC,,14,4,69.7,60.3,9.33,-4.71,1.89,2.73,4.63,93.6,89.07,4.53,2026-01-29
113,Quinnipiac,MAAC,,16,4,67.8,52.3,15.5,-11.11,-0.64,5.04,4.39,97.65,91.57,6.08,2026-01-29
114,Boise State,MWC,,16,5,71.1,66.4,4.67,-0.19,6.53,-2.22,4.31,97.97,93.65,4.32,2026-01-29
115,Temple,American,,9,10,70.1,70.8,-0.74,5.0,6.99,-2.73,4.26,96.98,93.36,3.62,2026-01-29
116,Eastern Kentucky,A-Sun,,17,4,76.5,60.3,16.19,-8.79,4.04,0.07,4.11,93.69,90.19,3.5,2026-01-29
117,Coastal Carolina,Sun Belt,,10,11,74.1,64.0,10.1,-0.92,4.34,-0.42,3.93,91.63,88.38,3.24,2026-01-29
118,Vermont,AmEast,,17,5,69.2,54.2,15.0,-5.52,-1.5,5.43,3.93,97.41,92.05,5.35,2026-01-29
119,Portland,WCC,,11,10,71.2,63.5,7.71,2.33,3.2,0.65,3.85,91.04,87.14,3.9,2026-01-29
120,Western Illinois,OVC,,16,3,77.4,60.9,16.42,-6.81,5.84,-2.09,3.75,98.88,94.52,4.36,2026-01-29
121,High Point,Big South,,18,2,76.1,58.0,18.15,-10.76,4.07,-0.33,3.74,94.37,90.96,3.41,2026-01-29
122,East Carolina,American,,15,7,73.0,65.9,7.14,-3.41,6.4,-2.68,3.73,94.16,91.24,2.92,2026-01-29
123,Grand Canyon,MWC,,6,14,65.0,69.4,-4.4,7.87,3.55,-0.07,3.47,93.22,90.09,3.13,2026-01-29
124,UTSA,American,,9,9,60.3,57.9,2.39,3.33,-5.83,9.22,3.39,86.84,83.45,3.4,2026-01-29
125,Idaho,Big Sky,,15,5,79.9,68.2,11.7,-5.17,10.39,-7.17,3.22,97.29,94.69,2.6,2026-01-29
126,Illinois State,MVC,,11,9,74.6,69.2,5.4,-2.22,5.94,-2.76,3.18,98.67,96.5,2.17,2026-01-29
127,Central Arkansas,A-Sun,,11,8,72.5,59.9,12.63,-4.3,1.09,2.03,3.12,92.63,89.15,3.48,2026-01-29
128,UC Santa Barbara,Big West,,15,3,70.3,59.4,10.89,-6.44,0.42,2.55,2.97,94.68,91.88,2.8,2026-01-29
129,Southern Indiana,OVC,,14,5,70.3,56.6,13.74,-2.62,-0.29,3.24,2.94,91.12,87.81,3.3,2026-01-29
130,UC San Diego,Big West,,13,6,69.9,59.9,9.95,-4.98,0.85,2.0,2.85,90.55,87.83,2.72,2026-01-29
131,Pennsylvania,Ivy,,12,6,65.1,56.0,9.11,-0.89,-2.43,5.04,2.61,90.08,88.24,1.84,2026-01-29
132,Pepperdine,WCC,,12,9,68.5,65.3,3.14,0.75,2.8,-0.21,2.6,94.52,92.56,1.97,2026-01-29
133,South Dakota,Summit,,15,6,72.7,55.8,16.95,-7.77,-1.47,3.8,2.34,90.4,87.54,2.86,2026-01-29
134,Tulsa,American,,14,6,70.9,65.7,5.25,-2.91,2.0,0.34,2.34,90.75,89.2,1.56,2026-01-29
135,Charlotte,American,,9,12,64.1,67.4,-3.29,5.45,0.78,1.39,2.17,91.98,90.46,1.52,2026-01-29
136,Purdue Fort Wayne,Horizon,,14,8,70.5,63.1,7.32,-2.02,2.41,-0.23,2.17,91.26,89.56,1.7,2026-01-29
137,Tulane,American,,8,11,69.6,69.6,-0.05,2.09,4.44,-2.41,2.04,94.15,92.7,1.45,2026-01-29
138,California Baptist,WAC,,13,8,71.3,66.2,5.1,-3.11,4.97,-2.98,1.99,91.47,90.63,0.84,2026-01-29
139,Rutgers,Big Ten,,9,11,59.1,65.7,-6.65,8.51,-3.12,4.98,1.86,89.41,88.88,0.53,2026-01-29
140,Sam Houston,CUSA,,11,6,65.5,56.3,9.24,0.45,-4.21,5.87,1.66,82.28,82.43,-0.15,2026-01-29
141,San Francisco,WCC,,13,7,69.3,66.6,2.75,0.84,3.87,-2.24,1.63,89.34,88.56,0.79,2026-01-29
142,Missouri State,CUSA,,12,7,65.9,63.7,2.21,-0.66,-1.19,2.74,1.55,88.43,87.93,0.5,2026-01-29
143,Middle Tennessee,CUSA,,11,9,60.0,59.3,0.65,0.88,-5.07,6.6,1.53,90.67,90.2,0.47,2026-01-29
144,Southern Methodist,ACC,,8,13,65.0,71.0,-6.0,7.4,1.84,-0.44,1.4,91.75,91.26,0.49,2026-01-29
145,Loyola Marymount,WCC,,12,8,69.3,63.7,5.6,-1.67,2.87,-1.48,1.39,97.44,96.69,0.75,2026-01-29
146,Idaho State,Big Sky,,12,7,65.3,58.8,6.47,-2.68,-5.45,6.72,1.27,85.97,85.08,0.89,2026-01-29
147,Navy,Patriot,,12,6,71.4,62.9,8.44,-5.72,4.03,-2.87,1.17,94.87,94.82,0.04,2026-01-29
148,Providence,Big East,,10,12,59.6,63.3,-3.73,4.61,-3.39,4.27,0.88,87.97,88.57,-0.6,2026-01-29
149,Austin Peay,A-Sun,,13,5,68.3,57.2,11.11,-5.22,-4.34,5.12,0.79,90.46,90.39,0.07,2026-01-29
150,Houston,Big 12,,6,14,61.3,70.9,-9.55,10.24,-0.36,1.05,0.69,87.38,87.21,0.17,2026-01-29
151,Hawaii,Big West,,10,9,62.7,60.2,2.53,-1.16,-3.75,4.29,0.54,88.13,88.26,-0.13,2026-01-29
152,Bradley,MVC,,13,7,72.5,64.4,8.05,-4.73,0.99,-0.46,0.53,92.32,92.26,0.06,2026-01-29
153,Saint Mary's (CA),WCC,,13,9,59.2,57.5,1.68,1.52,-6.25,6.76,0.52,88.57,89.28,-0.72,2026-01-29
154,UC Davis,Big West,,14,6,69.5,63.9,5.55,-1.94,2.54,-2.15,0.39,93.56,95.19,-1.62,2026-01-29
155,Old Dominion,Sun Belt,,12,9,67.8,66.9,0.9,3.08,0.58,-0.25,0.33,88.47,89.33,-0.86,2026-01-29
156,Liberty,CUSA,,9,9,65.9,63.5,2.39,2.07,0.39,-0.26,0.13,94.8,96.54,-1.75,2026-01-29
157,Army,Patriot,,15,4,66.7,56.7,9.95,-8.49,-2.29,2.3,0.02,92.88,94.07,-1.19,2026-01-29
158,Fresno State,MWC,,10,11,63.0,59.6,3.33,-1.11,-4.04,3.97,-0.06,87.14,88.1,-0.95,2026-01-29
159,Northern Colorado,Big Sky,,15,6,71.5,60.6,10.95,-3.27,-0.57,0.47,-0.1,90.43,91.18,-0.75,2026-01-29
160,Louisiana-Monroe,Sun Belt,,8,11,66.2,68.1,-1.95,1.64,0.46,-0.77,-0.31,90.05,91.43,-1.38,2026-01-29
161,Brown,Ivy,,11,6,64.1,56.3,7.76,-5.34,-3.09,2.75,-0.34,86.51,89.44,-2.94,2026-01-29
162,Xavier,Big East,,10,10,60.2,64.2,-4.0,3.33,-4.69,4.02,-0.67,87.97,90.38,-2.41,2026-01-29
163,Southern Mississippi,Sun Belt,,11,9,75.9,72.8,3.15,0.4,6.15,-7.02,-0.88,95.46,98.23,-2.76,2026-01-29
164,Toledo,MAC,,9,8,66.1,64.1,1.94,-2.28,-2.01,1.04,-0.97,90.5,93.0,-2.5,2026-01-29
165,George Washington,A-10,,11,11,62.4,60.0,2.32,-1.57,-4.45,3.46,-1.0,90.7,93.31,-2.61,2026-01-29
166,Ohio,MAC,,12,6,74.2,69.6,4.56,-3.99,5.62,-6.67,-1.05,90.47,93.85,-3.38,2026-01-29
167,UAB,American,,7,13,69.9,70.3,-0.4,-0.85,2.82,-3.94,-1.12,94.94,97.49,-2.55,2026-01-29
168,Kent State,MAC,,9,10,70.8,67.9,2.89,1.62,1.27,-2.54,-1.27,92.94,96.16,-3.21,2026-01-29
169,Appalachian State,Sun Belt,,9,10,64.2,58.0,6.16,-0.87,-4.88,3.48,-1.4,91.21,94.92,-3.7,2026-01-29
170,South Alabama,Sun Belt,,9,10,69.6,68.3,1.26,-2.67,0.62,-2.03,-1.41,89.55,92.79,-3.24,2026-01-29
171,Florida Gulf Coast,A-Sun,,9,10,62.4,60.2,2.26,4.28,-6.23,4.64,-1.6,86.64,90.56,-3.92,2026-01-29
172,Oral Roberts,Summit,,11,9,77.7,75.2,2.5,1.74,10.01,-11.75,-1.73,95.23,98.97,-3.74,2026-01-29
173,Drexel,CAA,,11,7,63.9,56.9,7.0,-6.02,-4.45,2.49,-1.96,92.12,96.14,-4.02,2026-01-29
174,Eastern Michigan,MAC,,9,9,69.4,68.1,1.33,-0.46,1.85,-3.96,-2.11,94.19,98.37,-4.18,2026-01-29
175,Howard,MEAC,,15,7,65.0,62.2,2.77,-5.0,-2.09,-0.14,-2.23,86.96,92.14,-5.18,2026-01-29
176,Jacksonville,A-Sun,,12,7,71.7,68.2,3.47,-3.28,4.18,-6.46,-2.28,88.37,93.04,-4.66,2026-01-29
177,FDU,NEC,,17,4,66.8,52.3,14.48,-13.15,-6.96,4.66,-2.3,89.73,93.04,-3.32,2026-01-29
178,Cleveland State,Horizon,,15,7,70.5,59.2,11.27,-9.29,-2.0,-0.39,-2.39,89.74,94.46,-4.72,2026-01-29
179,Saint Louis,A-10,,11,11,69.0,67.2,1.86,-0.65,0.13,-2.59,-2.46,85.37,90.13,-4.76,2026-01-29
180,Binghamton,AmEast,,14,6,68.1,62.8,5.35,-2.97,0.08,-2.6,-2.52,92.43,96.9,-4.47,2026-01-29
181,Northern Kentucky,Horizon,,10,13,68.1,71.0,-2.87,0.24,2.32,-4.96,-2.63,91.69,96.41,-4.72,2026-01-29
182,Lamar,Southland,,12,6,65.4,59.3,6.11,-7.28,-3.59,0.96,-2.64,88.63,93.02,-4.39,2026-01-29
183,La Salle,A-10,,11,9,64.5,64.5,-0.05,-0.9,-1.9,-0.79,-2.69,84.98,90.55,-5.58,2026-01-29
184,Loyola (IL),A-10,,9,11,56.2,62.0,-5.8,3.02,-7.84,5.07,-2.78,83.84,89.86,-6.02,2026-01-29
185,Bryant,AmEast,,14,6,67.2,54.9,12.35,-11.27,-3.54,0.72,-2.83,87.63,92.54,-4.91,2026-01-29
186,Maine,AmEast,,10,11,61.1,61.7,-0.57,-2.3,-3.97,1.1,-2.87,86.86,92.77,-5.9,2026-01-29
187,Dayton,A-10,,10,10,65.9,67.5,-1.55,-1.57,-0.16,-2.95,-3.12,91.04,97.29,-6.25,2026-01-29
188,Washington State,WCC,,4,18,61.9,73.6,-11.73,8.55,-1.29,-1.89,-3.17,90.24,96.35,-6.11,2026-01-29
189,Youngstown State,Horizon,,14,7,66.6,57.3,9.29,-5.68,-6.29,3.09,-3.2,85.03,90.91,-5.87,2026-01-29
190,Albany (NY),AmEast,,11,9,59.8,55.3,4.5,-5.22,-7.96,4.69,-3.27,90.4,96.25,-5.86,2026-01-29
191,Longwood,Big South,,14,6,78.4,65.1,13.25,-6.48,3.14,-6.44,-3.3,87.32,95.05,-7.73,2026-01-29
192,Virginia Commonwealth,A-10,,7,14,57.5,66.2,-8.71,5.37,-5.43,2.08,-3.35,83.69,89.68,-5.99,2026-01-29
193,Cal State Fullerton,Big West,,11,9,72.1,63.7,8.4,-6.26,1.5,-4.97,-3.48,85.12,91.45,-6.33,2026-01-29
194,Holy Cross,Patriot,,11,8,59.9,60.3,-0.37,-3.11,-6.14,2.65,-3.48,83.24,90.07,-6.83,2026-01-29
195,Pacific,WCC,,8,12,64.8,66.5,-1.7,1.71,-2.46,-1.14,-3.6,89.6,95.94,-6.34,2026-01-29
196,DePaul,Big East,,5,17,63.0,72.4,-9.36,5.74,0.22,-3.85,-3.63,88.47,94.89,-6.42,2026-01-29
197,Florida International,CUSA,,11,7,74.7,68.4,6.28,-5.13,4.14,-8.03,-3.9,88.72,95.84,-7.11,2026-01-29
198,Illinois-Chicago,MVC,,9,11,63.6,63.9,-0.3,-3.76,-4.83,0.77,-4.06,90.33,97.38,-7.05,2026-01-29
199,Stephen F. Austin,Southland,,14,6,76.3,69.3,7.05,-8.04,6.36,-10.46,-4.1,91.53,98.74,-7.21,2026-01-29
200,Tarleton State,WAC,,10,8,66.3,63.9,2.39,-2.29,-3.18,-1.18,-4.35,86.93,93.68,-6.75,2026-01-29
201,Delaware,CUSA,,9,10,66.5,65.2,1.26,-4.39,-0.98,-3.41,-4.39,85.52,93.01,-7.48,2026-01-29
202,UT Arlington,WAC,,8,11,59.2,64.1,-4.89,0.48,-5.76,1.34,-4.42,80.8,86.6,-5.8,2026-01-29
203,Drake,MVC,,6,13,71.1,77.6,-6.58,2.04,3.09,-7.64,-4.54,94.05,101.69,-7.65,2026-01-29
204,Georgia State,Sun Belt,,9,12,69.9,73.7,-3.81,3.76,2.7,-7.31,-4.61,90.88,98.63,-7.75,2026-01-29
205,Southern Utah,WAC,,13,7,73.4,66.1,7.25,-5.02,0.0,-4.78,-4.78,90.8,98.59,-7.79,2026-01-29
206,Tennessee Tech,OVC,,10,9,67.0,63.4,3.58,-5.04,-2.05,-2.76,-4.81,89.58,97.54,-7.96,2026-01-29
207,Utah Valley,WAC,,9,10,63.5,61.2,2.32,-2.24,-5.27,0.38,-4.89,82.15,90.32,-8.17,2026-01-29
208,UC Riverside,Big West,,6,13,62.2,63.5,-1.32,-0.07,-6.24,1.29,-4.95,84.39,92.44,-8.06,2026-01-29
209,Chattanooga,Southern,,13,5,64.4,57.6,6.83,-6.59,-6.79,1.7,-5.09,86.47,94.07,-7.61,2026-01-29
210,Southern,SWAC,,10,8,60.9,62.5,-1.56,1.58,-7.13,2.03,-5.1,83.5,92.29,-8.79,2026-01-29
211,Lehigh,Patriot,,10,8,66.0,66.7,-0.72,-4.42,0.45,-5.59,-5.14,93.24,102.03,-8.8,2026-01-29
212,Bowling Green,MAC,,10,9,70.3,65.5,4.74,1.24,-2.44,-2.73,-5.16,86.45,94.58,-8.13,2026-01-29
213,Nevada,MWC,,7,13,55.4,58.6,-3.25,-0.84,-10.04,4.88,-5.16,81.2,89.92,-8.72,2026-01-29
214,Sacramento State,Big Sky,,10,10,65.1,59.2,5.85,-3.6,-8.5,3.34,-5.16,81.97,90.29,-8.32,2026-01-29
215,Boston College,ACC,,4,18,62.4,74.3,-11.95,6.64,-0.08,-5.23,-5.31,91.1,100.82,-9.72,2026-01-29
216,Kennesaw State,CUSA,,10,8,66.3,60.4,5.89,-3.23,-3.56,-1.81,-5.36,85.25,93.78,-8.52,2026-01-29
217,Memphis,American,,8,12,66.0,68.9,-2.95,0.02,-1.29,-4.11,-5.4,79.73,87.76,-8.03,2026-01-29
218,Jacksonville State,CUSA,,11,8,65.4,57.1,8.32,-6.47,-6.65,1.18,-5.47,88.63,97.27,-8.64,2026-01-29
219,Robert Morris,Horizon,,14,7,65.0,59.1,5.86,-7.84,-6.56,1.09,-5.47,84.69,93.59,-8.9,2026-01-29
220,Eastern Washington,Big Sky,,10,10,68.0,66.1,1.9,-2.43,-1.04,-4.67,-5.71,85.43,94.58,-9.15,2026-01-29
221,NJIT,AmEast,,13,7,67.9,64.7,3.15,-8.93,1.21,-6.99,-5.78,91.56,101.23,-9.67,2026-01-29
222,Morehead State,OVC,,12,9,64.8,65.6,-0.81,-1.03,-4.69,-1.14,-5.83,85.52,94.34,-8.82,2026-01-29
223,Monmouth,CAA,,12,5,65.4,57.0,8.41,-7.45,-7.22,1.34,-5.88,84.03,93.08,-9.05,2026-01-29
224,Tennessee-Martin,OVC,,10,8,66.2,62.6,3.61,-2.65,-4.97,-1.22,-6.19,85.4,95.6,-10.2,2026-01-29
225,St. Thomas,Summit,,10,11,65.2,61.3,3.95,-2.88,-6.7,0.49,-6.21,85.01,95.44,-10.43,2026-01-29
226,Stetson,A-Sun,,11,8,70.3,65.7,4.58,-4.57,0.6,-6.88,-6.28,92.35,102.36,-10.02,2026-01-29
227,Little Rock,OVC,,9,10,58.7,60.3,-1.63,0.05,-10.65,4.23,-6.42,79.04,88.87,-9.84,2026-01-29
228,West Georgia,A-Sun,,13,6,73.7,65.0,8.74,-8.6,1.13,-7.61,-6.48,91.07,101.62,-10.56,2026-01-29
229,William & Mary,CAA,,10,8,61.3,60.1,1.22,-6.75,-7.38,0.8,-6.58,83.32,94.01,-10.69,2026-01-29
230,Alabama A&M,SWAC,,10,9,62.6,59.6,3.0,-3.09,-7.85,1.26,-6.59,82.31,91.88,-9.57,2026-01-29
231,Maryland-Baltimore County,AmEast,,10,9,64.8,58.4,6.42,-6.55,-8.1,1.49,-6.61,81.44,91.85,-10.41,2026-01-29
232,Northwestern State,Southland,,9,9,63.6,63.1,0.44,0.94,-7.88,1.26,-6.62,82.99,93.49,-10.49,2026-01-29
233,Air Force,MWC,,8,12,57.8,61.8,-4.0,-2.38,-8.61,1.97,-6.64,81.76,92.21,-10.46,2026-01-29
234,Fordham,A-10,,9,11,64.3,64.5,-0.2,-5.97,-2.81,-3.85,-6.65,83.56,94.55,-10.99,2026-01-29
235,Elon,CAA,,9,10,65.4,63.0,2.37,-5.97,-4.63,-2.23,-6.86,84.69,95.22,-10.53,2026-01-29
236,Campbell,CAA,,13,8,62.5,56.4,6.1,-7.3,-9.9,2.92,-6.99,83.0,94.88,-11.88,2026-01-29
237,Texas State,Sun Belt,,9,10,62.5,62.3,0.26,-2.22,-7.41,0.31,-7.1,81.7,92.19,-10.49,2026-01-29
238,Wofford,Southern,,11,9,68.7,62.9,5.75,-4.63,-4.06,-3.04,-7.1,87.69,99.11,-11.43,2026-01-29
239,St. Bonaventure,A-10,,12,9,62.7,60.3,2.38,-7.49,-6.96,-0.44,-7.39,83.58,95.48,-11.9,2026-01-29
240,Duquesne,A-10,,7,13,64.6,64.6,0.0,-2.81,-5.61,-1.87,-7.48,79.71,92.39,-12.67,2026-01-29
241,Northern Arizona,Big Sky,,7,14,71.1,73.3,-2.24,-0.69,2.24,-9.77,-7.53,89.41,100.91,-11.5,2026-01-29
242,Florida Atlantic,American,,9,12,62.6,68.4,-5.76,0.54,-3.92,-3.74,-7.66,83.99,96.7,-12.71,2026-01-29
243,Stony Brook,CAA,,10,10,57.5,55.9,1.65,-3.72,-13.39,5.49,-7.9,77.57,90.59,-13.02,2026-01-29
244,Wyoming,MWC,,7,12,55.4,61.2,-5.74,0.08,-10.03,2.0,-8.03,83.43,97.2,-13.76,2026-01-29
245,IU Indy,Horizon,,8,11,66.3,67.4,-1.11,-2.46,-4.55,-3.56,-8.11,81.87,94.02,-12.15,2026-01-29
246,Maryland-Eastern Shore,MEAC,,11,10,63.7,67.3,-3.62,-0.54,-3.57,-4.61,-8.17,83.75,96.7,-12.94,2026-01-29
247,Norfolk State,MEAC,,10,11,62.8,61.0,1.76,-1.5,-8.56,0.18,-8.38,76.86,90.76,-13.9,2026-01-29
248,Pittsburgh,ACC,,8,14,60.6,69.0,-8.32,0.04,-5.67,-2.72,-8.39,82.46,95.56,-13.1,2026-01-29
249,Furman,Southern,,13,8,70.6,61.5,9.1,-3.61,-2.95,-5.48,-8.44,80.99,93.8,-12.81,2026-01-29
250,Kansas City,Summit,,6,15,69.6,68.8,0.81,0.72,-3.53,-4.98,-8.5,87.89,101.51,-13.62,2026-01-29
251,Montana,Big Sky,,6,13,62.3,71.9,-9.63,3.67,-3.65,-4.91,-8.56,88.24,101.59,-13.35,2026-01-29
252,Wichita State,American,,5,16,59.8,65.9,-6.05,0.18,-9.04,0.17,-8.87,78.8,91.99,-13.2,2026-01-29
253,Texas-Rio Grande Valley,Southland,,11,9,65.2,66.9,-1.65,-1.94,-3.22,-5.66,-8.89,86.18,98.79,-12.61,2026-01-29
254,Radford,Big South,,13,9,64.3,61.0,3.23,-8.25,-7.51,-1.44,-8.95,78.15,92.05,-13.9,2026-01-29
255,Incarnate Word,Southland,,10,8,64.8,69.6,-4.78,-1.67,-2.17,-6.81,-8.98,90.65,103.4,-12.75,2026-01-29
256,Towson,CAA,,11,8,66.1,66.4,-0.37,-5.11,-2.0,-7.0,-9.0,84.7,98.84,-14.14,2026-01-29
257,East Tennessee State,Southern,,9,11,56.8,58.5,-1.7,-3.71,-11.38,2.28,-9.09,80.41,94.4,-13.99,2026-01-29
258,Oakland,Horizon,,7,13,63.2,71.9,-8.65,2.63,-2.16,-7.37,-9.53,88.12,102.15,-14.03,2026-01-29
259,UNC Greensboro,Southern,,12,9,66.1,54.6,11.57,-6.84,-10.68,1.13,-9.55,82.69,97.88,-15.19,2026-01-29
260,Mercer,Southern,,12,8,65.9,62.2,3.7,-10.15,-4.86,-4.79,-9.65,82.32,97.46,-15.14,2026-01-29
261,Utah State,MWC,,6,13,61.2,67.4,-6.21,-0.05,-5.34,-4.32,-9.66,84.49,99.3,-14.82,2026-01-29
262,San Diego,WCC,,8,14,56.5,62.1,-5.59,-0.57,-11.34,1.62,-9.72,78.29,93.61,-15.32,2026-01-29
263,SIU Edwardsville,OVC,,10,10,61.9,58.2,3.7,-6.36,-11.6,1.59,-10.01,79.66,95.11,-15.45,2026-01-29
264,North Carolina A&T,CAA,,7,11,63.0,63.2,-0.17,2.7,-5.67,-4.35,-10.02,82.15,97.4,-15.25,2026-01-29
265,Weber State,Big Sky,,6,15,64.3,67.7,-3.43,0.36,-5.27,-4.77,-10.03,82.89,97.59,-14.71,2026-01-29
266,Merrimack,MAAC,,10,9,67.6,66.4,1.21,-8.63,-1.82,-8.36,-10.18,83.19,99.33,-16.15,2026-01-29
267,Utah Tech,WAC,,6,12,62.9,67.7,-4.78,-5.04,-6.42,-4.33,-10.74,80.97,96.92,-15.95,2026-01-29
268,Southeast Missouri State,OVC,,7,12,66.8,67.8,-1.0,-3.41,-3.52,-7.54,-11.06,83.56,99.47,-15.91,2026-01-29
269,North Alabama,A-Sun,,9,9,63.7,64.4,-0.72,-6.49,-7.38,-3.8,-11.18,80.44,97.21,-16.78,2026-01-29
270,Denver,Summit,,9,11,61.2,66.8,-5.65,-0.31,-9.68,-1.86,-11.54,79.6,98.2,-18.59,2026-01-29
271,UTEP,CUSA,,9,10,66.1,69.2,-3.05,-3.33,-3.22,-8.47,-11.69,83.71,101.23,-17.52,2026-01-29
272,Western Kentucky,CUSA,,5,14,57.8,64.5,-6.68,-2.27,-10.65,-1.34,-11.99,80.72,99.52,-18.79,2026-01-29
273,Marist,MAAC,,7,14,59.0,67.1,-8.05,-4.06,-6.83,-5.28,-12.11,82.37,100.96,-18.59,2026-01-29
274,Nicholls State,Southland,,10,8,66.8,64.7,2.11,-11.62,-7.72,-4.42,-12.15,79.73,96.7,-16.98,2026-01-29
275,Cal State Bakersfield,Big West,,6,13,61.2,67.8,-6.63,-4.67,-6.29,-6.05,-12.34,80.75,98.18,-17.42,2026-01-29
276,Lipscomb,A-Sun,,7,12,60.5,63.3,-2.74,-4.45,-11.4,-1.05,-12.45,76.59,95.4,-18.81,2026-01-29
277,Siena,MAAC,,7,12,66.7,65.6,1.11,-13.81,-2.71,-9.99,-12.7,77.75,99.6,-21.85,2026-01-29
278,Loyola (MD),Patriot,,8,11,55.4,61.3,-5.84,-6.98,-11.92,-0.9,-12.82,80.12,100.64,-20.52,2026-01-29
279,Western Michigan,MAC,,5,13,55.4,67.6,-12.22,-0.69,-11.91,-1.02,-12.93,76.1,95.24,-19.14,2026-01-29
280,Mount St. Mary's,MAAC,,9,11,59.6,62.6,-3.05,-9.94,-10.59,-2.4,-12.99,74.44,94.04,-19.6,2026-01-29
281,Southern Illinois,MVC,,6,12,66.8,70.7,-3.94,-4.11,-5.03,-8.01,-13.04,83.56,103.0,-19.44,2026-01-29
282,Milwaukee,Horizon,,7,15,61.0,66.3,-5.27,-4.7,-7.53,-5.62,-13.15,83.11,103.29,-20.18,2026-01-29
283,New Mexico State,CUSA,,7,13,58.3,66.6,-8.35,-0.24,-7.81,-5.37,-13.18,76.97,96.04,-19.07,2026-01-29
284,Evansville,MVC,,5,15,64.7,74.9,-10.25,-3.01,-4.03,-9.23,-13.26,82.57,101.42,-18.84,2026-01-29
285,Akron,MAC,,3,16,68.9,76.3,-7.37,1.82,-0.83,-12.53,-13.36,84.87,103.76,-18.89,2026-01-29
286,East Texas A&M,Southland,,7,10,65.5,67.1,-1.65,-4.62,-7.97,-5.45,-13.42,80.07,98.72,-18.65,2026-01-29
287,New Hampshire,AmEast,,7,13,57.9,61.3,-3.45,-4.79,-10.05,-3.41,-13.46,79.82,101.05,-21.23,2026-01-29
288,Boston University,Patriot,,7,12,58.0,59.8,-1.84,-7.6,-11.74,-1.75,-13.49,83.98,105.99,-22.01,2026-01-29
289,Detroit Mercy,Horizon,,4,16,62.2,72.1,-9.9,-3.48,-6.25,-7.34,-13.59,81.02,101.06,-20.04,2026-01-29
290,Yale,Ivy,,5,13,58.7,68.3,-9.61,-4.01,-6.99,-6.64,-13.63,78.34,99.2,-20.86,2026-01-29
291,Long Island University,NEC,,11,8,69.2,60.5,8.74,-16.48,-5.72,-8.0,-13.71,81.74,102.77,-21.02,2026-01-29
292,Eastern Illinois,OVC,,3,18,57.4,71.3,-13.9,0.15,-9.25,-4.51,-13.76,76.99,96.64,-19.65,2026-01-29
293,Coppin State,MEAC,,4,18,55.0,70.8,-15.82,4.08,-10.77,-3.3,-14.07,73.95,93.43,-19.48,2026-01-29
294,Manhattan,MAAC,,5,14,55.1,66.0,-10.89,-3.21,-10.99,-3.11,-14.1,75.06,95.89,-20.83,2026-01-29
295,Iona,MAAC,,13,8,59.9,59.3,0.57,-13.97,-10.78,-3.34,-14.12,77.57,99.02,-21.45,2026-01-29
296,Jackson State,SWAC,,5,14,59.9,66.5,-6.58,-2.95,-10.32,-3.85,-14.17,79.89,100.62,-20.73,2026-01-29
297,Hampton,CAA,,8,11,62.7,62.7,-0.05,-7.05,-8.53,-5.95,-14.48,82.06,104.24,-22.18,2026-01-29
298,Northeastern,CAA,,6,11,61.5,67.4,-5.88,-8.7,-6.73,-7.86,-14.59,81.31,103.7,-22.38,2026-01-29
299,Houston Christian,Southland,,5,13,62.7,68.9,-6.22,-2.41,-8.59,-6.0,-14.6,78.33,99.72,-21.39,2026-01-29
300,Cal State Northridge,Big West,,6,12,65.4,66.7,-1.28,-3.68,-7.92,-6.75,-14.68,76.51,96.85,-20.34,2026-01-29
301,Indiana State,MVC,,6,13,72.7,80.3,-7.63,-3.93,3.52,-18.4,-14.88,85.97,105.83,-19.86,2026-01-29
302,Portland State,Big Sky,,5,14,65.6,74.5,-8.89,-3.45,-2.94,-11.96,-14.9,85.98,107.76,-21.77,2026-01-29
303,Buffalo,MAC,,2,17,58.7,71.5,-12.84,-2.15,-7.77,-7.23,-14.99,77.05,98.61,-21.56,2026-01-29
304,Alcorn State,SWAC,,9,9,54.0,61.6,-7.56,-0.68,-16.72,1.58,-15.14,72.21,95.02,-22.81,2026-01-29
305,Samford,Southern,,8,14,60.9,69.3,-8.45,-0.81,-7.25,-8.25,-15.49,83.64,107.65,-24.02,2026-01-29
306,Hofstra,CAA,,3,16,51.7,64.2,-12.53,-0.44,-14.86,-0.81,-15.66,74.95,99.97,-25.02,2026-01-29
307,Bucknell,Patriot,,6,13,53.3,58.2,-4.84,-6.37,-16.11,0.41,-15.7,72.97,97.61,-24.64,2026-01-29
308,Lafayette,Patriot,,7,12,60.5,65.2,-4.63,-11.1,-8.06,-7.68,-15.73,82.27,106.52,-24.25,2026-01-29
309,Sacred Heart,MAAC,,10,10,59.5,62.1,-2.65,-12.47,-11.16,-4.73,-15.89,78.73,102.72,-23.98,2026-01-29
310,North Florida,A-Sun,,7,12,62.1,72.5,-10.42,-3.43,-6.69,-9.39,-16.08,80.76,103.91,-23.15,2026-01-29
311,American,Patriot,,5,14,55.6,65.0,-9.42,-6.69,-10.55,-5.56,-16.11,78.39,103.96,-25.57,2026-01-29
312,San Jose State,MWC,,3,18,57.4,72.8,-15.38,2.15,-7.17,-8.98,-16.15,77.21,99.68,-22.47,2026-01-29
313,Dartmouth,Ivy,,9,9,57.8,58.1,-0.33,-6.11,-15.2,-1.11,-16.31,77.16,103.46,-26.29,2026-01-29
314,Winthrop,Big South,,10,11,65.4,68.4,-3.0,-4.51,-6.09,-10.47,-16.56,80.93,104.66,-23.72,2026-01-29
315,Northern Illinois,MAC,,4,15,55.4,68.1,-12.68,-4.1,-13.76,-3.02,-16.78,76.17,101.49,-25.32,2026-01-29
316,Wright State,Horizon,,6,15,66.3,71.5,-5.19,-5.46,-5.75,-11.39,-17.14,82.2,107.29,-25.1,2026-01-29
317,Alabama State,SWAC,,7,11,57.6,69.4,-11.78,-0.38,-11.57,-5.6,-17.18,72.04,95.79,-23.76,2026-01-29
318,Cornell,Ivy,,7,11,54.4,60.1,-5.61,-7.24,-16.41,-1.42,-17.83,76.47,104.87,-28.41,2026-01-29
319,Louisiana,Sun Belt,,2,18,56.8,72.4,-15.6,0.95,-12.04,-6.18,-18.21,73.74,99.28,-25.55,2026-01-29
320,Charleston Southern,Big South,,6,14,59.8,72.1,-12.3,-4.37,-8.92,-9.5,-18.42,80.26,108.03,-27.77,2026-01-29
321,Colgate,Patriot,,5,14,53.6,63.9,-10.37,-6.31,-14.53,-3.89,-18.42,73.67,102.37,-28.7,2026-01-29
322,Grambling,SWAC,,6,13,63.2,66.3,-3.05,-4.72,-10.2,-8.58,-18.78,73.59,100.1,-26.51,2026-01-29
323,UNC Wilmington,CAA,,5,14,61.6,69.8,-8.26,-7.95,-8.42,-10.42,-18.84,78.95,106.76,-27.82,2026-01-29
324,North Carolina Central,MEAC,,3,14,60.8,74.5,-13.76,-0.42,-7.94,-11.04,-18.98,73.41,98.37,-24.96,2026-01-29
325,Texas Southern,SWAC,,8,12,66.8,73.0,-6.2,-0.6,-5.73,-13.69,-19.41,78.41,104.23,-25.83,2026-01-29
326,Wagner,NEC,,9,10,57.0,59.7,-2.74,-11.35,-16.76,-2.89,-19.64,67.32,96.19,-28.87,2026-01-29
327,Texas A&M-Corpus Christi,Southland,,3,15,58.4,68.8,-10.39,-4.54,-13.63,-6.03,-19.66,75.51,104.39,-28.88,2026-01-29
328,North Dakota,Summit,,4,16,56.5,70.3,-13.85,-0.81,-11.09,-8.89,-19.98,72.78,100.72,-27.94,2026-01-29
329,Seattle,WCC,,5,15,62.6,75.1,-12.5,-1.13,-8.03,-12.27,-20.29,77.95,106.59,-28.64,2026-01-29
330,UNC Asheville,Big South,,8,13,62.4,60.4,2.0,-13.11,-14.51,-5.82,-20.33,70.78,100.22,-29.44,2026-01-29
331,Tennessee State,OVC,,3,16,58.5,77.1,-18.63,-1.76,-6.5,-13.89,-20.39,77.29,105.48,-28.19,2026-01-29
332,Gardner-Webb,Big South,,6,15,53.8,63.7,-9.95,-10.64,-15.8,-4.8,-20.59,73.14,103.61,-30.47,2026-01-29
333,Rider,MAAC,,4,16,53.5,64.1,-10.65,-10.01,-16.19,-4.47,-20.66,71.64,102.75,-31.11,2026-01-29
334,Long Beach State,Big West,,2,17,52.9,73.8,-20.84,1.16,-12.54,-8.63,-21.17,74.12,104.78,-30.66,2026-01-29
335,Cal Poly,Big West,,3,16,56.9,74.1,-17.16,2.71,-9.0,-12.65,-21.64,77.78,108.46,-30.68,2026-01-29
336,New Haven,NEC,,6,13,58.5,59.3,-0.74,-15.13,-17.57,-4.56,-22.13,72.36,106.08,-33.72,2026-01-29
337,Delaware State,MEAC,,4,16,54.7,65.6,-10.85,-5.2,-16.26,-5.95,-22.2,68.84,101.67,-32.84,2026-01-29
338,Western Carolina,Southern,,3,17,59.3,68.0,-8.7,-4.51,-13.46,-8.88,-22.34,72.14,105.01,-32.88,2026-01-29
339,Southeastern Louisiana,Southland,,2,16,59.3,78.8,-19.44,1.3,-9.58,-13.01,-22.59,79.62,112.17,-32.55,2026-01-29
340,South Carolina Upstate,Big South,,6,15,58.3,63.8,-5.48,-7.76,-16.07,-6.64,-22.7,70.01,104.34,-34.33,2026-01-29
341,Canisius,MAAC,,3,16,54.3,70.3,-16.0,-6.76,-14.86,-7.9,-22.76,72.42,105.91,-33.49,2026-01-29
342,Stonehill,NEC,,7,12,60.3,66.5,-6.16,-13.76,-12.44,-10.32,-22.76,77.08,109.98,-32.9,2026-01-29
343,Arkansas-Pine Bluff,SWAC,,6,12,56.5,70.4,-13.89,-6.48,-13.42,-9.76,-23.18,74.85,107.1,-32.25,2026-01-29
344,Queens (NC),A-Sun,,7,12,59.8,67.7,-7.95,-9.15,-14.19,-9.26,-23.45,72.01,103.68,-31.68,2026-01-29
345,Florida A&M,SWAC,,5,13,57.5,72.5,-15.0,-7.52,-12.71,-11.05,-23.76,73.72,105.93,-32.2,2026-01-29
346,Massachusetts-Lowell,AmEast,,6,14,58.6,66.2,-7.6,-8.13,-13.59,-10.19,-23.78,77.17,114.63,-37.47,2026-01-29
347,Morgan State,MEAC,,3,19,53.2,73.7,-20.5,-0.1,-13.63,-10.17,-23.8,73.94,109.7,-35.77,2026-01-29
348,New Orleans,Southland,,1,18,61.1,83.1,-22.05,-1.23,-6.54,-17.52,-24.07,74.33,105.66,-31.33,2026-01-29
349,Chicago State,NEC,,4,17,58.4,75.4,-16.95,-7.23,-10.6,-13.58,-24.18,73.12,106.71,-33.59,2026-01-29
350,Mercyhurst,NEC,,6,13,60.7,78.1,-17.42,-6.87,-7.08,-17.21,-24.29,81.76,116.97,-35.2,2026-01-29
351,Saint Peter's,MAAC,,5,15,51.7,64.4,-12.75,-8.24,-18.83,-5.57,-24.4,69.61,106.88,-37.27,2026-01-29
352,Bethune-Cookman,SWAC,,3,17,54.8,70.6,-15.8,-5.59,-17.18,-8.41,-25.59,69.01,105.25,-36.24,2026-01-29
353,South Carolina State,MEAC,,5,15,57.0,68.0,-11.05,-7.42,-16.69,-10.45,-27.14,68.61,107.27,-38.66,2026-01-29
354,Saint Francis (PA),NEC,,2,17,56.6,71.7,-15.11,-12.78,-13.13,-15.49,-28.62,70.83,112.02,-41.18,2026-01-29
355,Omaha,Summit,,2,20,53.7,78.8,-25.14,1.52,-15.81,-12.82,-28.63,69.98,111.04,-41.06,2026-01-29
356,Le Moyne,NEC,,5,16,54.8,73.4,-18.67,-8.59,-14.2,-14.59,-28.79,73.76,116.79,-43.03,2026-01-29
357,Bellarmine,A-Sun,,2,19,52.4,79.9,-27.48,1.34,-14.52,-14.29,-28.82,69.77,109.45,-39.68,2026-01-29
358,Prairie View,SWAC,,2,17,54.7,77.1,-22.37,-3.53,-13.01,-16.7,-29.71,68.06,106.94,-38.88,2026-01-29
359,Valparaiso,MVC,,0,20,53.5,80.0,-26.5,-3.97,-14.55,-15.92,-30.47,65.81,106.28,-40.47,2026-01-29
360,Mississippi Valley State,SWAC,,4,14,56.6,84.4,-27.78,-3.33,-10.83,-20.28,-31.11,69.52,109.86,-40.33,2026-01-29
361,Central Connecticut State,NEC,,0,19,52.5,73.7,-21.16,-11.34,-17.53,-14.97,-32.5,65.55,112.43,-46.88,2026-01-29
362,Presbyterian,Big South,,3,17,54.0,71.6,-17.55,-7.42,-19.44,-13.26,-32.69,65.09,111.94,-46.84,2026-01-29
363,Niagara,MAAC,,0,19,51.6,81.4,-29.74,-6.61,-16.59,-19.76,-36.35,62.71,110.6,-47.89,2026-01-29
1,Connecticut,Big East,,1,22,0,90.2,50.5,39.73,,14.62,,30.92,23.43,54.35,129.06,58.10,70.97,2026-01-30
2,UCLA,Big Ten,,2,20,1,86.8,56.8,30.00,,18.25,,27.69,20.55,48.25,132.31,67.05,65.26,2026-01-30
3,LSU,SEC,,6,19,2,99.0,56.8,42.24,,5.44,,35.44,12.23,47.67,125.97,69.43,56.54,2026-01-30
4,Texas,SEC,,4,19,2,88.8,53.0,35.76,,11.48,,27.26,19.98,47.24,124.47,64.22,60.25,2026-01-30
5,South Carolina,SEC,,3,20,2,89.0,56.6,32.41,,13.55,,28.59,17.36,45.95,124.79,66.13,58.66,2026-01-30
6,Michigan,Big Ten,,9,17,3,87.2,59.6,27.55,,13.20,,26.34,14.41,40.75,119.02,67.82,51.20,2026-01-30
7,Oklahoma,SEC,,10,16,4,89.1,63.5,25.65,,10.90,,27.47,9.08,36.55,112.41,69.39,43.02,2026-01-30
8,Louisville,ACC,,7,19,3,83.0,59.5,23.59,,11.27,,22.09,12.76,34.86,119.19,74.24,44.95,2026-01-30
9,Michigan St.,Big Ten,,13,18,2,86.0,60.2,25.80,,8.32,,23.28,10.84,34.12,120.39,76.37,44.02,2026-01-30
10,Iowa,Big Ten,,8,18,2,81.0,63.0,17.95,,15.64,,19.89,13.70,33.59,114.71,71.91,42.80,2026-01-30
11,Vanderbilt,SEC,,5,20,1,85.3,60.1,25.19,,8.18,,22.29,11.08,33.37,120.75,77.77,42.98,2026-01-30
12,TCU,Big 12,,12,19,2,80.9,53.2,27.62,,5.65,,16.32,16.95,33.27,112.40,69.55,42.85,2026-01-30
13,Duke,ACC,,20,14,6,75.7,60.2,15.55,,17.13,,17.16,15.52,32.68,112.39,70.46,41.92,2026-01-30
14,Tennessee,SEC,,15,14,3,79.4,60.2,19.12,,12.69,,20.03,11.78,31.81,111.54,71.15,40.39,2026-01-30
15,Maryland,Big Ten,,16,17,5,84.2,61.0,23.23,,8.22,,23.54,7.91,31.45,116.72,75.81,40.91,2026-01-30
16,Minnesota,Big Ten,,,15,6,74.8,54.8,20.05,,11.23,,13.14,18.14,31.28,113.46,70.69,42.77,2026-01-30
17,Kentucky,SEC,,18,17,5,76.6,56.6,20.00,,10.41,,14.41,16.00,30.41,114.53,73.78,40.75,2026-01-30
18,Southern California,Big Ten,,,11,9,68.5,59.9,8.60,,21.08,,10.75,18.93,29.68,107.07,67.97,39.10,2026-01-30
19,Ohio St.,Big Ten,,11,18,3,84.4,64.6,19.86,,9.62,,22.16,7.31,29.47,111.56,76.26,35.30,2026-01-30
20,Nebraska,Big Ten,,,16,5,82.6,63.9,18.71,,10.64,,19.52,9.83,29.35,118.12,79.55,38.57,2026-01-30
21,West Virginia,Big 12,,22,17,5,77.4,59.2,18.14,,10.98,,16.06,13.05,29.12,110.86,73.96,36.90,2026-01-30
22,Ole Miss,SEC,,17,17,4,78.3,56.6,21.67,,7.43,,15.10,14.00,29.10,111.73,74.64,37.09,2026-01-30
23,NC State,ACC,,,14,6,77.6,66.1,11.50,,16.46,,19.55,8.41,27.96,112.84,77.15,35.69,2026-01-30
24,Oregon,Big Ten,,,16,7,77.9,62.3,15.57,,12.22,,17.35,10.44,27.79,110.31,74.19,36.11,2026-01-30
25,North Carolina,ACC,,,17,5,76.7,58.5,18.14,,9.46,,14.34,13.26,27.60,109.31,73.81,35.50,2026-01-30
26,Notre Dame,ACC,,,13,7,80.1,64.5,15.55,,11.82,,19.20,8.17,27.37,113.01,79.23,33.78,2026-01-30
27,Oklahoma St.,Big 12,,,17,5,85.9,61.8,24.09,,5.46,,20.40,6.97,27.37,118.42,84.03,34.40,2026-01-30
28,Baylor,Big 12,,14,19,3,73.0,56.4,16.64,,9.69,,11.86,14.47,26.32,105.27,70.83,34.45,2026-01-30
29,Washington,Big Ten,,25,17,4,74.3,58.6,15.71,,10.07,,13.01,12.77,25.78,112.46,77.10,35.36,2026-01-30
30,Iowa St.,Big 12,,,17,5,84.6,64.3,20.32,,5.37,,21.27,4.43,25.69,118.15,84.78,33.37,2026-01-30
31,Alabama,SEC,,24,18,3,72.4,55.3,17.05,,8.59,,10.91,14.73,25.64,109.66,75.23,34.44,2026-01-30
32,Texas Tech,Big 12,,21,20,3,73.8,56.0,17.78,,7.56,,11.23,14.11,25.34,107.02,74.27,32.75,2026-01-30
33,Illinois,Big Ten,,,15,6,78.4,64.7,13.71,,10.00,,13.94,9.77,23.71,110.41,80.20,30.22,2026-01-30
34,Georgia,SEC,,23,18,3,76.0,56.9,19.10,,4.52,,12.07,11.55,23.62,108.21,77.56,30.64,2026-01-30
35,Mississippi St.,SEC,,,15,6,79.3,62.7,16.57,,6.24,,16.60,6.22,22.81,111.41,82.00,29.41,2026-01-30
36,Stanford,ACC,,,15,6,69.7,58.1,11.62,,9.61,,8.14,13.08,21.22,104.60,76.11,28.49,2026-01-30
37,Virginia,ACC,,,14,6,76.4,59.6,16.85,,3.83,,12.09,8.60,20.68,109.27,81.94,27.33,2026-01-30
38,Syracuse,ACC,,,16,4,74.4,60.7,13.75,,6.29,,12.64,7.40,20.04,103.18,78.30,24.88,2026-01-30
39,Virginia Tech,ACC,,,16,5,74.9,58.2,16.67,,3.31,,10.67,9.31,19.98,102.12,77.74,24.39,2026-01-30
40,Villanova,Big East,,,16,5,73.5,62.7,10.76,,8.52,,12.21,7.07,19.28,106.58,81.22,25.36,2026-01-30
41,Miami,ACC,,,12,8,72.7,64.0,8.70,,10.47,,11.18,7.99,19.17,105.17,81.44,23.72,2026-01-30
42,Colorado,Big 12,,,13,7,69.3,60.6,8.70,,9.60,,7.12,11.18,18.30,100.82,77.54,23.29,2026-01-30
43,Utah,Big 12,,,15,6,69.3,62.9,6.48,,12.49,,8.66,9.32,17.99,103.14,80.38,22.76,2026-01-30
44,Clemson,ACC,,,14,7,69.8,57.7,12.10,,5.77,,6.22,11.65,17.87,108.68,84.42,24.26,2026-01-30
45,Brigham Young,Big 12,,,15,6,71.6,61.7,9.90,,7.37,,9.34,7.94,17.28,99.25,78.50,20.75,2026-01-30
46,Florida,SEC,,,13,9,75.0,64.1,10.82,,6.45,,10.52,6.75,17.27,102.92,82.14,20.78,2026-01-30
47,California,ACC,,,12,9,69.5,62.9,6.57,,10.15,,8.56,8.16,16.72,103.16,82.00,21.17,2026-01-30
48,Princeton,Ivy,,19,17,1,74.8,64.2,10.56,,5.94,,11.82,4.68,16.50,108.97,87.59,21.38,2026-01-30
49,Seton Hall,Big East,,,14,6,70.7,64.1,6.60,,9.84,,9.80,6.64,16.44,103.90,83.09,20.81,2026-01-30
50,South Dakota State,Summit,,,17,5,76.5,63.5,12.95,,3.31,,10.71,5.55,16.26,107.68,86.25,21.43,2026-01-30
51,Arizona St.,Big 12,,,18,4,66.8,57.5,9.32,,6.88,,3.91,12.29,16.20,96.51,75.98,20.53,2026-01-30
52,Richmond,A-10,,,17,4,75.0,62.2,12.71,,3.28,,11.30,4.69,16.00,109.95,89.08,20.87,2026-01-30
53,Kansas,Big 12,,,13,8,73.3,65.3,8.00,,10.53,,10.08,5.45,15.53,105.22,85.43,19.79,2026-01-30
54,North Dakota St.,Summit,,,18,2,79.5,59.6,19.90,,-2.29,,11.35,3.91,15.26,106.66,86.38,20.28,2026-01-30
55,Kansas State,Big 12,,,11,10,69.6,66.0,3.52,,11.32,,8.99,5.86,14.84,103.37,85.39,17.98,2026-01-30
56,Indiana,Big Ten,,,11,10,70.5,67.9,2.62,,12.08,,9.24,5.46,14.70,106.46,88.44,18.03,2026-01-30
57,James Madison,Sun Belt,,,14,8,73.0,64.8,8.14,,6.00,,8.68,5.45,14.13,99.68,81.96,17.72,2026-01-30
58,Purdue,Big Ten,,,11,9,70.7,69.0,1.70,,11.89,,10.48,3.12,13.59,105.11,87.80,17.31,2026-01-30
59,Marquette,Big East,,,14,7,69.9,61.9,8.05,,7.03,,6.32,7.00,13.33,102.42,85.38,17.04,2026-01-30
60,Columbia,Ivy,,,13,5,72.3,60.8,11.56,,1.73,,9.26,4.03,13.29,102.98,86.46,16.52,2026-01-30
61,Auburn,SEC,,,13,8,62.6,59.7,2.90,,10.15,,1.68,11.37,13.05,96.59,80.58,16.01,2026-01-30
62,Davidson,A-10,,,15,8,67.8,58.4,9.35,,3.67,,4.30,8.72,13.02,99.52,82.50,17.02,2026-01-30
63,Gonzaga,WCC,,,14,7,73.4,65.4,8.00,,4.77,,9.82,2.95,12.77,105.03,88.46,16.57,2026-01-30
64,Rhode Island,A-10,,,18,2,68.6,54.1,14.55,,0.30,,3.19,9.48,12.67,100.79,84.07,16.71,2026-01-30
65,Missouri,SEC,,,14,9,74.5,72.4,2.09,,10.52,,12.55,0.06,12.61,106.02,90.86,15.16,2026-01-30
66,Troy,Sun Belt,,,17,4,84.4,68.8,15.62,,-0.72,,14.82,-2.64,12.18,98.68,86.03,12.65,2026-01-30
67,Wisconsin,Big Ten,,,13,8,70.3,69.6,0.76,,10.77,,8.57,2.96,11.53,102.39,87.99,14.40,2026-01-30
68,Santa Clara,WCC,,,17,5,81.5,65.3,16.23,,0.38,,13.85,-2.53,11.33,101.80,88.46,13.35,2026-01-30
69,Rice,American,,,18,3,69.8,58.8,11.00,,0.14,,3.89,7.25,11.14,96.52,82.64,13.88,2026-01-30
70,Fairfield,MAAC,,,17,3,78.4,59.7,18.70,,-7.59,,9.52,1.59,11.11,105.68,91.71,13.97,2026-01-30
71,Harvard,Ivy,,,10,8,65.7,58.8,6.83,,4.16,,2.67,8.33,11.00,95.61,81.60,14.00,2026-01-30
72,George Mason,A-10,,,14,6,68.5,60.8,7.75,,3.09,,4.47,6.37,10.84,96.75,82.61,14.14,2026-01-30
73,Texas A&M,SEC,,,8,8,64.6,68.1,-3.50,,14.29,,4.29,6.50,10.79,93.83,81.27,12.56,2026-01-30
74,South Florida,American,,,13,9,71.0,70.1,0.82,,9.86,,9.03,1.65,10.68,102.31,89.83,12.48,2026-01-30
75,Montana State,Big Sky,,,14,5,76.6,64.8,11.74,,2.84,,10.22,0.39,10.61,97.43,85.27,12.16,2026-01-30
76,San Diego State,MWC,,,16,3,71.1,59.8,11.26,,2.04,,4.38,6.21,10.59,100.02,86.16,13.86,2026-01-30
77,Georgetown,Big East,,,12,8,66.7,60.6,6.10,,4.38,,3.75,6.73,10.48,97.45,84.13,13.32,2026-01-30
78,Arkansas State,Sun Belt,,,18,4,78.9,67.0,11.91,,-0.04,,11.23,-1.22,10.01,96.62,85.98,10.64,2026-01-30
79,Colorado State,MWC,,,17,5,67.1,55.2,11.91,,-0.62,,0.61,9.11,9.71,98.60,85.88,12.72,2026-01-30
80,Georgia Tech,ACC,,,9,12,65.8,66.7,-0.90,,10.59,,4.18,5.50,9.68,93.39,81.98,11.41,2026-01-30
81,Florida State,ACC,,,7,14,74.0,77.0,-2.95,,12.37,,13.37,-3.96,9.42,99.69,89.32,10.37,2026-01-30
82,Georgia Southern,Sun Belt,,,16,5,74.8,65.0,9.76,,1.98,,4.53,4.60,9.13,100.27,88.74,11.53,2026-01-30
83,Ball State,MAC,,,16,5,77.0,64.4,12.62,,0.10,,9.13,-0.04,9.10,99.05,89.22,9.83,2026-01-30
84,Oregon State,WCC,,,15,6,68.1,61.8,6.38,,5.00,,3.59,5.46,9.05,100.04,88.87,11.17,2026-01-30
85,Nevada-Las Vegas,MWC,,,14,7,68.1,61.9,6.24,,2.70,,5.14,3.80,8.94,101.19,90.24,10.95,2026-01-30
86,Penn State,Big Ten,,,7,15,74.0,82.5,-8.50,,17.15,,16.08,-7.43,8.65,105.50,95.18,10.32,2026-01-30
87,Belmont,MVC,,,11,8,69.3,68.2,1.05,,7.34,,5.09,3.30,8.39,97.63,87.80,9.84,2026-01-30
88,Saint Joseph's,A-10,,,14,6,68.3,57.0,11.25,,1.05,,0.96,7.43,8.39,96.48,85.84,10.64,2026-01-30
89,Creighton,Big East,,,9,12,69.1,68.6,0.57,,7.60,,6.73,1.44,8.18,100.48,90.38,10.10,2026-01-30
90,UC Irvine,Big West,,,17,3,72.0,57.5,14.50,,-6.43,,3.98,4.09,8.07,100.02,90.05,9.97,2026-01-30
91,Green Bay,Horizon,,,17,5,68.4,57.8,10.64,,-1.35,,1.14,6.36,7.51,95.33,86.06,9.28,2026-01-30
92,Miami (OH),MAC,,,17,4,71.0,57.2,13.81,,-2.92,,1.30,6.16,7.45,94.70,85.32,9.38,2026-01-30
93,Murray State,MVC,,,17,3,83.9,75.3,8.60,,1.10,,16.97,-9.81,7.15,104.25,96.28,7.97,2026-01-30
94,Cincinnati,Big 12,,,8,13,70.4,71.4,-1.00,,10.00,,7.29,-0.30,7.00,97.99,89.92,8.07,2026-01-30
95,North Texas,American,,,11,10,70.3,61.9,8.43,,3.94,,1.43,5.40,6.83,90.75,83.29,7.46,2026-01-30
96,New Mexico,MWC,,,14,7,70.0,62.5,7.57,,-0.78,,4.04,2.75,6.79,95.90,88.66,7.25,2026-01-30
97,Arkansas,SEC,,,11,10,73.3,73.0,0.24,,6.43,,9.52,-2.85,6.67,96.06,89.06,6.99,2026-01-30
98,Arizona,Big 12,,,10,10,71.6,69.6,2.00,,4.63,,8.15,-1.52,6.63,97.05,90.43,6.62,2026-01-30
99,Lindenwood,OVC,,,15,6,73.9,60.4,13.48,,-2.09,,5.22,1.32,6.55,102.89,94.73,8.16,2026-01-30
100,Louisiana Tech,CUSA,,,13,5,74.9,61.4,13.56,,1.15,,4.70,1.70,6.40,100.58,92.63,7.95,2026-01-30
101,Abilene Christian,WAC,,,14,5,75.0,57.7,17.32,,-3.03,,0.87,5.41,6.28,94.05,87.05,7.00,2026-01-30
102,McNeese State,Southland,,,16,4,68.2,50.9,17.25,,-5.46,,-3.28,9.49,6.20,91.10,82.87,8.23,2026-01-30
103,Northwestern,Big Ten,,,8,13,65.5,72.7,-7.19,,13.35,,5.98,0.18,6.16,99.21,92.74,6.47,2026-01-30
104,Central Michigan,MAC,,,12,7,69.2,63.8,5.42,,1.61,,3.05,2.79,5.83,94.39,88.23,6.16,2026-01-30
105,UCF,Big 12,,,10,10,65.3,62.3,3.00,,2.76,,1.10,4.67,5.76,92.58,87.00,5.58,2026-01-30
106,Marshall,Sun Belt,,,17,6,72.7,62.6,10.13,,1.19,,3.95,1.71,5.67,96.09,90.09,5.99,2026-01-30
107,St. John's (NY),Big East,,,16,7,63.2,61.0,2.13,,3.21,,-0.09,5.43,5.34,95.13,89.93,5.20,2026-01-30
108,Wake Forest,ACC,,,12,9,65.9,61.0,4.90,,0.31,,1.07,4.14,5.21,94.20,88.84,5.35,2026-01-30
109,Coastal Carolina,Sun Belt,,,11,11,74.6,63.5,11.09,,-1.31,,5.09,-0.20,4.89,92.31,87.92,4.39,2026-01-30
110,Northern Iowa,MVC,,,10,9,65.8,63.9,1.84,,3.00,,-1.42,6.26,4.84,90.13,85.25,4.87,2026-01-30
111,Massachusetts,MAC,,,15,4,70.5,61.2,9.32,,-4.54,,2.46,2.32,4.78,94.58,89.85,4.73,2026-01-30
112,Butler,Big East,,,9,12,63.7,65.1,-1.43,,6.20,,0.12,4.66,4.77,91.98,87.98,4.00,2026-01-30
113,College of Charleston,CAA,,,16,3,77.8,58.5,19.32,,-7.08,,3.86,0.77,4.63,96.81,91.61,5.21,2026-01-30
114,Quinnipiac,MAAC,,,16,4,67.8,52.3,15.50,,-11.15,,-0.62,4.98,4.35,97.76,91.74,6.02,2026-01-30
115,Boise State,MWC,,,16,5,71.1,66.4,4.67,,-0.18,,6.58,-2.26,4.32,98.18,93.81,4.36,2026-01-30
116,Temple,American,,,9,11,69.4,70.6,-1.15,,5.38,,6.51,-2.28,4.23,96.56,92.96,3.60,2026-01-30
117,Eastern Kentucky,A-Sun,,,17,4,76.5,60.3,16.19,,-8.82,,4.05,0.03,4.08,93.72,90.26,3.45,2026-01-30
118,Vermont,AmEast,,,17,5,69.2,54.2,15.00,,-5.60,,-1.56,5.42,3.85,97.41,92.20,5.22,2026-01-30
119,Portland,WCC,,,11,10,71.2,63.5,7.71,,2.25,,3.20,0.58,3.78,91.07,87.27,3.80,2026-01-30
120,Western Illinois,OVC,,,16,3,77.4,60.9,16.42,,-6.82,,5.86,-2.11,3.75,98.93,94.59,4.34,2026-01-30
121,Grand Canyon,MWC,,,7,14,66.0,69.2,-3.24,,6.97,,4.21,-0.48,3.73,93.66,90.29,3.37,2026-01-30
122,East Carolina,American,,,15,7,73.0,65.9,7.14,,-3.42,,6.32,-2.60,3.72,94.12,91.22,2.90,2026-01-30
123,High Point,Big South,,,19,2,76.6,58.3,18.29,,-11.25,,4.51,-0.92,3.59,94.84,91.70,3.14,2026-01-30
124,UTSA,American,,,10,9,60.6,58.3,2.37,,3.36,,-5.27,8.80,3.53,87.66,84.07,3.59,2026-01-30
125,Illinois State,MVC,,,11,9,74.6,69.2,5.40,,-2.16,,5.97,-2.73,3.24,98.73,96.48,2.25,2026-01-30
126,Idaho,Big Sky,,,15,5,79.9,68.2,11.70,,-5.21,,10.32,-7.14,3.18,97.33,94.77,2.56,2026-01-30
127,Central Arkansas,A-Sun,,,11,8,72.5,59.9,12.63,,-4.36,,1.07,1.99,3.06,92.65,89.26,3.39,2026-01-30
128,Southern Indiana,OVC,,,14,5,70.3,56.6,13.74,,-2.64,,-0.30,3.22,2.93,91.16,87.89,3.27,2026-01-30
129,UC Santa Barbara,Big West,,,15,3,70.3,59.4,10.89,,-6.51,,0.32,2.58,2.91,94.62,91.90,2.72,2026-01-30
130,UC San Diego,Big West,,,13,6,69.9,59.9,9.95,,-4.98,,0.82,2.04,2.85,90.58,87.87,2.71,2026-01-30
131,Pennsylvania,Ivy,,,12,6,65.1,56.0,9.11,,-0.94,,-2.49,5.05,2.56,90.03,88.26,1.77,2026-01-30
132,South Dakota,Summit,,,16,6,72.5,55.7,16.73,,-7.68,,-1.26,3.79,2.54,90.90,87.75,3.15,2026-01-30
133,Pepperdine,WCC,,,12,9,68.5,65.3,3.14,,0.69,,2.78,-0.25,2.53,94.54,92.66,1.88,2026-01-30
134,Tulsa,American,,,14,6,70.9,65.7,5.25,,-2.90,,2.09,0.26,2.35,90.89,89.32,1.57,2026-01-30
135,Charlotte,American,,,9,12,64.1,67.4,-3.29,,5.46,,0.90,1.27,2.17,92.10,90.59,1.51,2026-01-30
136,Purdue Fort Wayne,Horizon,,,14,8,70.5,63.1,7.32,,-2.02,,2.47,-0.30,2.17,91.31,89.65,1.66,2026-01-30
137,Rutgers,Big Ten,,,9,12,58.8,66.1,-7.33,,9.47,,-3.12,5.26,2.14,89.57,88.74,0.83,2026-01-30
138,Tulane,American,,,8,11,69.6,69.6,-0.05,,2.05,,4.42,-2.42,2.00,94.14,92.75,1.39,2026-01-30
139,California Baptist,WAC,,,13,8,71.3,66.2,5.10,,-3.16,,4.91,-2.97,1.94,91.43,90.65,0.78,2026-01-30
140,San Francisco,WCC,,,13,7,69.3,66.6,2.75,,0.78,,3.89,-2.33,1.57,89.41,88.70,0.70,2026-01-30
141,Sam Houston,CUSA,,,11,6,65.5,56.3,9.24,,0.31,,-4.26,5.78,1.52,82.28,82.61,-0.33,2026-01-30
142,Missouri State,CUSA,,,12,7,65.9,63.7,2.21,,-0.72,,-1.22,2.71,1.49,88.43,88.01,0.42,2026-01-30
143,Middle Tennessee,CUSA,,,11,9,60.0,59.3,0.65,,0.82,,-5.07,6.54,1.47,90.71,90.32,0.39,2026-01-30
144,Southern Methodist,ACC,,,8,13,65.0,71.0,-6.00,,7.40,,1.81,-0.42,1.40,91.74,91.26,0.48,2026-01-30
145,Loyola Marymount,WCC,,,12,8,69.3,63.7,5.60,,-1.74,,2.78,-1.46,1.32,97.39,96.73,0.66,2026-01-30
146,Idaho State,Big Sky,,,12,7,65.3,58.8,6.47,,-2.69,,-5.43,6.68,1.26,86.05,85.17,0.88,2026-01-30
147,Old Dominion,Sun Belt,,,13,9,68.6,66.7,1.91,,2.74,,1.28,-0.07,1.21,88.81,88.70,0.11,2026-01-30
148,Navy,Patriot,,,13,6,70.6,62.1,8.53,,-6.16,,3.24,-2.35,0.89,93.70,94.12,-0.42,2026-01-30
149,Providence,Big East,,,10,12,59.6,63.3,-3.73,,4.62,,-3.38,4.27,0.89,88.01,88.63,-0.62,2026-01-30
150,Austin Peay,A-Sun,,,13,5,68.3,57.2,11.11,,-5.22,,-4.34,5.12,0.78,90.52,90.46,0.06,2026-01-30
151,Houston,Big 12,,,6,14,61.3,70.9,-9.55,,10.24,,-0.33,1.02,0.69,87.40,87.22,0.18,2026-01-30
152,Bradley,MVC,,,13,7,72.5,64.4,8.05,,-4.67,,1.00,-0.41,0.60,92.35,92.20,0.14,2026-01-30
153,Hawaii,Big West,,,10,9,62.7,60.2,2.53,,-1.20,,-3.76,4.26,0.50,88.15,88.34,-0.19,2026-01-30
154,Saint Mary's (CA),WCC,,,13,9,59.2,57.5,1.68,,1.46,,-6.28,6.74,0.46,88.61,89.40,-0.79,2026-01-30
155,UC Davis,Big West,,,14,6,69.5,63.9,5.55,,-1.99,,2.53,-2.19,0.34,93.57,95.27,-1.70,2026-01-30
156,Army,Patriot,,,16,4,66.6,56.7,9.90,,-8.36,,-2.51,2.68,0.17,92.68,93.65,-0.97,2026-01-30
157,Liberty,CUSA,,,9,9,65.9,63.5,2.39,,2.05,,0.38,-0.27,0.11,94.82,96.58,-1.76,2026-01-30
158,Northern Colorado,Big Sky,,,15,6,71.5,60.6,10.95,,-3.23,,-0.56,0.50,-0.07,90.49,91.19,-0.70,2026-01-30
159,Brown,Ivy,,,11,6,64.1,56.3,7.76,,-5.40,,-3.06,2.66,-0.40,86.63,89.66,-3.03,2026-01-30
160,Southern Mississippi,Sun Belt,,,11,10,75.5,72.6,2.86,,0.77,,6.03,-6.63,-0.60,95.80,98.24,-2.45,2026-01-30
161,Toledo,MAC,,,10,8,65.7,63.5,2.17,,-2.27,,-2.48,1.80,-0.69,90.08,92.17,-2.09,2026-01-30
162,Fresno State,MWC,,,10,12,62.0,59.0,2.95,,-1.46,,-4.75,4.05,-0.70,85.97,87.86,-1.89,2026-01-30
163,Xavier,Big East,,,10,11,59.1,65.7,-6.57,,5.69,,-4.70,3.82,-0.88,87.83,90.51,-2.69,2026-01-30
164,George Washington,A-10,,,12,11,62.4,60.1,2.30,,-1.62,,-4.53,3.55,-0.99,90.65,93.26,-2.61,2026-01-30
165,UAB,American,,,7,13,69.9,70.3,-0.40,,-0.87,,2.84,-3.97,-1.13,94.96,97.52,-2.56,2026-01-30
166,Ohio,MAC,,,12,7,74.3,70.4,3.84,,-3.60,,6.13,-7.46,-1.32,91.32,95.05,-3.73,2026-01-30
167,Appalachian State,Sun Belt,,,9,10,64.2,58.0,6.16,,-0.85,,-4.92,3.54,-1.38,91.20,94.90,-3.70,2026-01-30
168,Louisiana-Monroe,Sun Belt,,,8,12,66.0,69.0,-3.00,,1.45,,0.16,-1.71,-1.55,89.31,92.18,-2.87,2026-01-30
169,South Alabama,Sun Belt,,,9,10,69.6,68.3,1.26,,-2.84,,0.53,-2.11,-1.58,89.51,92.97,-3.46,2026-01-30
170,Kent State,MAC,,,9,11,70.0,67.5,2.45,,1.44,,0.50,-2.12,-1.62,92.11,95.88,-3.76,2026-01-30
171,Florida Gulf Coast,A-Sun,,,9,10,62.4,60.2,2.26,,4.23,,-6.22,4.57,-1.65,86.66,90.63,-3.97,2026-01-30
172,Oral Roberts,Summit,,,11,9,77.7,75.2,2.50,,1.72,,10.00,-11.76,-1.76,95.23,99.00,-3.77,2026-01-30
173,Eastern Michigan,MAC,,,10,9,69.5,67.2,2.32,,-1.38,,1.57,-3.40,-1.83,93.71,97.55,-3.84,2026-01-30
174,Cleveland State,Horizon,,,16,7,70.3,58.7,11.65,,-9.43,,-2.14,0.23,-1.91,89.75,93.73,-3.99,2026-01-30
175,Drexel,CAA,,,11,7,63.9,56.9,7.00,,-6.10,,-4.45,2.41,-2.04,92.13,96.27,-4.14,2026-01-30
176,Howard,MEAC,,,15,7,65.0,62.2,2.77,,-4.94,,-2.07,-0.10,-2.16,87.05,92.15,-5.11,2026-01-30
177,FDU,NEC,,,17,4,66.8,52.3,14.48,,-13.13,,-6.94,4.65,-2.29,89.76,93.07,-3.31,2026-01-30
178,Jacksonville,A-Sun,,,12,7,71.7,68.2,3.47,,-3.29,,4.12,-6.41,-2.29,88.34,93.01,-4.67,2026-01-30
179,La Salle,A-10,,,11,10,64.5,64.7,-0.24,,-0.47,,-1.43,-0.94,-2.37,85.86,90.99,-5.13,2026-01-30
180,Saint Louis,A-10,,,11,12,68.7,67.0,1.70,,-0.71,,0.02,-2.54,-2.53,85.29,90.16,-4.88,2026-01-30
181,Binghamton,AmEast,,,14,6,68.1,62.8,5.35,,-3.03,,0.07,-2.65,-2.58,92.55,97.09,-4.54,2026-01-30
182,Northern Kentucky,Horizon,,,10,13,68.1,71.0,-2.87,,0.25,,2.38,-5.00,-2.62,91.74,96.47,-4.73,2026-01-30
183,Loyola (IL),A-10,,,9,11,56.2,62.0,-5.80,,3.10,,-7.80,5.10,-2.70,83.89,89.80,-5.91,2026-01-30
184,Lamar,Southland,,,12,6,65.4,59.3,6.11,,-7.42,,-3.69,0.92,-2.77,88.59,93.15,-4.57,2026-01-30
185,Bryant,AmEast,,,14,6,67.2,54.9,12.35,,-11.31,,-3.52,0.66,-2.86,87.76,92.73,-4.97,2026-01-30
186,Maine,AmEast,,,10,11,61.1,61.7,-0.57,,-2.32,,-3.97,1.07,-2.89,86.90,92.85,-5.95,2026-01-30
187,DePaul,Big East,,,5,18,63.5,72.5,-9.00,,6.10,,0.83,-3.74,-2.90,89.32,94.76,-5.45,2026-01-30
188,Virginia Commonwealth,A-10,,,8,14,58.0,65.8,-7.82,,4.77,,-5.22,2.17,-3.04,84.45,89.95,-5.51,2026-01-30
189,Dayton,A-10,,,11,10,66.3,67.6,-1.29,,-1.88,,0.24,-3.40,-3.16,91.37,97.66,-6.29,2026-01-30
190,Youngstown State,Horizon,,,14,7,66.6,57.3,9.29,,-5.67,,-6.21,3.01,-3.20,85.08,90.97,-5.89,2026-01-30
191,Washington State,WCC,,,4,18,61.9,73.6,-11.73,,8.45,,-1.30,-1.98,-3.28,90.19,96.44,-6.25,2026-01-30
192,Albany (NY),AmEast,,,11,9,59.8,55.3,4.50,,-5.24,,-7.97,4.68,-3.29,90.47,96.36,-5.90,2026-01-30
193,Cal State Fullerton,Big West,,,11,9,72.1,63.7,8.40,,-6.26,,1.52,-5.00,-3.49,85.18,91.52,-6.34,2026-01-30
194,Pacific,WCC,,,8,12,64.8,66.5,-1.70,,1.67,,-2.43,-1.21,-3.64,89.71,96.13,-6.42,2026-01-30
195,Holy Cross,Patriot,,,12,8,59.9,59.8,0.15,,-3.94,,-6.29,2.50,-3.79,82.45,89.85,-7.40,2026-01-30
196,Florida International,CUSA,,,11,7,74.7,68.4,6.28,,-5.20,,4.11,-8.07,-3.97,88.73,95.94,-7.21,2026-01-30
197,Longwood,Big South,,,15,6,78.2,65.3,12.90,,-7.34,,3.31,-7.32,-4.00,87.02,95.76,-8.74,2026-01-30
198,Illinois-Chicago,MVC,,,9,11,63.6,63.9,-0.30,,-3.71,,-4.86,0.86,-4.01,90.34,97.33,-6.99,2026-01-30
199,Stephen F. Austin,Southland,,,14,6,76.3,69.3,7.05,,-8.22,,6.23,-10.51,-4.28,91.45,98.91,-7.46,2026-01-30
200,Delaware,CUSA,,,9,10,66.5,65.2,1.26,,-4.41,,-0.99,-3.42,-4.41,85.61,93.11,-7.50,2026-01-30
201,Drake,MVC,,,6,13,71.1,77.6,-6.58,,2.16,,3.14,-7.56,-4.42,94.11,101.59,-7.49,2026-01-30
202,UT Arlington,WAC,,,8,11,59.2,64.1,-4.89,,0.48,,-5.71,1.29,-4.42,80.92,86.71,-5.79,2026-01-30
203,Tarleton State,WAC,,,10,8,66.3,63.9,2.39,,-2.44,,-3.24,-1.27,-4.51,86.92,93.87,-6.95,2026-01-30
204,Georgia State,Sun Belt,,,9,12,69.9,73.7,-3.81,,3.75,,2.67,-7.30,-4.62,90.89,98.66,-7.77,2026-01-30
205,Bowling Green,MAC,,,11,9,70.8,65.4,5.40,,0.20,,-2.26,-2.42,-4.68,86.44,94.05,-7.61,2026-01-30
206,Southern Utah,WAC,,,13,7,73.4,66.1,7.25,,-5.07,,0.05,-4.88,-4.83,90.89,98.75,-7.86,2026-01-30
207,Tennessee Tech,OVC,,,10,9,67.0,63.4,3.58,,-5.07,,-2.06,-2.78,-4.84,89.60,97.62,-8.02,2026-01-30
208,Utah Valley,WAC,,,9,10,63.5,61.2,2.32,,-2.29,,-5.31,0.37,-4.94,82.15,90.38,-8.23,2026-01-30
209,UC Riverside,Big West,,,6,13,62.2,63.5,-1.32,,-0.09,,-6.25,1.28,-4.97,84.40,92.48,-8.08,2026-01-30
210,Southern,SWAC,,,10,8,60.9,62.5,-1.56,,1.59,,-7.16,2.07,-5.10,83.52,92.31,-8.79,2026-01-30
211,Chattanooga,Southern,,,13,5,64.4,57.6,6.83,,-6.64,,-6.84,1.70,-5.14,86.45,94.13,-7.68,2026-01-30
212,Sacramento State,Big Sky,,,10,10,65.1,59.2,5.85,,-3.62,,-8.52,3.34,-5.18,81.98,90.32,-8.35,2026-01-30
213,Nevada,MWC,,,7,13,55.4,58.6,-3.25,,-0.88,,-10.01,4.82,-5.19,81.29,90.04,-8.75,2026-01-30
214,Lehigh,Patriot,,,10,9,65.4,66.6,-1.16,,-4.14,,0.02,-5.32,-5.30,92.74,101.82,-9.08,2026-01-30
215,Boston College,ACC,,,4,18,62.4,74.3,-11.95,,6.62,,-0.11,-5.22,-5.33,91.11,100.88,-9.77,2026-01-30
216,Robert Morris,Horizon,,,14,7,65.0,59.1,5.86,,-7.87,,-6.50,1.01,-5.50,84.79,93.74,-8.95,2026-01-30
217,Kennesaw State,CUSA,,,10,8,66.3,60.4,5.89,,-3.37,,-3.59,-1.92,-5.51,85.24,93.97,-8.73,2026-01-30
218,Memphis,American,,,8,12,66.0,68.9,-2.95,,-0.10,,-1.42,-4.11,-5.52,79.58,87.78,-8.20,2026-01-30
219,Jacksonville State,CUSA,,,11,8,65.4,57.1,8.32,,-6.55,,-6.65,1.10,-5.55,88.62,97.38,-8.75,2026-01-30
220,Eastern Washington,Big Sky,,,10,10,68.0,66.1,1.90,,-2.47,,-1.08,-4.67,-5.75,85.41,94.62,-9.21,2026-01-30
221,NJIT,AmEast,,,13,7,67.9,64.7,3.15,,-8.96,,1.17,-6.98,-5.81,91.48,101.21,-9.72,2026-01-30
222,Monmouth,CAA,,,13,5,65.4,56.9,8.44,,-7.95,,-7.30,1.42,-5.88,84.03,93.14,-9.10,2026-01-30
223,Morehead State,OVC,,,12,9,64.8,65.6,-0.81,,-1.13,,-4.76,-1.17,-5.93,85.45,94.42,-8.97,2026-01-30
224,Tennessee-Martin,OVC,,,10,8,66.2,62.6,3.61,,-2.64,,-4.95,-1.23,-6.18,85.42,95.60,-10.19,2026-01-30
225,St. Thomas,Summit,,,10,12,64.8,61.5,3.23,,-2.50,,-6.61,0.32,-6.29,85.24,95.81,-10.57,2026-01-30
226,Stetson,A-Sun,,,11,8,70.3,65.7,4.58,,-4.61,,0.58,-6.89,-6.31,92.35,102.42,-10.07,2026-01-30
227,Little Rock,OVC,,,9,10,58.7,60.3,-1.63,,0.00,,-10.67,4.20,-6.47,79.05,88.96,-9.92,2026-01-30
228,West Georgia,A-Sun,,,13,6,73.7,65.0,8.74,,-8.60,,1.11,-7.60,-6.49,91.10,101.67,-10.57,2026-01-30
229,William & Mary,CAA,,,10,8,61.3,60.1,1.22,,-6.76,,-7.38,0.80,-6.58,83.36,94.07,-10.71,2026-01-30
230,Alabama A&M,SWAC,,,10,9,62.6,59.6,3.00,,-3.11,,-7.89,1.28,-6.61,82.29,91.89,-9.60,2026-01-30
231,Air Force,MWC,,,8,12,57.8,61.8,-4.00,,-2.40,,-8.50,1.84,-6.66,81.88,92.33,-10.45,2026-01-30
232,Maryland-Baltimore County,AmEast,,,10,9,64.8,58.4,6.42,,-6.63,,-8.16,1.47,-6.69,81.41,91.96,-10.55,2026-01-30
233,Northwestern State,Southland,,,9,9,63.6,63.1,0.44,,0.84,,-7.95,1.23,-6.72,82.95,93.57,-10.62,2026-01-30
234,Elon,CAA,,,9,10,65.4,63.0,2.37,,-6.05,,-4.66,-2.27,-6.94,84.68,95.34,-10.66,2026-01-30
235,Campbell,CAA,,,13,8,62.5,56.4,6.10,,-7.32,,-9.91,2.90,-7.01,83.03,94.95,-11.92,2026-01-30
236,Fordham,A-10,,,9,12,64.0,64.7,-0.71,,-5.86,,-2.96,-4.09,-7.06,83.87,95.45,-11.59,2026-01-30
237,Wofford,Southern,,,11,9,68.7,62.9,5.75,,-4.65,,-4.13,-2.99,-7.12,87.64,99.10,-11.46,2026-01-30
238,St. Bonaventure,A-10,,,12,10,63.1,61.0,2.09,,-7.23,,-6.46,-0.87,-7.33,84.01,95.81,-11.80,2026-01-30
239,Northern Arizona,Big Sky,,,7,14,71.1,73.3,-2.24,,-0.59,,2.30,-9.73,-7.43,89.46,100.82,-11.35,2026-01-30
240,Wyoming,MWC,,,8,12,55.0,60.2,-5.20,,-0.03,,-10.33,2.88,-7.45,82.80,95.63,-12.84,2026-01-30
241,Florida Atlantic,American,,,9,12,62.6,68.4,-5.76,,0.49,,-4.02,-3.69,-7.71,83.91,96.68,-12.78,2026-01-30
242,Radford,Big South,,,14,9,64.4,59.7,4.74,,-8.99,,-7.47,-0.38,-7.85,78.43,90.78,-12.35,2026-01-30
243,Duquesne,A-10,,,7,14,64.1,65.6,-1.48,,-1.90,,-5.64,-2.32,-7.96,79.70,92.94,-13.23,2026-01-30
244,Stony Brook,CAA,,,10,10,57.5,55.9,1.65,,-3.87,,-13.48,5.43,-8.05,77.46,90.70,-13.24,2026-01-30
245,Maryland-Eastern Shore,MEAC,,,11,10,63.7,67.3,-3.62,,-0.49,,-3.53,-4.59,-8.12,83.83,96.71,-12.88,2026-01-30
246,IU Indy,Horizon,,,8,12,66.0,67.2,-1.20,,-2.82,,-5.01,-3.31,-8.32,82.05,94.60,-12.55,2026-01-30
247,Norfolk State,MEAC,,,10,11,62.8,61.0,1.76,,-1.47,,-8.56,0.21,-8.35,76.89,90.76,-13.87,2026-01-30
248,Texas State,Sun Belt,,,9,11,62.1,63.4,-1.35,,-1.99,,-7.92,-0.46,-8.38,80.89,92.96,-12.08,2026-01-30
249,Pittsburgh,ACC,,,8,14,60.6,69.0,-8.32,,0.00,,-5.72,-2.71,-8.43,82.43,95.59,-13.15,2026-01-30
250,Furman,Southern,,,13,8,70.6,61.5,9.10,,-3.65,,-2.93,-5.55,-8.48,80.99,93.88,-12.88,2026-01-30
251,Kansas City,Summit,,,6,15,69.6,68.8,0.81,,0.72,,-3.51,-4.99,-8.50,87.92,101.55,-13.62,2026-01-30
252,Montana,Big Sky,,,6,13,62.3,71.9,-9.63,,3.65,,-3.63,-4.95,-8.58,88.33,101.71,-13.38,2026-01-30
253,Wichita State,American,,,5,16,59.8,65.9,-6.05,,0.11,,-9.04,0.10,-8.94,78.82,92.10,-13.28,2026-01-30
254,Texas-Rio Grande Valley,Southland,,,11,9,65.2,66.9,-1.65,,-2.08,,-3.31,-5.71,-9.02,86.13,98.91,-12.78,2026-01-30
255,Towson,CAA,,,11,8,66.1,66.4,-0.37,,-5.15,,-2.02,-7.02,-9.04,84.75,98.97,-14.22,2026-01-30
256,Incarnate Word,Southland,,,10,8,64.8,69.6,-4.78,,-1.73,,-2.21,-6.84,-9.05,90.63,103.47,-12.84,2026-01-30
257,East Tennessee State,Southern,,,9,11,56.8,58.5,-1.70,,-3.71,,-11.41,2.31,-9.10,80.44,94.45,-14.01,2026-01-30
258,Oakland,Horizon,,,8,13,63.2,71.3,-8.10,,2.08,,-2.27,-7.04,-9.32,88.71,102.44,-13.73,2026-01-30
259,UNC Greensboro,Southern,,,12,9,66.1,54.6,11.57,,-6.91,,-10.68,1.07,-9.61,82.73,98.03,-15.30,2026-01-30
260,Mercer,Southern,,,12,8,65.9,62.2,3.70,,-10.17,,-4.92,-4.75,-9.67,82.30,97.47,-15.17,2026-01-30
261,San Diego,WCC,,,8,14,56.5,62.1,-5.59,,-0.64,,-11.37,1.58,-9.79,78.30,93.72,-15.42,2026-01-30
262,SIU Edwardsville,OVC,,,10,10,61.9,58.2,3.70,,-6.35,,-11.61,1.62,-9.99,79.67,95.12,-15.45,2026-01-30
263,North Carolina A&T,CAA,,,7,11,63.0,63.2,-0.17,,2.68,,-5.67,-4.37,-10.04,82.12,97.39,-15.27,2026-01-30
264,Utah State,MWC,,,6,14,61.4,68.3,-6.90,,0.12,,-4.88,-5.16,-10.04,84.81,99.98,-15.17,2026-01-30
265,Weber State,Big Sky,,,6,15,64.3,67.7,-3.43,,0.32,,-5.16,-4.91,-10.07,83.05,97.81,-14.76,2026-01-30
266,Merrimack,MAAC,,,10,9,67.6,66.4,1.21,,-8.65,,-1.86,-8.34,-10.21,83.18,99.37,-16.19,2026-01-30
267,Utah Tech,WAC,,,6,12,62.9,67.7,-4.78,,-5.08,,-6.43,-4.35,-10.79,80.99,97.00,-16.01,2026-01-30
268,Southeast Missouri State,OVC,,,7,12,66.8,67.8,-1.00,,-3.41,,-3.51,-7.54,-11.05,83.60,99.51,-15.90,2026-01-30
269,North Alabama,A-Sun,,,9,9,63.7,64.4,-0.72,,-6.54,,-7.41,-3.82,-11.23,80.46,97.31,-16.85,2026-01-30
270,Denver,Summit,,,9,11,61.2,66.8,-5.65,,-0.31,,-9.69,-1.86,-11.55,79.63,98.23,-18.59,2026-01-30
271,UTEP,CUSA,,,9,10,66.1,69.2,-3.05,,-3.40,,-3.22,-8.54,-11.75,83.76,101.37,-17.61,2026-01-30
272,Western Kentucky,CUSA,,,5,14,57.8,64.5,-6.68,,-2.30,,-10.71,-1.31,-12.02,80.71,99.54,-18.83,2026-01-30
273,Marist,MAAC,,,7,14,59.0,67.1,-8.05,,-4.07,,-6.85,-5.27,-12.12,82.39,101.00,-18.61,2026-01-30
274,Nicholls State,Southland,,,10,8,66.8,64.7,2.11,,-11.69,,-7.74,-4.48,-12.22,79.72,96.78,-17.07,2026-01-30
275,Cal State Bakersfield,Big West,,,6,13,61.2,67.8,-6.63,,-4.75,,-6.26,-6.15,-12.41,80.84,98.36,-17.52,2026-01-30
276,Loyola (MD),Patriot,,,9,11,55.8,60.9,-5.05,,-7.42,,-11.72,-0.75,-12.47,80.58,100.53,-19.96,2026-01-30
277,Lipscomb,A-Sun,,,7,12,60.5,63.3,-2.74,,-4.48,,-11.41,-1.07,-12.48,76.63,95.49,-18.86,2026-01-30
278,Siena,MAAC,,,7,12,66.7,65.6,1.11,,-13.78,,-2.70,-9.97,-12.67,77.84,99.64,-21.81,2026-01-30
279,Southern Illinois,MVC,,,6,12,66.8,70.7,-3.94,,-4.03,,-4.96,-8.00,-12.96,83.70,103.04,-19.35,2026-01-30
280,Western Michigan,MAC,,,5,13,55.4,67.6,-12.22,,-0.75,,-11.93,-1.05,-12.98,76.13,95.36,-19.22,2026-01-30
281,Mount St. Mary's,MAAC,,,9,11,59.6,62.6,-3.05,,-9.97,,-10.63,-2.39,-13.02,74.46,94.10,-19.64,2026-01-30
282,Boston University,Patriot,,,7,13,57.5,59.7,-2.25,,-7.13,,-12.19,-1.05,-13.23,83.23,104.88,-21.65,2026-01-30
283,New Mexico State,CUSA,,,7,13,58.3,66.6,-8.35,,-0.29,,-7.80,-5.43,-13.23,76.99,96.12,-19.13,2026-01-30
284,Evansville,MVC,,,5,15,64.7,74.9,-10.25,,-3.00,,-4.01,-9.24,-13.25,82.62,101.46,-18.84,2026-01-30
285,New Hampshire,AmEast,,,7,13,57.9,61.3,-3.45,,-4.82,,-10.04,-3.45,-13.49,79.95,101.22,-21.27,2026-01-30
286,East Texas A&M,Southland,,,7,10,65.5,67.1,-1.65,,-4.72,,-7.96,-5.56,-13.52,80.13,98.89,-18.77,2026-01-30
287,Detroit Mercy,Horizon,,,4,16,62.2,72.1,-9.90,,-3.44,,-6.07,-7.48,-13.55,81.21,101.22,-20.01,2026-01-30
288,Milwaukee,Horizon,,,7,16,60.3,66.3,-5.91,,-4.58,,-8.09,-5.49,-13.58,82.36,103.21,-20.86,2026-01-30
289,Yale,Ivy,,,5,13,58.7,68.3,-9.61,,-4.11,,-7.07,-6.65,-13.72,78.22,99.22,-21.01,2026-01-30
290,Eastern Illinois,OVC,,,3,18,57.4,71.3,-13.90,,0.14,,-9.25,-4.52,-13.77,77.03,96.71,-19.67,2026-01-30
291,Long Island University,NEC,,,11,8,69.2,60.5,8.74,,-16.55,,-5.78,-8.01,-13.78,81.69,102.84,-21.15,2026-01-30
292,Akron,MAC,,,3,17,68.6,76.5,-7.90,,1.43,,-1.18,-12.73,-13.91,84.25,103.84,-19.60,2026-01-30
293,Coppin State,MEAC,,,4,18,55.0,70.8,-15.82,,4.08,,-10.76,-3.31,-14.07,73.98,93.48,-19.50,2026-01-30
294,Jackson State,SWAC,,,5,14,59.9,66.5,-6.58,,-2.89,,-10.31,-3.80,-14.11,79.99,100.62,-20.63,2026-01-30
295,Manhattan,MAAC,,,5,14,55.1,66.0,-10.89,,-3.26,,-10.99,-3.16,-14.15,75.08,95.98,-20.90,2026-01-30
296,Iona,MAAC,,,13,8,59.9,59.3,0.57,,-14.02,,-10.75,-3.42,-14.17,77.66,99.17,-21.52,2026-01-30
297,Hampton,CAA,,,8,11,62.7,62.7,-0.05,,-7.00,,-8.46,-5.98,-14.43,82.21,104.34,-22.13,2026-01-30
298,Northeastern,CAA,,,6,12,61.2,67.2,-6.06,,-8.53,,-6.77,-7.81,-14.58,81.38,103.78,-22.40,2026-01-30
299,Houston Christian,Southland,,,5,13,62.7,68.9,-6.22,,-2.49,,-8.61,-6.07,-14.68,78.35,99.85,-21.49,2026-01-30
300,Cal State Northridge,Big West,,,6,12,65.4,66.7,-1.28,,-3.71,,-7.88,-6.82,-14.71,76.61,96.97,-20.36,2026-01-30
301,Indiana State,MVC,,,6,13,72.7,80.3,-7.63,,-3.87,,3.57,-18.39,-14.81,86.07,105.86,-19.79,2026-01-30
302,Portland State,Big Sky,,,5,14,65.6,74.5,-8.89,,-3.45,,-2.96,-11.93,-14.90,86.00,107.76,-21.76,2026-01-30
303,Alcorn State,SWAC,,,9,9,54.0,61.6,-7.56,,-0.72,,-16.73,1.55,-15.19,72.25,95.12,-22.87,2026-01-30
304,Lafayette,Patriot,,,8,12,60.8,64.7,-3.95,,-11.35,,-7.57,-7.73,-15.30,83.51,107.10,-23.59,2026-01-30
305,Buffalo,MAC,,,2,18,58.3,71.5,-13.20,,-2.20,,-8.40,-7.00,-15.40,76.06,98.16,-22.09,2026-01-30
306,Samford,Southern,,,8,14,60.9,69.3,-8.45,,-0.95,,-7.31,-8.33,-15.63,83.56,107.78,-24.22,2026-01-30
307,Hofstra,CAA,,,3,16,51.7,64.2,-12.53,,-0.62,,-14.97,-0.87,-15.84,74.81,100.09,-25.28,2026-01-30
308,Winthrop,Big South,,,11,11,65.8,67.2,-1.41,,-6.10,,-6.13,-9.70,-15.84,81.26,103.95,-22.68,2026-01-30
309,Sacred Heart,MAAC,,,10,10,59.5,62.1,-2.65,,-12.45,,-11.17,-4.70,-15.87,78.77,102.72,-23.95,2026-01-30
310,North Florida,A-Sun,,,7,12,62.1,72.5,-10.42,,-3.49,,-6.70,-9.43,-16.13,80.75,103.98,-23.23,2026-01-30
311,Bucknell,Patriot,,,6,14,53.5,58.5,-5.05,,-6.82,,-16.12,-0.02,-16.14,73.43,98.77,-25.35,2026-01-30
312,San Jose State,MWC,,,3,18,57.4,72.8,-15.38,,2.13,,-7.06,-9.11,-16.17,77.43,99.93,-22.50,2026-01-30
313,Dartmouth,Ivy,,,9,9,57.8,58.1,-0.33,,-6.15,,-15.19,-1.17,-16.35,77.22,103.58,-26.37,2026-01-30
314,American,Patriot,,,5,15,55.5,64.9,-9.45,,-6.95,,-10.61,-5.79,-16.40,78.56,104.60,-26.04,2026-01-30
315,Northern Illinois,MAC,,,4,16,54.8,68.3,-13.45,,-3.48,,-13.84,-3.09,-16.93,76.17,101.88,-25.72,2026-01-30
316,Wright State,Horizon,,,6,15,66.3,71.5,-5.19,,-5.45,,-5.76,-11.38,-17.14,82.17,107.28,-25.11,2026-01-30
317,Alabama State,SWAC,,,7,11,57.6,69.4,-11.78,,-0.43,,-11.60,-5.63,-17.23,72.05,95.88,-23.83,2026-01-30
318,Cornell,Ivy,,,7,11,54.4,60.1,-5.61,,-7.26,,-16.36,-1.48,-17.85,76.62,105.05,-28.43,2026-01-30
319,Colgate,Patriot,,,5,15,53.4,63.8,-10.35,,-6.19,,-14.43,-3.75,-18.19,73.31,101.58,-28.27,2026-01-30
320,Charleston Southern,Big South,,,6,15,60.1,72.8,-12.71,,-4.03,,-8.46,-9.97,-18.43,80.83,108.59,-27.77,2026-01-30
321,Louisiana,Sun Belt,,,2,18,56.8,72.4,-15.60,,0.66,,-12.25,-6.26,-18.51,73.61,99.54,-25.93,2026-01-30
322,UNC Wilmington,CAA,,,5,14,61.6,69.8,-8.26,,-7.93,,-8.41,-10.41,-18.82,79.00,106.82,-27.82,2026-01-30
323,Grambling,SWAC,,,6,13,63.2,66.3,-3.05,,-4.80,,-10.27,-8.59,-18.86,73.56,100.17,-26.61,2026-01-30
324,North Carolina Central,MEAC,,,3,14,60.8,74.5,-13.76,,-0.37,,-7.98,-10.96,-18.94,73.45,98.37,-24.92,2026-01-30
325,Texas Southern,SWAC,,,8,12,66.8,73.0,-6.20,,-0.69,,-5.78,-13.72,-19.50,78.39,104.33,-25.93,2026-01-30
326,Wagner,NEC,,,9,10,57.0,59.7,-2.74,,-11.33,,-16.75,-2.88,-19.63,67.36,96.22,-28.86,2026-01-30
327,Texas A&M-Corpus Christi,Southland,,,3,15,58.4,68.8,-10.39,,-4.68,,-13.66,-6.14,-19.80,75.53,104.59,-29.06,2026-01-30
328,North Dakota,Summit,,,4,16,56.5,70.3,-13.85,,-0.79,,-11.04,-8.91,-19.96,72.86,100.76,-27.90,2026-01-30
329,Gardner-Webb,Big South,,,6,16,54.5,64.3,-9.77,,-10.31,,-15.17,-4.92,-20.09,73.61,103.39,-29.78,2026-01-30
330,UNC Asheville,Big South,,,8,13,62.4,60.4,2.00,,-13.16,,-14.52,-5.86,-20.38,70.80,100.34,-29.54,2026-01-30
331,Seattle,WCC,,,5,15,62.6,75.1,-12.50,,-1.23,,-8.06,-12.33,-20.40,77.94,106.75,-28.81,2026-01-30
332,Tennessee State,OVC,,,3,16,58.5,77.1,-18.63,,-1.78,,-6.52,-13.90,-20.42,77.31,105.54,-28.23,2026-01-30
333,Rider,MAAC,,,4,16,53.5,64.1,-10.65,,-9.99,,-16.14,-4.50,-20.64,71.72,102.81,-31.09,2026-01-30
334,Long Beach State,Big West,,,2,17,52.9,73.8,-20.84,,1.14,,-12.44,-8.76,-21.20,74.31,104.99,-30.68,2026-01-30
335,Cal Poly,Big West,,,3,16,56.9,74.1,-17.16,,2.64,,-9.04,-12.67,-21.71,77.75,108.52,-30.78,2026-01-30
336,Delaware State,MEAC,,,4,16,54.7,65.6,-10.85,,-5.20,,-16.31,-5.89,-22.20,68.89,101.74,-32.85,2026-01-30
337,New Haven,NEC,,,6,13,58.5,59.3,-0.74,,-15.22,,-17.58,-4.64,-22.22,72.40,106.28,-33.88,2026-01-30
338,Western Carolina,Southern,,,3,17,59.3,68.0,-8.70,,-4.59,,-13.45,-8.96,-22.41,72.19,105.18,-32.99,2026-01-30
339,Southeastern Louisiana,Southland,,,2,16,59.3,78.8,-19.44,,1.22,,-9.60,-13.06,-22.66,79.62,112.26,-32.64,2026-01-30
340,Canisius,MAAC,,,3,16,54.3,70.3,-16.00,,-6.74,,-14.88,-7.86,-22.74,72.50,105.97,-33.47,2026-01-30
341,Stonehill,NEC,,,7,12,60.3,66.5,-6.16,,-13.79,,-12.46,-10.33,-22.79,77.11,110.06,-32.95,2026-01-30
342,Arkansas-Pine Bluff,SWAC,,,6,12,56.5,70.4,-13.89,,-6.59,,-13.50,-9.80,-23.30,74.81,107.20,-32.39,2026-01-30
343,Queens (NC),A-Sun,,,7,12,59.8,67.7,-7.95,,-9.18,,-14.16,-9.31,-23.47,72.08,103.80,-31.73,2026-01-30
344,Florida A&M,SWAC,,,5,13,57.5,72.5,-15.00,,-7.52,,-12.67,-11.09,-23.76,73.79,105.98,-32.20,2026-01-30
345,Massachusetts-Lowell,AmEast,,,6,14,58.6,66.2,-7.60,,-8.12,,-13.59,-10.18,-23.77,77.25,114.72,-37.47,2026-01-30
346,Morgan State,MEAC,,,3,19,53.2,73.7,-20.50,,-0.11,,-13.56,-10.26,-23.81,74.05,109.83,-35.78,2026-01-30
347,South Carolina Upstate,Big South,,,6,16,57.0,64.0,-6.95,,-7.83,,-17.29,-6.70,-23.98,68.49,104.65,-36.16,2026-01-30
348,New Orleans,Southland,,,1,18,61.1,83.1,-22.05,,-1.26,,-6.51,-17.59,-24.10,74.39,105.75,-31.36,2026-01-30
349,Chicago State,NEC,,,4,17,58.4,75.4,-16.95,,-7.19,,-10.50,-13.64,-24.14,73.24,106.80,-33.56,2026-01-30
350,Mercyhurst,NEC,,,6,13,60.7,78.1,-17.42,,-6.85,,-7.14,-17.13,-24.27,81.75,116.94,-35.19,2026-01-30
351,Saint Peter's,MAAC,,,5,15,51.7,64.4,-12.75,,-8.22,,-18.81,-5.57,-24.38,69.63,106.88,-37.25,2026-01-30
352,Bethune-Cookman,SWAC,,,3,17,54.8,70.6,-15.80,,-5.62,,-17.23,-8.40,-25.62,69.03,105.33,-36.30,2026-01-30
353,South Carolina State,MEAC,,,5,15,57.0,68.0,-11.05,,-7.47,,-16.72,-10.48,-27.20,68.58,107.34,-38.76,2026-01-30
354,Omaha,Summit,,,2,21,53.1,79.1,-25.96,,2.23,,-15.99,-12.59,-28.58,69.89,111.16,-41.27,2026-01-30
355,Saint Francis (PA),NEC,,,2,17,56.6,71.7,-15.11,,-12.82,,-13.19,-15.47,-28.65,70.77,112.02,-41.25,2026-01-30
356,Bellarmine,A-Sun,,,2,19,52.4,79.9,-27.48,,1.37,,-14.50,-14.29,-28.78,69.84,109.46,-39.63,2026-01-30
357,Le Moyne,NEC,,,5,16,54.8,73.4,-18.67,,-8.71,,-14.33,-14.58,-28.91,73.61,116.80,-43.18,2026-01-30
358,Prairie View,SWAC,,,2,17,54.7,77.1,-22.37,,-3.63,,-13.04,-16.77,-29.80,68.07,107.08,-39.01,2026-01-30
359,Valparaiso,MVC,,,0,20,53.5,80.0,-26.50,,-3.81,,-14.47,-15.84,-30.31,65.95,106.22,-40.27,2026-01-30
360,Mississippi Valley State,SWAC,,,4,14,56.6,84.4,-27.78,,-3.38,,-10.83,-20.33,-31.15,69.57,109.97,-40.40,2026-01-30
361,Central Connecticut State,NEC,,,0,19,52.5,73.7,-21.16,,-11.45,,-17.59,-15.02,-32.61,65.52,112.58,-47.06,2026-01-30
362,Presbyterian,Big South,,,3,18,53.4,71.7,-18.24,,-7.86,,-20.23,-13.26,-33.49,64.28,112.38,-48.09,2026-01-30
363,Niagara,MAAC,,,0,19,51.6,81.4,-29.74,,-6.59,,-16.50,-19.82,-36.32,62.84,110.71,-47.87,2026-01-30
1,UConn,Big East,,1,22,0,90.2,50.5,39.73,,14.56,,30.90,23.39,54.29,128.96,58.09,70.87,2026-02-01
2,UCLA,Big Ten,,2,20,1,86.8,56.8,30.00,,18.33,,27.78,20.55,48.33,132.33,66.98,65.35,2026-02-01
3,LSU,SEC,,6,20,2,98.7,57.4,41.32,,5.43,,34.89,11.86,46.75,125.10,69.75,55.35,2026-02-01
4,Texas,SEC,,4,20,2,88.8,53.7,35.05,,11.70,,27.35,19.40,46.74,124.75,65.16,59.59,2026-02-01
5,South Carolina,SEC,,3,21,2,88.7,56.3,32.30,,13.78,,28.55,17.53,46.08,124.65,65.77,58.88,2026-02-01
6,Michigan,Big Ten,,9,18,3,87.5,60.0,27.57,,13.28,,26.70,14.15,40.85,119.31,68.00,51.31,2026-02-01
7,Oklahoma,SEC,,10,17,4,88.9,63.2,25.71,,10.87,,27.32,9.26,36.58,112.80,69.64,43.15,2026-02-01
8,Louisville,ACC,,7,20,3,83.1,59.7,23.35,,11.50,,22.44,12.41,34.85,119.06,74.19,44.87,2026-02-01
9,Michigan State,Big Ten,,13,19,2,86.0,60.4,25.57,,8.63,,23.26,10.95,34.20,120.26,76.16,44.11,2026-02-01
10,Vanderbilt,SEC,,5,20,2,84.8,61.1,23.68,,9.25,,22.29,10.65,32.93,120.32,77.96,42.36,2026-02-01
11,Iowa,Big Ten,,8,18,3,80.4,63.9,16.52,,16.35,,20.04,12.84,32.87,114.81,72.92,41.89,2026-02-01
12,Duke,ACC,,20,15,6,75.6,60.0,15.57,,17.14,,16.94,15.78,32.72,112.59,70.54,42.05,2026-02-01
13,TCU,Big 12,,12,20,2,80.8,54.3,26.45,,6.14,,16.49,16.11,32.60,112.56,70.64,41.92,2026-02-01
14,Maryland,Big Ten,,16,17,5,84.2,61.0,23.23,,8.21,,23.55,7.88,31.44,116.63,75.78,40.85,2026-02-01
15,Minnesota,Big Ten,,,15,6,74.8,54.8,20.05,,11.28,,13.11,18.22,31.33,113.32,70.54,42.77,2026-02-01
16,Tennessee,SEC,,15,14,4,78.4,61.2,17.22,,13.42,,19.08,11.56,30.64,110.17,71.28,38.89,2026-02-01
17,USC,Big Ten,,,12,9,69.0,60.3,8.76,,21.70,,11.61,18.86,30.46,107.95,67.90,40.05,2026-02-01
18,Kentucky,SEC,,18,17,5,76.6,56.6,20.00,,10.33,,14.37,15.96,30.33,114.43,73.82,40.61,2026-02-01
19,Ole Miss,SEC,,17,18,4,78.5,57.5,21.05,,8.55,,15.76,13.83,29.59,111.97,74.27,37.71,2026-02-01
20,Ohio State,Big Ten,,11,19,3,84.3,64.3,20.00,,9.49,,21.76,7.73,29.49,111.65,76.15,35.50,2026-02-01
21,Nebraska,Big Ten,,,16,5,82.6,63.9,18.71,,10.65,,19.36,10.00,29.36,117.91,79.40,38.51,2026-02-01
22,West Virginia,Big 12,,22,17,5,77.4,59.2,18.14,,10.96,,15.98,13.11,29.10,110.71,73.88,36.84,2026-02-01
23,Oregon,Big Ten,,,16,7,77.9,62.3,15.57,,12.31,,17.41,10.46,27.87,110.29,74.12,36.17,2026-02-01
24,UNC,ACC,,,17,5,76.7,58.5,18.14,,9.51,,14.28,13.36,27.64,109.14,73.61,35.53,2026-02-01
25,Oklahoma State,Big 12,,,17,5,85.9,61.8,24.09,,5.52,,20.34,7.09,27.42,118.25,83.79,34.47,2026-02-01
26,NC State,ACC,,,15,6,78.9,66.9,12.00,,15.39,,19.99,7.40,27.39,113.51,78.68,34.84,2026-02-01
27,Baylor,Big 12,,14,19,3,73.0,56.4,16.64,,9.82,,11.92,14.53,26.46,105.28,70.68,34.60,2026-02-01
28,Notre Dame,ACC,,,13,8,79.5,65.2,14.29,,12.15,,18.73,7.71,26.44,112.60,80.06,32.55,2026-02-01
29,Alabama,SEC,,24,19,3,72.2,55.2,16.95,,9.31,,11.16,15.11,26.27,110.27,75.00,35.27,2026-02-01
30,Washington,Big Ten,,25,17,4,74.3,58.6,15.71,,10.15,,13.01,12.85,25.87,112.43,77.02,35.42,2026-02-01
31,Iowa State,Big 12,,,17,5,84.6,64.3,20.32,,5.46,,21.27,4.51,25.78,118.12,84.67,33.45,2026-02-01
32,Texas Tech,Big 12,,21,20,3,73.8,56.0,17.78,,7.61,,11.32,14.07,25.39,107.05,74.29,32.76,2026-02-01
33,Mississippi State,SEC,,,16,6,79.2,62.7,16.50,,7.38,,16.89,6.99,23.88,111.62,80.95,30.67,2026-02-01
34,Illinois,Big Ten,,,15,6,78.4,64.7,13.71,,9.85,,13.91,9.66,23.57,110.30,80.32,29.98,2026-02-01
35,Georgia,SEC,,23,18,4,75.0,57.4,17.55,,5.60,,11.52,11.62,23.14,107.64,77.80,29.84,2026-02-01
36,Stanford,ACC,,,15,7,69.5,59.3,10.27,,11.04,,8.33,12.98,21.31,104.44,75.85,28.59,2026-02-01
37,Syracuse,ACC,,,17,4,75.3,61.1,14.24,,6.56,,13.53,7.27,20.80,104.25,78.50,25.75,2026-02-01
38,Virginia,ACC,,,15,6,78.0,61.6,16.33,,3.93,,13.68,6.59,20.27,109.33,82.73,26.61,2026-02-01
39,Virginia Tech,ACC,,,17,5,74.5,57.8,16.68,,2.95,,10.11,9.52,19.63,101.58,77.63,23.95,2026-02-01
40,Villanova,Big East,,,16,5,73.5,62.7,10.76,,8.46,,12.21,7.01,19.22,106.52,81.26,25.27,2026-02-01
41,Miami (FL),ACC,,,12,9,72.0,64.5,7.52,,11.47,,10.94,8.06,18.99,105.19,81.84,23.36,2026-02-01
42,Colorado,Big 12,,,14,7,68.7,60.0,8.71,,9.91,,6.69,11.93,18.62,100.37,76.63,23.74,2026-02-01
43,Clemson,ACC,,,15,7,70.4,57.5,12.86,,5.57,,6.43,12.00,18.43,109.16,84.07,25.09,2026-02-01
44,Utah,Big 12,,,15,6,69.3,62.9,6.48,,12.54,,8.58,9.46,18.04,103.01,80.21,22.80,2026-02-01
45,California,ACC,,,13,9,70.0,63.2,6.77,,10.94,,9.11,8.61,17.71,104.03,81.60,22.43,2026-02-01
46,Florida,SEC,,,13,10,74.7,65.2,9.48,,8.16,,11.04,6.60,17.64,103.75,82.53,21.22,2026-02-01
47,BYU,Big 12,,,15,6,71.6,61.7,9.90,,7.39,,9.31,7.99,17.29,99.16,78.43,20.73,2026-02-01
48,Seton Hall,Big East,,,15,6,70.1,63.5,6.57,,9.79,,9.20,7.16,16.36,103.60,82.85,20.76,2026-02-01
49,Arizona State,Big 12,,,18,4,66.8,57.5,9.32,,6.99,,3.97,12.34,16.31,96.58,75.96,20.62,2026-02-01
50,South Dakota State,Summit,,,17,5,76.5,63.5,12.95,,3.31,,10.65,5.62,16.27,107.50,86.08,21.42,2026-02-01
51,Kansas,Big 12,,,13,9,73.5,66.0,7.55,,11.59,,11.00,5.26,16.26,106.31,85.59,20.71,2026-02-01
52,North Dakota State,Summit,,,19,2,80.2,59.4,20.86,,-2.62,,12.37,3.74,16.12,108.50,86.83,21.67,2026-02-01
53,Princeton,Ivy,,19,17,2,74.4,64.7,9.68,,6.19,,11.44,4.43,15.88,108.39,87.89,20.50,2026-02-01
54,Richmond,A-10,,,17,4,75.0,62.2,12.71,,3.15,,11.25,4.61,15.86,109.85,89.18,20.66,2026-02-01
55,James Madison,Sun Belt,,,15,8,74.0,64.0,10.00,,5.00,,9.42,5.58,15.00,100.65,81.75,18.89,2026-02-01
56,Indiana,Big Ten,,,11,11,70.4,69.1,1.23,,13.43,,9.56,5.09,14.66,106.72,88.76,17.96,2026-02-01
57,Kansas State,Big 12,,,11,11,68.5,65.6,2.95,,11.68,,8.24,6.39,14.63,102.44,84.81,17.63,2026-02-01
58,Columbia,Ivy,,,14,5,72.4,61.1,11.26,,2.61,,9.64,4.23,13.87,103.39,86.06,17.34,2026-02-01
59,Purdue,Big Ten,,,11,10,70.4,69.8,0.62,,12.95,,10.44,3.13,13.57,104.99,87.76,17.23,2026-02-01
60,Marquette,Big East,,,14,7,69.9,61.9,8.05,,7.01,,6.37,6.94,13.31,102.40,85.42,16.98,2026-02-01
61,Auburn,SEC,,,13,9,62.1,60.7,1.41,,11.87,,1.78,11.49,13.27,96.51,80.31,16.20,2026-02-01
62,Davidson,A-10,,,15,8,67.8,58.4,9.35,,3.64,,4.24,8.75,12.99,99.42,82.47,16.95,2026-02-01
63,Gonzaga,WCC,,,15,7,73.5,65.5,8.00,,4.91,,9.62,3.28,12.91,104.46,87.86,16.61,2026-02-01
64,Missouri,SEC,,,14,9,74.5,72.4,2.09,,10.64,,12.49,0.23,12.72,105.87,90.62,15.25,2026-02-01
65,Rhode Island,A-10,,,18,2,68.6,54.1,14.55,,0.33,,3.18,9.53,12.70,100.68,83.94,16.74,2026-02-01
66,Troy,Sun Belt,,,18,4,84.5,69.1,15.41,,-0.30,,15.31,-2.80,12.51,99.37,86.29,13.08,2026-02-01
67,Santa Clara,WCC,,,18,5,82.4,65.6,16.87,,0.38,,14.87,-2.58,12.28,102.84,88.40,14.44,2026-02-01
68,Montana State,Big Sky,,,15,5,76.1,63.2,12.90,,2.67,,10.06,1.90,11.95,97.94,83.50,14.44,2026-02-01
69,Wisconsin,Big Ten,,,13,9,69.8,70.1,-0.32,,11.65,,8.17,3.16,11.33,102.27,88.36,13.91,2026-02-01
70,Harvard,Ivy,,,11,8,66.0,58.1,7.95,,3.33,,2.48,8.80,11.28,95.58,81.20,14.37,2026-02-01
71,Rice,American,,,18,3,69.8,58.8,11.00,,0.05,,3.87,7.18,11.05,96.45,82.74,13.71,2026-02-01
72,George Mason,A-10,,,14,6,68.5,60.8,7.75,,3.06,,4.43,6.38,10.81,96.69,82.61,14.07,2026-02-01
73,San Diego State,MWC,,,16,3,71.1,59.8,11.26,,2.08,,4.41,6.23,10.64,100.01,86.15,13.86,2026-02-01
74,South Florida,American,,,13,9,71.0,70.1,0.82,,9.81,,9.01,1.62,10.63,102.19,89.82,12.37,2026-02-01
75,Texas A&M,SEC,,,8,9,64.2,69.1,-4.88,,15.47,,4.02,6.57,10.59,93.97,81.86,12.11,2026-02-01
76,Georgetown,Big East,,,12,9,66.0,60.4,5.52,,4.97,,3.17,7.32,10.49,97.11,83.90,13.21,2026-02-01
77,Fairfield,MAAC,,,17,4,77.4,60.3,17.14,,-6.97,,8.93,1.24,10.17,104.97,92.37,12.61,2026-02-01
78,Colorado State,MWC,,,17,5,67.1,55.2,11.91,,-0.46,,0.65,9.22,9.87,98.67,85.79,12.88,2026-02-01
79,Arkansas State,Sun Belt,,,19,4,78.5,66.7,11.74,,-0.16,,10.45,-0.66,9.79,95.86,85.52,10.34,2026-02-01
80,Florida State,ACC,,,7,14,74.0,77.0,-2.95,,12.32,,13.22,-3.85,9.37,99.46,89.19,10.27,2026-02-01
81,Georgia Southern,Sun Belt,,,16,5,74.8,65.0,9.76,,2.18,,4.49,4.85,9.33,100.17,88.42,11.75,2026-02-01
82,Ball State,MAC,,,16,5,77.0,64.4,12.62,,0.08,,9.19,-0.11,9.08,99.07,89.31,9.77,2026-02-01
83,Georgia Tech,ACC,,,9,13,66.0,67.9,-1.95,,11.01,,4.36,4.70,9.06,93.44,82.82,10.62,2026-02-01
84,Oregon State,WCC,,,16,6,67.8,60.9,6.91,,4.29,,3.22,5.83,9.04,99.78,88.46,11.32,2026-02-01
85,Nevada-Las Vegas,MWC,,,14,7,68.1,61.9,6.24,,2.77,,5.19,3.82,9.01,101.20,90.20,11.00,2026-02-01
86,Penn State,Big Ten,,,7,15,74.0,82.5,-8.50,,17.09,,16.06,-7.46,8.59,105.40,95.18,10.22,2026-02-01
87,Saint Joseph's,A-10,,,14,6,68.3,57.0,11.25,,0.91,,0.84,7.41,8.25,96.32,85.88,10.43,2026-02-01
88,Creighton,Big East,,,9,12,69.1,68.6,0.57,,7.56,,6.73,1.40,8.13,100.44,90.41,10.03,2026-02-01
89,UC Irvine,Big West,,,17,4,70.9,57.3,13.57,,-6.04,,3.19,4.35,7.54,98.98,89.83,9.15,2026-02-01
90,Belmont,MVC,,,12,8,69.8,68.5,1.30,,6.22,,5.08,2.44,7.52,96.77,88.19,8.58,2026-02-01
91,Arkansas,SEC,,,11,11,73.1,73.9,-0.77,,8.27,,9.94,-2.44,7.50,96.58,88.51,8.07,2026-02-01
92,Louisiana Tech,CUSA,,,14,5,74.8,60.5,14.32,,0.79,,4.68,2.70,7.38,100.66,91.39,9.27,2026-02-01
93,Miami (OH),MAC,,,17,4,71.0,57.2,13.81,,-3.07,,1.19,6.10,7.29,94.54,85.39,9.14,2026-02-01
94,Green Bay,Horizon,,,18,5,68.3,57.5,10.78,,-2.07,,0.59,6.43,7.02,94.50,85.92,8.59,2026-02-01
95,Cincinnati,Big 12,,,8,13,70.4,71.4,-1.00,,10.00,,7.41,-0.41,7.00,98.09,90.05,8.05,2026-02-01
96,New Mexico,MWC,,,14,7,70.0,62.5,7.57,,-0.72,,4.04,2.81,6.85,95.77,88.49,7.28,2026-02-01
97,North Texas,American,,,11,10,70.3,61.9,8.43,,3.91,,1.44,5.37,6.81,90.65,83.28,7.37,2026-02-01
98,Arizona,Big 12,,,10,10,71.6,69.6,2.00,,4.55,,8.09,-1.54,6.55,96.88,90.39,6.49,2026-02-01
99,Lindenwood,OVC,,,16,6,73.6,60.7,12.95,,-1.79,,5.27,1.24,6.51,102.89,94.80,8.09,2026-02-01
100,Murray State,MVC,,,18,3,83.7,75.3,8.38,,0.37,,16.25,-9.93,6.32,103.69,96.85,6.85,2026-02-01
101,Northwestern,Big Ten,,,8,13,65.5,72.7,-7.19,,13.32,,5.97,0.16,6.13,99.13,92.73,6.40,2026-02-01
102,McNeese State,Southland,,,17,4,68.2,51.5,16.71,,-5.42,,-3.32,9.27,5.95,90.46,82.75,7.71,2026-02-01
103,UCF,Big 12,,,10,10,65.3,62.3,3.00,,2.92,,1.11,4.82,5.92,92.56,86.80,5.76,2026-02-01
104,Abilene Christian,WAC,,,15,5,74.0,57.1,16.85,,-3.40,,-0.17,6.00,5.84,92.89,86.46,6.43,2026-02-01
105,Central Michigan,MAC,,,12,7,69.2,63.8,5.42,,1.53,,3.03,2.73,5.75,94.25,88.24,6.01,2026-02-01
106,Wake Forest,ACC,,,12,10,67.5,63.1,4.41,,1.31,,3.13,2.59,5.72,95.11,89.00,6.10,2026-02-01
107,Marshall,Sun Belt,,,17,6,72.7,62.6,10.13,,1.21,,3.69,2.00,5.68,95.83,89.87,5.97,2026-02-01
108,Quinnipiac,MAAC,,,17,4,68.0,52.5,15.43,,-9.99,,-0.26,5.70,5.44,98.42,90.84,7.58,2026-02-01
109,St. John's (NY),Big East,,,16,7,63.2,61.0,2.13,,3.19,,-0.14,5.46,5.32,95.05,89.88,5.17,2026-02-01
110,Portland,WCC,,,12,10,71.0,62.5,8.55,,2.40,,3.46,1.68,5.15,92.04,86.12,5.92,2026-02-01
111,Massachusetts,MAC,,,15,4,70.5,61.2,9.32,,-4.45,,2.43,2.44,4.86,94.51,89.67,4.84,2026-02-01
112,Butler,Big East,,,9,12,63.7,65.1,-1.43,,6.18,,0.19,4.56,4.75,91.94,88.00,3.94,2026-02-01
113,Coastal Carolina,Sun Belt,,,11,12,74.7,64.6,10.13,,-0.68,,5.29,-0.58,4.71,92.73,88.60,4.14,2026-02-01
114,Vermont,AmEast,,,18,5,69.2,53.9,15.30,,-5.46,,-1.10,5.69,4.59,98.16,91.84,6.33,2026-02-01
115,College of Charleston,CAA,,,17,3,77.8,59.0,18.75,,-6.92,,4.26,0.32,4.58,97.13,92.08,5.05,2026-02-01
116,Northern Iowa,MVC,,,10,10,65.3,63.7,1.55,,2.98,,-2.12,6.65,4.53,89.27,84.83,4.45,2026-02-01
117,Boise State,MWC,,,16,5,71.1,66.4,4.67,,-0.07,,6.56,-2.13,4.43,98.09,93.63,4.46,2026-02-01
118,Temple,American,,,9,11,69.4,70.6,-1.15,,5.35,,6.53,-2.33,4.20,96.52,92.99,3.53,2026-02-01
119,East Carolina,American,,,16,7,72.8,65.7,7.09,,-3.08,,6.15,-2.14,4.01,94.37,91.08,3.29,2026-02-01
120,Eastern Kentucky,A-Sun,,,19,4,76.0,60.0,16.00,,-9.07,,3.44,0.50,3.93,93.25,89.93,3.32,2026-02-01
121,Grand Canyon,MWC,,,7,14,66.0,69.2,-3.24,,7.08,,4.30,-0.45,3.85,93.70,90.22,3.47,2026-02-01
122,High Point,Big South,,,19,2,76.6,58.3,18.29,,-11.14,,4.52,-0.81,3.71,94.72,91.44,3.28,2026-02-01
123,Western Illinois,OVC,,,17,3,77.0,60.7,16.30,,-7.14,,5.19,-1.56,3.63,98.11,93.97,4.14,2026-02-01
124,UTSA,American,,,10,9,60.6,58.3,2.37,,3.40,,-5.26,8.82,3.56,87.64,84.05,3.58,2026-02-01
125,Idaho,Big Sky,,,16,5,79.0,67.6,11.48,,-4.85,,9.61,-6.14,3.47,97.11,94.12,2.98,2026-02-01
126,Illinois State,MVC,,,12,9,73.8,68.5,5.33,,-1.91,,5.66,-2.23,3.42,98.38,95.86,2.52,2026-02-01
127,UC Santa Barbara,Big West,,,15,4,69.2,59.1,10.16,,-5.71,,-0.40,3.41,3.02,94.11,91.34,2.78,2026-02-01
128,UC San Diego,Big West,,,14,6,69.0,59.4,9.60,,-4.57,,0.18,2.83,3.01,90.20,87.25,2.95,2026-02-01
129,Southern Indiana,OVC,,,14,6,70.2,57.2,12.95,,-2.28,,-0.07,2.92,2.84,91.36,88.23,3.12,2026-02-01
130,Pepperdine,WCC,,,13,9,69.5,65.2,4.23,,-0.28,,3.18,-0.36,2.82,95.49,93.12,2.37,2026-02-01
131,South Dakota,Summit,,,16,6,72.5,55.7,16.73,,-7.51,,-1.28,3.99,2.70,90.71,87.38,3.33,2026-02-01
132,Missouri State,CUSA,,,13,7,66.6,63.2,3.35,,-0.88,,-0.63,3.09,2.47,89.14,87.55,1.59,2026-02-01
133,Central Arkansas,A-Sun,,,11,9,71.5,60.1,11.45,,-4.00,,0.79,1.60,2.39,91.91,89.55,2.36,2026-02-01
134,Tulsa,American,,,14,6,70.9,65.7,5.25,,-2.88,,2.07,0.31,2.38,90.72,89.16,1.56,2026-02-01
135,Loyola Marymount,WCC,,,13,8,70.1,63.8,6.33,,-1.66,,3.61,-1.32,2.29,98.73,96.69,2.04,2026-02-01
136,Sam Houston,CUSA,,,12,6,65.8,56.0,9.78,,-0.11,,-3.63,5.93,2.29,82.78,82.01,0.77,2026-02-01
137,Purdue Fort Wayne,Horizon,,,14,8,70.5,63.1,7.32,,-1.95,,2.57,-0.33,2.24,91.38,89.65,1.73,2026-02-01
138,Rutgers,Big Ten,,,9,12,58.8,66.1,-7.33,,9.50,,-3.12,5.29,2.17,89.56,88.70,0.86,2026-02-01
139,Tulane,American,,,8,11,69.6,69.6,-0.05,,2.21,,4.36,-2.20,2.16,94.05,92.48,1.57,2026-02-01
140,Charlotte,American,,,9,13,64.0,67.4,-3.41,,5.49,,0.61,1.47,2.08,92.11,90.84,1.27,2026-02-01
141,California Baptist,WAC,,,13,8,71.3,66.2,5.10,,-3.18,,4.93,-3.01,1.92,91.29,90.58,0.71,2026-02-01
142,San Francisco,WCC,,,13,8,69.1,66.9,2.24,,1.54,,4.01,-2.11,1.89,89.24,88.08,1.16,2026-02-01
143,Idaho State,Big Sky,,,12,7,65.3,58.8,6.47,,-2.44,,-5.20,6.70,1.50,86.14,84.95,1.20,2026-02-01
144,Hawaii,Big West,,,11,9,62.3,59.7,2.65,,-0.49,,-3.64,5.04,1.40,88.26,87.20,1.07,2026-02-01
145,Middle Tennessee,CUSA,,,11,9,60.0,59.3,0.65,,0.69,,-5.13,6.47,1.34,90.70,90.54,0.17,2026-02-01
146,Pennsylvania,Ivy,,,12,7,64.7,56.3,8.42,,-1.96,,-2.85,3.96,1.10,89.29,89.69,-0.40,2026-02-01
147,Old Dominion,Sun Belt,,,13,10,69.2,67.5,1.70,,2.64,,1.76,-0.71,1.05,89.02,89.15,-0.13,2026-02-01
148,Southern Methodist,ACC,,,8,14,64.5,71.5,-7.05,,7.99,,1.65,-0.71,0.94,91.54,91.88,-0.34,2026-02-01
149,Providence,Big East,,,10,12,59.6,63.3,-3.73,,4.62,,-3.34,4.23,0.89,88.01,88.63,-0.62,2026-02-01
150,Navy,Patriot,,,13,6,70.6,62.1,8.53,,-6.22,,3.17,-2.33,0.84,93.51,94.01,-0.51,2026-02-01
151,Houston,Big 12,,,6,14,61.3,70.9,-9.55,,10.32,,-0.16,0.93,0.77,87.59,87.34,0.26,2026-02-01
152,Bradley,MVC,,,14,7,73.0,65.1,7.95,,-4.82,,1.56,-1.08,0.48,92.74,92.82,-0.08,2026-02-01
153,UC Davis,Big West,,,15,6,69.4,63.3,6.10,,-2.68,,2.42,-1.99,0.43,93.61,95.11,-1.50,2026-02-01
154,Army,Patriot,,,16,4,66.6,56.7,9.90,,-8.27,,-2.44,2.70,0.26,92.75,93.57,-0.82,2026-02-01
155,Northern Colorado,Big Sky,,,15,7,70.8,60.6,10.14,,-2.68,,-1.20,1.15,-0.05,90.24,91.10,-0.86,2026-02-01
156,Austin Peay,A-Sun,,,13,6,68.2,57.8,10.37,,-5.77,,-4.58,4.29,-0.30,89.97,91.43,-1.46,2026-02-01
157,Saint Mary's (CA),WCC,,,13,10,58.4,58.0,0.48,,1.77,,-7.12,6.70,-0.42,87.68,90.06,-2.38,2026-02-01
158,Southern Mississippi,Sun Belt,,,12,10,76.0,73.1,2.86,,0.69,,6.73,-7.19,-0.46,96.13,98.48,-2.35,2026-02-01
159,Brown,Ivy,,,12,6,63.6,55.4,8.11,,-6.06,,-3.67,3.13,-0.54,85.23,88.56,-3.33,2026-02-01
160,Toledo,MAC,,,10,8,65.7,63.5,2.17,,-2.20,,-2.45,1.84,-0.61,90.05,92.07,-2.02,2026-02-01
161,Fresno State,MWC,,,10,12,62.0,59.0,2.95,,-1.42,,-4.76,4.10,-0.66,85.84,87.74,-1.90,2026-02-01
162,Liberty,CUSA,,,9,10,65.6,64.1,1.58,,1.89,,-0.22,-0.48,-0.70,94.23,97.14,-2.91,2026-02-01
163,Florida Gulf Coast,A-Sun,,,10,10,62.5,59.8,2.70,,4.18,,-5.95,5.19,-0.76,86.79,89.58,-2.80,2026-02-01
164,Xavier,Big East,,,10,11,59.1,65.7,-6.57,,5.66,,-4.70,3.79,-0.91,87.75,90.49,-2.74,2026-02-01
165,George Washington,A-10,,,12,11,62.4,60.1,2.30,,-1.70,,-4.50,3.43,-1.07,90.62,93.37,-2.75,2026-02-01
166,Louisiana-Monroe,Sun Belt,,,9,12,66.5,69.0,-2.48,,1.41,,1.02,-2.09,-1.07,89.88,92.19,-2.32,2026-02-01
167,UAB,American,,,7,13,69.9,70.3,-0.40,,-0.87,,2.87,-4.00,-1.13,94.87,97.48,-2.61,2026-02-01
168,Ohio,MAC,,,12,7,74.3,70.4,3.84,,-3.56,,6.17,-7.45,-1.28,91.34,95.04,-3.70,2026-02-01
169,Kent State,MAC,,,9,11,70.0,67.5,2.45,,1.47,,0.56,-2.15,-1.59,92.10,95.85,-3.75,2026-02-01
170,Appalachian State,Sun Belt,,,10,11,64.2,58.9,5.33,,-0.88,,-4.66,3.04,-1.62,90.66,94.64,-3.98,2026-02-01
171,South Alabama,Sun Belt,,,9,11,69.0,67.9,1.05,,-2.68,,0.24,-1.87,-1.63,88.81,92.38,-3.57,2026-02-01
172,Eastern Michigan,MAC,,,10,9,69.5,67.2,2.32,,-1.36,,1.53,-3.33,-1.80,93.68,97.53,-3.85,2026-02-01
173,Jacksonville,A-Sun,,,13,7,71.7,67.5,4.20,,-3.77,,4.07,-5.89,-1.82,88.15,92.30,-4.15,2026-02-01
174,Cleveland State,Horizon,,,16,7,70.3,58.7,11.65,,-9.40,,-2.11,0.23,-1.87,89.70,93.68,-3.98,2026-02-01
175,Oral Roberts,Summit,,,12,9,78.2,75.4,2.81,,0.74,,10.25,-12.29,-2.04,95.88,100.05,-4.17,2026-02-01
176,Drexel,CAA,,,12,7,63.5,56.7,6.79,,-6.13,,-4.69,2.56,-2.13,92.00,96.26,-4.26,2026-02-01
177,Howard,MEAC,,,15,7,65.0,62.2,2.77,,-4.95,,-2.21,0.04,-2.17,86.93,92.08,-5.15,2026-02-01
178,FDU,NEC,,,18,4,67.3,52.4,14.91,,-13.68,,-6.57,4.39,-2.18,90.07,93.21,-3.13,2026-02-01
179,Albany (NY),AmEast,,,12,9,60.3,55.2,5.10,,-5.15,,-7.58,5.14,-2.45,91.64,96.13,-4.49,2026-02-01
180,Binghamton,AmEast,,,15,6,68.0,62.8,5.19,,-2.98,,0.08,-2.53,-2.46,92.00,96.41,-4.41,2026-02-01
181,La Salle,A-10,,,11,10,64.5,64.7,-0.24,,-0.59,,-1.50,-0.99,-2.49,85.77,91.09,-5.32,2026-02-01
182,Saint Louis,A-10,,,11,12,68.7,67.0,1.70,,-0.76,,0.01,-2.58,-2.58,85.24,90.22,-4.98,2026-02-01
183,Northern Kentucky,Horizon,,,10,13,68.1,71.0,-2.87,,0.26,,2.34,-4.94,-2.61,91.66,96.40,-4.74,2026-02-01
184,Bryant,AmEast,,,14,7,67.0,55.4,11.67,,-10.68,,-3.57,0.79,-2.78,87.09,91.95,-4.86,2026-02-01
185,Youngstown State,Horizon,,,15,7,66.7,57.1,9.59,,-5.93,,-6.04,3.26,-2.78,85.45,90.72,-5.27,2026-02-01
186,Loyola (IL),A-10,,,9,11,56.2,62.0,-5.80,,3.00,,-7.84,5.03,-2.81,83.82,89.92,-6.10,2026-02-01
187,Florida International,CUSA,,,12,7,74.6,68.0,6.63,,-4.79,,4.46,-7.36,-2.90,89.48,95.26,-5.78,2026-02-01
188,DePaul,Big East,,,5,18,63.5,72.5,-9.00,,6.08,,0.88,-3.80,-2.92,89.27,94.77,-5.50,2026-02-01
189,Maine,AmEast,,,10,11,61.1,61.7,-0.57,,-2.40,,-4.00,1.04,-2.97,86.87,92.91,-6.04,2026-02-01
190,Virginia Commonwealth,A-10,,,8,14,58.0,65.8,-7.82,,4.73,,-5.23,2.14,-3.09,84.38,89.97,-5.59,2026-02-01
191,Dayton,A-10,,,11,10,66.3,67.6,-1.29,,-1.82,,0.17,-3.28,-3.11,91.38,97.62,-6.23,2026-02-01
192,Lamar,Southland,,,13,6,65.0,58.5,6.47,,-8.26,,-4.73,1.58,-3.15,87.92,92.83,-4.91,2026-02-01
193,Cal State Fullerton,Big West,,,11,9,72.1,63.7,8.40,,-6.17,,1.65,-5.05,-3.40,85.15,91.41,-6.26,2026-02-01
194,Holy Cross,Patriot,,,12,8,59.9,59.8,0.15,,-3.83,,-6.20,2.51,-3.68,82.62,89.87,-7.25,2026-02-01
195,Washington State,WCC,,,4,19,62.3,74.8,-12.57,,8.68,,-1.16,-2.73,-3.89,90.15,97.14,-6.99,2026-02-01
196,Longwood,Big South,,,15,6,78.2,65.3,12.90,,-7.25,,3.17,-7.08,-3.92,86.96,95.65,-8.69,2026-02-01
197,Stephen F. Austin,Southland,,,14,7,75.7,69.3,6.43,,-7.41,,6.58,-10.57,-3.99,91.39,98.37,-6.98,2026-02-01
198,Illinois-Chicago,MVC,,,9,11,63.6,63.9,-0.30,,-3.75,,-4.90,0.85,-4.05,90.16,97.28,-7.11,2026-02-01
199,Georgia State,Sun Belt,,,9,13,69.5,73.5,-4.00,,4.17,,2.32,-6.49,-4.18,90.53,97.79,-7.26,2026-02-01
200,Southern,SWAC,,,11,8,61.3,61.5,-0.21,,0.69,,-6.93,2.74,-4.19,83.59,91.12,-7.53,2026-02-01
201,Southern Utah,WAC,,,14,7,73.5,66.2,7.33,,-4.92,,0.78,-4.98,-4.20,91.42,98.50,-7.08,2026-02-01
202,Pacific,WCC,,,8,13,64.8,67.4,-2.62,,1.77,,-2.24,-2.09,-4.34,89.82,97.36,-7.53,2026-02-01
203,Drake,MVC,,,6,14,71.5,78.0,-6.55,,1.99,,3.58,-8.14,-4.56,94.45,102.14,-7.68,2026-02-01
204,Utah Valley,WAC,,,10,10,63.9,61.5,2.35,,-2.29,,-4.85,0.23,-4.62,82.54,90.35,-7.81,2026-02-01
205,Boston College,ACC,,,4,19,63.3,75.7,-12.39,,7.65,,1.02,-5.76,-4.74,92.62,101.58,-8.96,2026-02-01
206,Bowling Green,MAC,,,11,9,70.8,65.4,5.40,,0.09,,-2.30,-2.49,-4.78,86.32,94.09,-7.77,2026-02-01
207,Tarleton State,WAC,,,10,9,66.4,64.3,2.11,,-2.68,,-2.95,-1.86,-4.80,86.96,94.36,-7.40,2026-02-01
208,Chattanooga,Southern,,,14,5,64.8,57.6,7.16,,-6.99,,-6.36,1.55,-4.81,87.21,94.42,-7.21,2026-02-01
209,UT Arlington,WAC,,,8,12,59.7,64.8,-5.10,,0.25,,-5.47,0.61,-4.85,80.85,87.29,-6.44,2026-02-01
210,Tennessee Tech,OVC,,,10,9,67.0,63.4,3.58,,-5.20,,-1.98,-2.98,-4.96,89.65,97.88,-8.22,2026-02-01
211,Nevada,MWC,,,7,13,55.4,58.6,-3.25,,-0.78,,-9.94,4.84,-5.10,81.27,89.97,-8.70,2026-02-01
212,Lehigh,Patriot,,,10,9,65.4,66.6,-1.16,,-4.02,,0.07,-5.25,-5.18,92.86,101.74,-8.89,2026-02-01
213,Eastern Washington,Big Sky,,,11,10,69.1,67.0,2.10,,-2.54,,0.15,-5.48,-5.33,86.69,95.38,-8.68,2026-02-01
214,Delaware,CUSA,,,9,11,65.9,65.9,-0.05,,-4.03,,-1.37,-3.98,-5.35,85.05,93.74,-8.69,2026-02-01
215,Robert Morris,Horizon,,,14,7,65.0,59.1,5.86,,-7.81,,-6.44,1.00,-5.44,84.82,93.72,-8.90,2026-02-01
216,Memphis,American,,,8,12,66.0,68.9,-2.95,,-0.14,,-1.36,-4.20,-5.56,79.52,87.84,-8.31,2026-02-01
217,Monmouth,CAA,,,13,6,64.7,56.9,7.84,,-7.57,,-7.40,1.58,-5.82,84.04,93.15,-9.11,2026-02-01
218,Tennessee-Martin,OVC,,,11,8,66.0,61.7,4.26,,-3.51,,-5.11,-0.71,-5.82,86.14,95.55,-9.42,2026-02-01
219,UC Riverside,Big West,,,6,14,62.7,64.1,-1.40,,-1.14,,-5.80,-0.11,-5.91,84.79,94.20,-9.42,2026-02-01
220,Sacramento State,Big Sky,,,10,11,63.4,59.5,3.90,,-2.60,,-9.80,3.88,-5.92,80.59,90.40,-9.81,2026-02-01
221,Morehead State,OVC,,,13,9,64.8,65.4,-0.59,,-1.84,,-4.67,-1.55,-6.22,85.41,94.80,-9.39,2026-02-01
222,Jacksonville State,CUSA,,,11,9,64.7,57.8,6.95,,-6.07,,-6.85,0.61,-6.25,88.00,97.76,-9.76,2026-02-01
223,St. Thomas,Summit,,,10,12,64.8,61.5,3.23,,-2.50,,-6.69,0.41,-6.29,85.07,95.64,-10.57,2026-02-01
224,Stetson,A-Sun,,,12,8,70.1,65.6,4.55,,-4.97,,0.35,-6.70,-6.36,92.40,102.53,-10.13,2026-02-01
225,Kennesaw State,CUSA,,,10,9,65.2,61.1,4.11,,-2.63,,-4.49,-1.89,-6.38,83.87,94.00,-10.13,2026-02-01
226,Campbell,CAA,,,14,8,62.5,56.3,6.23,,-7.14,,-9.35,2.96,-6.39,83.17,94.24,-11.07,2026-02-01
227,West Georgia,A-Sun,,,13,7,72.8,65.2,7.65,,-7.73,,0.49,-6.93,-6.45,90.83,101.43,-10.61,2026-02-01
228,NJIT,AmEast,,,13,8,67.2,65.0,2.19,,-8.66,,0.90,-7.36,-6.47,91.46,102.34,-10.88,2026-02-01
229,Northwestern State,Southland,,,10,9,63.2,62.3,0.95,,0.01,,-8.29,1.77,-6.52,82.64,92.98,-10.35,2026-02-01
230,Air Force,MWC,,,8,12,57.8,61.8,-4.00,,-2.30,,-8.40,1.84,-6.56,81.91,92.28,-10.37,2026-02-01
231,Elon,CAA,,,9,11,65.6,63.7,1.85,,-5.35,,-3.97,-2.65,-6.62,85.52,95.77,-10.25,2026-02-01
232,William & Mary,CAA,,,10,9,60.9,60.2,0.68,,-6.61,,-7.44,0.50,-6.94,82.84,94.08,-11.24,2026-02-01
233,Little Rock,OVC,,,10,10,58.8,60.0,-1.25,,-1.18,,-11.12,4.16,-6.96,78.14,88.77,-10.62,2026-02-01
234,Fordham,A-10,,,9,12,64.0,64.7,-0.71,,-5.92,,-2.99,-4.13,-7.12,83.73,95.44,-11.70,2026-02-01
235,Wofford,Southern,,,11,10,68.4,63.0,5.43,,-4.74,,-4.22,-2.92,-7.13,88.00,99.53,-11.52,2026-02-01
236,St. Bonaventure,A-10,,,12,10,63.1,61.0,2.09,,-7.16,,-6.43,-0.83,-7.26,84.01,95.73,-11.72,2026-02-01
237,Alabama A&M,SWAC,,,11,9,61.9,58.8,3.10,,-4.30,,-8.85,1.56,-7.30,81.16,91.76,-10.61,2026-02-01
238,Wyoming,MWC,,,8,12,55.0,60.2,-5.20,,0.11,,-10.35,3.03,-7.31,82.73,95.44,-12.71,2026-02-01
239,Maryland-Baltimore County,AmEast,,,10,10,63.9,58.9,5.00,,-6.06,,-8.47,1.13,-7.34,81.02,92.67,-11.64,2026-02-01
240,Northern Arizona,Big Sky,,,7,15,71.8,74.2,-2.41,,-0.74,,3.30,-10.83,-7.54,90.41,101.89,-11.48,2026-02-01
241,Florida Atlantic,American,,,9,12,62.6,68.4,-5.76,,0.63,,-3.89,-3.68,-7.57,84.01,96.64,-12.63,2026-02-01
242,Radford,Big South,,,14,9,64.4,59.7,4.74,,-8.94,,-7.61,-0.19,-7.80,78.31,90.65,-12.34,2026-02-01
243,Pittsburgh,ACC,,,8,15,60.2,68.9,-8.70,,1.01,,-5.90,-1.90,-7.81,82.51,94.91,-12.40,2026-02-01
244,Duquesne,A-10,,,7,14,64.1,65.6,-1.48,,-1.95,,-5.62,-2.38,-8.00,79.66,92.98,-13.32,2026-02-01
245,Furman,Southern,,,14,8,70.4,61.6,8.73,,-3.71,,-2.86,-5.36,-8.21,81.51,94.10,-12.59,2026-02-01
246,Texas-Rio Grande Valley,Southland,,,12,9,65.1,65.6,-0.52,,-2.81,,-3.57,-4.66,-8.23,86.29,97.83,-11.54,2026-02-01
247,Maryland-Eastern Shore,MEAC,,,11,10,63.7,67.3,-3.62,,-0.64,,-3.73,-4.55,-8.27,83.58,96.71,-13.13,2026-02-01
248,Stony Brook,CAA,,,11,10,57.2,55.5,1.71,,-4.49,,-13.36,5.09,-8.27,77.55,91.18,-13.63,2026-02-01
249,IU Indy,Horizon,,,8,12,66.0,67.2,-1.20,,-2.79,,-4.98,-3.32,-8.29,82.03,94.60,-12.56,2026-02-01
250,Texas State,Sun Belt,,,9,11,62.1,63.4,-1.35,,-1.90,,-8.12,-0.17,-8.29,80.71,92.71,-12.00,2026-02-01
251,Norfolk State,MEAC,,,10,11,62.8,61.0,1.76,,-1.48,,-8.57,0.21,-8.36,76.84,90.76,-13.92,2026-02-01
252,Kansas City,Summit,,,6,15,69.6,68.8,0.81,,0.83,,-3.58,-4.81,-8.39,87.71,101.22,-13.51,2026-02-01
253,Montana,Big Sky,,,7,13,62.7,71.5,-8.85,,2.81,,-3.87,-4.58,-8.45,87.94,101.10,-13.16,2026-02-01
254,Wichita State,American,,,5,16,59.8,65.9,-6.05,,0.22,,-8.87,0.04,-8.83,78.89,92.05,-13.16,2026-02-01
255,Towson,CAA,,,12,8,65.7,66.0,-0.25,,-5.50,,-2.45,-6.63,-9.08,84.70,98.96,-14.27,2026-02-01
256,Merrimack,MAAC,,,11,9,68.6,66.2,2.35,,-8.93,,-0.88,-8.27,-9.14,85.50,100.02,-14.52,2026-02-01
257,East Tennessee State,Southern,,,10,11,56.6,57.8,-1.19,,-4.54,,-11.98,2.81,-9.17,79.66,93.74,-14.08,2026-02-01
258,Oakland,Horizon,,,8,13,63.2,71.3,-8.10,,2.07,,-2.19,-7.14,-9.33,88.73,102.52,-13.79,2026-02-01
259,UNC Greensboro,Southern,,,12,9,66.1,54.6,11.57,,-6.85,,-10.68,1.12,-9.56,82.63,97.92,-15.29,2026-02-01
260,San Diego,WCC,,,8,15,56.0,62.1,-6.13,,-0.21,,-11.66,1.91,-9.75,77.98,93.57,-15.60,2026-02-01
261,Weber State,Big Sky,,,6,15,64.3,67.7,-3.43,,0.58,,-4.96,-4.85,-9.81,83.11,97.52,-14.42,2026-02-01
262,Utah State,MWC,,,6,14,61.4,68.3,-6.90,,0.25,,-4.74,-5.17,-9.91,84.89,99.93,-15.04,2026-02-01
263,Mercer,Southern,,,12,9,65.5,62.6,2.90,,-9.78,,-4.97,-5.02,-9.99,82.50,98.20,-15.70,2026-02-01
264,SIU Edwardsville,OVC,,,10,11,61.8,58.4,3.33,,-6.36,,-11.24,1.22,-10.02,80.01,95.52,-15.51,2026-02-01
265,North Carolina A&T,CAA,,,7,12,62.7,62.9,-0.26,,1.87,,-6.36,-3.77,-10.13,82.02,97.49,-15.47,2026-02-01
266,Incarnate Word,Southland,,,10,9,64.7,69.6,-4.84,,-2.95,,-2.53,-7.66,-10.18,89.36,103.83,-14.47,2026-02-01
267,Utah Tech,WAC,,,6,13,62.0,66.9,-4.95,,-4.42,,-6.91,-3.34,-10.25,80.51,95.84,-15.33,2026-02-01
268,Southeast Missouri State,OVC,,,7,13,66.3,67.9,-1.65,,-2.93,,-3.94,-6.99,-10.93,83.07,98.85,-15.78,2026-02-01
269,North Alabama,A-Sun,,,9,10,63.6,64.5,-0.89,,-6.36,,-7.40,-3.61,-11.01,80.82,97.43,-16.62,2026-02-01
270,UTEP,CUSA,,,9,10,66.1,69.2,-3.05,,-3.52,,-3.25,-8.62,-11.88,83.63,101.45,-17.81,2026-02-01
271,Denver,Summit,,,9,12,60.9,68.1,-7.29,,0.82,,-9.49,-2.52,-12.01,80.07,99.57,-19.50,2026-02-01
272,Western Kentucky,CUSA,,,5,14,57.8,64.5,-6.68,,-2.33,,-10.73,-1.33,-12.05,80.60,99.53,-18.92,2026-02-01
273,Southern Illinois,MVC,,,6,13,67.2,71.2,-3.95,,-3.45,,-4.71,-7.38,-12.09,84.40,102.61,-18.21,2026-02-01
274,Marist,MAAC,,,8,14,59.1,66.5,-7.36,,-4.81,,-7.09,-5.09,-12.18,81.77,100.49,-18.72,2026-02-01
275,Loyola (MD),Patriot,,,9,11,55.8,60.9,-5.05,,-7.48,,-11.70,-0.84,-12.53,80.51,100.55,-20.04,2026-02-01
276,Cal State Bakersfield,Big West,,,7,13,61.3,67.4,-6.10,,-5.50,,-6.72,-5.83,-12.56,79.97,97.75,-17.78,2026-02-01
277,Nicholls State,Southland,,,10,9,65.7,64.3,1.47,,-11.52,,-8.28,-4.30,-12.58,78.89,96.63,-17.73,2026-02-01
278,Mount St. Mary's,MAAC,,,10,11,60.0,62.4,-2.38,,-10.25,,-10.05,-2.58,-12.64,75.11,94.27,-19.15,2026-02-01
279,Evansville,MVC,,,5,16,65.0,75.1,-10.05,,-2.62,,-3.35,-9.32,-12.66,82.73,100.78,-18.06,2026-02-01
280,Siena,MAAC,,,8,12,67.6,65.6,2.05,,-14.77,,-2.65,-10.07,-12.72,78.43,100.09,-21.66,2026-02-01
281,Lipscomb,A-Sun,,,7,13,60.2,63.7,-3.50,,-4.22,,-11.65,-1.13,-12.78,76.32,95.53,-19.21,2026-02-01
282,Western Michigan,MAC,,,5,13,55.4,67.6,-12.22,,-0.76,,-11.94,-1.06,-13.00,76.09,95.37,-19.28,2026-02-01
283,Boston University,Patriot,,,7,13,57.5,59.7,-2.25,,-7.00,,-12.09,-1.02,-13.11,83.50,104.97,-21.47,2026-02-01
284,New Mexico State,CUSA,,,7,13,58.3,66.6,-8.35,,-0.33,,-7.76,-5.51,-13.27,76.95,96.21,-19.27,2026-02-01
285,East Texas A&M,Southland,,,8,10,66.8,67.4,-0.61,,-6.13,,-6.97,-6.35,-13.32,81.26,99.83,-18.58,2026-02-01
286,Long Island University,NEC,,,12,8,70.0,60.7,9.25,,-17.18,,-5.28,-8.23,-13.51,82.31,103.12,-20.82,2026-02-01
287,Milwaukee,Horizon,,,7,16,60.3,66.3,-5.91,,-4.64,,-8.12,-5.52,-13.64,82.21,103.20,-20.99,2026-02-01
288,New Hampshire,AmEast,,,8,13,58.0,61.1,-3.10,,-5.73,,-10.24,-3.49,-13.73,79.93,101.54,-21.61,2026-02-01
289,Yale,Ivy,,,5,14,57.9,68.5,-10.58,,-3.26,,-7.42,-6.42,-13.84,78.01,99.23,-21.21,2026-02-01
290,Detroit Mercy,Horizon,,,4,17,61.8,72.0,-10.19,,-3.45,,-6.22,-7.64,-13.85,81.03,101.56,-20.53,2026-02-01
291,Hampton,CAA,,,9,11,62.6,62.0,0.55,,-7.62,,-9.00,-4.92,-13.91,81.68,103.02,-21.34,2026-02-01
292,Akron,MAC,,,3,17,68.6,76.5,-7.90,,1.35,,-1.26,-12.73,-13.99,84.18,103.90,-19.72,2026-02-01
293,Coppin State,MEAC,,,4,18,55.0,70.8,-15.82,,4.03,,-10.67,-3.44,-14.11,73.98,93.55,-19.57,2026-02-01
294,Eastern Illinois,OVC,,,3,19,56.9,70.9,-14.00,,-0.21,,-9.80,-4.42,-14.21,76.75,97.29,-20.54,2026-02-01
295,Manhattan,MAAC,,,5,15,54.9,65.3,-10.45,,-3.86,,-11.44,-2.87,-14.31,74.77,95.90,-21.13,2026-02-01
296,Northeastern,CAA,,,6,12,61.2,67.2,-6.06,,-8.37,,-6.72,-7.70,-14.42,81.35,103.55,-22.21,2026-02-01
297,Cal State Northridge,Big West,,,6,13,64.6,66.7,-2.11,,-3.30,,-8.20,-6.45,-14.65,76.29,96.68,-20.38,2026-02-01
298,Portland State,Big Sky,,,5,15,65.5,74.2,-8.75,,-3.49,,-2.96,-11.69,-14.65,85.81,107.29,-21.48,2026-02-01
299,Jackson State,SWAC,,,5,15,59.1,66.5,-7.45,,-2.83,,-10.73,-4.00,-14.72,79.14,100.68,-21.54,2026-02-01
300,Indiana State,MVC,,,7,13,72.9,79.5,-6.55,,-5.30,,3.06,-17.99,-14.93,86.06,106.06,-20.00,2026-02-01
301,Iona,MAAC,,,13,9,60.0,60.6,-0.55,,-13.64,,-10.72,-4.21,-14.93,78.32,101.05,-22.73,2026-02-01
302,North Florida,A-Sun,,,8,12,62.4,72.2,-9.75,,-3.22,,-5.82,-9.18,-15.00,81.73,103.40,-21.67,2026-02-01
303,Alcorn State,SWAC,,,9,9,54.0,61.6,-7.56,,-0.66,,-16.68,1.55,-15.13,72.35,95.22,-22.86,2026-02-01
304,Lafayette,Patriot,,,8,12,60.8,64.7,-3.95,,-11.30,,-7.54,-7.72,-15.25,83.55,107.05,-23.50,2026-02-01
305,Buffalo,MAC,,,2,18,58.3,71.5,-13.20,,-2.16,,-8.32,-7.04,-15.36,76.14,98.19,-22.06,2026-02-01
306,Sacred Heart,MAAC,,,11,10,59.1,61.5,-2.43,,-12.46,,-11.39,-4.21,-15.61,78.72,102.23,-23.52,2026-02-01
307,Hofstra,CAA,,,3,17,51.6,63.6,-12.05,,-1.09,,-14.77,-0.90,-15.67,75.03,100.08,-25.05,2026-02-01
308,Winthrop,Big South,,,11,11,65.8,67.2,-1.41,,-5.94,,-6.13,-9.54,-15.68,81.29,103.81,-22.52,2026-02-01
309,Samford,Southern,,,8,15,60.1,68.6,-8.48,,-1.31,,-7.89,-7.81,-15.71,82.70,107.12,-24.42,2026-02-01
310,Houston Christian,Southland,,,5,14,61.6,68.6,-7.05,,-3.02,,-9.91,-5.88,-15.79,77.02,100.33,-23.32,2026-02-01
311,Bucknell,Patriot,,,6,14,53.5,58.5,-5.05,,-6.69,,-16.15,0.15,-16.00,73.55,98.72,-25.17,2026-02-01
312,San Jose State,MWC,,,3,18,57.4,72.8,-15.38,,2.18,,-6.94,-9.18,-16.12,77.43,99.92,-22.49,2026-02-01
313,Dartmouth,Ivy,,,9,10,56.9,57.9,-1.05,,-5.72,,-15.62,-0.53,-16.16,75.95,101.88,-25.92,2026-02-01
314,Cornell,Ivy,,,8,11,54.8,59.9,-5.11,,-6.56,,-15.22,-1.12,-16.34,78.15,104.35,-26.21,2026-02-01
315,American,Patriot,,,5,15,55.5,64.9,-9.45,,-7.00,,-10.67,-5.79,-16.45,78.48,104.59,-26.11,2026-02-01
316,Wright State,Horizon,,,6,16,65.6,71.2,-5.59,,-4.85,,-5.87,-10.78,-16.65,82.11,106.58,-24.47,2026-02-01
317,Northern Illinois,MAC,,,4,16,54.8,68.3,-13.45,,-3.45,,-13.85,-3.05,-16.90,76.17,101.88,-25.71,2026-02-01
318,Alabama State,SWAC,,,8,11,58.5,69.1,-10.58,,-1.96,,-10.94,-6.08,-17.03,72.26,96.05,-23.79,2026-02-01
319,Charleston Southern,Big South,,,7,15,61.2,72.3,-11.09,,-4.98,,-7.46,-10.14,-17.60,82.17,108.74,-26.56,2026-02-01
320,Colgate,Patriot,,,5,15,53.4,63.8,-10.35,,-6.01,,-14.32,-3.69,-18.01,73.40,101.39,-27.99,2026-02-01
321,Grambling,SWAC,,,6,13,63.2,66.3,-3.05,,-4.62,,-10.20,-8.48,-18.68,73.73,100.12,-26.39,2026-02-01
322,North Carolina Central,MEAC,,,3,14,60.8,74.5,-13.76,,-0.15,,-7.97,-10.74,-18.72,73.49,98.15,-24.66,2026-02-01
323,Texas A&M-Corpus Christi,Southland,,,4,15,59.1,68.6,-9.53,,-4.96,,-13.02,-5.89,-18.90,75.62,103.54,-27.93,2026-02-01
324,UNC Wilmington,CAA,,,5,15,60.9,69.4,-8.45,,-7.98,,-9.03,-9.90,-18.93,78.10,106.14,-28.04,2026-02-01
325,Wagner,NEC,,,10,10,57.3,59.0,-1.65,,-12.43,,-16.98,-2.23,-19.20,67.00,95.34,-28.33,2026-02-01
326,North Dakota,Summit,,,4,17,57.6,71.2,-13.62,,-0.78,,-10.24,-9.18,-19.41,74.17,101.34,-27.17,2026-02-01
327,Louisiana,Sun Belt,,,2,19,56.2,73.5,-17.29,,1.42,,-12.55,-6.88,-19.43,73.37,100.64,-27.27,2026-02-01
328,Texas Southern,SWAC,,,8,12,66.8,73.0,-6.20,,-0.71,,-5.91,-13.61,-19.52,78.22,104.22,-26.00,2026-02-01
329,Gardner-Webb,Big South,,,7,16,54.5,63.7,-9.26,,-10.61,,-15.23,-4.64,-19.87,73.28,102.78,-29.50,2026-02-01
330,Tennessee State,OVC,,,3,17,58.3,76.3,-18.00,,-2.16,,-6.65,-13.51,-20.16,76.87,104.82,-27.95,2026-02-01
331,Long Beach State,Big West,,,3,17,54.1,73.7,-19.65,,0.81,,-11.04,-9.16,-20.19,75.98,105.30,-29.33,2026-02-01
332,UNC Asheville,Big South,,,8,14,61.9,60.1,1.82,,-13.37,,-14.66,-5.66,-20.32,70.17,99.71,-29.54,2026-02-01
333,Queens (NC),A-Sun,,,8,13,61.7,67.1,-5.43,,-9.52,,-11.91,-8.46,-20.37,75.08,102.60,-27.52,2026-02-01
334,Seattle,WCC,,,5,16,62.6,75.8,-13.19,,-0.84,,-7.62,-12.80,-20.42,78.80,107.85,-29.05,2026-02-01
335,Rider,MAAC,,,4,17,53.7,64.4,-10.67,,-10.06,,-15.82,-4.92,-20.73,72.11,103.29,-31.18,2026-02-01
336,Cal Poly,Big West,,,3,17,57.0,73.5,-16.50,,2.06,,-9.30,-11.86,-21.16,77.26,107.32,-30.06,2026-02-01
337,Western Carolina,Southern,,,3,17,59.3,68.0,-8.70,,-4.32,,-13.43,-8.71,-22.14,72.19,104.85,-32.66,2026-02-01
338,Delaware State,MEAC,,,4,16,54.7,65.6,-10.85,,-5.28,,-16.35,-5.93,-22.28,68.77,101.75,-32.98,2026-02-01
339,Southeastern Louisiana,Southland,,,2,17,58.5,77.6,-19.11,,0.90,,-10.30,-12.08,-22.38,79.28,111.79,-32.51,2026-02-01
340,Canisius,MAAC,,,3,17,54.3,69.8,-15.55,,-6.92,,-15.04,-7.43,-22.47,72.00,105.10,-33.10,2026-02-01
341,New Haven,NEC,,,6,14,59.4,60.4,-1.00,,-15.74,,-17.11,-5.58,-22.69,72.65,107.11,-34.46,2026-02-01
342,Stonehill,NEC,,,7,13,60.0,67.1,-7.05,,-13.14,,-12.13,-10.80,-22.93,77.31,110.52,-33.22,2026-02-01
343,Arkansas-Pine Bluff,SWAC,,,6,12,56.5,70.4,-13.89,,-6.34,,-13.40,-9.65,-23.05,74.98,107.07,-32.09,2026-02-01
344,Massachusetts-Lowell,AmEast,,,6,15,58.5,66.0,-7.43,,-8.42,,-13.57,-9.85,-23.42,77.44,114.34,-36.90,2026-02-01
345,Mercyhurst,NEC,,,7,13,61.7,78.0,-16.25,,-7.45,,-6.31,-17.39,-23.70,82.63,117.08,-34.45,2026-02-01
346,Florida A&M,SWAC,,,5,14,57.8,72.6,-14.79,,-7.92,,-12.20,-11.67,-23.86,73.86,106.18,-32.32,2026-02-01
347,Morgan State,MEAC,,,3,19,53.2,73.7,-20.50,,-0.17,,-13.74,-10.13,-23.87,73.87,109.79,-35.92,2026-02-01
348,Chicago State,NEC,,,5,17,59.0,74.7,-15.77,,-8.10,,-10.51,-13.37,-23.88,73.26,106.54,-33.29,2026-02-01
349,Saint Peter's,MAAC,,,5,15,51.7,64.4,-12.75,,-8.14,,-18.84,-5.46,-24.30,69.42,106.56,-37.14,2026-02-01
350,New Orleans,Southland,,,1,19,61.7,83.5,-21.80,,-2.03,,-6.07,-18.49,-24.55,74.92,107.02,-32.10,2026-02-01
351,South Carolina Upstate,Big South,,,6,17,57.2,64.9,-7.65,,-8.12,,-16.96,-7.65,-24.62,68.94,106.03,-37.09,2026-02-01
352,Bethune-Cookman,SWAC,,,3,18,54.3,69.6,-15.29,,-5.51,,-17.35,-7.33,-24.68,69.07,104.14,-35.08,2026-02-01
353,South Carolina State,MEAC,,,5,15,57.0,68.0,-11.05,,-7.26,,-16.69,-10.29,-26.98,68.61,107.11,-38.50,2026-02-01
354,Omaha,Summit,,,2,21,53.1,79.1,-25.96,,2.36,,-15.87,-12.58,-28.45,69.97,111.08,-41.10,2026-02-01
355,Saint Francis (PA),NEC,,,2,18,56.8,71.6,-14.80,,-13.40,,-13.52,-15.35,-28.88,70.43,111.93,-41.50,2026-02-01
356,Le Moyne,NEC,,,5,17,55.2,73.9,-18.68,,-8.80,,-14.05,-14.90,-28.95,73.99,117.17,-43.19,2026-02-01
357,Prairie View,SWAC,,,2,17,54.7,77.1,-22.37,,-3.62,,-12.97,-16.82,-29.79,68.05,107.10,-39.05,2026-02-01
358,Valparaiso,MVC,,,0,21,54.0,79.9,-25.90,,-4.31,,-14.79,-15.42,-30.21,66.07,106.29,-40.21,2026-02-01
359,Bellarmine,A-Sun,,,2,20,52.2,80.8,-28.59,,0.41,,-15.01,-15.78,-30.78,69.16,111.70,-42.54,2026-02-01
360,Mississippi Valley State,SWAC,,,4,14,56.6,84.4,-27.78,,-3.26,,-10.78,-20.25,-31.03,69.66,109.95,-40.30,2026-02-01
361,Central Connecticut State,NEC,,,0,20,52.1,73.2,-21.05,,-11.75,,-17.94,-14.86,-32.80,65.11,112.38,-47.27,2026-02-01
362,Presbyterian,Big South,,,3,18,53.4,71.7,-18.24,,-7.86,,-20.36,-13.14,-33.50,64.10,112.26,-48.16,2026-02-01
363,Niagara,MAAC,,,0,20,52.3,81.5,-29.25,,-6.99,,-16.26,-19.98,-36.24,63.42,111.27,-47.85,2026-02-01
1,UConn,Big East,,1,22,0,90.2,50.5,39.73,,14.56,,30.90,23.39,54.29,128.96,58.09,70.87,2026-02-02
2,UCLA,Big Ten,,2,20,1,86.8,56.8,30.00,,18.33,,27.78,20.55,48.33,132.33,66.98,65.35,2026-02-02
3,LSU,SEC,,6,20,2,98.7,57.4,41.32,,5.43,,34.89,11.86,46.75,125.10,69.75,55.35,2026-02-02
4,Texas,SEC,,4,20,2,88.8,53.7,35.05,,11.70,,27.35,19.40,46.74,124.75,65.16,59.59,2026-02-02
5,South Carolina,SEC,,3,21,2,88.7,56.3,32.30,,13.78,,28.55,17.53,46.08,124.65,65.77,58.88,2026-02-02
6,Michigan,Big Ten,,9,18,3,87.5,60.0,27.57,,13.28,,26.70,14.15,40.85,119.31,68.00,51.31,2026-02-02
7,Oklahoma,SEC,,10,17,4,88.9,63.2,25.71,,10.87,,27.32,9.26,36.58,112.80,69.64,43.15,2026-02-02
8,Louisville,ACC,,7,20,3,83.1,59.7,23.35,,11.50,,22.44,12.41,34.85,119.06,74.19,44.87,2026-02-02
9,Michigan State,Big Ten,,13,19,2,86.0,60.4,25.57,,8.63,,23.26,10.95,34.20,120.26,76.16,44.11,2026-02-02
10,Vanderbilt,SEC,,5,20,2,84.8,61.1,23.68,,9.25,,22.29,10.65,32.93,120.32,77.96,42.36,2026-02-02
11,Iowa,Big Ten,,8,18,3,80.4,63.9,16.52,,16.35,,20.04,12.84,32.87,114.81,72.92,41.89,2026-02-02
12,Duke,ACC,,20,15,6,75.6,60.0,15.57,,17.14,,16.94,15.78,32.72,112.59,70.54,42.05,2026-02-02
13,TCU,Big 12,,12,20,2,80.8,54.3,26.45,,6.14,,16.49,16.11,32.60,112.56,70.64,41.92,2026-02-02
14,Maryland,Big Ten,,16,17,5,84.2,61.0,23.23,,8.21,,23.55,7.88,31.44,116.63,75.78,40.85,2026-02-02
15,Minnesota,Big Ten,,,15,6,74.8,54.8,20.05,,11.28,,13.11,18.22,31.33,113.32,70.54,42.77,2026-02-02
16,Tennessee,SEC,,15,14,4,78.4,61.2,17.22,,13.42,,19.08,11.56,30.64,110.17,71.28,38.89,2026-02-02
17,USC,Big Ten,,,12,9,69.0,60.3,8.76,,21.70,,11.61,18.86,30.46,107.95,67.90,40.05,2026-02-02
18,Kentucky,SEC,,18,17,5,76.6,56.6,20.00,,10.33,,14.37,15.96,30.33,114.43,73.82,40.61,2026-02-02
19,Ole Miss,SEC,,17,18,4,78.5,57.5,21.05,,8.55,,15.76,13.83,29.59,111.97,74.27,37.71,2026-02-02
20,Ohio State,Big Ten,,11,19,3,84.3,64.3,20.00,,9.49,,21.76,7.73,29.49,111.65,76.15,35.50,2026-02-02
21,Nebraska,Big Ten,,,16,5,82.6,63.9,18.71,,10.65,,19.36,10.00,29.36,117.91,79.40,38.51,2026-02-02
22,West Virginia,Big 12,,22,17,5,77.4,59.2,18.14,,10.96,,15.98,13.11,29.10,110.71,73.88,36.84,2026-02-02
23,Oregon,Big Ten,,,16,7,77.9,62.3,15.57,,12.31,,17.41,10.46,27.87,110.29,74.12,36.17,2026-02-02
24,UNC,ACC,,,17,5,76.7,58.5,18.14,,9.51,,14.28,13.36,27.64,109.14,73.61,35.53,2026-02-02
25,Oklahoma State,Big 12,,,17,5,85.9,61.8,24.09,,5.52,,20.34,7.09,27.42,118.25,83.79,34.47,2026-02-02
26,NC State,ACC,,,15,6,78.9,66.9,12.00,,15.39,,19.99,7.40,27.39,113.51,78.68,34.84,2026-02-02
27,Baylor,Big 12,,14,19,3,73.0,56.4,16.64,,9.82,,11.92,14.53,26.46,105.28,70.68,34.60,2026-02-02
28,Notre Dame,ACC,,,13,8,79.5,65.2,14.29,,12.15,,18.73,7.71,26.44,112.60,80.06,32.55,2026-02-02
29,Alabama,SEC,,24,19,3,72.2,55.2,16.95,,9.31,,11.16,15.11,26.27,110.27,75.00,35.27,2026-02-02
30,Washington,Big Ten,,25,17,4,74.3,58.6,15.71,,10.15,,13.01,12.85,25.87,112.43,77.02,35.42,2026-02-02
31,Iowa State,Big 12,,,17,5,84.6,64.3,20.32,,5.46,,21.27,4.51,25.78,118.12,84.67,33.45,2026-02-02
32,Texas Tech,Big 12,,21,20,3,73.8,56.0,17.78,,7.61,,11.32,14.07,25.39,107.05,74.29,32.76,2026-02-02
33,Mississippi State,SEC,,,16,6,79.2,62.7,16.50,,7.38,,16.89,6.99,23.88,111.62,80.95,30.67,2026-02-02
34,Illinois,Big Ten,,,15,6,78.4,64.7,13.71,,9.85,,13.91,9.66,23.57,110.30,80.32,29.98,2026-02-02
35,Georgia,SEC,,23,18,4,75.0,57.4,17.55,,5.60,,11.52,11.62,23.14,107.64,77.80,29.84,2026-02-02
36,Stanford,ACC,,,15,7,69.5,59.3,10.27,,11.04,,8.33,12.98,21.31,104.44,75.85,28.59,2026-02-02
37,Syracuse,ACC,,,17,4,75.3,61.1,14.24,,6.56,,13.53,7.27,20.80,104.25,78.50,25.75,2026-02-02
38,Virginia,ACC,,,15,6,78.0,61.6,16.33,,3.93,,13.68,6.59,20.27,109.33,82.73,26.61,2026-02-02
39,Virginia Tech,ACC,,,17,5,74.5,57.8,16.68,,2.95,,10.11,9.52,19.63,101.58,77.63,23.95,2026-02-02
40,Villanova,Big East,,,16,5,73.5,62.7,10.76,,8.46,,12.21,7.01,19.22,106.52,81.26,25.27,2026-02-02
41,Miami (FL),ACC,,,12,9,72.0,64.5,7.52,,11.47,,10.94,8.06,18.99,105.19,81.84,23.36,2026-02-02
42,Colorado,Big 12,,,14,7,68.7,60.0,8.71,,9.91,,6.69,11.93,18.62,100.37,76.63,23.74,2026-02-02
43,Clemson,ACC,,,15,7,70.4,57.5,12.86,,5.57,,6.43,12.00,18.43,109.16,84.07,25.09,2026-02-02
44,Utah,Big 12,,,15,6,69.3,62.9,6.48,,12.54,,8.58,9.46,18.04,103.01,80.21,22.80,2026-02-02
45,California,ACC,,,13,9,70.0,63.2,6.77,,10.94,,9.11,8.61,17.71,104.03,81.60,22.43,2026-02-02
46,Florida,SEC,,,13,10,74.7,65.2,9.48,,8.16,,11.04,6.60,17.64,103.75,82.53,21.22,2026-02-02
47,BYU,Big 12,,,15,6,71.6,61.7,9.90,,7.39,,9.31,7.99,17.29,99.16,78.43,20.73,2026-02-02
48,Seton Hall,Big East,,,15,6,70.1,63.5,6.57,,9.79,,9.20,7.16,16.36,103.60,82.85,20.76,2026-02-02
49,Arizona State,Big 12,,,18,4,66.8,57.5,9.32,,6.99,,3.97,12.34,16.31,96.58,75.96,20.62,2026-02-02
50,South Dakota State,Summit,,,17,5,76.5,63.5,12.95,,3.31,,10.65,5.62,16.27,107.50,86.08,21.42,2026-02-02
51,Kansas,Big 12,,,13,9,73.5,66.0,7.55,,11.59,,11.00,5.26,16.26,106.31,85.59,20.71,2026-02-02
52,North Dakota State,Summit,,,19,2,80.2,59.4,20.86,,-2.62,,12.37,3.74,16.12,108.50,86.83,21.67,2026-02-02
53,Princeton,Ivy,,19,17,2,74.4,64.7,9.68,,6.19,,11.44,4.43,15.88,108.39,87.89,20.50,2026-02-02
54,Richmond,A-10,,,17,4,75.0,62.2,12.71,,3.15,,11.25,4.61,15.86,109.85,89.18,20.66,2026-02-02
55,James Madison,Sun Belt,,,15,8,74.0,64.0,10.00,,5.00,,9.42,5.58,15.00,100.65,81.75,18.89,2026-02-02
56,Indiana,Big Ten,,,11,11,70.4,69.1,1.23,,13.43,,9.56,5.09,14.66,106.72,88.76,17.96,2026-02-02
57,Kansas State,Big 12,,,11,11,68.5,65.6,2.95,,11.68,,8.24,6.39,14.63,102.44,84.81,17.63,2026-02-02
58,Columbia,Ivy,,,14,5,72.4,61.1,11.26,,2.61,,9.64,4.23,13.87,103.39,86.06,17.34,2026-02-02
59,Purdue,Big Ten,,,11,10,70.4,69.8,0.62,,12.95,,10.44,3.13,13.57,104.99,87.76,17.23,2026-02-02
60,Marquette,Big East,,,14,7,69.9,61.9,8.05,,7.01,,6.37,6.94,13.31,102.40,85.42,16.98,2026-02-02
61,Auburn,SEC,,,13,9,62.1,60.7,1.41,,11.87,,1.78,11.49,13.27,96.51,80.31,16.20,2026-02-02
62,Davidson,A-10,,,15,8,67.8,58.4,9.35,,3.64,,4.24,8.75,12.99,99.42,82.47,16.95,2026-02-02
63,Gonzaga,WCC,,,15,7,73.5,65.5,8.00,,4.91,,9.62,3.28,12.91,104.46,87.86,16.61,2026-02-02
64,Missouri,SEC,,,14,9,74.5,72.4,2.09,,10.64,,12.49,0.23,12.72,105.87,90.62,15.25,2026-02-02
65,Rhode Island,A-10,,,18,2,68.6,54.1,14.55,,0.33,,3.18,9.53,12.70,100.68,83.94,16.74,2026-02-02
66,Troy,Sun Belt,,,18,4,84.5,69.1,15.41,,-0.30,,15.31,-2.80,12.51,99.37,86.29,13.08,2026-02-02
67,Santa Clara,WCC,,,18,5,82.4,65.6,16.87,,0.38,,14.87,-2.58,12.28,102.84,88.40,14.44,2026-02-02
68,Montana State,Big Sky,,,15,5,76.1,63.2,12.90,,2.67,,10.06,1.90,11.95,97.94,83.50,14.44,2026-02-02
69,Wisconsin,Big Ten,,,13,9,69.8,70.1,-0.32,,11.65,,8.17,3.16,11.33,102.27,88.36,13.91,2026-02-02
70,Harvard,Ivy,,,11,8,66.0,58.1,7.95,,3.33,,2.48,8.80,11.28,95.58,81.20,14.37,2026-02-02
71,Rice,American,,,18,3,69.8,58.8,11.00,,0.05,,3.87,7.18,11.05,96.45,82.74,13.71,2026-02-02
72,George Mason,A-10,,,14,6,68.5,60.8,7.75,,3.06,,4.43,6.38,10.81,96.69,82.61,14.07,2026-02-02
73,San Diego State,MWC,,,16,3,71.1,59.8,11.26,,2.08,,4.41,6.23,10.64,100.01,86.15,13.86,2026-02-02
74,South Florida,American,,,13,9,71.0,70.1,0.82,,9.81,,9.01,1.62,10.63,102.19,89.82,12.37,2026-02-02
75,Texas A&M,SEC,,,8,9,64.2,69.1,-4.88,,15.47,,4.02,6.57,10.59,93.97,81.86,12.11,2026-02-02
76,Georgetown,Big East,,,12,9,66.0,60.4,5.52,,4.97,,3.17,7.32,10.49,97.11,83.90,13.21,2026-02-02
77,Fairfield,MAAC,,,17,4,77.4,60.3,17.14,,-6.97,,8.93,1.24,10.17,104.97,92.37,12.61,2026-02-02
78,Colorado State,MWC,,,17,5,67.1,55.2,11.91,,-0.46,,0.65,9.22,9.87,98.67,85.79,12.88,2026-02-02
79,Arkansas State,Sun Belt,,,19,4,78.5,66.7,11.74,,-0.16,,10.45,-0.66,9.79,95.86,85.52,10.34,2026-02-02
80,Florida State,ACC,,,7,14,74.0,77.0,-2.95,,12.32,,13.22,-3.85,9.37,99.46,89.19,10.27,2026-02-02
81,Georgia Southern,Sun Belt,,,16,5,74.8,65.0,9.76,,2.18,,4.49,4.85,9.33,100.17,88.42,11.75,2026-02-02
82,Ball State,MAC,,,16,5,77.0,64.4,12.62,,0.08,,9.19,-0.11,9.08,99.07,89.31,9.77,2026-02-02
83,Georgia Tech,ACC,,,9,13,66.0,67.9,-1.95,,11.01,,4.36,4.70,9.06,93.44,82.82,10.62,2026-02-02
84,Oregon State,WCC,,,16,6,67.8,60.9,6.91,,4.29,,3.22,5.83,9.04,99.78,88.46,11.32,2026-02-02
85,Nevada-Las Vegas,MWC,,,14,7,68.1,61.9,6.24,,2.77,,5.19,3.82,9.01,101.20,90.20,11.00,2026-02-02
86,Penn State,Big Ten,,,7,15,74.0,82.5,-8.50,,17.09,,16.06,-7.46,8.59,105.40,95.18,10.22,2026-02-02
87,Saint Joseph's,A-10,,,14,6,68.3,57.0,11.25,,0.91,,0.84,7.41,8.25,96.32,85.88,10.43,2026-02-02
88,Creighton,Big East,,,9,12,69.1,68.6,0.57,,7.56,,6.73,1.40,8.13,100.44,90.41,10.03,2026-02-02
89,UC Irvine,Big West,,,17,4,70.9,57.3,13.57,,-6.04,,3.19,4.35,7.54,98.98,89.83,9.15,2026-02-02
90,Belmont,MVC,,,12,8,69.8,68.5,1.30,,6.22,,5.08,2.44,7.52,96.77,88.19,8.58,2026-02-02
91,Arkansas,SEC,,,11,11,73.1,73.9,-0.77,,8.27,,9.94,-2.44,7.50,96.58,88.51,8.07,2026-02-02
92,Louisiana Tech,CUSA,,,14,5,74.8,60.5,14.32,,0.79,,4.68,2.70,7.38,100.66,91.39,9.27,2026-02-02
93,Miami (OH),MAC,,,17,4,71.0,57.2,13.81,,-3.07,,1.19,6.10,7.29,94.54,85.39,9.14,2026-02-02
94,Green Bay,Horizon,,,18,5,68.3,57.5,10.78,,-2.07,,0.59,6.43,7.02,94.50,85.92,8.59,2026-02-02
95,Cincinnati,Big 12,,,8,13,70.4,71.4,-1.00,,10.00,,7.41,-0.41,7.00,98.09,90.05,8.05,2026-02-02
96,New Mexico,MWC,,,14,7,70.0,62.5,7.57,,-0.72,,4.04,2.81,6.85,95.77,88.49,7.28,2026-02-02
97,North Texas,American,,,11,10,70.3,61.9,8.43,,3.91,,1.44,5.37,6.81,90.65,83.28,7.37,2026-02-02
98,Arizona,Big 12,,,10,10,71.6,69.6,2.00,,4.55,,8.09,-1.54,6.55,96.88,90.39,6.49,2026-02-02
99,Lindenwood,OVC,,,16,6,73.6,60.7,12.95,,-1.79,,5.27,1.24,6.51,102.89,94.80,8.09,2026-02-02
100,Murray State,MVC,,,18,3,83.7,75.3,8.38,,0.37,,16.25,-9.93,6.32,103.69,96.85,6.85,2026-02-02
101,Northwestern,Big Ten,,,8,13,65.5,72.7,-7.19,,13.32,,5.97,0.16,6.13,99.13,92.73,6.40,2026-02-02
102,McNeese State,Southland,,,17,4,68.2,51.5,16.71,,-5.42,,-3.32,9.27,5.95,90.46,82.75,7.71,2026-02-02
103,UCF,Big 12,,,10,10,65.3,62.3,3.00,,2.92,,1.11,4.82,5.92,92.56,86.80,5.76,2026-02-02
104,Abilene Christian,WAC,,,15,5,74.0,57.1,16.85,,-3.40,,-0.17,6.00,5.84,92.89,86.46,6.43,2026-02-02
105,Central Michigan,MAC,,,12,7,69.2,63.8,5.42,,1.53,,3.03,2.73,5.75,94.25,88.24,6.01,2026-02-02
106,Wake Forest,ACC,,,12,10,67.5,63.1,4.41,,1.31,,3.13,2.59,5.72,95.11,89.00,6.10,2026-02-02
107,Marshall,Sun Belt,,,17,6,72.7,62.6,10.13,,1.21,,3.69,2.00,5.68,95.83,89.87,5.97,2026-02-02
108,Quinnipiac,MAAC,,,17,4,68.0,52.5,15.43,,-9.99,,-0.26,5.70,5.44,98.42,90.84,7.58,2026-02-02
109,St. John's (NY),Big East,,,16,7,63.2,61.0,2.13,,3.19,,-0.14,5.46,5.32,95.05,89.88,5.17,2026-02-02
110,Portland,WCC,,,12,10,71.0,62.5,8.55,,2.40,,3.46,1.68,5.15,92.04,86.12,5.92,2026-02-02
111,Massachusetts,MAC,,,15,4,70.5,61.2,9.32,,-4.45,,2.43,2.44,4.86,94.51,89.67,4.84,2026-02-02
112,Butler,Big East,,,9,12,63.7,65.1,-1.43,,6.18,,0.19,4.56,4.75,91.94,88.00,3.94,2026-02-02
113,Coastal Carolina,Sun Belt,,,11,12,74.7,64.6,10.13,,-0.68,,5.29,-0.58,4.71,92.73,88.60,4.14,2026-02-02
114,Vermont,AmEast,,,18,5,69.2,53.9,15.30,,-5.46,,-1.10,5.69,4.59,98.16,91.84,6.33,2026-02-02
115,College of Charleston,CAA,,,17,3,77.8,59.0,18.75,,-6.92,,4.26,0.32,4.58,97.13,92.08,5.05,2026-02-02
116,Northern Iowa,MVC,,,10,10,65.3,63.7,1.55,,2.98,,-2.12,6.65,4.53,89.27,84.83,4.45,2026-02-02
117,Boise State,MWC,,,16,5,71.1,66.4,4.67,,-0.07,,6.56,-2.13,4.43,98.09,93.63,4.46,2026-02-02
118,Temple,American,,,9,11,69.4,70.6,-1.15,,5.35,,6.53,-2.33,4.20,96.52,92.99,3.53,2026-02-02
119,East Carolina,American,,,16,7,72.8,65.7,7.09,,-3.08,,6.15,-2.14,4.01,94.37,91.08,3.29,2026-02-02
120,Eastern Kentucky,A-Sun,,,19,4,76.0,60.0,16.00,,-9.07,,3.44,0.50,3.93,93.25,89.93,3.32,2026-02-02
121,Grand Canyon,MWC,,,7,14,66.0,69.2,-3.24,,7.08,,4.30,-0.45,3.85,93.70,90.22,3.47,2026-02-02
122,High Point,Big South,,,19,2,76.6,58.3,18.29,,-11.14,,4.52,-0.81,3.71,94.72,91.44,3.28,2026-02-02
123,Western Illinois,OVC,,,17,3,77.0,60.7,16.30,,-7.14,,5.19,-1.56,3.63,98.11,93.97,4.14,2026-02-02
124,UTSA,American,,,10,9,60.6,58.3,2.37,,3.40,,-5.26,8.82,3.56,87.64,84.05,3.58,2026-02-02
125,Idaho,Big Sky,,,16,5,79.0,67.6,11.48,,-4.85,,9.61,-6.14,3.47,97.11,94.12,2.98,2026-02-02
126,Illinois State,MVC,,,12,9,73.8,68.5,5.33,,-1.91,,5.66,-2.23,3.42,98.38,95.86,2.52,2026-02-02
127,UC Santa Barbara,Big West,,,15,4,69.2,59.1,10.16,,-5.71,,-0.40,3.41,3.02,94.11,91.34,2.78,2026-02-02
128,UC San Diego,Big West,,,14,6,69.0,59.4,9.60,,-4.57,,0.18,2.83,3.01,90.20,87.25,2.95,2026-02-02
129,Southern Indiana,OVC,,,14,6,70.2,57.2,12.95,,-2.28,,-0.07,2.92,2.84,91.36,88.23,3.12,2026-02-02
130,Pepperdine,WCC,,,13,9,69.5,65.2,4.23,,-0.28,,3.18,-0.36,2.82,95.49,93.12,2.37,2026-02-02
131,South Dakota,Summit,,,16,6,72.5,55.7,16.73,,-7.51,,-1.28,3.99,2.70,90.71,87.38,3.33,2026-02-02
132,Missouri State,CUSA,,,13,7,66.6,63.2,3.35,,-0.88,,-0.63,3.09,2.47,89.14,87.55,1.59,2026-02-02
133,Central Arkansas,A-Sun,,,11,9,71.5,60.1,11.45,,-4.00,,0.79,1.60,2.39,91.91,89.55,2.36,2026-02-02
134,Tulsa,American,,,14,6,70.9,65.7,5.25,,-2.88,,2.07,0.31,2.38,90.72,89.16,1.56,2026-02-02
135,Loyola Marymount,WCC,,,13,8,70.1,63.8,6.33,,-1.66,,3.61,-1.32,2.29,98.73,96.69,2.04,2026-02-02
136,Sam Houston,CUSA,,,12,6,65.8,56.0,9.78,,-0.11,,-3.63,5.93,2.29,82.78,82.01,0.77,2026-02-02
137,Purdue Fort Wayne,Horizon,,,14,8,70.5,63.1,7.32,,-1.95,,2.57,-0.33,2.24,91.38,89.65,1.73,2026-02-02
138,Rutgers,Big Ten,,,9,12,58.8,66.1,-7.33,,9.50,,-3.12,5.29,2.17,89.56,88.70,0.86,2026-02-02
139,Tulane,American,,,8,11,69.6,69.6,-0.05,,2.21,,4.36,-2.20,2.16,94.05,92.48,1.57,2026-02-02
140,Charlotte,American,,,9,13,64.0,67.4,-3.41,,5.49,,0.61,1.47,2.08,92.11,90.84,1.27,2026-02-02
141,California Baptist,WAC,,,13,8,71.3,66.2,5.10,,-3.18,,4.93,-3.01,1.92,91.29,90.58,0.71,2026-02-02
142,San Francisco,WCC,,,13,8,69.1,66.9,2.24,,1.54,,4.01,-2.11,1.89,89.24,88.08,1.16,2026-02-02
143,Idaho State,Big Sky,,,12,7,65.3,58.8,6.47,,-2.44,,-5.20,6.70,1.50,86.14,84.95,1.20,2026-02-02
144,Hawaii,Big West,,,11,9,62.3,59.7,2.65,,-0.49,,-3.64,5.04,1.40,88.26,87.20,1.07,2026-02-02
145,Middle Tennessee,CUSA,,,11,9,60.0,59.3,0.65,,0.69,,-5.13,6.47,1.34,90.70,90.54,0.17,2026-02-02
146,Pennsylvania,Ivy,,,12,7,64.7,56.3,8.42,,-1.96,,-2.85,3.96,1.10,89.29,89.69,-0.40,2026-02-02
147,Old Dominion,Sun Belt,,,13,10,69.2,67.5,1.70,,2.64,,1.76,-0.71,1.05,89.02,89.15,-0.13,2026-02-02
148,Southern Methodist,ACC,,,8,14,64.5,71.5,-7.05,,7.99,,1.65,-0.71,0.94,91.54,91.88,-0.34,2026-02-02
149,Providence,Big East,,,10,12,59.6,63.3,-3.73,,4.62,,-3.34,4.23,0.89,88.01,88.63,-0.62,2026-02-02
150,Navy,Patriot,,,13,6,70.6,62.1,8.53,,-6.22,,3.17,-2.33,0.84,93.51,94.01,-0.51,2026-02-02
151,Houston,Big 12,,,6,14,61.3,70.9,-9.55,,10.32,,-0.16,0.93,0.77,87.59,87.34,0.26,2026-02-02
152,Bradley,MVC,,,14,7,73.0,65.1,7.95,,-4.82,,1.56,-1.08,0.48,92.74,92.82,-0.08,2026-02-02
153,UC Davis,Big West,,,15,6,69.4,63.3,6.10,,-2.68,,2.42,-1.99,0.43,93.61,95.11,-1.50,2026-02-02
154,Army,Patriot,,,16,4,66.6,56.7,9.90,,-8.27,,-2.44,2.70,0.26,92.75,93.57,-0.82,2026-02-02
155,Northern Colorado,Big Sky,,,15,7,70.8,60.6,10.14,,-2.68,,-1.20,1.15,-0.05,90.24,91.10,-0.86,2026-02-02
156,Austin Peay,A-Sun,,,13,6,68.2,57.8,10.37,,-5.77,,-4.58,4.29,-0.30,89.97,91.43,-1.46,2026-02-02
157,Saint Mary's (CA),WCC,,,13,10,58.4,58.0,0.48,,1.77,,-7.12,6.70,-0.42,87.68,90.06,-2.38,2026-02-02
158,Southern Mississippi,Sun Belt,,,12,10,76.0,73.1,2.86,,0.69,,6.73,-7.19,-0.46,96.13,98.48,-2.35,2026-02-02
159,Brown,Ivy,,,12,6,63.6,55.4,8.11,,-6.06,,-3.67,3.13,-0.54,85.23,88.56,-3.33,2026-02-02
160,Toledo,MAC,,,10,8,65.7,63.5,2.17,,-2.20,,-2.45,1.84,-0.61,90.05,92.07,-2.02,2026-02-02
161,Fresno State,MWC,,,10,12,62.0,59.0,2.95,,-1.42,,-4.76,4.10,-0.66,85.84,87.74,-1.90,2026-02-02
162,Liberty,CUSA,,,9,10,65.6,64.1,1.58,,1.89,,-0.22,-0.48,-0.70,94.23,97.14,-2.91,2026-02-02
163,Florida Gulf Coast,A-Sun,,,10,10,62.5,59.8,2.70,,4.18,,-5.95,5.19,-0.76,86.79,89.58,-2.80,2026-02-02
164,Xavier,Big East,,,10,11,59.1,65.7,-6.57,,5.66,,-4.70,3.79,-0.91,87.75,90.49,-2.74,2026-02-02
165,George Washington,A-10,,,12,11,62.4,60.1,2.30,,-1.70,,-4.50,3.43,-1.07,90.62,93.37,-2.75,2026-02-02
166,Louisiana-Monroe,Sun Belt,,,9,12,66.5,69.0,-2.48,,1.41,,1.02,-2.09,-1.07,89.88,92.19,-2.32,2026-02-02
167,UAB,American,,,7,13,69.9,70.3,-0.40,,-0.87,,2.87,-4.00,-1.13,94.87,97.48,-2.61,2026-02-02
168,Ohio,MAC,,,12,7,74.3,70.4,3.84,,-3.56,,6.17,-7.45,-1.28,91.34,95.04,-3.70,2026-02-02
169,Kent State,MAC,,,9,11,70.0,67.5,2.45,,1.47,,0.56,-2.15,-1.59,92.10,95.85,-3.75,2026-02-02
170,Appalachian State,Sun Belt,,,10,11,64.2,58.9,5.33,,-0.88,,-4.66,3.04,-1.62,90.66,94.64,-3.98,2026-02-02
171,South Alabama,Sun Belt,,,9,11,69.0,67.9,1.05,,-2.68,,0.24,-1.87,-1.63,88.81,92.38,-3.57,2026-02-02
172,Eastern Michigan,MAC,,,10,9,69.5,67.2,2.32,,-1.36,,1.53,-3.33,-1.80,93.68,97.53,-3.85,2026-02-02
173,Jacksonville,A-Sun,,,13,7,71.7,67.5,4.20,,-3.77,,4.07,-5.89,-1.82,88.15,92.30,-4.15,2026-02-02
174,Cleveland State,Horizon,,,16,7,70.3,58.7,11.65,,-9.40,,-2.11,0.23,-1.87,89.70,93.68,-3.98,2026-02-02
175,Oral Roberts,Summit,,,12,9,78.2,75.4,2.81,,0.74,,10.25,-12.29,-2.04,95.88,100.05,-4.17,2026-02-02
176,Drexel,CAA,,,12,7,63.5,56.7,6.79,,-6.13,,-4.69,2.56,-2.13,92.00,96.26,-4.26,2026-02-02
177,Howard,MEAC,,,15,7,65.0,62.2,2.77,,-4.95,,-2.21,0.04,-2.17,86.93,92.08,-5.15,2026-02-02
178,FDU,NEC,,,18,4,67.3,52.4,14.91,,-13.68,,-6.57,4.39,-2.18,90.07,93.21,-3.13,2026-02-02
179,Albany (NY),AmEast,,,12,9,60.3,55.2,5.10,,-5.15,,-7.58,5.14,-2.45,91.64,96.13,-4.49,2026-02-02
180,Binghamton,AmEast,,,15,6,68.0,62.8,5.19,,-2.98,,0.08,-2.53,-2.46,92.00,96.41,-4.41,2026-02-02
181,La Salle,A-10,,,11,10,64.5,64.7,-0.24,,-0.59,,-1.50,-0.99,-2.49,85.77,91.09,-5.32,2026-02-02
182,Saint Louis,A-10,,,11,12,68.7,67.0,1.70,,-0.76,,0.01,-2.58,-2.58,85.24,90.22,-4.98,2026-02-02
183,Northern Kentucky,Horizon,,,10,13,68.1,71.0,-2.87,,0.26,,2.34,-4.94,-2.61,91.66,96.40,-4.74,2026-02-02
184,Bryant,AmEast,,,14,7,67.0,55.4,11.67,,-10.68,,-3.57,0.79,-2.78,87.09,91.95,-4.86,2026-02-02
185,Youngstown State,Horizon,,,15,7,66.7,57.1,9.59,,-5.93,,-6.04,3.26,-2.78,85.45,90.72,-5.27,2026-02-02
186,Loyola (IL),A-10,,,9,11,56.2,62.0,-5.80,,3.00,,-7.84,5.03,-2.81,83.82,89.92,-6.10,2026-02-02
187,Florida International,CUSA,,,12,7,74.6,68.0,6.63,,-4.79,,4.46,-7.36,-2.90,89.48,95.26,-5.78,2026-02-02
188,DePaul,Big East,,,5,18,63.5,72.5,-9.00,,6.08,,0.88,-3.80,-2.92,89.27,94.77,-5.50,2026-02-02
189,Maine,AmEast,,,10,11,61.1,61.7,-0.57,,-2.40,,-4.00,1.04,-2.97,86.87,92.91,-6.04,2026-02-02
190,Virginia Commonwealth,A-10,,,8,14,58.0,65.8,-7.82,,4.73,,-5.23,2.14,-3.09,84.38,89.97,-5.59,2026-02-02
191,Dayton,A-10,,,11,10,66.3,67.6,-1.29,,-1.82,,0.17,-3.28,-3.11,91.38,97.62,-6.23,2026-02-02
192,Lamar,Southland,,,13,6,65.0,58.5,6.47,,-8.26,,-4.73,1.58,-3.15,87.92,92.83,-4.91,2026-02-02
193,Cal State Fullerton,Big West,,,11,9,72.1,63.7,8.40,,-6.17,,1.65,-5.05,-3.40,85.15,91.41,-6.26,2026-02-02
194,Holy Cross,Patriot,,,12,8,59.9,59.8,0.15,,-3.83,,-6.20,2.51,-3.68,82.62,89.87,-7.25,2026-02-02
195,Washington State,WCC,,,4,19,62.3,74.8,-12.57,,8.68,,-1.16,-2.73,-3.89,90.15,97.14,-6.99,2026-02-02
196,Longwood,Big South,,,15,6,78.2,65.3,12.90,,-7.25,,3.17,-7.08,-3.92,86.96,95.65,-8.69,2026-02-02
197,Stephen F. Austin,Southland,,,14,7,75.7,69.3,6.43,,-7.41,,6.58,-10.57,-3.99,91.39,98.37,-6.98,2026-02-02
198,Illinois-Chicago,MVC,,,9,11,63.6,63.9,-0.30,,-3.75,,-4.90,0.85,-4.05,90.16,97.28,-7.11,2026-02-02
199,Georgia State,Sun Belt,,,9,13,69.5,73.5,-4.00,,4.17,,2.32,-6.49,-4.18,90.53,97.79,-7.26,2026-02-02
200,Southern,SWAC,,,11,8,61.3,61.5,-0.21,,0.69,,-6.93,2.74,-4.19,83.59,91.12,-7.53,2026-02-02
201,Southern Utah,WAC,,,14,7,73.5,66.2,7.33,,-4.92,,0.78,-4.98,-4.20,91.42,98.50,-7.08,2026-02-02
202,Pacific,WCC,,,8,13,64.8,67.4,-2.62,,1.77,,-2.24,-2.09,-4.34,89.82,97.36,-7.53,2026-02-02
203,Drake,MVC,,,6,14,71.5,78.0,-6.55,,1.99,,3.58,-8.14,-4.56,94.45,102.14,-7.68,2026-02-02
204,Utah Valley,WAC,,,10,10,63.9,61.5,2.35,,-2.29,,-4.85,0.23,-4.62,82.54,90.35,-7.81,2026-02-02
205,Boston College,ACC,,,4,19,63.3,75.7,-12.39,,7.65,,1.02,-5.76,-4.74,92.62,101.58,-8.96,2026-02-02
206,Bowling Green,MAC,,,11,9,70.8,65.4,5.40,,0.09,,-2.30,-2.49,-4.78,86.32,94.09,-7.77,2026-02-02
207,Tarleton State,WAC,,,10,9,66.4,64.3,2.11,,-2.68,,-2.95,-1.86,-4.80,86.96,94.36,-7.40,2026-02-02
208,Chattanooga,Southern,,,14,5,64.8,57.6,7.16,,-6.99,,-6.36,1.55,-4.81,87.21,94.42,-7.21,2026-02-02
209,UT Arlington,WAC,,,8,12,59.7,64.8,-5.10,,0.25,,-5.47,0.61,-4.85,80.85,87.29,-6.44,2026-02-02
210,Tennessee Tech,OVC,,,10,9,67.0,63.4,3.58,,-5.20,,-1.98,-2.98,-4.96,89.65,97.88,-8.22,2026-02-02
211,Nevada,MWC,,,7,13,55.4,58.6,-3.25,,-0.78,,-9.94,4.84,-5.10,81.27,89.97,-8.70,2026-02-02
212,Lehigh,Patriot,,,10,9,65.4,66.6,-1.16,,-4.02,,0.07,-5.25,-5.18,92.86,101.74,-8.89,2026-02-02
213,Eastern Washington,Big Sky,,,11,10,69.1,67.0,2.10,,-2.54,,0.15,-5.48,-5.33,86.69,95.38,-8.68,2026-02-02
214,Delaware,CUSA,,,9,11,65.9,65.9,-0.05,,-4.03,,-1.37,-3.98,-5.35,85.05,93.74,-8.69,2026-02-02
215,Robert Morris,Horizon,,,14,7,65.0,59.1,5.86,,-7.81,,-6.44,1.00,-5.44,84.82,93.72,-8.90,2026-02-02
216,Memphis,American,,,8,12,66.0,68.9,-2.95,,-0.14,,-1.36,-4.20,-5.56,79.52,87.84,-8.31,2026-02-02
217,Monmouth,CAA,,,13,6,64.7,56.9,7.84,,-7.57,,-7.40,1.58,-5.82,84.04,93.15,-9.11,2026-02-02
218,Tennessee-Martin,OVC,,,11,8,66.0,61.7,4.26,,-3.51,,-5.11,-0.71,-5.82,86.14,95.55,-9.42,2026-02-02
219,UC Riverside,Big West,,,6,14,62.7,64.1,-1.40,,-1.14,,-5.80,-0.11,-5.91,84.79,94.20,-9.42,2026-02-02
220,Sacramento State,Big Sky,,,10,11,63.4,59.5,3.90,,-2.60,,-9.80,3.88,-5.92,80.59,90.40,-9.81,2026-02-02
221,Morehead State,OVC,,,13,9,64.8,65.4,-0.59,,-1.84,,-4.67,-1.55,-6.22,85.41,94.80,-9.39,2026-02-02
222,Jacksonville State,CUSA,,,11,9,64.7,57.8,6.95,,-6.07,,-6.85,0.61,-6.25,88.00,97.76,-9.76,2026-02-02
223,St. Thomas,Summit,,,10,12,64.8,61.5,3.23,,-2.50,,-6.69,0.41,-6.29,85.07,95.64,-10.57,2026-02-02
224,Stetson,A-Sun,,,12,8,70.1,65.6,4.55,,-4.97,,0.35,-6.70,-6.36,92.40,102.53,-10.13,2026-02-02
225,Kennesaw State,CUSA,,,10,9,65.2,61.1,4.11,,-2.63,,-4.49,-1.89,-6.38,83.87,94.00,-10.13,2026-02-02
226,Campbell,CAA,,,14,8,62.5,56.3,6.23,,-7.14,,-9.35,2.96,-6.39,83.17,94.24,-11.07,2026-02-02
227,West Georgia,A-Sun,,,13,7,72.8,65.2,7.65,,-7.73,,0.49,-6.93,-6.45,90.83,101.43,-10.61,2026-02-02
228,NJIT,AmEast,,,13,8,67.2,65.0,2.19,,-8.66,,0.90,-7.36,-6.47,91.46,102.34,-10.88,2026-02-02
229,Northwestern State,Southland,,,10,9,63.2,62.3,0.95,,0.01,,-8.29,1.77,-6.52,82.64,92.98,-10.35,2026-02-02
230,Air Force,MWC,,,8,12,57.8,61.8,-4.00,,-2.30,,-8.40,1.84,-6.56,81.91,92.28,-10.37,2026-02-02
231,Elon,CAA,,,9,11,65.6,63.7,1.85,,-5.35,,-3.97,-2.65,-6.62,85.52,95.77,-10.25,2026-02-02
232,William & Mary,CAA,,,10,9,60.9,60.2,0.68,,-6.61,,-7.44,0.50,-6.94,82.84,94.08,-11.24,2026-02-02
233,Little Rock,OVC,,,10,10,58.8,60.0,-1.25,,-1.18,,-11.12,4.16,-6.96,78.14,88.77,-10.62,2026-02-02
234,Fordham,A-10,,,9,12,64.0,64.7,-0.71,,-5.92,,-2.99,-4.13,-7.12,83.73,95.44,-11.70,2026-02-02
235,Wofford,Southern,,,11,10,68.4,63.0,5.43,,-4.74,,-4.22,-2.92,-7.13,88.00,99.53,-11.52,2026-02-02
236,St. Bonaventure,A-10,,,12,10,63.1,61.0,2.09,,-7.16,,-6.43,-0.83,-7.26,84.01,95.73,-11.72,2026-02-02
237,Alabama A&M,SWAC,,,11,9,61.9,58.8,3.10,,-4.30,,-8.85,1.56,-7.30,81.16,91.76,-10.61,2026-02-02
238,Wyoming,MWC,,,8,12,55.0,60.2,-5.20,,0.11,,-10.35,3.03,-7.31,82.73,95.44,-12.71,2026-02-02
239,Maryland-Baltimore County,AmEast,,,10,10,63.9,58.9,5.00,,-6.06,,-8.47,1.13,-7.34,81.02,92.67,-11.64,2026-02-02
240,Northern Arizona,Big Sky,,,7,15,71.8,74.2,-2.41,,-0.74,,3.30,-10.83,-7.54,90.41,101.89,-11.48,2026-02-02
241,Florida Atlantic,American,,,9,12,62.6,68.4,-5.76,,0.63,,-3.89,-3.68,-7.57,84.01,96.64,-12.63,2026-02-02
242,Radford,Big South,,,14,9,64.4,59.7,4.74,,-8.94,,-7.61,-0.19,-7.80,78.31,90.65,-12.34,2026-02-02
243,Pittsburgh,ACC,,,8,15,60.2,68.9,-8.70,,1.01,,-5.90,-1.90,-7.81,82.51,94.91,-12.40,2026-02-02
244,Duquesne,A-10,,,7,14,64.1,65.6,-1.48,,-1.95,,-5.62,-2.38,-8.00,79.66,92.98,-13.32,2026-02-02
245,Furman,Southern,,,14,8,70.4,61.6,8.73,,-3.71,,-2.86,-5.36,-8.21,81.51,94.10,-12.59,2026-02-02
246,Texas-Rio Grande Valley,Southland,,,12,9,65.1,65.6,-0.52,,-2.81,,-3.57,-4.66,-8.23,86.29,97.83,-11.54,2026-02-02
247,Maryland-Eastern Shore,MEAC,,,11,10,63.7,67.3,-3.62,,-0.64,,-3.73,-4.55,-8.27,83.58,96.71,-13.13,2026-02-02
248,Stony Brook,CAA,,,11,10,57.2,55.5,1.71,,-4.49,,-13.36,5.09,-8.27,77.55,91.18,-13.63,2026-02-02
249,IU Indy,Horizon,,,8,12,66.0,67.2,-1.20,,-2.79,,-4.98,-3.32,-8.29,82.03,94.60,-12.56,2026-02-02
250,Texas State,Sun Belt,,,9,11,62.1,63.4,-1.35,,-1.90,,-8.12,-0.17,-8.29,80.71,92.71,-12.00,2026-02-02
251,Norfolk State,MEAC,,,10,11,62.8,61.0,1.76,,-1.48,,-8.57,0.21,-8.36,76.84,90.76,-13.92,2026-02-02
252,Kansas City,Summit,,,6,15,69.6,68.8,0.81,,0.83,,-3.58,-4.81,-8.39,87.71,101.22,-13.51,2026-02-02
253,Montana,Big Sky,,,7,13,62.7,71.5,-8.85,,2.81,,-3.87,-4.58,-8.45,87.94,101.10,-13.16,2026-02-02
254,Wichita State,American,,,5,16,59.8,65.9,-6.05,,0.22,,-8.87,0.04,-8.83,78.89,92.05,-13.16,2026-02-02
255,Towson,CAA,,,12,8,65.7,66.0,-0.25,,-5.50,,-2.45,-6.63,-9.08,84.70,98.96,-14.27,2026-02-02
256,Merrimack,MAAC,,,11,9,68.6,66.2,2.35,,-8.93,,-0.88,-8.27,-9.14,85.50,100.02,-14.52,2026-02-02
257,East Tennessee State,Southern,,,10,11,56.6,57.8,-1.19,,-4.54,,-11.98,2.81,-9.17,79.66,93.74,-14.08,2026-02-02
258,Oakland,Horizon,,,8,13,63.2,71.3,-8.10,,2.07,,-2.19,-7.14,-9.33,88.73,102.52,-13.79,2026-02-02
259,UNC Greensboro,Southern,,,12,9,66.1,54.6,11.57,,-6.85,,-10.68,1.12,-9.56,82.63,97.92,-15.29,2026-02-02
260,San Diego,WCC,,,8,15,56.0,62.1,-6.13,,-0.21,,-11.66,1.91,-9.75,77.98,93.57,-15.60,2026-02-02
261,Weber State,Big Sky,,,6,15,64.3,67.7,-3.43,,0.58,,-4.96,-4.85,-9.81,83.11,97.52,-14.42,2026-02-02
262,Utah State,MWC,,,6,14,61.4,68.3,-6.90,,0.25,,-4.74,-5.17,-9.91,84.89,99.93,-15.04,2026-02-02
263,Mercer,Southern,,,12,9,65.5,62.6,2.90,,-9.78,,-4.97,-5.02,-9.99,82.50,98.20,-15.70,2026-02-02
264,SIU Edwardsville,OVC,,,10,11,61.8,58.4,3.33,,-6.36,,-11.24,1.22,-10.02,80.01,95.52,-15.51,2026-02-02
265,North Carolina A&T,CAA,,,7,12,62.7,62.9,-0.26,,1.87,,-6.36,-3.77,-10.13,82.02,97.49,-15.47,2026-02-02
266,Incarnate Word,Southland,,,10,9,64.7,69.6,-4.84,,-2.95,,-2.53,-7.66,-10.18,89.36,103.83,-14.47,2026-02-02
267,Utah Tech,WAC,,,6,13,62.0,66.9,-4.95,,-4.42,,-6.91,-3.34,-10.25,80.51,95.84,-15.33,2026-02-02
268,Southeast Missouri State,OVC,,,7,13,66.3,67.9,-1.65,,-2.93,,-3.94,-6.99,-10.93,83.07,98.85,-15.78,2026-02-02
269,North Alabama,A-Sun,,,9,10,63.6,64.5,-0.89,,-6.36,,-7.40,-3.61,-11.01,80.82,97.43,-16.62,2026-02-02
270,UTEP,CUSA,,,9,10,66.1,69.2,-3.05,,-3.52,,-3.25,-8.62,-11.88,83.63,101.45,-17.81,2026-02-02
271,Denver,Summit,,,9,12,60.9,68.1,-7.29,,0.82,,-9.49,-2.52,-12.01,80.07,99.57,-19.50,2026-02-02
272,Western Kentucky,CUSA,,,5,14,57.8,64.5,-6.68,,-2.33,,-10.73,-1.33,-12.05,80.60,99.53,-18.92,2026-02-02
273,Southern Illinois,MVC,,,6,13,67.2,71.2,-3.95,,-3.45,,-4.71,-7.38,-12.09,84.40,102.61,-18.21,2026-02-02
274,Marist,MAAC,,,8,14,59.1,66.5,-7.36,,-4.81,,-7.09,-5.09,-12.18,81.77,100.49,-18.72,2026-02-02
275,Loyola (MD),Patriot,,,9,11,55.8,60.9,-5.05,,-7.48,,-11.70,-0.84,-12.53,80.51,100.55,-20.04,2026-02-02
276,Cal State Bakersfield,Big West,,,7,13,61.3,67.4,-6.10,,-5.50,,-6.72,-5.83,-12.56,79.97,97.75,-17.78,2026-02-02
277,Nicholls State,Southland,,,10,9,65.7,64.3,1.47,,-11.52,,-8.28,-4.30,-12.58,78.89,96.63,-17.73,2026-02-02
278,Mount St. Mary's,MAAC,,,10,11,60.0,62.4,-2.38,,-10.25,,-10.05,-2.58,-12.64,75.11,94.27,-19.15,2026-02-02
279,Evansville,MVC,,,5,16,65.0,75.1,-10.05,,-2.62,,-3.35,-9.32,-12.66,82.73,100.78,-18.06,2026-02-02
280,Siena,MAAC,,,8,12,67.6,65.6,2.05,,-14.77,,-2.65,-10.07,-12.72,78.43,100.09,-21.66,2026-02-02
281,Lipscomb,A-Sun,,,7,13,60.2,63.7,-3.50,,-4.22,,-11.65,-1.13,-12.78,76.32,95.53,-19.21,2026-02-02
282,Western Michigan,MAC,,,5,13,55.4,67.6,-12.22,,-0.76,,-11.94,-1.06,-13.00,76.09,95.37,-19.28,2026-02-02
283,Boston University,Patriot,,,7,13,57.5,59.7,-2.25,,-7.00,,-12.09,-1.02,-13.11,83.50,104.97,-21.47,2026-02-02
284,New Mexico State,CUSA,,,7,13,58.3,66.6,-8.35,,-0.33,,-7.76,-5.51,-13.27,76.95,96.21,-19.27,2026-02-02
285,East Texas A&M,Southland,,,8,10,66.8,67.4,-0.61,,-6.13,,-6.97,-6.35,-13.32,81.26,99.83,-18.58,2026-02-02
286,Long Island University,NEC,,,12,8,70.0,60.7,9.25,,-17.18,,-5.28,-8.23,-13.51,82.31,103.12,-20.82,2026-02-02
287,Milwaukee,Horizon,,,7,16,60.3,66.3,-5.91,,-4.64,,-8.12,-5.52,-13.64,82.21,103.20,-20.99,2026-02-02
288,New Hampshire,AmEast,,,8,13,58.0,61.1,-3.10,,-5.73,,-10.24,-3.49,-13.73,79.93,101.54,-21.61,2026-02-02
289,Yale,Ivy,,,5,14,57.9,68.5,-10.58,,-3.26,,-7.42,-6.42,-13.84,78.01,99.23,-21.21,2026-02-02
290,Detroit Mercy,Horizon,,,4,17,61.8,72.0,-10.19,,-3.45,,-6.22,-7.64,-13.85,81.03,101.56,-20.53,2026-02-02
291,Hampton,CAA,,,9,11,62.6,62.0,0.55,,-7.62,,-9.00,-4.92,-13.91,81.68,103.02,-21.34,2026-02-02
292,Akron,MAC,,,3,17,68.6,76.5,-7.90,,1.35,,-1.26,-12.73,-13.99,84.18,103.90,-19.72,2026-02-02
293,Coppin State,MEAC,,,4,18,55.0,70.8,-15.82,,4.03,,-10.67,-3.44,-14.11,73.98,93.55,-19.57,2026-02-02
294,Eastern Illinois,OVC,,,3,19,56.9,70.9,-14.00,,-0.21,,-9.80,-4.42,-14.21,76.75,97.29,-20.54,2026-02-02
295,Manhattan,MAAC,,,5,15,54.9,65.3,-10.45,,-3.86,,-11.44,-2.87,-14.31,74.77,95.90,-21.13,2026-02-02
296,Northeastern,CAA,,,6,12,61.2,67.2,-6.06,,-8.37,,-6.72,-7.70,-14.42,81.35,103.55,-22.21,2026-02-02
297,Cal State Northridge,Big West,,,6,13,64.6,66.7,-2.11,,-3.30,,-8.20,-6.45,-14.65,76.29,96.68,-20.38,2026-02-02
298,Portland State,Big Sky,,,5,15,65.5,74.2,-8.75,,-3.49,,-2.96,-11.69,-14.65,85.81,107.29,-21.48,2026-02-02
299,Jackson State,SWAC,,,5,15,59.1,66.5,-7.45,,-2.83,,-10.73,-4.00,-14.72,79.14,100.68,-21.54,2026-02-02
300,Indiana State,MVC,,,7,13,72.9,79.5,-6.55,,-5.30,,3.06,-17.99,-14.93,86.06,106.06,-20.00,2026-02-02
301,Iona,MAAC,,,13,9,60.0,60.6,-0.55,,-13.64,,-10.72,-4.21,-14.93,78.32,101.05,-22.73,2026-02-02
302,North Florida,A-Sun,,,8,12,62.4,72.2,-9.75,,-3.22,,-5.82,-9.18,-15.00,81.73,103.40,-21.67,2026-02-02
303,Alcorn State,SWAC,,,9,9,54.0,61.6,-7.56,,-0.66,,-16.68,1.55,-15.13,72.35,95.22,-22.86,2026-02-02
304,Lafayette,Patriot,,,8,12,60.8,64.7,-3.95,,-11.30,,-7.54,-7.72,-15.25,83.55,107.05,-23.50,2026-02-02
305,Buffalo,MAC,,,2,18,58.3,71.5,-13.20,,-2.16,,-8.32,-7.04,-15.36,76.14,98.19,-22.06,2026-02-02
306,Sacred Heart,MAAC,,,11,10,59.1,61.5,-2.43,,-12.46,,-11.39,-4.21,-15.61,78.72,102.23,-23.52,2026-02-02
307,Hofstra,CAA,,,3,17,51.6,63.6,-12.05,,-1.09,,-14.77,-0.90,-15.67,75.03,100.08,-25.05,2026-02-02
308,Winthrop,Big South,,,11,11,65.8,67.2,-1.41,,-5.94,,-6.13,-9.54,-15.68,81.29,103.81,-22.52,2026-02-02
309,Samford,Southern,,,8,15,60.1,68.6,-8.48,,-1.31,,-7.89,-7.81,-15.71,82.70,107.12,-24.42,2026-02-02
310,Houston Christian,Southland,,,5,14,61.6,68.6,-7.05,,-3.02,,-9.91,-5.88,-15.79,77.02,100.33,-23.32,2026-02-02
311,Bucknell,Patriot,,,6,14,53.5,58.5,-5.05,,-6.69,,-16.15,0.15,-16.00,73.55,98.72,-25.17,2026-02-02
312,San Jose State,MWC,,,3,18,57.4,72.8,-15.38,,2.18,,-6.94,-9.18,-16.12,77.43,99.92,-22.49,2026-02-02
313,Dartmouth,Ivy,,,9,10,56.9,57.9,-1.05,,-5.72,,-15.62,-0.53,-16.16,75.95,101.88,-25.92,2026-02-02
314,Cornell,Ivy,,,8,11,54.8,59.9,-5.11,,-6.56,,-15.22,-1.12,-16.34,78.15,104.35,-26.21,2026-02-02
315,American,Patriot,,,5,15,55.5,64.9,-9.45,,-7.00,,-10.67,-5.79,-16.45,78.48,104.59,-26.11,2026-02-02
316,Wright State,Horizon,,,6,16,65.6,71.2,-5.59,,-4.85,,-5.87,-10.78,-16.65,82.11,106.58,-24.47,2026-02-02
317,Northern Illinois,MAC,,,4,16,54.8,68.3,-13.45,,-3.45,,-13.85,-3.05,-16.90,76.17,101.88,-25.71,2026-02-02
318,Alabama State,SWAC,,,8,11,58.5,69.1,-10.58,,-1.96,,-10.94,-6.08,-17.03,72.26,96.05,-23.79,2026-02-02
319,Charleston Southern,Big South,,,7,15,61.2,72.3,-11.09,,-4.98,,-7.46,-10.14,-17.60,82.17,108.74,-26.56,2026-02-02
320,Colgate,Patriot,,,5,15,53.4,63.8,-10.35,,-6.01,,-14.32,-3.69,-18.01,73.40,101.39,-27.99,2026-02-02
321,Grambling,SWAC,,,6,13,63.2,66.3,-3.05,,-4.62,,-10.20,-8.48,-18.68,73.73,100.12,-26.39,2026-02-02
322,North Carolina Central,MEAC,,,3,14,60.8,74.5,-13.76,,-0.15,,-7.97,-10.74,-18.72,73.49,98.15,-24.66,2026-02-02
323,Texas A&M-Corpus Christi,Southland,,,4,15,59.1,68.6,-9.53,,-4.96,,-13.02,-5.89,-18.90,75.62,103.54,-27.93,2026-02-02
324,UNC Wilmington,CAA,,,5,15,60.9,69.4,-8.45,,-7.98,,-9.03,-9.90,-18.93,78.10,106.14,-28.04,2026-02-02
325,Wagner,NEC,,,10,10,57.3,59.0,-1.65,,-12.43,,-16.98,-2.23,-19.20,67.00,95.34,-28.33,2026-02-02
326,North Dakota,Summit,,,4,17,57.6,71.2,-13.62,,-0.78,,-10.24,-9.18,-19.41,74.17,101.34,-27.17,2026-02-02
327,Louisiana,Sun Belt,,,2,19,56.2,73.5,-17.29,,1.42,,-12.55,-6.88,-19.43,73.37,100.64,-27.27,2026-02-02
328,Texas Southern,SWAC,,,8,12,66.8,73.0,-6.20,,-0.71,,-5.91,-13.61,-19.52,78.22,104.22,-26.00,2026-02-02
329,Gardner-Webb,Big South,,,7,16,54.5,63.7,-9.26,,-10.61,,-15.23,-4.64,-19.87,73.28,102.78,-29.50,2026-02-02
330,Tennessee State,OVC,,,3,17,58.3,76.3,-18.00,,-2.16,,-6.65,-13.51,-20.16,76.87,104.82,-27.95,2026-02-02
331,Long Beach State,Big West,,,3,17,54.1,73.7,-19.65,,0.81,,-11.04,-9.16,-20.19,75.98,105.30,-29.33,2026-02-02
332,UNC Asheville,Big South,,,8,14,61.9,60.1,1.82,,-13.37,,-14.66,-5.66,-20.32,70.17,99.71,-29.54,2026-02-02
333,Queens (NC),A-Sun,,,8,13,61.7,67.1,-5.43,,-9.52,,-11.91,-8.46,-20.37,75.08,102.60,-27.52,2026-02-02
334,Seattle,WCC,,,5,16,62.6,75.8,-13.19,,-0.84,,-7.62,-12.80,-20.42,78.80,107.85,-29.05,2026-02-02
335,Rider,MAAC,,,4,17,53.7,64.4,-10.67,,-10.06,,-15.82,-4.92,-20.73,72.11,103.29,-31.18,2026-02-02
336,Cal Poly,Big West,,,3,17,57.0,73.5,-16.50,,2.06,,-9.30,-11.86,-21.16,77.26,107.32,-30.06,2026-02-02
337,Western Carolina,Southern,,,3,17,59.3,68.0,-8.70,,-4.32,,-13.43,-8.71,-22.14,72.19,104.85,-32.66,2026-02-02
338,Delaware State,MEAC,,,4,16,54.7,65.6,-10.85,,-5.28,,-16.35,-5.93,-22.28,68.77,101.75,-32.98,2026-02-02
339,Southeastern Louisiana,Southland,,,2,17,58.5,77.6,-19.11,,0.90,,-10.30,-12.08,-22.38,79.28,111.79,-32.51,2026-02-02
340,Canisius,MAAC,,,3,17,54.3,69.8,-15.55,,-6.92,,-15.04,-7.43,-22.47,72.00,105.10,-33.10,2026-02-02
341,New Haven,NEC,,,6,14,59.4,60.4,-1.00,,-15.74,,-17.11,-5.58,-22.69,72.65,107.11,-34.46,2026-02-02
342,Stonehill,NEC,,,7,13,60.0,67.1,-7.05,,-13.14,,-12.13,-10.80,-22.93,77.31,110.52,-33.22,2026-02-02
343,Arkansas-Pine Bluff,SWAC,,,6,12,56.5,70.4,-13.89,,-6.34,,-13.40,-9.65,-23.05,74.98,107.07,-32.09,2026-02-02
344,Massachusetts-Lowell,AmEast,,,6,15,58.5,66.0,-7.43,,-8.42,,-13.57,-9.85,-23.42,77.44,114.34,-36.90,2026-02-02
345,Mercyhurst,NEC,,,7,13,61.7,78.0,-16.25,,-7.45,,-6.31,-17.39,-23.70,82.63,117.08,-34.45,2026-02-02
346,Florida A&M,SWAC,,,5,14,57.8,72.6,-14.79,,-7.92,,-12.20,-11.67,-23.86,73.86,106.18,-32.32,2026-02-02
347,Morgan State,MEAC,,,3,19,53.2,73.7,-20.50,,-0.17,,-13.74,-10.13,-23.87,73.87,109.79,-35.92,2026-02-02
348,Chicago State,NEC,,,5,17,59.0,74.7,-15.77,,-8.10,,-10.51,-13.37,-23.88,73.26,106.54,-33.29,2026-02-02
349,Saint Peter's,MAAC,,,5,15,51.7,64.4,-12.75,,-8.14,,-18.84,-5.46,-24.30,69.42,106.56,-37.14,2026-02-02
350,New Orleans,Southland,,,1,19,61.7,83.5,-21.80,,-2.03,,-6.07,-18.49,-24.55,74.92,107.02,-32.10,2026-02-02
351,South Carolina Upstate,Big South,,,6,17,57.2,64.9,-7.65,,-8.12,,-16.96,-7.65,-24.62,68.94,106.03,-37.09,2026-02-02
352,Bethune-Cookman,SWAC,,,3,18,54.3,69.6,-15.29,,-5.51,,-17.35,-7.33,-24.68,69.07,104.14,-35.08,2026-02-02
353,South Carolina State,MEAC,,,5,15,57.0,68.0,-11.05,,-7.26,,-16.69,-10.29,-26.98,68.61,107.11,-38.50,2026-02-02
354,Omaha,Summit,,,2,21,53.1,79.1,-25.96,,2.36,,-15.87,-12.58,-28.45,69.97,111.08,-41.10,2026-02-02
355,Saint Francis (PA),NEC,,,2,18,56.8,71.6,-14.80,,-13.40,,-13.52,-15.35,-28.88,70.43,111.93,-41.50,2026-02-02
356,Le Moyne,NEC,,,5,17,55.2,73.9,-18.68,,-8.80,,-14.05,-14.90,-28.95,73.99,117.17,-43.19,2026-02-02
357,Prairie View,SWAC,,,2,17,54.7,77.1,-22.37,,-3.62,,-12.97,-16.82,-29.79,68.05,107.10,-39.05,2026-02-02
358,Valparaiso,MVC,,,0,21,54.0,79.9,-25.90,,-4.31,,-14.79,-15.42,-30.21,66.07,106.29,-40.21,2026-02-02
359,Bellarmine,A-Sun,,,2,20,52.2,80.8,-28.59,,0.41,,-15.01,-15.78,-30.78,69.16,111.70,-42.54,2026-02-02
360,Mississippi Valley State,SWAC,,,4,14,56.6,84.4,-27.78,,-3.26,,-10.78,-20.25,-31.03,69.66,109.95,-40.30,2026-02-02
361,Central Connecticut State,NEC,,,0,20,52.1,73.2,-21.05,,-11.75,,-17.94,-14.86,-32.80,65.11,112.38,-47.27,2026-02-02
362,Presbyterian,Big South,,,3,18,53.4,71.7,-18.24,,-7.86,,-20.36,-13.14,-33.50,64.10,112.26,-48.16,2026-02-02
363,Niagara,MAAC,,,0,20,52.3,81.5,-29.25,,-6.99,,-16.26,-19.98,-36.24,63.42,111.27,-47.85,2026-02-02
1,UConn,Big East,,1,23,0,90.4,51.1,39.30,,15.20,,31.33,23.17,54.50,129.82,58.55,71.26,2026-02-03
2,UCLA,Big Ten,,2,21,1,86.8,57.1,29.68,,18.93,,28.11,20.50,48.61,132.52,66.80,65.72,2026-02-03
3,LSU,SEC,,5,21,2,98.9,57.6,41.26,,6.47,,35.68,12.05,47.73,126.31,69.31,57.00,2026-02-03
4,Texas,SEC,,4,21,2,88.3,54.4,33.87,,12.83,,27.16,19.54,46.70,124.72,65.15,59.57,2026-02-03
5,South Carolina,SEC,,3,22,2,87.9,56.3,31.58,,13.71,,28.01,17.28,45.29,124.72,66.67,58.04,2026-02-03
6,Michigan,Big Ten,,8,19,3,87.8,61.4,26.45,,14.20,,27.19,13.46,40.65,119.70,68.45,51.25,2026-02-03
7,Oklahoma,SEC,,11,17,5,88.0,63.9,24.18,,12.56,,27.32,9.42,36.75,113.14,69.44,43.70,2026-02-03
8,Louisville,ACC,,6,21,3,82.6,59.7,22.88,,11.78,,22.12,12.53,34.65,119.17,74.32,44.85,2026-02-03
9,Michigan State,Big Ten,,12,19,3,86.2,61.9,24.27,,10.05,,24.09,10.23,34.33,120.98,76.63,44.35,2026-02-03
10,Duke,ACC,,17,16,6,75.8,59.3,16.50,,16.66,,17.02,16.14,33.16,112.52,69.83,42.70,2026-02-03
11,Vanderbilt,SEC,,7,21,2,84.7,61.3,23.35,,9.75,,22.31,10.79,33.10,120.38,77.68,42.70,2026-02-03
12,Iowa,Big Ten,,10,18,4,79.7,65.0,14.73,,17.70,,20.01,12.42,32.43,114.82,73.32,41.50,2026-02-03
13,TCU,Big 12,,14,20,3,79.9,54.7,25.22,,7.11,,16.15,16.18,32.33,112.54,70.82,41.72,2026-02-03
14,Minnesota,Big Ten,,,16,6,75.4,54.8,20.64,,11.30,,13.66,18.27,31.93,114.40,70.63,43.76,2026-02-03
15,Maryland,Big Ten,,22,17,6,83.2,61.3,21.91,,9.01,,22.70,8.23,30.92,115.93,75.64,40.29,2026-02-03
16,USC,Big Ten,,,13,9,69.1,59.3,9.82,,20.79,,11.54,19.08,30.61,107.51,67.25,40.26,2026-02-03
17,Ohio State,Big Ten,,9,20,3,84.5,64.6,19.96,,10.36,,22.35,7.97,30.32,112.44,75.64,36.80,2026-02-03
18,Tennessee,SEC,,19,14,5,77.7,63.0,14.74,,15.44,,19.18,11.00,30.18,110.58,72.18,38.40,2026-02-03
19,Ole Miss,SEC,,13,19,4,78.2,56.9,21.26,,8.84,,15.75,14.35,30.10,111.90,73.37,38.53,2026-02-03
20,Kentucky,SEC,,16,18,5,77.3,57.3,20.00,,10.09,,14.71,15.38,30.09,114.59,74.31,40.28,2026-02-03
21,West Virginia,Big 12,,20,18,5,77.0,59.3,17.78,,11.75,,16.17,13.36,29.53,110.73,73.21,37.52,2026-02-03
22,Nebraska,Big Ten,,,16,6,82.1,65.1,17.00,,11.61,,19.11,9.50,28.61,117.61,80.02,37.59,2026-02-03
23,Oregon,Big Ten,,,17,7,77.5,62.3,15.21,,13.12,,17.17,11.16,28.33,110.36,73.56,36.80,2026-02-03
24,UNC,ACC,,25,18,5,76.0,58.6,17.43,,10.22,,13.86,13.80,27.66,109.10,73.44,35.66,2026-02-03
25,Oklahoma State,Big 12,,,18,5,86.0,62.1,23.87,,5.61,,20.45,6.94,27.38,118.55,84.00,34.55,2026-02-03
26,NC State,ACC,,,15,7,78.0,66.6,11.36,,15.89,,19.46,7.79,27.25,113.33,78.52,34.80,2026-02-03
27,Notre Dame,ACC,,,14,8,79.5,65.3,14.18,,12.62,,19.16,7.64,26.80,113.12,79.90,33.22,2026-02-03
28,Baylor,Big 12,,15,19,4,72.5,57.0,15.48,,10.61,,11.71,14.38,26.09,104.83,70.61,34.23,2026-02-03
29,Texas Tech,Big 12,,18,21,3,73.3,56.2,17.13,,8.70,,11.39,14.44,25.83,107.33,73.86,33.47,2026-02-03
30,Iowa State,Big 12,,,18,5,83.8,63.8,20.00,,5.52,,20.51,5.01,25.52,117.67,84.39,33.28,2026-02-03
31,Alabama,SEC,,21,19,4,71.8,57.3,14.48,,11.01,,11.08,14.41,25.49,110.12,75.89,34.23,2026-02-03
32,Washington,Big Ten,,24,17,5,74.0,59.4,14.59,,10.51,,12.63,12.47,25.10,112.23,77.92,34.31,2026-02-03
33,Illinois,Big Ten,,,16,6,78.3,64.8,13.50,,10.56,,14.24,9.81,24.06,111.11,80.25,30.87,2026-02-03
34,Georgia,SEC,,,18,4,75.0,57.4,17.55,,5.69,,11.50,11.73,23.23,107.68,77.64,30.05,2026-02-03
35,Mississippi State,SEC,,,16,7,79.2,63.8,15.43,,7.67,,16.75,6.36,23.11,111.86,82.16,29.71,2026-02-03
36,Stanford,ACC,,,15,8,69.4,60.1,9.30,,11.65,,8.36,12.60,20.95,104.27,76.12,28.16,2026-02-03
37,Syracuse,ACC,,,18,4,74.9,61.0,13.82,,7.11,,13.26,7.67,20.93,103.92,77.87,26.05,2026-02-03
38,Virginia Tech,ACC,,,18,5,74.6,58.1,16.48,,3.81,,10.57,9.72,20.29,102.17,77.17,25.00,2026-02-03
39,Virginia,ACC,,,15,7,77.3,62.3,15.05,,4.64,,13.52,6.17,19.69,109.15,83.23,25.93,2026-02-03
40,Villanova,Big East,,,17,5,73.3,62.4,10.86,,8.02,,11.70,7.18,18.88,106.05,81.14,24.91,2026-02-03
41,Miami (FL),ACC,,,12,10,71.5,64.5,6.95,,11.87,,10.57,8.26,18.83,104.70,81.41,23.29,2026-02-03
42,Clemson,ACC,,,16,7,70.7,57.6,13.13,,5.69,,6.45,12.37,18.82,109.38,83.68,25.70,2026-02-03
43,Colorado,Big 12,,,15,7,68.7,60.2,8.45,,10.32,,6.92,11.86,18.78,99.99,75.97,24.02,2026-02-03
44,California,ACC,,,13,10,69.5,63.5,5.96,,12.01,,9.01,8.96,17.97,104.38,81.62,22.76,2026-02-03
45,BYU,Big 12,,,16,6,71.9,61.9,10.00,,7.95,,9.80,8.15,17.95,100.07,78.29,21.79,2026-02-03
46,Florida,SEC,,,13,11,74.3,65.9,8.42,,9.21,,11.10,6.53,17.63,103.84,82.48,21.36,2026-02-03
47,Utah,Big 12,,,15,7,69.1,63.5,5.64,,12.80,,8.50,8.96,17.46,103.13,81.08,22.05,2026-02-03
48,North Dakota State,Summit,,,20,2,80.8,60.0,20.86,,-2.56,,12.48,3.81,16.29,108.85,86.95,21.90,2026-02-03
49,Kansas,Big 12,,,13,10,73.2,66.1,7.09,,11.83,,11.00,5.15,16.15,105.70,84.99,20.71,2026-02-03
50,Arizona State,Big 12,,,18,5,66.8,58.2,8.61,,7.34,,4.17,11.77,15.94,96.84,76.60,20.23,2026-02-03
51,James Madison,Sun Belt,,,16,8,74.5,63.5,11.08,,4.80,,9.88,6.01,15.89,101.69,81.41,20.28,2026-02-03
52,Seton Hall,Big East,,,15,7,69.9,63.9,6.00,,9.70,,8.88,6.82,15.70,103.22,83.24,19.98,2026-02-03
53,Richmond,A-10,,,18,4,75.0,62.4,12.68,,2.68,,11.34,4.03,15.37,110.19,90.01,20.18,2026-02-03
54,Kansas State,Big 12,,,12,11,68.8,65.7,3.13,,11.99,,8.90,6.22,15.12,103.28,84.83,18.45,2026-02-03
55,South Dakota State,Summit,,,17,6,75.5,63.9,11.57,,3.42,,9.86,5.12,14.99,106.60,86.97,19.63,2026-02-03
56,Indiana,Big Ten,,,12,11,71.2,69.4,1.78,,12.97,,10.07,4.69,14.76,107.10,88.90,18.21,2026-02-03
57,Princeton,Ivy,,23,18,2,74.3,64.5,9.75,,5.00,,11.27,3.49,14.75,108.66,89.48,19.18,2026-02-03
58,Missouri,SEC,,,15,9,75.1,72.8,2.33,,11.20,,13.24,0.29,13.54,107.28,90.82,16.46,2026-02-03
59,Marquette,Big East,,,15,7,69.8,61.7,8.05,,7.10,,6.51,6.97,13.48,102.71,85.33,17.38,2026-02-03
60,Montana State,Big Sky,,,16,5,76.8,62.2,14.57,,1.92,,10.31,2.93,13.24,98.43,82.24,16.19,2026-02-03
61,Auburn,SEC,,,13,10,61.3,61.1,0.22,,12.63,,1.39,11.45,12.85,95.85,80.11,15.74,2026-02-03
62,Purdue,Big Ten,,,11,11,69.7,70.6,-0.91,,13.75,,10.12,2.72,12.84,104.73,88.52,16.20,2026-02-03
63,Columbia,Ivy,,,14,6,71.5,61.3,10.25,,2.45,,8.68,4.02,12.70,102.51,86.69,15.82,2026-02-03
64,Troy,Sun Belt,,,18,4,84.5,69.1,15.41,,-0.15,,15.44,-2.78,12.66,99.61,86.24,13.37,2026-02-03
65,Davidson,A-10,,,15,9,67.1,58.5,8.63,,3.76,,3.72,8.67,12.39,98.91,82.71,16.21,2026-02-03
66,Rhode Island,A-10,,,19,2,68.2,53.7,14.52,,-0.06,,2.59,9.80,12.39,100.44,83.85,16.59,2026-02-03
67,Gonzaga,WCC,,,16,7,73.8,65.9,7.91,,4.38,,9.78,2.52,12.29,104.86,89.02,15.84,2026-02-03
68,Texas A&M,SEC,,,8,10,63.8,69.2,-5.44,,17.33,,4.34,7.55,11.88,95.18,81.39,13.79,2026-02-03
69,Santa Clara,WCC,,,18,6,82.0,65.9,16.08,,0.34,,14.45,-2.84,11.61,102.09,88.43,13.66,2026-02-03
70,Wisconsin,Big Ten,,,13,9,69.8,70.1,-0.32,,11.64,,8.13,3.20,11.32,102.26,88.26,14.00,2026-02-03
71,Rice,American,,,19,3,69.6,58.6,10.95,,0.14,,4.06,7.04,11.09,96.76,82.84,13.91,2026-02-03
72,Harvard,Ivy,,,12,8,65.8,58.1,7.70,,3.30,,2.31,8.69,11.00,95.78,81.65,14.12,2026-02-03
73,George Mason,A-10,,,15,6,68.4,60.3,8.10,,2.86,,4.26,6.70,10.96,96.74,82.33,14.41,2026-02-03
74,South Florida,American,,,13,9,71.0,70.1,0.82,,9.85,,9.09,1.58,10.67,102.30,89.75,12.55,2026-02-03
75,San Diego State,MWC,,,17,3,70.9,59.6,11.35,,1.70,,4.57,5.92,10.49,100.50,86.70,13.81,2026-02-03
76,Georgetown,Big East,,,12,10,65.6,60.7,4.91,,5.42,,3.21,7.11,10.33,97.25,84.16,13.09,2026-02-03
77,Oregon State,WCC,,,17,6,68.1,60.6,7.57,,4.31,,3.62,6.26,9.88,100.56,87.99,12.57,2026-02-03
78,Fairfield,MAAC,,,18,4,76.6,59.5,17.14,,-7.36,,8.07,1.70,9.77,104.02,91.68,12.34,2026-02-03
79,Nevada-Las Vegas,MWC,,,15,7,67.9,61.4,6.55,,3.18,,5.46,4.27,9.73,101.63,89.40,12.23,2026-02-03
80,Arkansas State,Sun Belt,,,19,4,78.5,66.7,11.74,,-0.34,,10.24,-0.62,9.62,95.65,85.42,10.23,2026-02-03
81,Georgia Southern,Sun Belt,,,16,5,74.8,65.0,9.76,,2.15,,4.43,4.87,9.30,100.13,88.29,11.84,2026-02-03
82,Colorado State,MWC,,,17,6,66.4,55.6,10.83,,-0.02,,0.16,9.10,9.26,97.87,85.89,11.98,2026-02-03
83,Florida State,ACC,,,7,15,73.3,77.0,-3.68,,12.65,,12.89,-3.93,8.96,99.25,89.36,9.89,2026-02-03
84,Georgia Tech,ACC,,,10,13,66.1,67.6,-1.43,,10.38,,4.23,4.72,8.95,93.37,82.79,10.58,2026-02-03
85,Ball State,MAC,,,17,5,78.1,65.6,12.50,,-0.11,,10.29,-1.35,8.94,99.86,90.17,9.69,2026-02-03
86,Saint Joseph's,A-10,,,15,6,67.8,56.7,11.10,,1.57,,1.04,7.90,8.94,96.75,85.15,11.60,2026-02-03
87,Creighton,Big East,,,10,12,69.3,68.5,0.82,,7.90,,7.05,1.66,8.72,101.07,90.15,10.92,2026-02-03
88,Penn State,Big Ten,,,7,15,74.0,82.5,-8.50,,17.02,,15.91,-7.39,8.52,105.22,94.98,10.24,2026-02-03
89,Miami (OH),MAC,,,18,4,71.9,57.8,14.09,,-3.07,,1.86,5.92,7.78,95.45,85.62,9.83,2026-02-03
90,Louisiana Tech,CUSA,,,15,5,74.6,60.0,14.60,,0.32,,4.81,2.84,7.65,100.72,90.84,9.88,2026-02-03
91,UC Irvine,Big West,,,17,4,70.9,57.3,13.57,,-6.01,,3.12,4.44,7.56,98.93,89.64,9.29,2026-02-03
92,Arkansas,SEC,,,11,12,73.1,74.7,-1.61,,9.09,,10.51,-3.03,7.48,97.21,88.91,8.30,2026-02-03
93,New Mexico,MWC,,,15,7,69.5,61.1,8.36,,-1.09,,3.29,3.98,7.27,95.26,87.10,8.16,2026-02-03
94,Belmont,MVC,,,12,9,69.8,68.9,0.90,,6.31,,4.68,2.53,7.21,96.73,88.43,8.30,2026-02-03
95,Green Bay,Horizon,,,18,5,68.3,57.5,10.78,,-2.07,,0.46,6.57,7.03,94.31,85.61,8.70,2026-02-03
96,North Texas,American,,,12,10,70.1,61.3,8.86,,3.31,,1.23,5.73,6.96,90.63,82.90,7.73,2026-02-03
97,Cincinnati,Big 12,,,8,14,70.4,71.4,-1.05,,9.71,,7.43,-0.67,6.76,98.40,90.54,7.86,2026-02-03
98,Murray State,MVC,,,19,3,83.4,75.1,8.32,,0.76,,16.35,-9.58,6.76,104.38,96.79,7.60,2026-02-03
99,Arizona,Big 12,,,10,11,71.5,70.5,1.00,,5.58,,8.25,-1.67,6.58,97.25,90.56,6.69,2026-02-03
100,Marshall,Sun Belt,,,18,6,73.7,62.3,11.42,,0.43,,4.51,2.06,6.57,96.72,89.55,7.17,2026-02-03
101,UCF,Big 12,,,10,11,64.7,62.4,2.24,,3.98,,0.68,5.54,6.22,92.37,86.14,6.23,2026-02-03
102,McNeese State,Southland,,,18,4,68.0,51.5,16.50,,-5.33,,-3.11,9.19,6.07,90.69,82.67,8.01,2026-02-03
103,Quinnipiac,MAAC,,,18,4,68.5,52.5,15.95,,-10.02,,-0.06,6.00,5.94,99.04,90.56,8.48,2026-02-03
104,Northwestern,Big Ten,,,8,14,65.9,73.4,-7.50,,13.39,,6.35,-0.45,5.89,99.46,93.24,6.21,2026-02-03
105,Lindenwood,OVC,,,16,7,73.2,61.0,12.13,,-1.97,,4.95,0.70,5.65,102.66,95.70,6.96,2026-02-03
106,Wake Forest,ACC,,,12,11,66.5,63.9,2.65,,2.76,,2.93,2.48,5.41,94.81,88.94,5.87,2026-02-03
107,St. John's (NY),Big East,,,17,7,63.1,60.9,2.25,,3.06,,-0.13,5.43,5.31,94.82,89.52,5.30,2026-02-03
108,Abilene Christian,WAC,,,15,6,73.7,57.8,15.90,,-3.26,,-0.14,5.43,5.29,92.76,86.94,5.82,2026-02-03
109,Boise State,MWC,,,17,5,72.2,66.2,6.00,,-0.90,,7.33,-2.33,5.00,98.85,93.74,5.12,2026-02-03
110,Coastal Carolina,Sun Belt,,,11,12,74.7,64.6,10.13,,-0.49,,5.33,-0.44,4.89,92.91,88.38,4.54,2026-02-03
111,Massachusetts,MAC,,,15,4,70.5,61.2,9.32,,-4.55,,2.27,2.50,4.77,94.37,89.55,4.82,2026-02-03
112,College of Charleston,CAA,,,17,3,77.8,59.0,18.75,,-6.75,,4.38,0.37,4.75,97.52,92.09,5.43,2026-02-03
113,Portland,WCC,,,13,10,70.7,62.3,8.39,,1.89,,3.47,1.29,4.75,92.19,86.75,5.44,2026-02-03
114,Central Michigan,MAC,,,13,7,69.5,64.1,5.40,,0.48,,2.94,1.80,4.74,93.80,89.10,4.70,2026-02-03
115,Western Illinois,OVC,,,18,3,77.1,60.3,16.76,,-6.99,,5.79,-1.17,4.62,99.30,93.56,5.74,2026-02-03
116,Northern Iowa,MVC,,,11,10,65.3,63.3,1.95,,2.64,,-2.18,6.77,4.59,88.82,84.15,4.68,2026-02-03
117,South Dakota,Summit,,,17,6,72.5,55.7,16.83,,-6.26,,-0.51,4.90,4.39,92.13,86.32,5.81,2026-02-03
118,Temple,American,,,10,11,69.3,70.3,-1.00,,5.25,,6.16,-1.92,4.25,95.78,92.09,3.69,2026-02-03
119,Butler,Big East,,,9,13,63.5,65.0,-1.55,,5.77,,0.03,4.20,4.23,91.78,88.43,3.35,2026-02-03
120,Idaho,Big Sky,,,17,5,79.7,67.7,12.00,,-4.89,,9.99,-5.83,4.16,97.41,93.55,3.86,2026-02-03
121,East Carolina,American,,,16,7,72.8,65.7,7.09,,-2.94,,6.22,-2.08,4.15,94.54,90.95,3.59,2026-02-03
122,Vermont,AmEast,,,19,5,68.9,54.2,14.75,,-5.53,,-1.45,5.60,4.15,98.10,92.28,5.82,2026-02-03
123,Eastern Kentucky,A-Sun,,,19,4,76.0,60.0,16.00,,-8.93,,3.57,0.51,4.08,93.46,89.83,3.63,2026-02-03
124,Grand Canyon,MWC,,,8,14,65.6,68.2,-2.64,,6.34,,3.88,-0.17,3.70,93.02,89.64,3.38,2026-02-03
125,Pepperdine,WCC,,,14,9,69.7,65.5,4.13,,0.43,,3.34,0.14,3.48,95.54,92.22,3.32,2026-02-03
126,Illinois State,MVC,,,13,9,73.1,67.8,5.27,,-1.82,,5.07,-1.62,3.45,97.57,94.84,2.74,2026-02-03
127,UTSA,American,,,10,10,60.4,58.6,1.75,,3.81,,-5.02,8.46,3.44,88.00,84.49,3.51,2026-02-03
128,High Point,Big South,,,20,2,76.3,57.5,18.77,,-12.25,,3.86,-0.56,3.30,93.71,90.99,2.72,2026-02-03
129,Southern Indiana,OVC,,,15,6,70.0,56.7,13.33,,-2.73,,0.10,3.17,3.27,91.62,87.67,3.95,2026-02-03
130,Loyola Marymount,WCC,,,14,8,70.6,62.7,7.91,,-2.51,,3.56,-0.36,3.20,98.69,95.25,3.44,2026-02-03
131,UC San Diego,Big West,,,15,6,69.6,59.8,9.86,,-5.11,,0.60,2.24,2.84,90.42,87.71,2.72,2026-02-03
132,California Baptist,WAC,,,14,8,71.8,65.7,6.14,,-3.35,,5.40,-2.62,2.78,91.74,89.99,1.75,2026-02-03
133,Purdue Fort Wayne,Horizon,,,15,8,71.5,63.3,8.26,,-2.54,,3.36,-0.58,2.78,92.60,90.07,2.53,2026-02-03
134,UC Santa Barbara,Big West,,,15,5,68.8,59.2,9.55,,-5.52,,-0.83,3.47,2.64,93.87,91.57,2.30,2026-02-03
135,Pennsylvania,Ivy,,,13,7,64.7,56.3,8.45,,-0.97,,-2.57,4.99,2.42,90.24,88.57,1.67,2026-02-03
136,Tulsa,American,,,15,6,71.0,65.8,5.24,,-2.95,,2.22,0.07,2.29,90.89,89.34,1.55,2026-02-03
137,Tulane,American,,,8,12,69.4,69.5,-0.15,,2.42,,3.98,-1.71,2.27,93.22,91.40,1.82,2026-02-03
138,Charlotte,American,,,9,13,64.0,67.4,-3.41,,5.52,,0.65,1.46,2.11,92.23,90.79,1.45,2026-02-03
139,Sam Houston,CUSA,,,13,6,65.6,56.1,9.53,,-0.51,,-3.63,5.69,2.06,82.79,82.18,0.61,2026-02-03
140,Rutgers,Big Ten,,,9,13,57.9,66.3,-8.45,,10.40,,-3.39,5.33,1.94,88.97,88.23,0.74,2026-02-03
141,Missouri State,CUSA,,,13,8,65.9,63.0,2.81,,-0.93,,-1.22,3.10,1.88,88.65,87.79,0.85,2026-02-03
142,Middle Tennessee,CUSA,,,12,9,61.0,59.2,1.71,,0.08,,-4.18,5.96,1.79,92.20,91.09,1.11,2026-02-03
143,Central Arkansas,A-Sun,,,11,10,71.1,60.5,10.62,,-4.21,,0.33,1.20,1.53,91.57,90.32,1.26,2026-02-03
144,Idaho State,Big Sky,,,14,7,65.4,58.5,6.95,,-3.18,,-5.19,6.71,1.52,86.41,85.07,1.34,2026-02-03
145,Hawaii,Big West,,,12,9,62.5,58.9,3.62,,-1.52,,-3.78,5.26,1.48,88.62,87.16,1.46,2026-02-03
146,Old Dominion,Sun Belt,,,13,10,69.2,67.5,1.70,,2.87,,1.98,-0.70,1.28,89.40,89.10,0.31,2026-02-03
147,San Francisco,WCC,,,13,9,68.4,67.3,1.14,,1.87,,3.36,-2.21,1.16,88.65,88.47,0.18,2026-02-03
148,Houston,Big 12,,,7,14,61.8,70.8,-9.00,,10.14,,0.12,1.02,1.14,88.30,87.48,0.81,2026-02-03
149,Southern Methodist,ACC,,,8,14,64.5,71.5,-7.05,,7.97,,1.73,-0.80,0.92,91.74,91.98,-0.25,2026-02-03
150,Providence,Big East,,,10,13,59.5,63.3,-3.78,,4.62,,-3.35,4.18,0.83,87.80,88.32,-0.52,2026-02-03
151,Bradley,MVC,,,14,8,72.2,64.8,7.41,,-4.24,,0.99,-0.38,0.61,91.99,91.80,0.20,2026-02-03
152,Navy,Patriot,,,14,6,70.5,62.1,8.40,,-6.54,,3.14,-2.68,0.46,93.62,94.55,-0.93,2026-02-03
153,UC Davis,Big West,,,16,6,69.7,63.5,6.18,,-3.08,,2.40,-2.13,0.27,93.63,95.25,-1.62,2026-02-03
154,Northern Colorado,Big Sky,,,16,7,70.8,60.7,10.09,,-2.71,,-1.07,1.31,0.24,90.59,91.02,-0.43,2026-02-03
155,Brown,Ivy,,,12,7,63.3,55.7,7.53,,-4.94,,-3.34,3.46,0.12,86.21,88.43,-2.22,2026-02-03
156,Liberty,CUSA,,,10,10,65.4,63.5,1.90,,1.95,,-0.31,0.26,-0.05,94.48,96.25,-1.77,2026-02-03
157,Toledo,MAC,,,11,8,65.3,62.7,2.58,,-2.37,,-2.97,2.66,-0.31,89.47,90.96,-1.49,2026-02-03
158,Saint Mary's (CA),WCC,,,13,10,58.4,58.0,0.48,,1.77,,-7.07,6.65,-0.42,87.78,90.09,-2.30,2026-02-03
159,Army,Patriot,,,16,5,65.7,57.0,8.71,,-7.80,,-2.97,2.51,-0.45,92.23,94.09,-1.87,2026-02-03
160,Southern Mississippi,Sun Belt,,,12,10,76.0,73.1,2.86,,0.69,,6.67,-7.13,-0.46,96.12,98.32,-2.20,2026-02-03
161,Austin Peay,A-Sun,,,13,7,68.2,58.4,9.75,,-5.56,,-4.49,3.99,-0.50,90.25,91.89,-1.64,2026-02-03
162,Xavier,Big East,,,11,11,59.3,65.4,-6.09,,5.56,,-4.52,3.99,-0.53,88.11,90.18,-2.06,2026-02-03
163,UAB,American,,,8,13,70.5,70.0,0.48,,-1.21,,3.72,-4.29,-0.56,96.17,97.86,-1.69,2026-02-03
164,George Washington,A-10,,,13,11,62.6,59.9,2.71,,-1.71,,-4.31,3.73,-0.58,91.08,92.95,-1.86,2026-02-03
165,Fresno State,MWC,,,10,13,61.7,59.1,2.61,,-1.73,,-4.90,3.67,-1.23,85.86,88.53,-2.67,2026-02-03
166,Louisiana-Monroe,Sun Belt,,,9,12,66.5,69.0,-2.48,,1.25,,0.88,-2.11,-1.23,89.78,92.19,-2.41,2026-02-03
167,Cleveland State,Horizon,,,17,7,70.3,58.8,11.50,,-9.03,,-2.14,0.65,-1.49,89.64,93.00,-3.36,2026-02-03
168,Appalachian State,Sun Belt,,,10,11,64.2,58.9,5.33,,-0.78,,-4.63,3.11,-1.52,90.78,94.50,-3.72,2026-02-03
169,Kent State,MAC,,,9,12,71.0,69.1,1.86,,1.90,,1.84,-3.36,-1.52,93.16,96.62,-3.46,2026-02-03
170,Maine,AmEast,,,11,11,62.5,60.8,1.73,,-3.33,,-2.92,1.32,-1.60,88.36,92.23,-3.87,2026-02-03
171,Jacksonville,A-Sun,,,14,7,71.6,67.5,4.10,,-3.57,,4.40,-6.03,-1.63,88.74,92.46,-3.72,2026-02-03
172,Florida Gulf Coast,A-Sun,,,10,11,62.1,59.8,2.33,,3.24,,-6.43,4.73,-1.70,86.24,90.22,-3.98,2026-02-03
173,La Salle,A-10,,,12,10,65.0,64.5,0.50,,-0.85,,-0.77,-1.13,-1.90,86.98,91.31,-4.33,2026-02-03
174,Ohio,MAC,,,12,8,74.1,71.4,2.65,,-3.04,,6.41,-8.34,-1.93,91.74,96.05,-4.32,2026-02-03
175,Howard,MEAC,,,16,7,65.1,62.1,3.04,,-5.14,,-1.96,-0.14,-2.09,87.63,92.50,-4.87,2026-02-03
176,Drexel,CAA,,,13,7,63.6,56.7,6.90,,-6.46,,-4.80,2.61,-2.19,91.99,96.14,-4.15,2026-02-03
177,Oral Roberts,Summit,,,12,10,78.0,76.2,1.73,,1.55,,10.20,-12.38,-2.19,95.99,100.24,-4.26,2026-02-03
178,Binghamton,AmEast,,,15,6,68.0,62.8,5.19,,-2.94,,0.18,-2.59,-2.41,92.21,96.41,-4.20,2026-02-03
179,Youngstown State,Horizon,,,16,7,67.0,57.3,9.70,,-6.02,,-5.78,3.33,-2.45,86.21,90.87,-4.67,2026-02-03
180,South Alabama,Sun Belt,,,9,12,68.1,68.9,-0.71,,-1.82,,-0.16,-2.37,-2.53,88.62,93.38,-4.77,2026-02-03
181,Saint Louis,A-10,,,11,13,68.0,67.0,1.00,,-0.18,,-0.31,-2.26,-2.57,85.13,89.97,-4.84,2026-02-03
182,DePaul,Big East,,,5,19,63.2,72.3,-9.17,,6.57,,0.65,-3.25,-2.59,89.15,94.09,-4.94,2026-02-03
183,Eastern Michigan,MAC,,,10,10,68.7,66.8,1.95,,-1.96,,0.49,-3.14,-2.64,92.72,97.70,-4.98,2026-02-03
184,FDU,NEC,,,19,4,66.7,52.1,14.57,,-13.94,,-6.96,4.30,-2.66,89.63,93.32,-3.69,2026-02-03
185,Loyola (IL),A-10,,,10,11,56.3,61.5,-5.14,,2.46,,-7.69,5.00,-2.68,84.33,89.97,-5.64,2026-02-03
186,Virginia Commonwealth,A-10,,,8,15,58.3,66.3,-8.00,,5.32,,-4.69,2.01,-2.68,85.35,90.27,-4.92,2026-02-03
187,Northern Kentucky,Horizon,,,10,14,67.8,70.9,-3.08,,0.37,,2.06,-4.77,-2.71,91.46,96.21,-4.76,2026-02-03
188,Holy Cross,Patriot,,,14,8,60.0,58.6,1.45,,-4.18,,-5.93,3.20,-2.73,83.16,88.78,-5.63,2026-02-03
189,Cal State Fullerton,Big West,,,12,9,71.6,63.5,8.10,,-5.63,,1.57,-4.47,-2.89,85.47,90.92,-5.45,2026-02-03
190,Bryant,AmEast,,,15,7,66.3,54.9,11.41,,-10.76,,-4.25,1.29,-2.96,86.12,91.15,-5.02,2026-02-03
191,Albany (NY),AmEast,,,12,10,59.7,55.2,4.45,,-5.15,,-7.98,4.98,-3.01,90.88,96.08,-5.20,2026-02-03
192,Lamar,Southland,,,13,7,64.4,58.8,5.55,,-7.43,,-4.66,1.44,-3.22,87.99,92.92,-4.93,2026-02-03
193,Florida International,CUSA,,,12,8,73.3,67.2,6.15,,-4.86,,3.17,-6.40,-3.23,88.68,94.78,-6.11,2026-02-03
194,Washington State,WCC,,,4,20,62.8,75.1,-12.29,,9.06,,-0.44,-2.80,-3.24,91.34,97.34,-6.00,2026-02-03
195,Southern Utah,WAC,,,15,7,73.4,66.3,7.14,,-4.26,,1.41,-4.82,-3.42,92.05,97.98,-5.93,2026-02-03
196,Stephen F. Austin,Southland,,,15,7,76.0,68.6,7.41,,-8.12,,6.52,-9.99,-3.47,91.59,97.76,-6.17,2026-02-03
197,Dayton,A-10,,,11,11,65.8,67.5,-1.77,,-1.80,,-0.10,-3.47,-3.58,91.17,97.99,-6.82,2026-02-03
198,Tennessee Tech,OVC,,,12,9,67.3,62.0,5.33,,-6.14,,-1.79,-1.82,-3.61,90.02,96.17,-6.15,2026-02-03
199,Longwood,Big South,,,15,6,78.2,65.3,12.90,,-7.16,,3.24,-7.06,-3.82,87.20,95.64,-8.45,2026-02-03
200,Tarleton State,WAC,,,11,9,66.2,63.3,2.90,,-3.02,,-2.99,-1.03,-4.02,87.09,93.31,-6.22,2026-02-03
201,Illinois-Chicago,MVC,,,10,11,64.2,63.6,0.62,,-4.84,,-4.88,0.66,-4.22,90.45,97.54,-7.09,2026-02-03
202,Pacific,WCC,,,8,13,64.8,67.4,-2.62,,1.85,,-2.15,-2.10,-4.25,89.95,97.27,-7.32,2026-02-03
203,Chattanooga,Southern,,,15,5,64.6,56.8,7.85,,-7.50,,-6.71,2.44,-4.27,86.90,93.17,-6.26,2026-02-03
204,Utah Valley,WAC,,,10,10,63.9,61.5,2.35,,-2.03,,-4.69,0.33,-4.36,82.81,90.19,-7.39,2026-02-03
205,Boston College,ACC,,,4,20,63.2,75.5,-12.29,,7.75,,1.08,-5.62,-4.54,92.78,101.30,-8.52,2026-02-03
206,Drake,MVC,,,6,15,70.7,77.4,-6.71,,2.18,,3.38,-7.92,-4.54,93.85,101.29,-7.44,2026-02-03
207,Georgia State,Sun Belt,,,9,14,69.0,73.2,-4.22,,3.56,,1.98,-6.80,-4.82,90.08,98.07,-7.99,2026-02-03
208,Delaware,CUSA,,,10,11,65.1,65.0,0.10,,-3.85,,-2.39,-2.56,-4.95,84.55,92.53,-7.98,2026-02-03
209,Nevada,MWC,,,7,14,55.3,59.0,-3.71,,-0.21,,-9.59,4.64,-4.96,81.82,90.29,-8.47,2026-02-03
210,Bowling Green,MAC,,,11,10,69.7,65.0,4.67,,-0.04,,-3.19,-2.02,-5.21,85.25,93.54,-8.29,2026-02-03
211,Eastern Washington,Big Sky,,,11,11,68.8,67.2,1.59,,-2.25,,-0.03,-5.32,-5.35,86.58,95.23,-8.65,2026-02-03
212,Robert Morris,Horizon,,,15,7,65.5,59.6,5.82,,-7.86,,-5.82,0.47,-5.36,85.33,94.00,-8.67,2026-02-03
213,Morehead State,OVC,,,14,9,65.0,65.3,-0.30,,-1.51,,-4.28,-1.14,-5.42,86.21,94.32,-8.11,2026-02-03
214,Southern,SWAC,,,11,9,61.0,61.9,-0.85,,-0.16,,-6.95,1.46,-5.49,83.10,92.26,-9.17,2026-02-03
215,Memphis,American,,,8,13,66.1,69.1,-3.05,,-0.14,,-1.28,-4.26,-5.54,79.66,87.79,-8.12,2026-02-03
216,Stetson,A-Sun,,,13,8,70.1,65.5,4.62,,-4.60,,0.66,-6.27,-5.60,93.10,102.08,-8.98,2026-02-03
217,UT Arlington,WAC,,,8,13,59.4,65.6,-6.19,,0.59,,-5.64,0.05,-5.60,80.58,87.79,-7.21,2026-02-03
218,NJIT,AmEast,,,13,9,66.9,64.9,2.00,,-7.94,,0.99,-6.94,-5.94,92.08,102.00,-9.92,2026-02-03
219,Air Force,MWC,,,9,12,57.9,61.5,-3.57,,-2.15,,-7.93,1.98,-5.95,82.76,92.16,-9.40,2026-02-03
220,Lehigh,Patriot,,,10,10,65.5,66.7,-1.20,,-4.76,,-0.12,-5.83,-5.96,92.61,102.52,-9.91,2026-02-03
221,Elon,CAA,,,10,11,65.7,63.2,2.43,,-5.49,,-3.94,-2.05,-5.99,85.85,95.12,-9.28,2026-02-03
222,West Georgia,A-Sun,,,14,7,72.6,63.9,8.71,,-8.89,,-0.15,-5.96,-6.10,90.04,100.04,-10.00,2026-02-03
223,Sacramento State,Big Sky,,,11,12,63.5,60.0,3.52,,-3.09,,-9.38,3.24,-6.14,80.86,90.84,-9.98,2026-02-03
224,St. Thomas,Summit,,,10,12,64.8,61.5,3.23,,-2.42,,-6.57,0.37,-6.21,85.23,95.59,-10.36,2026-02-03
225,Kennesaw State,CUSA,,,10,10,64.8,61.1,3.65,,-2.47,,-4.46,-1.84,-6.30,84.02,93.90,-9.88,2026-02-03
226,UC Riverside,Big West,,,7,14,63.0,64.1,-1.14,,-2.05,,-5.88,-0.48,-6.36,84.47,94.43,-9.96,2026-02-03
227,Campbell,CAA,,,14,8,62.5,56.3,6.23,,-7.13,,-9.39,3.01,-6.38,83.23,94.16,-10.94,2026-02-03
228,Tennessee-Martin,OVC,,,11,9,65.4,62.7,2.75,,-2.85,,-5.41,-1.15,-6.56,85.88,96.33,-10.45,2026-02-03
229,Jacksonville State,CUSA,,,11,10,64.0,58.4,5.67,,-5.29,,-7.14,0.57,-6.57,87.43,97.64,-10.22,2026-02-03
230,Monmouth,CAA,,,13,7,64.1,57.1,6.95,,-7.65,,-7.56,0.97,-6.59,84.04,94.25,-10.21,2026-02-03
231,Northwestern State,Southland,,,11,9,64.0,62.2,1.75,,-1.42,,-8.21,1.57,-6.64,82.80,93.19,-10.39,2026-02-03
232,Maryland-Baltimore County,AmEast,,,11,10,63.5,58.3,5.19,,-5.93,,-8.13,1.46,-6.67,81.30,91.78,-10.48,2026-02-03
233,Fordham,A-10,,,9,13,63.2,64.5,-1.32,,-4.93,,-3.21,-3.53,-6.74,83.81,94.89,-11.08,2026-02-03
234,William & Mary,CAA,,,11,9,61.8,60.6,1.20,,-7.17,,-6.84,-0.07,-6.91,83.11,94.25,-11.14,2026-02-03
235,Wofford,Southern,,,11,10,68.4,63.0,5.43,,-4.72,,-4.07,-3.04,-7.11,88.30,99.68,-11.38,2026-02-03
236,Wyoming,MWC,,,8,13,54.6,60.0,-5.43,,0.38,,-10.68,3.51,-7.17,82.21,94.61,-12.40,2026-02-03
237,Alabama A&M,SWAC,,,12,9,62.0,58.4,3.57,,-5.23,,-9.26,1.92,-7.34,81.04,91.50,-10.47,2026-02-03
238,St. Bonaventure,A-10,,,12,11,62.6,61.0,1.65,,-6.94,,-6.46,-0.93,-7.39,84.16,96.02,-11.85,2026-02-03
239,Texas State,Sun Belt,,,10,11,62.3,63.2,-0.86,,-1.98,,-7.92,0.36,-7.56,81.11,92.03,-10.92,2026-02-03
240,Texas-Rio Grande Valley,Southland,,,13,9,65.8,65.8,-0.05,,-3.05,,-2.92,-4.79,-7.70,86.22,97.11,-10.89,2026-02-03
241,Stony Brook,CAA,,,12,10,57.4,55.3,2.09,,-4.76,,-12.82,5.01,-7.81,78.66,91.35,-12.69,2026-02-03
242,Florida Atlantic,American,,,9,13,62.0,68.3,-6.32,,0.82,,-4.26,-3.59,-7.84,83.60,96.46,-12.86,2026-02-03
243,Pittsburgh,ACC,,,8,15,60.2,68.9,-8.70,,0.93,,-6.03,-1.85,-7.89,82.43,94.82,-12.39,2026-02-03
244,Radford,Big South,,,15,9,64.3,59.5,4.71,,-9.20,,-7.85,-0.08,-7.93,77.85,90.28,-12.43,2026-02-03
245,Northern Arizona,Big Sky,,,7,16,71.8,75.1,-3.30,,-0.46,,3.19,-11.22,-8.03,90.23,102.16,-11.93,2026-02-03
246,Little Rock,OVC,,,10,11,58.2,60.6,-2.38,,-1.27,,-11.55,3.49,-8.06,77.52,89.58,-12.06,2026-02-03
247,Furman,Southern,,,14,8,70.4,61.6,8.73,,-3.66,,-2.69,-5.47,-8.16,81.85,94.25,-12.40,2026-02-03
248,Norfolk State,MEAC,,,10,12,62.6,61.4,1.27,,-1.29,,-8.17,-0.12,-8.29,77.81,91.47,-13.65,2026-02-03
249,IU Indy,Horizon,,,8,13,66.2,67.6,-1.38,,-2.87,,-4.52,-3.82,-8.34,82.43,94.93,-12.50,2026-02-03
250,Duquesne,A-10,,,7,15,64.0,66.1,-2.14,,-1.93,,-5.59,-2.89,-8.48,79.93,93.71,-13.78,2026-02-03
251,Montana,Big Sky,,,7,14,62.4,71.1,-8.76,,2.41,,-3.91,-4.73,-8.64,87.71,101.07,-13.36,2026-02-03
252,East Tennessee State,Southern,,,10,11,56.6,57.8,-1.19,,-4.41,,-11.76,2.72,-9.04,80.00,93.76,-13.77,2026-02-03
253,Weber State,Big Sky,,,7,16,64.2,67.4,-3.26,,0.31,,-4.13,-5.06,-9.19,84.21,97.80,-13.60,2026-02-03
254,Wichita State,American,,,5,17,60.0,66.6,-6.59,,0.24,,-8.60,-0.64,-9.24,79.40,93.01,-13.61,2026-02-03
255,Kansas City,Summit,,,7,15,69.2,68.4,0.82,,-0.57,,-4.35,-4.91,-9.26,86.86,101.43,-14.57,2026-02-03
256,Maryland-Eastern Shore,MEAC,,,12,11,63.3,66.5,-3.13,,-2.57,,-4.81,-4.47,-9.28,81.91,96.10,-14.19,2026-02-03
257,San Diego,WCC,,,8,16,56.1,62.2,-6.08,,-0.12,,-11.37,1.91,-9.46,78.57,93.67,-15.10,2026-02-03
258,Oakland,Horizon,,,8,14,63.1,71.4,-8.27,,1.92,,-2.31,-7.20,-9.51,88.97,103.04,-14.07,2026-02-03
259,Towson,CAA,,,12,9,65.1,66.0,-0.90,,-5.50,,-2.92,-6.69,-9.60,84.37,99.24,-14.87,2026-02-03
260,Merrimack,MAAC,,,11,10,67.8,66.9,0.95,,-8.09,,-1.08,-8.55,-9.64,85.51,100.54,-15.04,2026-02-03
261,UNC Greensboro,Southern,,,13,9,65.6,54.2,11.45,,-7.61,,-10.98,1.31,-9.66,82.24,97.51,-15.27,2026-02-03
262,North Carolina A&T,CAA,,,8,12,62.7,62.7,0.00,,1.00,,-6.32,-3.61,-9.93,82.07,97.13,-15.06,2026-02-03
263,Mercer,Southern,,,12,9,65.5,62.6,2.90,,-9.76,,-4.82,-5.14,-9.97,82.80,98.37,-15.57,2026-02-03
264,Utah State,MWC,,,6,15,60.0,67.8,-7.76,,0.79,,-5.80,-4.31,-10.11,83.74,99.17,-15.44,2026-02-03
265,SIU Edwardsville,OVC,,,10,12,61.0,58.8,2.23,,-5.66,,-11.44,1.20,-10.24,79.74,95.50,-15.76,2026-02-03
266,North Alabama,A-Sun,,,10,10,63.4,64.0,-0.60,,-6.16,,-6.96,-3.31,-10.28,81.58,97.02,-15.44,2026-02-03
267,Southeast Missouri State,OVC,,,8,13,66.5,67.3,-0.86,,-3.53,,-3.66,-6.66,-10.32,84.18,98.88,-14.70,2026-02-03
268,Incarnate Word,Southland,,,10,10,65.0,70.1,-5.10,,-3.22,,-2.34,-8.26,-10.60,88.69,103.59,-14.90,2026-02-03
269,Utah Tech,WAC,,,6,14,61.2,66.8,-5.60,,-4.29,,-7.69,-3.07,-10.76,79.64,95.63,-15.99,2026-02-03
270,UTEP,CUSA,,,10,10,66.8,69.2,-2.40,,-4.20,,-2.58,-8.95,-11.54,84.18,101.45,-17.27,2026-02-03
271,Southern Illinois,MVC,,,6,13,67.2,71.2,-3.95,,-3.25,,-4.65,-7.24,-11.89,84.53,102.33,-17.80,2026-02-03
272,Western Michigan,MAC,,,6,13,55.6,66.9,-11.32,,-0.85,,-11.95,-0.18,-12.13,76.53,94.48,-17.95,2026-02-03
273,Denver,Summit,,,9,13,61.4,68.4,-7.00,,0.02,,-9.03,-3.17,-12.20,80.87,100.42,-19.55,2026-02-03
274,Loyola (MD),Patriot,,,9,12,56.1,61.2,-5.10,,-7.15,,-11.45,-0.80,-12.24,80.99,100.49,-19.50,2026-02-03
275,Marist,MAAC,,,9,14,59.6,65.8,-6.22,,-6.13,,-7.34,-5.01,-12.35,81.89,100.55,-18.66,2026-02-03
276,Western Kentucky,CUSA,,,5,15,57.9,65.4,-7.50,,-1.96,,-10.13,-2.25,-12.38,81.40,100.81,-19.41,2026-02-03
277,Cal State Bakersfield,Big West,,,7,14,61.6,67.8,-6.19,,-5.30,,-6.38,-6.03,-12.40,80.31,97.82,-17.51,2026-02-03
278,Lipscomb,A-Sun,,,8,13,60.8,63.8,-2.95,,-4.83,,-11.09,-1.42,-12.51,77.38,96.04,-18.66,2026-02-03
279,East Texas A&M,Southland,,,9,10,66.9,66.9,0.00,,-6.56,,-6.74,-5.94,-12.68,81.98,99.55,-17.58,2026-02-03
280,Evansville,MVC,,,5,17,65.5,75.2,-9.73,,-3.17,,-3.55,-9.35,-12.90,82.59,100.78,-18.19,2026-02-03
281,Siena,MAAC,,,9,12,67.7,65.5,2.14,,-15.06,,-2.66,-10.25,-12.92,78.54,100.23,-21.69,2026-02-03
282,Long Island University,NEC,,,13,8,70.3,60.2,10.14,,-18.03,,-5.08,-8.01,-13.09,82.32,102.59,-20.27,2026-02-03
283,Nicholls State,Southland,,,10,10,65.3,64.5,0.85,,-11.51,,-8.67,-4.42,-13.09,78.82,97.15,-18.33,2026-02-03
284,New Hampshire,AmEast,,,8,14,57.5,60.7,-3.23,,-5.51,,-10.63,-2.78,-13.41,79.37,100.29,-20.92,2026-02-03
285,Coppin State,MEAC,,,5,18,55.6,69.7,-14.09,,2.76,,-10.45,-3.01,-13.47,74.46,93.06,-18.60,2026-02-03
286,Milwaukee,Horizon,,,8,16,61.0,66.4,-5.46,,-5.11,,-7.88,-5.59,-13.47,82.80,103.38,-20.59,2026-02-03
287,New Mexico State,CUSA,,,7,14,58.8,67.2,-8.43,,-0.91,,-7.43,-6.26,-13.69,77.14,96.80,-19.67,2026-02-03
288,Mount St. Mary's,MAAC,,,10,12,60.1,62.9,-2.82,,-10.92,,-10.06,-3.68,-13.74,75.27,95.87,-20.60,2026-02-03
289,Hampton,CAA,,,9,12,62.3,62.0,0.29,,-7.58,,-9.11,-4.69,-13.80,81.61,102.68,-21.07,2026-02-03
290,Alcorn State,SWAC,,,11,9,55.1,61.1,-6.00,,-2.01,,-15.23,1.40,-13.84,73.61,94.45,-20.83,2026-02-03
291,Akron,MAC,,,4,17,69.0,76.3,-7.33,,0.43,,-1.16,-12.72,-13.89,84.35,103.85,-19.50,2026-02-03
292,Boston University,Patriot,,,7,15,56.6,59.8,-3.18,,-7.21,,-12.43,-1.50,-13.92,83.03,105.67,-22.64,2026-02-03
293,Iona,MAAC,,,14,9,60.3,60.2,0.09,,-13.73,,-10.45,-3.86,-14.32,78.58,100.27,-21.69,2026-02-03
294,Cal State Northridge,Big West,,,6,14,64.8,67.5,-2.75,,-2.86,,-7.52,-6.89,-14.42,76.94,96.87,-19.94,2026-02-03
295,Detroit Mercy,Horizon,,,4,18,62.0,73.0,-11.05,,-3.16,,-5.93,-8.52,-14.44,81.56,102.76,-21.20,2026-02-03
296,Northeastern,CAA,,,6,13,60.9,67.1,-6.21,,-8.25,,-6.91,-7.55,-14.46,81.37,103.52,-22.15,2026-02-03
297,Jackson State,SWAC,,,6,15,59.1,66.0,-6.81,,-3.64,,-10.94,-3.70,-14.64,78.95,100.19,-21.24,2026-02-03
298,Indiana State,MVC,,,8,13,73.1,79.2,-6.10,,-5.69,,3.01,-17.70,-14.69,86.16,105.81,-19.65,2026-02-03
299,Eastern Illinois,OVC,,,3,20,56.9,70.9,-14.04,,-0.71,,-10.04,-4.72,-14.76,77.00,98.28,-21.28,2026-02-03
300,Yale,Ivy,,,5,15,58.0,68.9,-10.95,,-3.84,,-7.32,-7.47,-14.79,77.90,100.33,-22.44,2026-02-03
301,Manhattan,MAAC,,,5,16,54.7,65.3,-10.62,,-4.30,,-11.60,-3.31,-14.92,74.32,96.11,-21.79,2026-02-03
302,Dartmouth,Ivy,,,10,10,57.9,58.0,-0.10,,-6.28,,-14.41,-0.63,-15.04,77.35,101.48,-24.13,2026-02-03
303,Houston Christian,Southland,,,6,14,61.7,67.7,-6.05,,-3.80,,-9.83,-5.30,-15.13,77.84,99.96,-22.12,2026-02-03
304,Sacred Heart,MAAC,,,11,11,58.4,61.5,-3.09,,-11.37,,-11.74,-3.44,-15.18,78.34,101.21,-22.87,2026-02-03
305,Cornell,Ivy,,,8,12,55.2,60.6,-5.40,,-5.46,,-14.48,-0.83,-15.30,79.64,104.31,-24.67,2026-02-03
306,North Florida,A-Sun,,,8,13,62.5,72.2,-9.67,,-3.73,,-5.58,-9.73,-15.31,82.31,104.34,-22.03,2026-02-03
307,Buffalo,MAC,,,2,19,59.0,71.7,-12.76,,-2.62,,-8.24,-7.14,-15.38,76.27,98.21,-21.94,2026-02-03
308,Portland State,Big Sky,,,5,17,64.0,74.7,-10.68,,-2.44,,-3.71,-11.69,-15.40,85.03,107.37,-22.34,2026-02-03
309,Bucknell,Patriot,,,7,14,53.9,58.1,-4.29,,-7.14,,-15.71,0.27,-15.44,74.61,98.68,-24.07,2026-02-03
310,Winthrop,Big South,,,11,12,65.4,67.0,-1.52,,-6.05,,-6.27,-9.23,-15.50,80.96,103.11,-22.15,2026-02-03
311,Hofstra,CAA,,,3,17,51.6,63.6,-12.05,,-1.09,,-14.77,-0.90,-15.67,75.14,100.03,-24.89,2026-02-03
312,American,Patriot,,,6,15,56.1,64.7,-8.52,,-7.18,,-10.21,-5.50,-15.71,79.12,103.99,-24.88,2026-02-03
313,Lafayette,Patriot,,,8,13,60.7,65.0,-4.24,,-11.48,,-7.68,-8.03,-15.71,83.25,107.28,-24.04,2026-02-03
314,Northern Illinois,MAC,,,4,17,55.5,68.6,-13.05,,-3.06,,-12.87,-3.24,-16.11,77.15,101.59,-24.44,2026-02-03
315,Samford,Southern,,,8,16,59.3,68.3,-9.00,,-1.41,,-8.66,-7.46,-16.12,81.64,106.66,-25.01,2026-02-03
316,Alabama State,SWAC,,,9,11,59.5,68.7,-9.15,,-3.22,,-9.90,-6.44,-16.34,73.83,96.58,-22.76,2026-02-03
317,San Jose State,MWC,,,3,19,57.6,73.9,-16.23,,2.36,,-6.75,-9.94,-16.69,77.46,100.47,-23.01,2026-02-03
318,Wright State,Horizon,,,6,17,65.8,71.4,-5.57,,-5.29,,-5.71,-11.06,-16.77,82.60,107.14,-24.54,2026-02-03
319,Colgate,Patriot,,,6,15,54.1,63.9,-9.76,,-5.86,,-13.60,-3.56,-17.16,74.54,101.17,-26.63,2026-02-03
320,Charleston Southern,Big South,,,7,15,61.2,72.3,-11.09,,-4.90,,-7.35,-10.17,-17.52,82.40,108.74,-26.33,2026-02-03
321,North Carolina Central,MEAC,,,4,14,61.2,73.8,-12.61,,-0.70,,-7.54,-10.22,-17.76,73.51,97.00,-23.49,2026-02-03
322,Wagner,NEC,,,10,11,56.7,58.6,-1.90,,-11.90,,-16.82,-1.88,-18.69,67.29,94.75,-27.46,2026-02-03
323,UNC Wilmington,CAA,,,5,16,61.2,69.8,-8.57,,-7.82,,-8.26,-10.51,-18.77,78.74,106.35,-27.60,2026-02-03
324,Grambling,SWAC,,,6,15,62.6,65.8,-3.19,,-5.82,,-10.25,-8.57,-18.82,73.46,100.00,-26.54,2026-02-03
325,North Dakota,Summit,,,6,17,59.6,71.6,-12.00,,-1.19,,-9.43,-9.41,-18.84,75.33,101.66,-26.33,2026-02-03
326,Texas A&M-Corpus Christi,Southland,,,4,16,58.6,68.3,-9.70,,-5.39,,-13.42,-5.86,-19.28,75.60,103.98,-28.38,2026-02-03
327,Texas Southern,SWAC,,,9,12,67.0,72.5,-5.48,,-2.36,,-6.14,-13.40,-19.54,78.17,104.13,-25.96,2026-02-03
328,Gardner-Webb,Big South,,,7,16,54.5,63.7,-9.26,,-10.50,,-15.08,-4.69,-19.76,73.64,102.87,-29.24,2026-02-03
329,Louisiana,Sun Belt,,,2,20,56.1,74.5,-18.36,,1.72,,-12.25,-7.88,-20.13,73.48,101.48,-28.01,2026-02-03
330,Queens (NC),A-Sun,,,8,13,61.7,67.1,-5.43,,-9.37,,-11.75,-8.47,-20.21,75.40,102.58,-27.18,2026-02-03
331,UNC Asheville,Big South,,,8,14,61.9,60.1,1.82,,-13.26,,-14.57,-5.64,-20.21,70.44,99.71,-29.28,2026-02-03
332,Long Beach State,Big West,,,3,18,53.6,73.4,-19.81,,0.85,,-11.29,-8.96,-20.25,75.99,105.54,-29.55,2026-02-03
333,Tennessee State,OVC,,,3,18,57.8,75.9,-18.05,,-2.20,,-7.23,-13.02,-20.25,76.21,104.16,-27.95,2026-02-03
334,Cal Poly,Big West,,,3,18,57.4,73.3,-15.90,,1.64,,-8.77,-11.80,-20.57,77.80,107.01,-29.21,2026-02-03
335,Rider,MAAC,,,4,17,53.7,64.4,-10.67,,-10.02,,-15.73,-4.96,-20.69,72.37,103.32,-30.95,2026-02-03
336,Seattle,WCC,,,5,17,61.5,76.0,-14.45,,-0.68,,-8.53,-12.80,-21.33,77.52,107.80,-30.28,2026-02-03
337,Western Carolina,Southern,,,3,18,58.6,67.3,-8.71,,-4.53,,-13.55,-8.31,-21.86,72.02,104.22,-32.19,2026-02-03
338,Stonehill,NEC,,,8,13,60.9,66.4,-5.52,,-13.85,,-11.50,-10.39,-21.90,78.18,109.82,-31.64,2026-02-03
339,Delaware State,MEAC,,,4,17,54.3,65.2,-10.86,,-5.37,,-16.57,-5.47,-22.04,68.67,101.15,-32.47,2026-02-03
340,Canisius,MAAC,,,3,18,54.8,69.8,-15.00,,-7.26,,-14.77,-7.49,-22.26,72.42,105.07,-32.65,2026-02-03
341,Southeastern Louisiana,Southland,,,2,18,58.4,77.9,-19.55,,0.76,,-10.84,-11.93,-22.77,78.91,111.79,-32.89,2026-02-03
342,New Haven,NEC,,,7,14,59.2,60.1,-0.90,,-16.52,,-17.42,-5.63,-23.05,72.61,107.35,-34.75,2026-02-03
343,Arkansas-Pine Bluff,SWAC,,,7,12,57.1,70.2,-13.05,,-7.64,,-13.67,-9.65,-23.31,74.52,106.69,-32.17,2026-02-03
344,Saint Peter's,MAAC,,,6,15,52.7,64.2,-11.57,,-8.62,,-17.75,-5.62,-23.37,71.26,106.79,-35.53,2026-02-03
345,Chicago State,NEC,,,6,17,59.3,74.3,-14.91,,-8.64,,-10.45,-13.10,-23.55,73.60,106.40,-32.80,2026-02-03
346,Florida A&M,SWAC,,,5,15,57.5,72.2,-14.70,,-7.92,,-12.29,-11.41,-23.71,74.07,106.14,-32.08,2026-02-03
347,Mercyhurst,NEC,,,7,14,61.8,77.5,-15.67,,-8.20,,-6.72,-17.14,-23.86,82.44,116.98,-34.54,2026-02-03
348,New Orleans,Southland,,,1,20,61.6,83.2,-21.57,,-2.16,,-5.77,-18.64,-24.41,75.31,107.17,-31.86,2026-02-03
349,Morgan State,MEAC,,,3,20,52.8,73.5,-20.65,,-0.76,,-14.14,-10.33,-24.47,73.56,110.10,-36.54,2026-02-03
350,South Carolina Upstate,Big South,,,6,17,57.2,64.9,-7.65,,-7.99,,-16.81,-7.68,-24.49,69.29,106.09,-36.80,2026-02-03
351,Massachusetts-Lowell,AmEast,,,6,16,57.8,67.1,-9.36,,-7.92,,-13.83,-10.94,-24.77,77.10,115.80,-38.70,2026-02-03
352,Bethune-Cookman,SWAC,,,3,19,54.5,70.0,-15.41,,-6.08,,-17.02,-8.17,-25.19,69.67,105.22,-35.55,2026-02-03
353,South Carolina State,MEAC,,,5,15,57.0,68.0,-11.05,,-7.14,,-16.51,-10.36,-26.87,68.90,107.14,-38.24,2026-02-03
354,Omaha,Summit,,,2,22,53.4,78.3,-24.92,,1.89,,-15.64,-11.93,-27.57,70.38,110.18,-39.80,2026-02-03
355,Saint Francis (PA),NEC,,,2,19,56.8,70.9,-14.14,,-13.77,,-13.56,-14.96,-28.52,70.69,111.62,-40.94,2026-02-03
356,Prairie View,SWAC,,,2,18,55.1,76.8,-21.70,,-4.37,,-13.16,-16.44,-29.59,68.08,106.74,-38.66,2026-02-03
357,Le Moyne,NEC,,,5,18,55.2,74.1,-18.96,,-9.30,,-14.28,-15.38,-29.66,73.69,117.77,-44.07,2026-02-03
358,Valparaiso,MVC,,,0,22,54.1,79.7,-25.59,,-4.22,,-14.26,-15.55,-29.81,66.78,106.42,-39.64,2026-02-03
359,Mississippi Valley State,SWAC,,,4,15,57.1,83.5,-26.42,,-4.33,,-10.77,-19.98,-30.75,69.40,109.31,-39.92,2026-02-03
360,Bellarmine,A-Sun,,,2,21,51.7,80.3,-28.65,,0.26,,-15.72,-15.16,-30.87,68.22,110.79,-42.57,2026-02-03
361,Presbyterian,Big South,,,3,19,52.9,71.6,-18.73,,-7.26,,-20.51,-12.55,-33.06,63.93,111.26,-47.33,2026-02-03
362,Central Connecticut State,NEC,,,0,21,52.0,73.4,-21.38,,-11.78,,-18.07,-15.09,-33.16,64.90,112.37,-47.48,2026-02-03
363,Niagara,MAAC,,,0,21,52.2,81.0,-28.76,,-7.11,,-16.28,-19.59,-35.87,63.73,111.13,-47.40,2026-02-03
1,UConn,Big East,,1,24,0,90.3,50.7,39.58,,14.47,,30.77,23.29,54.05,129.72,58.60,71.12,2026-02-07
2,UCLA,Big Ten,,2,22,1,86.8,56.7,30.13,,18.21,,28.05,20.28,48.34,132.69,67.03,65.66,2026-02-07
3,Texas,SEC,,4,22,2,87.8,54.8,33.00,,14.28,,27.08,20.20,47.28,124.91,64.46,60.45,2026-02-07
4,LSU,SEC,,5,21,3,97.4,58.4,39.00,,8.14,,34.91,12.23,47.14,125.92,69.34,56.58,2026-02-07
5,South Carolina,SEC,,3,23,2,87.9,55.9,32.04,,14.15,,28.16,18.03,46.19,125.28,65.77,59.52,2026-02-07
6,Michigan,Big Ten,,8,20,3,87.8,62.0,25.83,,14.93,,27.30,13.46,40.76,120.05,68.39,51.66,2026-02-07
7,Oklahoma,SEC,,11,17,5,88.0,63.9,24.18,,12.54,,27.46,9.26,36.72,113.40,69.55,43.85,2026-02-07
8,Louisville,ACC,,6,21,4,81.6,59.7,21.92,,12.65,,21.60,12.96,34.57,118.74,73.83,44.91,2026-02-07
9,Michigan State,Big Ten,,12,19,4,85.5,63.0,22.52,,10.95,,23.57,9.90,33.47,120.46,77.07,43.39,2026-02-07
10,Duke,ACC,,17,17,6,75.1,59.3,15.83,,17.44,,16.58,16.69,33.27,112.22,69.13,43.09,2026-02-07
11,TCU,Big 12,,14,21,3,80.3,54.3,26.04,,6.92,,16.55,16.41,32.96,113.26,70.51,42.75,2026-02-07
12,Vanderbilt,SEC,,7,22,2,84.7,62.3,22.42,,10.41,,22.87,9.95,32.82,121.00,78.47,42.53,2026-02-07
13,Minnesota,Big Ten,,,17,6,76.1,56.1,20.00,,12.27,,14.76,17.51,32.27,115.91,71.63,44.28,2026-02-07
14,Iowa,Big Ten,,10,18,5,79.9,66.1,13.83,,18.35,,20.76,11.42,32.18,115.95,74.48,41.47,2026-02-07
15,Maryland,Big Ten,,22,18,6,83.3,61.7,21.67,,10.13,,22.96,8.84,31.79,116.40,74.78,41.62,2026-02-07
16,Ohio State,Big Ten,,9,21,3,83.9,64.4,19.54,,10.94,,22.08,8.40,30.48,112.67,75.28,37.39,2026-02-07
17,USC,Big Ten,,,14,9,69.7,59.6,10.17,,20.20,,11.83,18.55,30.38,107.87,67.77,40.11,2026-02-07
18,Kentucky,SEC,,16,18,6,77.6,58.5,19.13,,11.09,,15.28,14.93,30.21,115.30,74.72,40.58,2026-02-07
19,Tennessee,SEC,,19,15,5,78.0,63.7,14.25,,15.70,,19.61,10.34,29.95,111.08,72.79,38.29,2026-02-07
20,Ole Miss,SEC,,13,19,5,77.5,57.2,20.33,,9.39,,15.42,14.30,29.73,111.58,73.33,38.25,2026-02-07
21,West Virginia,Big 12,,20,19,5,76.4,59.1,17.29,,12.09,,15.88,13.50,29.38,110.63,73.06,37.57,2026-02-07
22,Nebraska,Big Ten,,,16,7,81.8,66.1,15.74,,12.93,,19.35,9.32,28.67,118.05,80.27,37.78,2026-02-07
23,Oregon,Big Ten,,,18,7,77.4,62.7,14.72,,13.44,,17.15,11.01,28.16,110.56,73.82,36.74,2026-02-07
24,UNC,ACC,,25,19,5,75.0,58.0,17.08,,10.58,,13.31,14.36,27.67,108.72,72.68,36.04,2026-02-07
25,NC State,ACC,,,16,7,78.2,66.1,12.09,,15.54,,19.23,8.40,27.63,113.33,77.85,35.48,2026-02-07
26,Notre Dame,ACC,,,15,8,79.5,65.5,14.00,,12.95,,19.39,7.56,26.95,113.65,79.97,33.68,2026-02-07
27,Oklahoma State,Big 12,,,18,6,85.3,62.6,22.67,,6.14,,20.32,6.43,26.74,118.40,84.49,33.91,2026-02-07
28,Texas Tech,Big 12,,18,21,3,73.3,56.2,17.13,,8.63,,11.30,14.46,25.76,107.32,73.77,33.55,2026-02-07
29,Alabama,SEC,,21,20,4,71.5,57.5,13.92,,11.78,,11.15,14.54,25.69,110.23,75.59,34.65,2026-02-07
30,Baylor,Big 12,,15,20,4,72.6,57.5,15.08,,10.53,,11.64,13.97,25.61,105.03,71.28,33.75,2026-02-07
31,Iowa State,Big 12,,,18,5,83.8,63.8,20.00,,5.43,,20.46,4.97,25.43,117.67,84.34,33.33,2026-02-07
32,Washington,Big Ten,,24,17,6,73.3,59.8,13.52,,11.37,,12.10,12.79,24.89,111.91,77.90,34.00,2026-02-07
33,Illinois,Big Ten,,,16,7,78.0,65.3,12.78,,11.25,,14.41,9.62,24.04,111.48,80.49,30.99,2026-02-07
34,Georgia,SEC,,,18,5,75.0,58.5,16.57,,6.77,,12.05,11.28,23.33,108.36,77.98,30.38,2026-02-07
35,Mississippi State,SEC,,,16,8,77.8,64.8,13.00,,9.20,,15.76,6.44,22.20,110.84,82.27,28.57,2026-02-07
36,Syracuse,ACC,,,19,4,75.7,61.0,14.70,,6.61,,13.75,7.56,21.30,104.75,77.94,26.80,2026-02-07
37,Stanford,ACC,,,16,8,70.1,60.3,9.79,,10.82,,8.81,11.80,20.61,105.08,77.20,27.88,2026-02-07
38,Virginia,ACC,,,16,7,76.9,62.0,14.87,,5.28,,13.29,6.86,20.15,109.37,82.61,26.76,2026-02-07
39,Virginia Tech,ACC,,,18,6,74.4,59.0,15.38,,4.68,,10.66,9.39,20.05,102.44,77.57,24.87,2026-02-07
40,Colorado,Big 12,,,15,8,68.1,60.3,7.83,,11.15,,6.77,12.21,18.98,100.06,75.63,24.43,2026-02-07
41,Villanova,Big East,,,18,5,73.0,62.2,10.83,,8.01,,11.54,7.30,18.84,106.29,81.20,25.09,2026-02-07
42,Clemson,ACC,,,16,8,69.6,57.4,12.21,,6.52,,5.92,12.81,18.73,108.73,83.16,25.56,2026-02-07
43,Miami (FL),ACC,,,12,11,70.8,64.6,6.17,,12.19,,9.99,8.37,18.36,104.36,81.55,22.81,2026-02-07
44,California,ACC,,,14,10,69.2,63.2,6.00,,11.91,,8.77,9.14,17.91,104.29,81.40,22.89,2026-02-07
45,Florida,SEC,,,14,11,73.8,65.4,8.40,,9.41,,11.02,6.79,17.81,103.98,82.13,21.85,2026-02-07
46,Utah,Big 12,,,16,7,69.0,63.2,5.83,,12.43,,8.40,8.93,17.34,103.11,81.03,22.08,2026-02-07
47,Kansas,Big 12,,,14,10,73.5,65.8,7.67,,12.17,,11.59,5.62,17.21,106.54,84.32,22.21,2026-02-07
48,BYU,Big 12,,,16,7,71.3,62.7,8.65,,8.27,,9.30,7.62,16.92,99.55,78.89,20.66,2026-02-07
49,Richmond,A-10,,,19,4,75.8,61.6,14.22,,2.65,,12.13,4.74,16.87,111.59,89.09,22.50,2026-02-07
50,Arizona State,Big 12,,,19,5,67.1,58.6,8.46,,8.21,,4.61,12.06,16.66,97.54,76.17,21.38,2026-02-07
51,North Dakota State,Summit,,,21,2,80.5,59.5,21.04,,-2.88,,12.30,3.97,16.26,108.98,86.83,22.15,2026-02-07
52,Seton Hall,Big East,,,15,7,69.9,63.9,6.00,,9.74,,8.95,6.79,15.74,103.26,83.03,20.23,2026-02-07
53,James Madison,Sun Belt,,,17,8,74.9,63.8,11.08,,4.62,,9.98,5.72,15.70,102.57,82.33,20.23,2026-02-07
54,South Dakota State,Summit,,,18,6,75.8,63.4,12.46,,3.01,,10.43,5.04,15.47,107.56,86.97,20.60,2026-02-07
55,Princeton,Ivy,,23,19,2,74.0,63.8,10.19,,5.07,,11.28,3.98,15.26,109.24,89.03,20.21,2026-02-07
56,Indiana,Big Ten,,,13,11,71.4,69.6,1.83,,12.90,,10.31,4.43,14.74,107.64,89.27,18.37,2026-02-07
57,Kansas State,Big 12,,,12,12,68.5,65.9,2.58,,11.82,,8.48,5.92,14.41,102.64,84.91,17.73,2026-02-07
58,Marquette,Big East,,,16,7,70.1,61.7,8.43,,6.98,,7.08,6.76,13.84,103.40,85.35,18.05,2026-02-07
59,Missouri,SEC,,,16,9,75.6,73.1,2.44,,11.16,,13.59,0.02,13.60,107.82,91.10,16.72,2026-02-07
60,Gonzaga,WCC,,,17,7,73.5,64.7,8.83,,4.50,,9.53,3.81,13.33,104.65,87.12,17.54,2026-02-07
61,Columbia,Ivy,,,14,6,71.5,61.3,10.25,,2.60,,8.77,4.08,12.85,102.67,86.46,16.21,2026-02-07
62,Rhode Island,A-10,,,20,2,68.3,54.0,14.23,,0.54,,3.21,9.57,12.77,101.24,83.93,17.31,2026-02-07
63,Auburn,SEC,,,13,11,61.0,61.1,-0.13,,12.75,,0.99,11.63,12.62,95.56,80.01,15.54,2026-02-07
64,Montana State,Big Sky,,,16,6,76.5,62.7,13.77,,1.97,,9.87,2.70,12.57,97.69,82.23,15.46,2026-02-07
65,Purdue,Big Ten,,,11,12,70.3,71.3,-1.00,,13.55,,9.98,2.57,12.55,104.61,88.61,16.01,2026-02-07
66,Troy,Sun Belt,,,19,4,83.9,68.7,15.17,,-0.19,,14.99,-2.50,12.49,99.50,86.09,13.41,2026-02-07
67,Texas A&M,SEC,,,8,10,63.8,69.2,-5.44,,17.29,,4.30,7.54,11.84,95.28,81.36,13.92,2026-02-07
68,Fairfield,MAAC,,,19,4,78.0,59.0,19.04,,-7.56,,9.36,2.13,11.49,105.19,90.62,14.57,2026-02-07
69,Wisconsin,Big Ten,,,13,10,70.0,70.4,-0.43,,11.81,,8.26,3.12,11.38,102.73,88.50,14.24,2026-02-07
70,Davidson,A-10,,,15,10,66.4,58.5,7.92,,3.40,,3.09,8.23,11.32,98.02,83.17,14.86,2026-02-07
71,Harvard,Ivy,,,12,8,65.8,58.1,7.70,,3.50,,2.45,8.75,11.20,96.11,81.52,14.60,2026-02-07
72,George Mason,A-10,,,15,6,68.4,60.3,8.10,,2.98,,4.36,6.72,11.07,96.87,82.10,14.77,2026-02-07
73,Rice,American,,,19,3,69.6,58.6,10.95,,-0.04,,3.97,6.95,10.91,96.76,82.92,13.83,2026-02-07
74,Santa Clara,WCC,,,18,7,82.0,66.9,15.12,,0.26,,14.44,-3.75,10.69,102.17,89.55,12.63,2026-02-07
75,South Florida,American,,,13,10,70.6,69.9,0.70,,9.75,,8.51,1.93,10.45,101.70,89.28,12.42,2026-02-07
76,Georgetown,Big East,,,12,11,65.5,60.9,4.61,,5.60,,3.03,7.18,10.21,97.58,84.51,13.06,2026-02-07
77,Arkansas State,Sun Belt,,,20,4,78.5,66.9,11.58,,-0.02,,10.28,-0.43,9.85,95.72,85.02,10.70,2026-02-07
78,Nevada-Las Vegas,MWC,,,15,7,67.9,61.4,6.55,,3.11,,5.42,4.23,9.65,101.63,89.34,12.29,2026-02-07
79,San Diego State,MWC,,,17,4,69.6,59.4,10.19,,1.83,,3.26,6.27,9.53,99.00,86.46,12.54,2026-02-07
80,Ball State,MAC,,,18,5,78.3,64.8,13.48,,-0.89,,10.40,-1.06,9.34,100.73,90.07,10.66,2026-02-07
81,Colorado State,MWC,,,17,6,66.4,55.6,10.83,,-0.06,,0.29,8.92,9.21,98.11,86.03,12.08,2026-02-07
82,Georgia Tech,ACC,,,10,14,65.7,67.4,-1.67,,10.71,,4.13,4.92,9.05,93.44,82.56,10.88,2026-02-07
83,Penn State,Big Ten,,,8,15,74.5,82.5,-8.00,,17.02,,16.24,-7.22,9.02,105.65,94.56,11.09,2026-02-07
84,Creighton,Big East,,,11,12,69.0,68.2,0.87,,8.03,,7.03,1.88,8.90,101.60,90.22,11.37,2026-02-07
85,Saint Joseph's,A-10,,,15,7,67.5,57.3,10.23,,2.28,,1.41,7.47,8.88,97.30,85.61,11.70,2026-02-07
86,Oregon State,WCC,,,17,7,66.8,60.8,6.00,,4.76,,2.22,6.49,8.71,98.66,87.64,11.01,2026-02-07
87,Louisiana Tech,CUSA,,,16,5,75.2,59.4,15.76,,-0.34,,5.28,3.38,8.66,101.67,90.14,11.53,2026-02-07
88,Florida State,ACC,,,7,16,72.5,77.3,-4.74,,13.31,,12.25,-3.68,8.57,98.76,89.10,9.66,2026-02-07
89,Georgia Southern,Sun Belt,,,17,5,74.2,64.7,9.50,,1.52,,3.97,4.55,8.52,99.32,88.38,10.94,2026-02-07
90,UC Irvine,Big West,,,18,4,71.5,57.1,14.41,,-6.31,,3.45,4.64,8.10,99.96,89.63,10.33,2026-02-07
91,Miami (OH),MAC,,,18,4,71.9,57.8,14.09,,-3.13,,1.74,5.98,7.73,95.40,85.53,9.88,2026-02-07
92,Arkansas,SEC,,,11,13,73.5,75.3,-1.75,,9.42,,10.79,-3.13,7.67,97.73,88.98,8.76,2026-02-07
93,Belmont,MVC,,,13,9,69.7,68.1,1.55,,6.00,,4.30,3.24,7.55,96.55,87.54,9.01,2026-02-07
94,Arizona,Big 12,,,11,11,71.5,70.1,1.41,,5.98,,8.42,-1.04,7.39,97.40,89.47,7.93,2026-02-07
95,Murray State,MVC,,,20,3,84.7,75.2,9.52,,0.02,,17.13,-9.75,7.39,105.65,97.22,8.44,2026-02-07
96,McNeese State,Southland,,,19,4,68.7,50.8,17.87,,-5.81,,-2.34,9.68,7.34,91.91,81.88,10.03,2026-02-07
97,Cincinnati,Big 12,,,8,15,70.3,71.6,-1.26,,10.41,,7.94,-0.62,7.32,99.34,90.58,8.76,2026-02-07
98,New Mexico,MWC,,,16,7,69.0,60.7,8.30,,-1.28,,3.04,3.98,7.03,95.41,87.36,8.05,2026-02-07
99,North Texas,American,,,12,10,70.1,61.3,8.86,,3.24,,1.18,5.71,6.89,90.63,82.85,7.78,2026-02-07
100,Green Bay,Horizon,,,19,5,68.0,57.5,10.46,,-2.06,,0.38,6.39,6.77,94.44,85.93,8.51,2026-02-07
101,Marshall,Sun Belt,,,19,6,73.5,62.2,11.32,,0.35,,4.29,2.32,6.61,96.98,89.53,7.45,2026-02-07
102,UCF,Big 12,,,10,12,64.3,62.6,1.68,,4.81,,0.83,5.66,6.49,92.61,85.81,6.80,2026-02-07
103,Lindenwood,OVC,,,18,7,74.3,61.1,13.20,,-2.72,,6.52,-0.07,6.45,105.40,96.90,8.51,2026-02-07
104,Northwestern,Big Ten,,,8,15,65.9,73.8,-7.96,,14.23,,6.78,-0.51,6.27,100.03,93.12,6.90,2026-02-07
105,St. John's (NY),Big East,,,18,7,63.4,60.5,2.92,,2.99,,0.28,5.64,5.91,95.57,89.13,6.45,2026-02-07
106,Quinnipiac,MAAC,,,19,4,68.7,52.7,16.04,,-10.43,,-0.04,5.66,5.62,99.12,90.92,8.20,2026-02-07
107,Abilene Christian,WAC,,,17,6,73.3,57.7,15.52,,-3.36,,0.06,5.44,5.49,93.55,87.10,6.46,2026-02-07
108,Wake Forest,ACC,,,13,11,66.7,63.9,2.75,,2.60,,2.94,2.41,5.35,95.51,89.51,6.00,2026-02-07
109,Massachusetts,MAC,,,16,4,70.7,61.1,9.60,,-4.29,,2.55,2.76,5.31,94.94,89.19,5.75,2026-02-07
110,Central Michigan,MAC,,,14,7,70.5,63.9,6.62,,-0.36,,3.67,1.57,5.24,94.50,89.15,5.36,2026-02-07
111,Western Illinois,OVC,,,19,3,76.7,60.0,16.68,,-6.82,,5.47,-0.51,4.97,99.44,92.94,6.50,2026-02-07
112,Boise State,MWC,,,18,5,72.1,66.0,6.13,,-1.10,,7.54,-2.60,4.94,99.25,94.04,5.22,2026-02-07
113,Portland,WCC,,,13,10,70.7,62.3,8.39,,1.86,,3.28,1.43,4.72,92.09,86.53,5.56,2026-02-07
114,Coastal Carolina,Sun Belt,,,11,13,74.5,65.1,9.38,,-0.08,,5.25,-0.56,4.69,92.88,88.43,4.45,2026-02-07
115,Idaho,Big Sky,,,18,5,79.4,67.8,11.61,,-4.14,,9.97,-5.34,4.63,97.30,92.71,4.59,2026-02-07
116,College of Charleston,CAA,,,19,3,77.1,58.6,18.50,,-7.40,,4.06,0.50,4.55,97.90,92.38,5.52,2026-02-07
117,Butler,Big East,,,9,14,63.2,65.1,-1.91,,6.40,,-0.09,4.58,4.49,92.11,88.25,3.86,2026-02-07
118,East Carolina,American,,,17,7,72.4,65.5,6.88,,-2.41,,5.85,-1.38,4.47,94.18,89.97,4.21,2026-02-07
119,Grand Canyon,MWC,,,9,14,65.2,67.2,-1.96,,6.38,,3.53,0.90,4.42,92.86,88.24,4.62,2026-02-07
120,Temple,American,,,10,11,69.3,70.3,-1.00,,5.22,,6.33,-2.11,4.22,96.02,92.18,3.84,2026-02-07
121,South Dakota,Summit,,,18,6,71.7,55.1,16.58,,-6.48,,-1.21,5.39,4.18,91.24,85.57,5.67,2026-02-07
122,Vermont,AmEast,,,19,6,68.0,54.2,13.80,,-5.24,,-2.13,5.76,3.63,97.57,92.50,5.08,2026-02-07
123,Eastern Kentucky,A-Sun,,,20,4,75.4,59.8,15.58,,-9.07,,3.33,0.28,3.61,93.35,90.19,3.16,2026-02-07
124,Pepperdine,WCC,,,14,9,69.7,65.5,4.13,,0.43,,3.25,0.23,3.48,95.59,92.10,3.49,2026-02-07
125,Northern Iowa,MVC,,,11,11,64.5,63.6,0.86,,2.60,,-2.95,6.41,3.46,88.25,85.15,3.10,2026-02-07
126,Illinois State,MVC,,,13,9,73.1,67.8,5.27,,-1.96,,5.05,-1.73,3.32,97.57,94.84,2.73,2026-02-07
127,Loyola Marymount,WCC,,,15,8,70.8,63.0,7.83,,-2.44,,4.07,-0.78,3.29,99.33,95.62,3.71,2026-02-07
128,California Baptist,WAC,,,15,8,72.0,65.7,6.30,,-3.29,,5.50,-2.48,3.02,92.05,89.80,2.25,2026-02-07
129,High Point,Big South,,,21,2,76.8,58.3,18.57,,-12.48,,4.24,-1.24,3.00,94.13,91.70,2.43,2026-02-07
130,UC Santa Barbara,Big West,,,16,5,68.8,59.3,9.48,,-5.22,,-0.75,3.68,2.93,93.92,91.04,2.88,2026-02-07
131,UTSA,American,,,10,11,60.8,59.7,1.10,,3.52,,-4.67,7.24,2.57,88.21,85.70,2.51,2026-02-07
132,UC San Diego,Big West,,,16,6,69.4,59.5,9.91,,-5.71,,0.15,2.24,2.39,89.98,87.73,2.25,2026-02-07
133,Southern Indiana,OVC,,,15,7,69.5,57.1,12.36,,-2.90,,-0.58,2.95,2.36,90.57,87.74,2.84,2026-02-07
134,Pennsylvania,Ivy,,,13,8,64.0,56.9,7.14,,0.09,,-2.97,5.27,2.30,90.11,88.59,1.52,2026-02-07
135,Rutgers,Big Ten,,,9,14,57.3,67.2,-9.83,,12.10,,-3.21,5.49,2.28,89.30,88.09,1.21,2026-02-07
136,Missouri State,CUSA,,,14,8,65.6,62.6,2.95,,-0.73,,-1.02,3.24,2.22,89.38,87.78,1.60,2026-02-07
137,Tulsa,American,,,16,6,71.2,65.8,5.45,,-3.25,,2.55,-0.35,2.20,91.83,90.19,1.64,2026-02-07
138,Charlotte,American,,,10,13,63.3,66.4,-3.13,,5.24,,-0.29,2.40,2.11,91.52,89.88,1.64,2026-02-07
139,Tulane,American,,,8,13,68.1,68.4,-0.29,,2.36,,2.74,-0.67,2.08,92.09,90.43,1.67,2026-02-07
140,Purdue Fort Wayne,Horizon,,,15,9,71.3,63.5,7.79,,-3.05,,2.83,-0.92,1.91,92.36,90.88,1.49,2026-02-07
141,Central Arkansas,A-Sun,,,12,10,70.8,59.5,11.27,,-4.85,,-0.14,1.99,1.85,91.04,89.14,1.89,2026-02-07
142,Bradley,MVC,,,15,8,72.0,64.0,8.04,,-3.91,,1.46,0.27,1.73,93.28,91.23,2.05,2026-02-07
143,Idaho State,Big Sky,,,15,7,66.0,59.0,7.05,,-3.45,,-4.73,6.18,1.46,87.00,85.61,1.40,2026-02-07
144,Hawaii,Big West,,,12,9,62.5,58.9,3.62,,-1.55,,-3.86,5.31,1.45,88.67,87.07,1.60,2026-02-07
145,Middle Tennessee,CUSA,,,12,10,60.6,59.3,1.36,,-0.01,,-4.37,5.72,1.35,92.26,91.65,0.62,2026-02-07
146,Sam Houston,CUSA,,,13,7,65.2,56.5,8.65,,-1.07,,-4.16,5.03,0.87,82.43,83.21,-0.79,2026-02-07
147,Old Dominion,Sun Belt,,,14,10,69.3,67.3,2.08,,1.88,,1.92,-1.09,0.83,89.79,89.83,-0.05,2026-02-07
148,Southern Methodist,ACC,,,8,15,64.5,71.5,-6.96,,7.79,,1.80,-0.97,0.83,92.42,92.65,-0.23,2026-02-07
149,Providence,Big East,,,10,14,59.5,63.9,-4.33,,5.08,,-3.08,3.82,0.74,88.14,88.56,-0.42,2026-02-07
150,Navy,Patriot,,,15,6,70.1,61.3,8.76,,-6.82,,2.47,-1.84,0.63,92.83,93.39,-0.56,2026-02-07
151,San Francisco,WCC,,,14,9,68.7,67.3,1.48,,0.84,,3.11,-2.55,0.56,88.83,89.28,-0.45,2026-02-07
152,Northern Colorado,Big Sky,,,17,7,70.1,59.9,10.25,,-3.04,,-1.62,2.06,0.43,90.06,90.06,0.00,2026-02-07
153,Brown,Ivy,,,12,7,63.3,55.7,7.53,,-4.73,,-3.19,3.52,0.33,86.48,88.22,-1.74,2026-02-07
154,UAB,American,,,9,13,71.0,70.0,1.00,,-0.86,,4.86,-4.53,0.33,97.42,97.76,-0.34,2026-02-07
155,Houston,Big 12,,,7,15,61.0,71.7,-10.64,,10.88,,-0.33,0.57,0.24,87.87,88.09,-0.22,2026-02-07
156,UC Davis,Big West,,,16,7,69.3,63.7,5.57,,-2.79,,2.34,-2.32,0.02,93.46,95.19,-1.73,2026-02-07
157,Army,Patriot,,,17,5,65.4,56.0,9.41,,-8.23,,-3.29,3.21,-0.08,91.82,92.96,-1.14,2026-02-07
158,Liberty,CUSA,,,11,10,65.1,63.0,2.05,,1.53,,-0.45,0.35,-0.10,94.86,96.44,-1.58,2026-02-07
159,Southern Mississippi,Sun Belt,,,12,11,75.8,73.5,2.26,,1.52,,7.03,-7.13,-0.10,97.19,98.85,-1.67,2026-02-07
160,Louisiana-Monroe,Sun Belt,,,10,12,67.2,68.7,-1.50,,1.06,,1.34,-1.78,-0.44,90.51,91.76,-1.25,2026-02-07
161,Saint Mary's (CA),WCC,,,13,11,58.9,58.7,0.21,,1.88,,-6.66,6.17,-0.48,88.33,90.55,-2.22,2026-02-07
162,George Washington,A-10,,,13,11,62.6,59.9,2.71,,-1.64,,-4.19,3.68,-0.51,91.35,92.94,-1.59,2026-02-07
163,Ohio,MAC,,,13,8,74.1,69.8,4.38,,-3.62,,6.51,-7.12,-0.62,92.34,94.74,-2.40,2026-02-07
164,Fresno State,MWC,,,11,13,62.5,58.8,3.71,,-2.45,,-4.57,3.86,-0.71,86.30,88.16,-1.86,2026-02-07
165,Jacksonville,A-Sun,,,15,7,72.1,67.2,4.86,,-3.63,,4.90,-5.63,-0.73,89.49,91.94,-2.44,2026-02-07
166,Maine,AmEast,,,12,11,62.2,60.1,2.04,,-2.92,,-2.93,2.06,-0.88,89.00,91.47,-2.47,2026-02-07
167,Xavier,Big East,,,11,12,59.0,65.7,-6.65,,5.74,,-4.48,3.58,-0.91,88.13,90.66,-2.52,2026-02-07
168,Austin Peay,A-Sun,,,13,8,67.3,58.2,9.05,,-5.60,,-5.13,4.06,-1.08,89.20,91.53,-2.33,2026-02-07
169,Toledo,MAC,,,11,9,65.8,63.5,2.30,,-2.92,,-2.88,1.75,-1.13,89.89,92.30,-2.41,2026-02-07
170,Florida Gulf Coast,A-Sun,,,11,11,62.9,58.9,4.00,,1.61,,-5.97,4.84,-1.14,87.66,90.27,-2.61,2026-02-07
171,Kent State,MAC,,,10,12,71.0,68.9,2.18,,1.63,,2.02,-3.19,-1.17,92.82,95.74,-2.92,2026-02-07
172,Drexel,CAA,,,14,7,64.1,56.0,8.14,,-6.95,,-4.43,3.18,-1.25,92.43,95.00,-2.57,2026-02-07
173,Appalachian State,Sun Belt,,,10,12,64.0,59.4,4.64,,-0.24,,-4.81,3.37,-1.44,90.86,94.41,-3.55,2026-02-07
174,Youngstown State,Horizon,,,17,7,67.5,56.9,10.58,,-6.27,,-5.19,3.74,-1.45,86.99,90.07,-3.08,2026-02-07
175,Binghamton,AmEast,,,16,6,68.2,62.6,5.59,,-3.04,,0.66,-2.49,-1.84,93.46,96.61,-3.15,2026-02-07
176,Cleveland State,Horizon,,,17,8,70.2,59.5,10.72,,-8.85,,-2.05,0.07,-1.98,89.85,93.72,-3.86,2026-02-07
177,Howard,MEAC,,,16,7,65.1,62.1,3.04,,-5.02,,-1.89,-0.08,-1.98,87.94,92.46,-4.52,2026-02-07
178,DePaul,Big East,,,5,20,62.2,72.9,-10.64,,8.57,,0.68,-2.75,-2.07,89.50,93.81,-4.31,2026-02-07
179,FDU,NEC,,,20,4,67.2,52.0,15.25,,-14.30,,-6.44,4.33,-2.12,90.53,93.18,-2.65,2026-02-07
180,Oral Roberts,Summit,,,12,10,78.0,76.2,1.73,,1.58,,10.24,-12.40,-2.16,96.12,100.16,-4.05,2026-02-07
181,South Alabama,Sun Belt,,,9,13,67.8,68.9,-1.09,,-1.18,,-0.19,-2.07,-2.27,89.12,93.42,-4.31,2026-02-07
182,Florida International,CUSA,,,13,8,73.6,66.5,7.10,,-5.13,,3.70,-5.99,-2.28,90.31,94.73,-4.42,2026-02-07
183,La Salle,A-10,,,12,11,64.8,64.7,0.13,,-1.05,,-1.10,-1.32,-2.42,86.75,91.60,-4.85,2026-02-07
184,Virginia Commonwealth,A-10,,,8,15,58.3,66.3,-8.00,,5.40,,-4.69,2.09,-2.60,85.48,90.11,-4.63,2026-02-07
185,Bryant,AmEast,,,16,7,65.6,54.4,11.17,,-10.33,,-4.55,1.93,-2.62,85.92,90.23,-4.31,2026-02-07
186,Holy Cross,Patriot,,,14,8,60.0,58.6,1.45,,-4.11,,-5.71,3.06,-2.66,83.62,88.96,-5.34,2026-02-07
187,Loyola (IL),A-10,,,11,11,55.9,60.6,-4.68,,1.92,,-8.32,5.55,-2.76,84.14,89.61,-5.47,2026-02-07
188,Cal State Fullerton,Big West,,,13,9,72.0,64.1,7.91,,-5.60,,2.31,-5.11,-2.80,85.91,91.10,-5.19,2026-02-07
189,Northern Kentucky,Horizon,,,11,14,68.2,71.1,-2.92,,0.05,,2.23,-5.09,-2.87,91.66,96.50,-4.84,2026-02-07
190,Lamar,Southland,,,14,7,63.9,58.1,5.71,,-7.33,,-4.83,1.95,-2.88,87.88,92.16,-4.28,2026-02-07
191,Dayton,A-10,,,12,11,65.9,67.2,-1.35,,-1.65,,0.14,-3.13,-3.00,91.67,97.49,-5.82,2026-02-07
192,Eastern Michigan,MAC,,,10,11,68.3,67.1,1.14,,-1.66,,0.29,-3.34,-3.06,92.50,97.93,-5.43,2026-02-07
193,Albany (NY),AmEast,,,12,11,59.0,55.0,4.00,,-4.94,,-8.46,5.30,-3.16,90.37,95.71,-5.33,2026-02-07
194,Pacific,WCC,,,9,13,66.0,68.1,-2.14,,2.12,,-1.15,-2.16,-3.31,91.38,97.33,-5.95,2026-02-07
195,Southern Utah,WAC,,,15,7,73.4,66.3,7.14,,-4.15,,1.24,-4.55,-3.31,92.11,97.70,-5.59,2026-02-07
196,Longwood,Big South,,,16,6,78.7,65.7,13.00,,-7.38,,4.14,-7.57,-3.43,88.05,95.87,-7.82,2026-02-07
197,Washington State,WCC,,,5,20,63.5,75.1,-11.64,,8.21,,0.15,-3.58,-3.43,91.93,98.02,-6.09,2026-02-07
198,Saint Louis,A-10,,,11,14,67.0,68.0,-0.96,,0.56,,-0.86,-2.87,-3.73,84.49,90.84,-6.36,2026-02-07
199,Tarleton State,WAC,,,11,11,66.2,64.1,2.05,,-2.22,,-2.70,-1.07,-3.77,87.59,93.28,-5.69,2026-02-07
200,Stephen F. Austin,Southland,,,15,8,75.5,68.5,7.04,,-8.27,,5.93,-9.82,-3.89,91.18,97.73,-6.55,2026-02-07
201,Tennessee Tech,OVC,,,12,10,66.6,62.2,4.41,,-5.58,,-2.49,-1.44,-3.93,89.59,96.13,-6.53,2026-02-07
202,Chattanooga,Southern,,,16,5,64.5,56.6,7.86,,-7.61,,-6.86,2.72,-4.14,86.75,92.75,-6.00,2026-02-07
203,Drake,MVC,,,6,16,69.9,77.0,-7.09,,2.54,,2.71,-7.27,-4.56,93.19,100.55,-7.36,2026-02-07
204,Illinois-Chicago,MVC,,,10,12,63.7,63.2,0.50,,-5.09,,-5.36,0.78,-4.59,89.49,96.91,-7.43,2026-02-07
205,Boston College,ACC,,,4,21,63.0,76.2,-13.16,,8.47,,1.18,-5.86,-4.69,93.10,101.63,-8.53,2026-02-07
206,Delaware,CUSA,,,11,11,65.1,64.8,0.32,,-3.96,,-2.32,-2.44,-4.77,84.20,91.85,-7.65,2026-02-07
207,Utah Valley,WAC,,,10,11,63.2,61.9,1.29,,-1.55,,-5.03,0.21,-4.81,82.84,90.80,-7.96,2026-02-07
208,Robert Morris,Horizon,,,15,8,65.1,59.7,5.43,,-7.09,,-5.67,0.81,-4.86,85.87,93.70,-7.82,2026-02-07
209,Morehead State,OVC,,,15,9,65.2,64.9,0.29,,-1.81,,-4.23,-0.70,-4.94,86.24,93.57,-7.33,2026-02-07
210,Nevada,MWC,,,7,15,55.5,59.5,-3.95,,0.01,,-9.47,4.52,-4.94,82.08,90.39,-8.31,2026-02-07
211,Stetson,A-Sun,,,14,8,70.3,65.0,5.23,,-5.14,,0.82,-6.01,-5.19,94.26,102.31,-8.04,2026-02-07
212,Air Force,MWC,,,10,12,58.6,61.0,-2.36,,-2.74,,-7.38,2.12,-5.26,83.52,91.81,-8.29,2026-02-07
213,Eastern Washington,Big Sky,,,12,11,69.1,67.4,1.70,,-2.54,,0.37,-5.67,-5.30,87.12,95.57,-8.44,2026-02-07
214,Bowling Green,MAC,,,11,11,69.5,65.4,4.05,,0.08,,-3.18,-2.12,-5.31,84.69,92.87,-8.18,2026-02-07
215,Memphis,American,,,8,13,66.1,69.1,-3.05,,0.01,,-1.25,-4.14,-5.39,79.72,87.48,-7.77,2026-02-07
216,UT Arlington,WAC,,,9,13,60.5,66.2,-5.64,,0.08,,-4.72,-0.83,-5.55,80.97,88.09,-7.11,2026-02-07
217,Georgia State,Sun Belt,,,9,15,68.7,73.5,-4.83,,3.29,,1.71,-7.29,-5.57,89.96,98.76,-8.80,2026-02-07
218,Lehigh,Patriot,,,11,10,65.3,66.4,-1.10,,-4.90,,-0.07,-5.93,-6.00,92.89,102.71,-9.82,2026-02-07
219,St. Bonaventure,A-10,,,13,11,62.5,60.5,1.96,,-6.03,,-6.07,0.00,-6.07,84.82,94.61,-9.79,2026-02-07
220,Sacramento State,Big Sky,,,11,12,63.5,60.0,3.52,,-3.13,,-9.36,3.18,-6.18,81.03,90.91,-9.88,2026-02-07
221,UC Riverside,Big West,,,7,15,63.7,65.0,-1.27,,-1.96,,-5.10,-1.16,-6.26,84.98,94.58,-9.60,2026-02-07
222,Southern,SWAC,,,11,10,60.8,61.8,-1.00,,-1.05,,-7.52,1.21,-6.31,82.56,92.57,-10.01,2026-02-07
223,NJIT,AmEast,,,14,9,67.0,64.7,2.30,,-8.63,,0.70,-7.02,-6.32,91.71,102.04,-10.33,2026-02-07
224,Jacksonville State,CUSA,,,11,11,63.6,58.5,5.18,,-4.95,,-7.33,0.91,-6.42,87.68,97.67,-9.99,2026-02-07
225,Campbell,CAA,,,14,9,62.0,56.5,5.43,,-6.64,,-9.48,2.98,-6.50,83.47,94.50,-11.04,2026-02-07
226,Tennessee-Martin,OVC,,,12,10,64.9,62.7,2.18,,-2.82,,-5.10,-1.40,-6.50,86.62,96.97,-10.35,2026-02-07
227,Kennesaw State,CUSA,,,10,11,64.5,61.3,3.24,,-2.65,,-4.63,-1.90,-6.54,83.26,93.26,-10.00,2026-02-07
228,Elon,CAA,,,10,12,65.5,63.4,2.05,,-5.83,,-4.09,-2.50,-6.60,85.53,95.48,-9.95,2026-02-07
229,Fordham,A-10,,,9,14,62.3,63.8,-1.48,,-4.79,,-3.92,-2.82,-6.75,83.41,94.40,-10.99,2026-02-07
230,Monmouth,CAA,,,14,7,63.8,57.0,6.86,,-8.03,,-7.62,0.87,-6.75,83.83,94.19,-10.36,2026-02-07
231,St. Thomas,Summit,,,10,13,64.2,62.5,1.65,,-1.60,,-6.58,-0.27,-6.85,85.30,96.55,-11.25,2026-02-07
232,West Georgia,A-Sun,,,14,8,72.1,64.7,7.36,,-8.46,,-0.58,-6.28,-6.86,89.48,100.24,-10.76,2026-02-07
233,Northwestern State,Southland,,,11,10,63.0,61.8,1.24,,-1.48,,-8.70,1.80,-6.90,82.07,92.69,-10.62,2026-02-07
234,Wyoming,MWC,,,8,14,54.5,60.0,-5.50,,0.60,,-10.75,3.82,-6.93,82.68,94.62,-11.95,2026-02-07
235,Maryland-Baltimore County,AmEast,,,11,11,63.3,59.0,4.32,,-5.55,,-7.96,1.01,-6.95,81.94,92.78,-10.84,2026-02-07
236,William & Mary,CAA,,,12,9,61.3,60.1,1.19,,-7.26,,-7.48,0.52,-6.96,82.38,93.40,-11.02,2026-02-07
237,Texas State,Sun Belt,,,10,12,62.1,63.1,-1.00,,-1.49,,-7.73,0.74,-6.99,81.15,91.22,-10.07,2026-02-07
238,Alabama A&M,SWAC,,,13,9,61.6,58.0,3.59,,-5.65,,-9.86,2.42,-7.44,80.73,91.12,-10.38,2026-02-07
239,Pittsburgh,ACC,,,8,16,60.4,69.6,-9.21,,1.89,,-5.10,-2.36,-7.46,83.81,95.48,-11.67,2026-02-07
240,IU Indy,Horizon,,,9,13,66.8,67.7,-0.95,,-2.74,,-3.65,-3.89,-7.54,83.60,94.84,-11.24,2026-02-07
241,Wofford,Southern,,,11,11,67.9,62.9,5.00,,-5.09,,-4.10,-3.46,-7.56,88.52,100.42,-11.90,2026-02-07
242,Stony Brook,CAA,,,13,10,57.7,55.3,2.39,,-5.12,,-12.51,4.94,-7.57,78.86,91.04,-12.18,2026-02-07
243,Florida Atlantic,American,,,9,13,62.0,68.3,-6.32,,0.99,,-4.17,-3.51,-7.68,83.72,96.20,-12.48,2026-02-07
244,Texas-Rio Grande Valley,Southland,,,14,9,65.9,65.8,0.09,,-3.61,,-2.73,-5.16,-7.89,87.19,98.16,-10.97,2026-02-07
245,Northern Arizona,Big Sky,,,7,17,71.7,75.3,-3.54,,-0.40,,3.54,-11.57,-8.03,90.69,102.44,-11.75,2026-02-07
246,Little Rock,OVC,,,11,12,58.4,61.6,-3.17,,-1.07,,-10.92,2.61,-8.31,78.98,91.25,-12.26,2026-02-07
247,Radford,Big South,,,15,10,64.6,60.7,3.92,,-8.91,,-7.49,-0.86,-8.34,78.16,90.90,-12.74,2026-02-07
248,Norfolk State,MEAC,,,10,12,62.6,61.4,1.27,,-1.37,,-8.12,-0.25,-8.37,78.02,91.60,-13.57,2026-02-07
249,Duquesne,A-10,,,7,15,64.0,66.1,-2.14,,-1.89,,-5.54,-2.90,-8.44,80.18,93.71,-13.53,2026-02-07
250,Furman,Southern,,,14,9,69.7,61.7,8.00,,-3.85,,-3.13,-5.40,-8.53,81.36,94.12,-12.76,2026-02-07
251,Merrimack,MAAC,,,12,10,67.9,66.0,1.91,,-8.34,,-1.15,-7.62,-8.77,85.84,99.41,-13.58,2026-02-07
252,Montana,Big Sky,,,7,15,62.8,71.4,-8.55,,1.90,,-3.74,-5.08,-8.82,87.92,101.34,-13.42,2026-02-07
253,East Tennessee State,Southern,,,11,11,56.8,57.7,-0.95,,-4.76,,-11.55,2.59,-8.96,80.60,94.09,-13.49,2026-02-07
254,Wichita State,American,,,5,18,60.3,67.0,-6.74,,0.35,,-8.17,-0.98,-9.15,80.42,93.81,-13.39,2026-02-07
255,Maryland-Eastern Shore,MEAC,,,13,11,63.8,65.9,-2.17,,-3.66,,-4.64,-4.52,-9.16,81.76,95.76,-13.99,2026-02-07
256,Kansas City,Summit,,,7,16,68.3,68.6,-0.30,,0.29,,-4.70,-4.52,-9.21,86.73,101.22,-14.50,2026-02-07
257,Oakland,Horizon,,,8,15,63.7,71.6,-7.96,,1.68,,-1.94,-7.33,-9.27,89.50,103.11,-13.61,2026-02-07
258,San Diego,WCC,,,8,17,56.9,62.9,-6.00,,-0.19,,-10.67,1.35,-9.32,79.31,94.04,-14.73,2026-02-07
259,North Alabama,A-Sun,,,11,10,63.0,63.3,-0.33,,-5.70,,-6.82,-2.51,-9.33,81.66,95.59,-13.94,2026-02-07
260,Towson,CAA,,,12,10,64.5,65.4,-0.91,,-5.44,,-3.44,-5.95,-9.39,83.94,98.30,-14.37,2026-02-07
261,Weber State,Big Sky,,,7,17,63.2,66.9,-3.71,,0.27,,-5.11,-4.34,-9.45,83.15,96.98,-13.83,2026-02-07
262,North Carolina A&T,CAA,,,9,12,62.9,62.6,0.29,,0.41,,-6.01,-3.52,-9.53,82.51,96.87,-14.36,2026-02-07
263,Mercer,Southern,,,13,9,65.6,62.4,3.18,,-9.90,,-4.41,-5.24,-9.65,83.41,98.35,-14.93,2026-02-07
264,SIU Edwardsville,OVC,,,10,13,61.4,59.8,1.57,,-5.16,,-10.78,0.63,-10.16,81.07,96.64,-15.57,2026-02-07
265,UNC Greensboro,Southern,,,13,10,65.3,54.7,10.57,,-7.88,,-11.18,0.88,-10.30,82.04,97.99,-15.95,2026-02-07
266,Utah Tech,WAC,,,6,15,62.0,67.6,-5.62,,-4.11,,-6.61,-3.95,-10.56,80.34,95.78,-15.45,2026-02-07
267,Southeast Missouri State,OVC,,,8,14,66.0,67.5,-1.45,,-3.48,,-3.92,-6.70,-10.63,83.86,98.84,-14.98,2026-02-07
268,Utah State,MWC,,,6,16,59.6,68.0,-8.45,,0.49,,-6.11,-4.88,-10.99,83.34,99.89,-16.55,2026-02-07
269,Southern Illinois,MVC,,,7,13,66.6,70.3,-3.65,,-3.34,,-5.01,-6.39,-11.40,83.77,100.72,-16.95,2026-02-07
270,Incarnate Word,Southland,,,10,11,65.0,70.3,-5.33,,-4.25,,-2.88,-8.89,-11.78,87.96,104.40,-16.44,2026-02-07
271,Lipscomb,A-Sun,,,8,14,60.5,63.6,-3.09,,-4.23,,-10.92,-0.91,-11.83,77.65,95.24,-17.59,2026-02-07
272,Loyola (MD),Patriot,,,9,13,56.4,61.3,-4.91,,-6.98,,-11.19,-0.69,-11.89,81.61,100.42,-18.81,2026-02-07
273,Denver,Summit,,,9,14,60.5,67.7,-7.17,,0.21,,-9.44,-2.50,-11.94,80.46,99.46,-19.01,2026-02-07
274,East Texas A&M,Southland,,,10,10,66.8,66.8,0.05,,-6.43,,-6.92,-5.23,-12.15,82.00,98.80,-16.80,2026-02-07
275,Long Island University,NEC,,,14,8,70.1,59.5,10.55,,-18.10,,-5.03,-7.42,-12.45,82.52,101.67,-19.15,2026-02-07
276,New Mexico State,CUSA,,,8,14,59.0,66.7,-7.68,,-0.83,,-6.88,-5.63,-12.51,78.18,96.08,-17.90,2026-02-07
277,UTEP,CUSA,,,10,11,65.9,70.0,-4.14,,-3.51,,-3.13,-9.38,-12.51,83.58,102.15,-18.57,2026-02-07
278,Siena,MAAC,,,10,12,68.0,65.4,2.64,,-15.21,,-2.26,-10.31,-12.57,79.46,100.44,-20.99,2026-02-07
279,Evansville,MVC,,,6,17,66.3,74.5,-8.26,,-4.46,,-3.36,-9.36,-12.72,83.05,100.86,-17.81,2026-02-07
280,Akron,MAC,,,5,17,69.3,76.2,-6.86,,0.56,,-0.34,-12.55,-12.89,85.78,103.80,-18.03,2026-02-07
281,Cal State Bakersfield,Big West,,,7,15,61.2,68.5,-7.36,,-4.63,,-6.35,-6.56,-12.91,80.63,98.83,-18.20,2026-02-07
282,Nicholls State,Southland,,,10,11,65.3,64.7,0.67,,-11.37,,-8.44,-4.59,-13.02,79.85,97.99,-18.14,2026-02-07
283,Western Kentucky,CUSA,,,5,16,57.7,66.0,-8.38,,-2.02,,-10.54,-2.68,-13.22,81.58,102.19,-20.60,2026-02-07
284,New Hampshire,AmEast,,,8,14,57.5,60.7,-3.23,,-5.38,,-10.38,-2.90,-13.28,79.74,100.30,-20.56,2026-02-07
285,Coppin State,MEAC,,,6,18,56.6,68.8,-12.17,,2.85,,-10.37,-3.01,-13.38,74.70,93.01,-18.30,2026-02-07
286,Mount St. Mary's,MAAC,,,11,12,60.2,62.9,-2.65,,-10.80,,-9.87,-3.58,-13.45,75.79,95.83,-20.04,2026-02-07
287,Western Michigan,MAC,,,6,14,54.7,67.4,-12.70,,-0.89,,-13.26,-0.38,-13.63,75.06,94.90,-19.84,2026-02-07
288,Marist,MAAC,,,9,15,59.1,67.6,-8.50,,-5.25,,-7.55,-6.19,-13.75,81.39,101.51,-20.13,2026-02-07
289,Boston University,Patriot,,,7,15,56.6,59.8,-3.18,,-7.06,,-12.08,-1.70,-13.78,83.66,105.90,-22.24,2026-02-07
290,Cal State Northridge,Big West,,,7,14,64.8,66.7,-1.90,,-3.91,,-7.77,-6.29,-14.06,76.60,96.00,-19.41,2026-02-07
291,Milwaukee,Horizon,,,8,17,60.4,66.9,-6.48,,-4.93,,-8.17,-6.11,-14.28,82.33,103.90,-21.57,2026-02-07
292,Iona,MAAC,,,14,10,60.3,60.3,0.04,,-13.73,,-10.27,-4.07,-14.34,79.07,100.64,-21.56,2026-02-07
293,Northeastern,CAA,,,6,14,60.6,67.0,-6.35,,-8.03,,-6.69,-7.69,-14.38,81.37,103.20,-21.83,2026-02-07
294,Detroit Mercy,Horizon,,,4,18,62.0,73.0,-11.05,,-3.21,,-6.09,-8.40,-14.49,81.46,102.57,-21.11,2026-02-07
295,Bucknell,Patriot,,,8,14,54.0,57.5,-3.50,,-7.33,,-15.30,0.69,-14.61,75.18,97.85,-22.67,2026-02-07
296,Yale,Ivy,,,5,15,58.0,68.9,-10.95,,-3.70,,-7.28,-7.37,-14.65,78.14,100.18,-22.04,2026-02-07
297,Alcorn State,SWAC,,,12,9,56.0,61.6,-5.57,,-3.66,,-14.98,0.32,-14.66,73.87,95.41,-21.55,2026-02-07
298,Eastern Illinois,OVC,,,4,20,57.2,70.5,-13.25,,-1.59,,-10.23,-4.62,-14.84,76.92,98.13,-21.21,2026-02-07
299,Dartmouth,Ivy,,,10,10,57.9,58.0,-0.10,,-6.11,,-14.27,-0.61,-14.87,77.60,101.32,-23.72,2026-02-07
300,Hampton,CAA,,,9,13,61.4,62.6,-1.23,,-7.37,,-9.80,-5.21,-15.01,80.44,103.07,-22.63,2026-02-07
301,Cornell,Ivy,,,8,12,55.2,60.6,-5.40,,-5.25,,-14.34,-0.76,-15.10,79.92,104.10,-24.18,2026-02-07
302,Winthrop,Big South,,,11,13,65.8,67.8,-2.04,,-5.60,,-5.64,-9.63,-15.27,81.81,103.48,-21.67,2026-02-07
303,Hofstra,CAA,,,3,18,51.7,63.4,-11.71,,-1.18,,-14.28,-0.99,-15.28,75.67,99.73,-24.07,2026-02-07
304,Samford,Southern,,,9,16,59.8,67.6,-7.72,,-2.35,,-8.32,-7.03,-15.35,82.25,105.96,-23.72,2026-02-07
305,Jackson State,SWAC,,,6,16,59.5,66.3,-6.77,,-4.62,,-10.75,-4.64,-15.39,78.91,100.93,-22.02,2026-02-07
306,Portland State,Big Sky,,,5,17,64.0,74.7,-10.68,,-2.45,,-3.71,-11.69,-15.40,85.21,107.39,-22.18,2026-02-07
307,Indiana State,MVC,,,8,14,73.4,80.8,-7.45,,-5.13,,3.05,-18.46,-15.42,86.48,106.84,-20.37,2026-02-07
308,Manhattan,MAAC,,,5,17,54.9,65.5,-10.64,,-4.80,,-11.56,-3.88,-15.44,74.63,97.09,-22.46,2026-02-07
309,Lafayette,Patriot,,,8,14,60.0,64.8,-4.77,,-10.83,,-8.30,-7.31,-15.60,82.49,106.20,-23.71,2026-02-07
310,Wright State,Horizon,,,7,17,66.0,71.2,-5.21,,-4.78,,-5.25,-10.34,-15.60,83.62,106.39,-22.77,2026-02-07
311,North Florida,A-Sun,,,8,14,62.2,72.3,-10.05,,-3.79,,-5.83,-9.85,-15.69,82.58,105.18,-22.60,2026-02-07
312,Alabama State,SWAC,,,10,11,59.6,68.1,-8.52,,-3.58,,-9.74,-6.01,-15.75,74.31,96.05,-21.74,2026-02-07
313,Buffalo,MAC,,,2,20,59.0,72.5,-13.59,,-2.20,,-8.02,-7.77,-15.79,76.34,98.53,-22.19,2026-02-07
314,Sacred Heart,MAAC,,,11,12,57.9,61.8,-3.91,,-11.22,,-12.52,-3.34,-15.86,77.52,101.24,-23.72,2026-02-07
315,American,Patriot,,,6,16,55.6,64.4,-8.73,,-7.41,,-10.43,-5.71,-16.14,78.79,104.15,-25.36,2026-02-07
316,Houston Christian,Southland,,,6,15,60.4,68.4,-8.05,,-3.28,,-10.36,-6.18,-16.54,77.06,101.06,-24.00,2026-02-07
317,Northern Illinois,MAC,,,4,18,55.2,69.2,-14.05,,-2.63,,-13.27,-3.42,-16.68,77.05,102.34,-25.30,2026-02-07
318,San Jose State,MWC,,,3,20,57.3,74.1,-16.78,,2.19,,-6.90,-10.41,-17.31,77.30,101.00,-23.70,2026-02-07
319,Colgate,Patriot,,,6,16,53.2,63.6,-10.41,,-5.43,,-14.16,-3.18,-17.34,73.79,100.58,-26.78,2026-02-07
320,North Carolina Central,MEAC,,,5,14,63.4,72.6,-9.21,,-0.68,,-7.47,-10.27,-17.74,73.66,96.93,-23.27,2026-02-07
321,Charleston Southern,Big South,,,7,16,60.7,71.8,-11.13,,-5.59,,-8.11,-10.08,-18.18,81.57,108.64,-27.07,2026-02-07
322,Grambling,SWAC,,,6,16,62.0,65.2,-3.23,,-5.84,,-10.42,-7.95,-18.37,73.69,99.43,-25.73,2026-02-07
323,UNC Wilmington,CAA,,,5,17,61.2,70.3,-9.09,,-7.28,,-8.01,-10.66,-18.67,79.46,106.76,-27.30,2026-02-07
324,Louisiana,Sun Belt,,,2,21,56.3,74.3,-18.04,,1.92,,-11.76,-7.66,-19.42,74.64,101.60,-26.96,2026-02-07
325,North Dakota,Summit,,,6,18,59.4,71.0,-11.67,,-2.48,,-10.08,-9.41,-19.48,74.52,101.65,-27.13,2026-02-07
326,Wagner,NEC,,,10,12,56.4,58.8,-2.41,,-12.47,,-17.44,-2.13,-19.57,66.47,95.05,-28.58,2026-02-07
327,UNC Asheville,Big South,,,9,14,61.8,59.6,2.26,,-13.65,,-14.79,-4.87,-19.65,70.32,98.68,-28.36,2026-02-07
328,Long Beach State,Big West,,,3,19,53.5,73.0,-19.41,,0.82,,-11.31,-8.49,-19.80,76.17,104.91,-28.74,2026-02-07
329,Rider,MAAC,,,5,17,54.5,64.2,-9.68,,-10.27,,-14.88,-5.07,-19.95,73.89,103.58,-29.69,2026-02-07
330,Gardner-Webb,Big South,,,7,16,54.5,63.7,-9.26,,-10.71,,-15.26,-4.70,-19.97,73.52,102.91,-29.38,2026-02-07
331,Texas A&M-Corpus Christi,Southland,,,4,17,58.6,68.1,-9.52,,-6.48,,-14.11,-5.87,-19.98,75.02,104.03,-29.02,2026-02-07
332,Texas Southern,SWAC,,,9,13,66.9,72.3,-5.45,,-3.61,,-6.41,-13.70,-20.11,78.16,104.84,-26.68,2026-02-07
333,Tennessee State,OVC,,,3,19,57.9,75.4,-17.45,,-2.68,,-7.37,-12.76,-20.13,76.25,103.90,-27.65,2026-02-07
334,Queens (NC),A-Sun,,,8,14,60.6,67.0,-6.32,,-8.82,,-12.43,-7.94,-20.37,74.50,101.90,-27.41,2026-02-07
335,Seattle,WCC,,,5,18,61.8,76.0,-14.22,,-0.65,,-8.26,-12.49,-20.75,78.37,107.71,-29.34,2026-02-07
336,Cal Poly,Big West,,,3,19,57.0,72.9,-15.86,,0.86,,-9.59,-11.40,-20.99,76.90,106.38,-29.49,2026-02-07
337,Canisius,MAAC,,,4,19,55.6,69.4,-13.78,,-7.67,,-14.11,-7.34,-21.46,73.83,105.10,-31.28,2026-02-07
338,Southeastern Louisiana,Southland,,,3,18,59.1,77.2,-18.14,,0.11,,-10.22,-11.52,-21.74,79.78,111.03,-31.26,2026-02-07
339,Delaware State,MEAC,,,4,17,54.3,65.2,-10.86,,-5.41,,-16.47,-5.60,-22.07,68.93,101.28,-32.35,2026-02-07
340,Stonehill,NEC,,,8,14,60.4,67.0,-6.68,,-13.04,,-11.43,-10.76,-22.19,78.23,110.25,-32.02,2026-02-07
341,Arkansas-Pine Bluff,SWAC,,,8,12,58.0,70.1,-12.10,,-7.89,,-12.62,-9.79,-22.41,75.49,106.36,-30.86,2026-02-07
342,Western Carolina,Southern,,,3,19,58.2,67.6,-9.36,,-5.16,,-14.02,-8.78,-22.79,71.36,104.74,-33.38,2026-02-07
343,Mercyhurst,NEC,,,8,14,62.6,76.6,-14.05,,-8.90,,-6.36,-16.59,-22.95,83.30,116.34,-33.04,2026-02-07
344,Florida A&M,SWAC,,,6,15,58.5,71.6,-13.10,,-8.91,,-11.76,-11.20,-22.96,74.86,105.79,-30.92,2026-02-07
345,Saint Peter's,MAAC,,,6,16,53.1,64.7,-11.64,,-8.53,,-17.39,-5.81,-23.20,72.11,107.22,-35.11,2026-02-07
346,New Haven,NEC,,,7,15,58.6,60.4,-1.73,,-16.07,,-17.86,-5.37,-23.22,72.10,106.93,-34.83,2026-02-07
347,Chicago State,NEC,,,7,17,60.0,74.0,-14.04,,-9.48,,-10.18,-13.34,-23.52,74.14,106.81,-32.67,2026-02-07
348,New Orleans,Southland,,,2,20,61.7,82.0,-20.32,,-3.11,,-5.74,-18.28,-24.02,75.43,106.70,-31.28,2026-02-07
349,Massachusetts-Lowell,AmEast,,,6,17,57.9,67.2,-9.35,,-7.69,,-13.62,-10.51,-24.14,77.50,115.04,-37.55,2026-02-07
350,Bethune-Cookman,SWAC,,,4,19,55.2,69.7,-14.52,,-6.58,,-16.57,-7.90,-24.48,70.60,104.91,-34.32,2026-02-07
351,Morgan State,MEAC,,,3,20,52.8,73.5,-20.65,,-0.80,,-14.15,-10.36,-24.51,73.61,110.00,-36.39,2026-02-07
352,South Carolina Upstate,Big South,,,7,17,57.8,64.8,-7.04,,-9.27,,-16.47,-8.18,-24.66,69.91,106.73,-36.82,2026-02-07
353,South Carolina State,MEAC,,,5,16,56.8,68.2,-11.48,,-7.34,,-16.57,-10.51,-27.07,68.67,106.86,-38.19,2026-02-07
354,Omaha,Summit,,,3,22,53.6,77.3,-23.76,,0.87,,-15.73,-11.41,-27.13,70.40,109.38,-38.98,2026-02-07
355,Le Moyne,NEC,,,6,18,55.5,73.1,-17.63,,-9.51,,-13.83,-14.60,-28.42,74.51,116.62,-42.11,2026-02-07
356,Saint Francis (PA),NEC,,,2,20,56.9,71.3,-14.41,,-14.08,,-13.88,-15.20,-29.08,70.50,112.13,-41.64,2026-02-07
357,Mississippi Valley State,SWAC,,,4,16,57.9,83.1,-25.25,,-4.82,,-9.89,-20.18,-30.07,70.32,109.31,-38.98,2026-02-07
358,Valparaiso,MVC,,,0,23,54.3,79.8,-25.52,,-4.67,,-14.31,-15.88,-30.19,66.96,106.95,-39.99,2026-02-07
359,Prairie View,SWAC,,,2,19,55.4,77.0,-21.57,,-5.49,,-13.44,-16.95,-30.39,67.79,107.40,-39.61,2026-02-07
360,Bellarmine,A-Sun,,,2,22,51.2,80.3,-29.08,,0.32,,-15.68,-15.48,-31.16,68.50,111.67,-43.17,2026-02-07
361,Central Connecticut State,NEC,,,0,22,52.8,73.5,-20.68,,-12.13,,-17.56,-15.25,-32.81,65.83,112.61,-46.78,2026-02-07
362,Presbyterian,Big South,,,3,20,53.3,71.5,-18.22,,-8.22,,-20.23,-12.90,-33.13,64.28,111.59,-47.31,2026-02-07
363,Niagara,MAAC,,,0,22,52.5,80.7,-28.18,,-7.67,,-16.27,-19.58,-35.85,64.13,111.58,-47.45,2026-02-07
1,UConn,Big East,,1,25,0,89.8,50.6,39.28,,14.22,,30.38,23.13,53.50,129.33,58.91,70.43,2026-02-10
2,UCLA,Big Ten,,2,23,1,86.0,57.0,29.00,,19.20,,27.73,20.48,48.20,132.36,67.02,65.34,2026-02-10
3,South Carolina,SEC,,3,24,2,88.1,55.7,32.46,,14.91,,28.53,18.85,47.37,126.21,65.08,61.13,2026-02-10
4,Texas,SEC,,4,23,2,86.9,54.8,32.12,,14.97,,26.62,20.47,47.09,124.60,64.28,60.33,2026-02-10
5,LSU,SEC,,6,22,3,96.6,57.8,38.76,,8.23,,34.34,12.65,46.99,125.20,68.75,56.45,2026-02-10
6,Michigan,Big Ten,,7,20,4,86.9,62.3,24.63,,16.34,,26.98,13.99,40.97,119.93,67.91,52.02,2026-02-10
7,Oklahoma,SEC,,10,17,6,88.0,65.5,22.43,,13.70,,27.84,8.30,36.14,113.66,70.36,43.30,2026-02-10
8,Louisville,ACC,,9,22,4,81.7,59.9,21.81,,12.91,,21.69,13.03,34.72,119.04,73.97,45.07,2026-02-10
9,Duke,ACC,,11,18,6,75.9,58.3,17.63,,16.74,,17.02,17.34,34.36,112.49,68.17,44.32,2026-02-10
10,Vanderbilt,SEC,,5,23,2,85.4,63.2,22.16,,11.43,,23.81,9.78,33.59,121.81,78.56,43.25,2026-02-10
11,Michigan State,Big Ten,,13,20,4,85.3,63.3,22.04,,11.10,,22.99,10.15,33.14,120.09,77.11,42.98,2026-02-10
12,Maryland,Big Ten,,20,19,6,83.1,61.6,21.52,,10.94,,22.96,9.50,32.46,116.55,74.04,42.52,2026-02-10
13,TCU,Big 12,,17,21,4,80.2,55.3,24.96,,7.50,,16.95,15.51,32.46,114.19,72.13,42.06,2026-02-10
14,Iowa,Big Ten,,15,18,5,79.9,66.1,13.83,,18.28,,20.81,11.29,32.11,115.99,74.65,41.34,2026-02-10
15,Minnesota,Big Ten,,,18,6,75.5,55.9,19.63,,11.95,,14.21,17.37,31.58,115.25,71.99,43.27,2026-02-10
16,Ohio State,Big Ten,,8,22,3,83.8,64.4,19.40,,11.81,,22.26,8.95,31.21,113.24,74.83,38.41,2026-02-10
17,USC,Big Ten,,,15,9,69.8,59.7,10.08,,20.39,,11.98,18.50,30.48,107.90,67.69,40.20,2026-02-10
18,Kentucky,SEC,,18,18,7,76.6,58.7,17.92,,12.53,,14.88,15.57,30.45,115.04,74.33,40.71,2026-02-10
19,Ole Miss,SEC,,14,19,5,77.5,57.2,20.33,,9.39,,15.35,14.37,29.72,111.53,73.34,38.19,2026-02-10
20,West Virginia,Big 12,,19,20,5,76.8,59.4,17.36,,12.04,,16.01,13.39,29.40,110.52,73.02,37.49,2026-02-10
21,Tennessee,SEC,,22,15,6,76.6,65.1,11.52,,17.20,,18.86,9.86,28.72,110.37,73.86,36.51,2026-02-10
22,Nebraska,Big Ten,,,16,8,80.9,66.6,14.33,,13.82,,18.70,9.45,28.15,117.32,80.31,37.01,2026-02-10
23,NC State,ACC,,,17,7,78.4,66.0,12.42,,15.58,,19.30,8.70,28.00,113.53,77.60,35.93,2026-02-10
24,UNC,ACC,,21,20,5,75.4,57.9,17.52,,10.46,,13.67,14.31,27.98,109.30,72.84,36.46,2026-02-10
25,Oregon,Big Ten,,,18,8,76.9,63.4,13.54,,14.10,,16.85,10.78,27.63,110.39,74.41,35.98,2026-02-10
26,Oklahoma State,Big 12,,,19,6,85.1,62.4,22.68,,6.03,,20.17,6.56,26.74,117.78,83.97,33.81,2026-02-10
27,Notre Dame,ACC,,,15,9,79.1,66.1,12.96,,13.31,,18.98,7.29,26.27,113.04,80.24,32.80,2026-02-10
28,Texas Tech,Big 12,,16,22,3,73.8,56.4,17.40,,8.15,,11.48,14.07,25.55,107.15,74.06,33.09,2026-02-10
29,Iowa State,Big 12,,,19,5,83.6,64.1,19.46,,6.00,,20.44,5.02,25.46,117.34,84.04,33.30,2026-02-10
30,Baylor,Big 12,,12,21,4,72.4,57.8,14.60,,10.79,,11.72,13.67,25.39,105.13,71.72,33.41,2026-02-10
31,Alabama,SEC,,23,20,5,71.4,58.1,13.24,,11.74,,11.18,13.79,24.98,110.41,76.85,33.56,2026-02-10
32,Washington,Big Ten,,25,18,6,74.1,60.9,13.17,,11.44,,12.94,11.67,24.61,112.26,78.75,33.51,2026-02-10
33,Illinois,Big Ten,,,16,8,77.4,65.5,11.92,,12.04,,14.58,9.38,23.96,111.55,80.67,30.88,2026-02-10
34,Georgia,SEC,,,19,5,75.5,58.8,16.67,,7.21,,12.42,11.45,23.87,108.45,77.47,30.98,2026-02-10
35,Mississippi State,SEC,,,16,8,77.8,64.8,13.00,,9.00,,15.61,6.39,22.00,110.59,82.34,28.25,2026-02-10
36,Syracuse,ACC,,,19,5,75.2,61.9,13.29,,7.78,,13.68,7.39,21.07,104.92,78.49,26.43,2026-02-10
37,Virginia,ACC,,,17,7,77.0,62.3,14.71,,6.29,,13.67,7.32,21.00,109.72,81.95,27.77,2026-02-10
38,Colorado,Big 12,,,16,8,68.6,61.0,7.54,,12.12,,7.76,11.90,19.66,101.79,76.48,25.31,2026-02-10
39,Virginia Tech,ACC,,,18,7,73.9,59.9,13.96,,5.63,,10.42,9.17,19.59,102.20,77.93,24.27,2026-02-10
40,Stanford,ACC,,,16,9,69.4,60.8,8.52,,10.77,,7.92,11.37,19.29,103.80,77.78,26.02,2026-02-10
41,Villanova,Big East,,,19,5,72.8,61.9,10.88,,8.27,,11.50,7.65,19.15,106.17,80.71,25.46,2026-02-10
42,Clemson,ACC,,,17,8,70.1,57.4,12.68,,6.15,,6.15,12.68,18.83,108.67,83.07,25.60,2026-02-10
43,Florida,SEC,,,15,11,73.8,65.5,8.31,,9.49,,10.89,6.91,17.80,103.87,82.08,21.79,2026-02-10
44,California,ACC,,,15,10,70.2,63.9,6.36,,11.19,,9.49,8.05,17.55,105.21,82.90,22.31,2026-02-10
45,Miami (FL),ACC,,,12,12,70.8,65.5,5.21,,12.23,,9.72,7.72,17.44,103.92,82.24,21.68,2026-02-10
46,Utah,Big 12,,,16,8,69.2,63.9,5.29,,12.93,,8.43,8.89,17.32,102.87,80.79,22.08,2026-02-10
47,Richmond,A-10,,,20,4,75.6,61.4,14.21,,3.02,,12.09,5.14,17.23,111.97,88.89,23.08,2026-02-10
48,Kansas,Big 12,,,15,10,73.8,66.0,7.72,,11.92,,11.63,5.51,17.13,107.32,85.19,22.12,2026-02-10
49,Arizona State,Big 12,,,19,6,67.0,59.0,8.00,,8.90,,4.85,12.05,16.90,97.85,76.20,21.65,2026-02-10
50,North Dakota State,Summit,,,22,2,81.4,59.1,22.29,,-4.15,,12.91,3.54,16.44,109.77,87.40,22.38,2026-02-10
51,BYU,Big 12,,,16,8,70.5,63.3,7.25,,8.46,,8.41,7.30,15.71,98.79,79.86,18.93,2026-02-10
52,James Madison,Sun Belt,,,18,8,74.7,63.5,11.19,,4.41,,9.63,5.96,15.60,102.24,82.17,20.07,2026-02-10
53,South Dakota State,Summit,,,18,6,75.8,63.4,12.46,,3.10,,10.46,5.11,15.56,107.63,86.94,20.70,2026-02-10
54,Princeton,Ivy,,24,19,2,74.0,63.8,10.19,,5.31,,11.46,4.04,15.50,109.41,88.91,20.50,2026-02-10
55,Kansas State,Big 12,,,13,12,68.8,65.4,3.48,,11.99,,8.74,6.74,15.47,103.39,84.13,19.25,2026-02-10
56,Indiana,Big Ten,,,14,11,71.5,69.2,2.36,,13.04,,10.41,4.99,15.40,107.74,88.48,19.26,2026-02-10
57,Seton Hall,Big East,,,15,8,69.5,64.0,5.48,,9.62,,8.66,6.44,15.10,102.87,83.57,19.30,2026-02-10
58,Gonzaga,WCC,,,18,7,73.4,63.8,9.60,,4.10,,9.30,4.40,13.70,104.24,86.22,18.01,2026-02-10
59,Marquette,Big East,,,16,8,70.3,62.5,7.83,,7.33,,7.31,6.32,13.63,103.63,85.90,17.73,2026-02-10
60,Rhode Island,A-10,,,21,2,68.5,53.6,14.96,,0.40,,3.25,10.24,13.49,101.57,83.24,18.33,2026-02-10
61,Missouri,SEC,,,16,10,75.2,73.6,1.62,,11.47,,13.38,-0.30,13.08,107.35,91.28,16.07,2026-02-10
62,Columbia,Ivy,,,15,6,71.9,61.0,10.95,,1.86,,9.00,3.82,12.82,102.73,86.64,16.10,2026-02-10
63,Texas A&M,SEC,,,9,10,64.2,69.2,-5.00,,17.82,,5.17,7.65,12.82,96.79,81.48,15.31,2026-02-10
64,Auburn,SEC,,,13,12,60.3,61.8,-1.44,,13.95,,0.45,12.06,12.51,94.74,79.44,15.30,2026-02-10
65,Purdue,Big Ten,,,11,13,69.8,71.4,-1.58,,13.72,,9.50,2.64,12.14,103.88,88.46,15.42,2026-02-10
66,Fairfield,MAAC,,,20,4,78.2,58.5,19.75,,-7.69,,9.49,2.57,12.06,105.60,90.14,15.46,2026-02-10
67,Troy,Sun Belt,,,19,5,84.0,69.5,14.50,,-0.04,,14.85,-2.80,12.04,99.47,86.63,12.84,2026-02-10
68,Harvard,Ivy,,,13,8,66.2,57.0,9.24,,2.67,,2.71,9.20,11.91,96.78,80.97,15.81,2026-02-10
69,Wisconsin,Big Ten,,,13,11,70.6,71.3,-0.63,,12.52,,9.42,2.47,11.90,103.63,88.63,15.00,2026-02-10
70,Montana State,Big Sky,,,17,6,76.2,63.0,13.26,,1.63,,9.32,2.50,11.82,97.55,83.11,14.44,2026-02-10
71,South Florida,American,,,14,10,71.2,69.2,2.00,,9.54,,8.97,2.57,11.54,102.18,88.38,13.80,2026-02-10
72,Davidson,A-10,,,16,10,66.5,58.5,8.00,,3.12,,3.03,8.09,11.12,98.32,83.68,14.64,2026-02-10
73,Rice,American,,,20,3,70.1,58.9,11.22,,-0.31,,4.33,6.58,10.91,97.51,83.75,13.77,2026-02-10
74,George Mason,A-10,,,15,7,67.9,60.8,7.09,,3.59,,3.94,6.75,10.69,96.64,82.52,14.11,2026-02-10
75,Georgia Tech,ACC,,,11,14,66.0,66.8,-0.72,,11.35,,4.80,5.84,10.63,94.36,81.41,12.95,2026-02-10
76,Santa Clara,WCC,,,18,7,82.0,66.9,15.12,,0.12,,14.40,-3.85,10.56,102.18,89.76,12.43,2026-02-10
77,Georgetown,Big East,,,12,12,65.0,61.1,3.92,,6.20,,2.74,7.37,10.11,97.13,84.24,12.89,2026-02-10
78,Ball State,MAC,,,19,5,78.7,65.7,12.96,,-0.04,,10.75,-0.97,9.78,101.25,90.04,11.20,2026-02-10
79,Florida State,ACC,,,8,16,73.1,77.0,-3.83,,13.57,,12.85,-3.12,9.74,99.52,88.39,11.13,2026-02-10
80,San Diego State,MWC,,,18,4,70.1,59.1,11.05,,0.99,,3.42,6.29,9.71,99.84,86.88,12.96,2026-02-10
81,Penn State,Big Ten,,,8,16,74.3,82.5,-8.13,,17.79,,16.16,-6.49,9.67,105.79,93.84,11.94,2026-02-10
82,Colorado State,MWC,,,18,6,67.1,55.5,11.58,,-0.49,,1.19,8.45,9.64,99.75,86.80,12.95,2026-02-10
83,Creighton,Big East,,,12,12,69.5,68.4,1.08,,8.27,,7.65,1.70,9.35,102.21,90.26,11.94,2026-02-10
84,Nevada-Las Vegas,MWC,,,16,7,68.0,61.3,6.74,,2.45,,5.14,4.06,9.19,101.06,89.44,11.63,2026-02-10
85,Arkansas State,Sun Belt,,,20,5,78.2,67.2,11.00,,-0.31,,9.89,-0.86,9.02,94.83,85.19,9.64,2026-02-10
86,UC Irvine,Big West,,,19,4,71.2,56.4,14.74,,-5.87,,3.21,5.66,8.87,99.68,88.18,11.50,2026-02-10
87,Louisiana Tech,CUSA,,,17,5,75.3,59.4,15.91,,-0.99,,5.36,3.15,8.51,102.39,90.98,11.41,2026-02-10
88,Miami (OH),MAC,,,19,4,72.1,58.2,13.96,,-2.44,,2.43,5.99,8.42,95.96,85.25,10.71,2026-02-10
89,Saint Joseph's,A-10,,,15,8,67.7,58.0,9.70,,2.21,,1.66,6.74,8.40,97.85,86.87,10.97,2026-02-10
90,Oregon State,WCC,,,17,8,66.2,60.5,5.64,,4.73,,1.48,6.90,8.38,98.18,87.69,10.49,2026-02-10
91,Belmont,MVC,,,14,9,69.7,67.7,2.00,,5.90,,4.60,3.31,7.90,97.79,88.14,9.65,2026-02-10
92,Georgia Southern,Sun Belt,,,17,6,73.9,65.3,8.61,,1.72,,3.98,3.92,7.90,99.01,88.95,10.07,2026-02-10
93,Arkansas,SEC,,,11,14,73.3,75.2,-1.92,,9.66,,10.73,-2.99,7.74,97.74,88.92,8.81,2026-02-10
94,Arizona,Big 12,,,11,12,71.3,70.8,0.52,,6.98,,8.74,-1.23,7.51,97.62,89.41,8.21,2026-02-10
95,Cincinnati,Big 12,,,8,16,70.4,72.0,-1.58,,10.76,,8.02,-0.61,7.42,100.19,91.44,8.75,2026-02-10
96,McNeese State,Southland,,,20,4,69.0,51.0,18.00,,-6.20,,-2.23,9.53,7.30,91.76,81.92,9.85,2026-02-10
97,Murray State,MVC,,,20,3,84.7,75.2,9.52,,-0.06,,17.02,-9.72,7.30,105.41,97.10,8.31,2026-02-10
98,Green Bay,Horizon,,,20,5,67.4,57.3,10.16,,-1.70,,0.12,6.76,6.89,94.24,85.58,8.66,2026-02-10
99,North Texas,American,,,13,10,70.1,61.5,8.61,,3.26,,1.16,5.71,6.88,90.74,82.98,7.76,2026-02-10
100,Marshall,Sun Belt,,,20,6,74.0,62.9,11.15,,0.49,,5.01,1.77,6.78,97.54,89.93,7.61,2026-02-10
101,St. John's (NY),Big East,,,19,7,63.6,60.5,3.04,,3.71,,0.68,6.07,6.75,96.16,88.56,7.60,2026-02-10
102,Northwestern,Big Ten,,,8,15,65.9,73.8,-7.96,,14.30,,6.73,-0.38,6.35,100.02,93.05,6.98,2026-02-10
103,UCF,Big 12,,,10,13,64.0,63.4,0.61,,5.74,,0.58,5.77,6.35,91.96,85.24,6.72,2026-02-10
104,Lindenwood,OVC,,,18,7,74.3,61.1,13.20,,-2.84,,6.30,0.04,6.34,105.13,96.80,8.34,2026-02-10
105,Boise State,MWC,,,19,5,71.8,64.7,7.04,,-0.92,,7.15,-1.07,6.08,99.07,92.15,6.93,2026-02-10
106,Quinnipiac,MAAC,,,20,4,69.5,52.3,17.21,,-11.31,,0.21,5.69,5.90,99.35,90.86,8.49,2026-02-10
107,New Mexico,MWC,,,16,8,67.6,60.8,6.79,,-0.95,,1.50,4.35,5.84,93.47,87.23,6.24,2026-02-10
108,Massachusetts,MAC,,,16,5,70.0,61.6,8.48,,-2.90,,2.39,3.19,5.58,94.80,88.72,6.08,2026-02-10
109,Butler,Big East,,,9,15,62.5,65.7,-3.17,,8.51,,0.12,5.23,5.35,92.52,87.57,4.95,2026-02-10
110,Central Michigan,MAC,,,14,8,71.0,65.0,6.00,,0.33,,4.40,0.93,5.33,95.14,89.61,5.53,2026-02-10
111,Abilene Christian,WAC,,,17,7,73.2,58.4,14.75,,-3.05,,0.29,4.95,5.24,94.17,88.11,6.06,2026-02-10
112,Wake Forest,ACC,,,13,12,66.2,64.7,1.52,,3.61,,2.99,2.14,5.13,95.67,90.09,5.58,2026-02-10
113,Idaho,Big Sky,,,19,5,79.8,67.7,12.13,,-4.49,,10.27,-5.31,4.97,97.46,92.52,4.94,2026-02-10
114,Portland,WCC,,,14,10,70.0,61.8,8.17,,2.06,,2.82,2.10,4.93,91.99,86.12,5.86,2026-02-10
115,College of Charleston,CAA,,,19,3,77.1,58.6,18.50,,-7.20,,4.14,0.61,4.75,97.96,92.23,5.73,2026-02-10
116,East Carolina,American,,,17,7,72.4,65.5,6.88,,-2.37,,5.81,-1.30,4.51,94.07,89.83,4.24,2026-02-10
117,South Dakota,Summit,,,19,6,71.8,55.6,16.12,,-6.12,,-1.32,5.61,4.29,91.33,85.60,5.73,2026-02-10
118,Temple,American,,,10,12,69.1,70.2,-1.09,,5.29,,6.29,-2.09,4.20,96.10,92.30,3.80,2026-02-10
119,Grand Canyon,MWC,,,9,15,65.2,67.1,-1.92,,6.00,,3.45,0.63,4.09,92.81,88.68,4.14,2026-02-10
120,Pepperdine,WCC,,,15,9,70.0,65.4,4.63,,0.34,,3.54,0.44,3.98,95.61,91.53,4.08,2026-02-10
121,Vermont,AmEast,,,20,6,67.7,53.5,14.23,,-5.67,,-2.44,6.32,3.87,97.01,91.62,5.38,2026-02-10
122,Eastern Kentucky,A-Sun,,,21,4,75.1,59.8,15.24,,-8.68,,3.41,0.35,3.75,93.86,90.46,3.40,2026-02-10
123,Coastal Carolina,Sun Belt,,,11,14,74.8,66.2,8.56,,-0.46,,5.38,-1.75,3.63,92.48,89.33,3.14,2026-02-10
124,Illinois State,MVC,,,14,9,73.3,67.9,5.35,,-2.03,,4.96,-1.64,3.32,97.60,94.82,2.78,2026-02-10
125,UTSA,American,,,11,11,61.0,59.1,1.91,,3.29,,-4.62,7.90,3.29,88.54,85.05,3.50,2026-02-10
126,California Baptist,WAC,,,16,8,72.1,66.0,6.17,,-2.89,,6.09,-2.82,3.27,93.11,90.49,2.62,2026-02-10
127,Western Illinois,OVC,,,19,4,76.7,61.2,15.52,,-7.45,,4.97,-1.72,3.25,98.77,94.59,4.18,2026-02-10
128,Rutgers,Big Ten,,,9,15,57.1,67.0,-9.88,,13.10,,-2.81,6.04,3.22,89.90,87.43,2.47,2026-02-10
129,Loyola Marymount,WCC,,,15,8,70.8,63.0,7.83,,-2.53,,4.04,-0.85,3.20,99.37,95.80,3.57,2026-02-10
130,Northern Iowa,MVC,,,11,12,64.2,63.9,0.30,,2.85,,-3.06,6.21,3.15,88.81,86.30,2.51,2026-02-10
131,Southern Indiana,OVC,,,16,7,70.3,57.1,13.26,,-3.52,,0.13,3.01,3.13,91.62,87.77,3.85,2026-02-10
132,UC San Diego,Big West,,,17,6,68.9,58.9,10.04,,-5.40,,0.10,2.82,2.92,90.36,87.30,3.06,2026-02-10
133,Missouri State,CUSA,,,15,8,66.0,62.2,3.83,,-1.37,,-0.71,3.17,2.46,89.98,87.97,2.01,2026-02-10
134,Pennsylvania,Ivy,,,13,8,64.0,56.9,7.14,,0.13,,-2.98,5.33,2.34,90.11,88.56,1.55,2026-02-10
135,UC Santa Barbara,Big West,,,16,6,67.5,59.5,8.05,,-4.55,,-1.77,3.93,2.16,92.41,90.72,1.69,2026-02-10
136,High Point,Big South,,,21,3,76.0,58.8,17.17,,-12.07,,3.68,-1.65,2.03,93.63,92.59,1.04,2026-02-10
137,Charlotte,American,,,11,13,64.0,66.6,-2.63,,4.61,,0.32,1.67,1.98,92.56,91.09,1.47,2026-02-10
138,Central Arkansas,A-Sun,,,14,10,69.9,58.5,11.33,,-5.36,,-0.90,2.72,1.82,89.96,88.17,1.78,2026-02-10
139,Idaho State,Big Sky,,,16,7,66.3,59.4,6.91,,-3.31,,-4.03,5.58,1.56,87.72,86.25,1.47,2026-02-10
140,Providence,Big East,,,11,14,59.8,63.3,-3.52,,4.93,,-2.73,4.13,1.41,88.73,88.22,0.50,2026-02-10
141,Tulsa,American,,,16,7,70.2,65.8,4.39,,-2.98,,1.85,-0.44,1.41,90.98,90.55,0.43,2026-02-10
142,Bradley,MVC,,,16,8,72.6,64.5,8.13,,-4.48,,1.37,-0.02,1.35,93.06,91.60,1.46,2026-02-10
143,Purdue Fort Wayne,Horizon,,,15,10,70.7,63.9,6.80,,-2.75,,2.38,-1.09,1.29,91.83,91.20,0.63,2026-02-10
144,Navy,Patriot,,,16,6,70.8,61.2,9.64,,-7.26,,3.11,-1.94,1.17,93.46,93.41,0.05,2026-02-10
145,Middle Tennessee,CUSA,,,12,11,60.5,59.3,1.22,,-0.08,,-4.83,5.97,1.14,91.38,91.10,0.28,2026-02-10
146,Tulane,American,,,8,14,67.5,69.2,-1.73,,2.73,,2.14,-1.13,1.00,91.17,90.92,0.25,2026-02-10
147,Hawaii,Big West,,,12,10,61.8,58.9,2.86,,-1.28,,-4.34,5.27,0.92,88.28,87.59,0.69,2026-02-10
148,Old Dominion,Sun Belt,,,15,10,69.9,67.6,2.32,,1.52,,2.09,-1.23,0.86,89.85,89.98,-0.13,2026-02-10
149,Sam Houston,CUSA,,,14,7,65.4,56.6,8.81,,-1.87,,-4.38,5.01,0.63,82.19,83.33,-1.14,2026-02-10
150,Brown,Ivy,,,13,7,63.4,55.6,7.85,,-5.07,,-3.29,3.74,0.46,86.56,88.15,-1.59,2026-02-10
151,Saint Mary's (CA),WCC,,,14,11,59.4,58.5,0.88,,1.71,,-6.28,6.47,0.19,89.10,90.35,-1.24,2026-02-10
152,Northern Colorado,Big Sky,,,17,8,70.1,60.4,9.68,,-2.96,,-1.17,1.34,0.18,90.49,90.89,-0.41,2026-02-10
153,Houston,Big 12,,,7,16,61.0,72.3,-11.22,,11.36,,0.10,0.04,0.14,88.07,88.32,-0.25,2026-02-10
154,Fresno State,MWC,,,12,13,62.8,58.4,4.36,,-2.53,,-4.18,4.14,-0.03,86.92,87.83,-0.91,2026-02-10
155,Southern Methodist,ACC,,,8,16,63.3,72.5,-9.13,,9.01,,1.19,-1.31,-0.11,91.49,92.84,-1.35,2026-02-10
156,Army,Patriot,,,18,5,65.2,55.7,9.52,,-8.47,,-3.60,3.44,-0.16,91.99,93.16,-1.18,2026-02-10
157,Jacksonville,A-Sun,,,16,7,72.5,67.3,5.13,,-3.45,,5.65,-5.81,-0.16,90.13,91.90,-1.77,2026-02-10
158,San Francisco,WCC,,,14,10,68.2,67.5,0.71,,0.81,,2.89,-3.08,-0.19,88.73,90.31,-1.57,2026-02-10
159,Toledo,MAC,,,12,9,66.2,63.6,2.62,,-2.41,,-2.48,2.22,-0.26,90.45,91.72,-1.27,2026-02-10
160,UAB,American,,,9,14,70.6,69.9,0.74,,-1.29,,4.17,-4.54,-0.38,96.97,98.36,-1.39,2026-02-10
161,George Washington,A-10,,,13,12,62.4,60.2,2.20,,-1.05,,-4.08,3.69,-0.39,91.77,93.32,-1.55,2026-02-10
162,Maine,AmEast,,,13,11,62.3,60.0,2.29,,-2.78,,-2.63,2.14,-0.49,89.30,91.27,-1.97,2026-02-10
163,Ohio,MAC,,,13,9,74.2,70.4,3.82,,-3.12,,6.62,-7.27,-0.65,92.41,94.79,-2.38,2026-02-10
164,UC Davis,Big West,,,17,7,68.9,63.4,5.50,,-3.53,,1.55,-2.22,-0.67,92.74,95.37,-2.63,2026-02-10
165,Kent State,MAC,,,11,12,70.9,68.6,2.30,,1.73,,2.15,-2.85,-0.70,92.99,95.30,-2.30,2026-02-10
166,Liberty,CUSA,,,11,11,64.8,63.1,1.68,,1.13,,-0.87,0.15,-0.72,94.59,97.09,-2.50,2026-02-10
167,Southern Mississippi,Sun Belt,,,12,12,75.4,73.6,1.79,,1.20,,6.65,-7.40,-0.75,96.73,99.31,-2.59,2026-02-10
168,Louisiana-Monroe,Sun Belt,,,11,12,67.4,68.5,-1.04,,0.25,,1.13,-1.93,-0.80,90.50,92.27,-1.78,2026-02-10
169,Cleveland State,Horizon,,,18,8,70.3,59.4,10.96,,-8.20,,-1.67,0.76,-0.91,90.46,92.89,-2.43,2026-02-10
170,Youngstown State,Horizon,,,17,8,66.8,56.8,10.04,,-5.43,,-5.15,4.21,-0.95,87.08,89.48,-2.41,2026-02-10
171,Austin Peay,A-Sun,,,13,9,67.0,58.6,8.32,,-5.06,,-5.18,4.07,-1.11,89.56,92.04,-2.49,2026-02-10
172,Xavier,Big East,,,11,13,58.6,65.7,-7.04,,5.68,,-4.71,3.35,-1.36,87.88,91.14,-3.27,2026-02-10
173,Drexel,CAA,,,14,8,64.0,56.3,7.68,,-6.80,,-4.44,2.98,-1.46,91.71,94.63,-2.92,2026-02-10
174,Florida Gulf Coast,A-Sun,,,11,12,63.2,59.8,3.35,,1.50,,-5.58,3.94,-1.64,87.81,91.07,-3.26,2026-02-10
175,Appalachian State,Sun Belt,,,10,13,64.0,59.7,4.22,,-0.34,,-5.09,3.37,-1.72,90.33,94.28,-3.95,2026-02-10
176,Binghamton,AmEast,,,17,6,68.4,62.8,5.57,,-3.17,,0.62,-2.41,-1.79,93.74,96.87,-3.13,2026-02-10
177,Florida International,CUSA,,,14,8,73.0,66.1,6.86,,-4.72,,3.61,-5.52,-1.91,89.98,93.92,-3.94,2026-02-10
178,La Salle,A-10,,,13,11,65.0,64.2,0.83,,-1.35,,-1.06,-0.85,-1.91,87.30,91.41,-4.10,2026-02-10
179,DePaul,Big East,,,5,20,62.2,72.9,-10.64,,8.70,,0.70,-2.64,-1.94,89.63,93.77,-4.14,2026-02-10
180,Eastern Michigan,MAC,,,11,11,68.6,67.4,1.23,,-0.80,,0.79,-2.78,-1.99,92.78,96.87,-4.09,2026-02-10
181,Howard,MEAC,,,17,7,66.0,62.3,3.71,,-5.81,,-1.46,-0.65,-2.10,88.55,93.28,-4.73,2026-02-10
182,FDU,NEC,,,21,4,67.9,52.4,15.44,,-14.65,,-6.00,3.87,-2.13,91.12,93.82,-2.70,2026-02-10
183,Oral Roberts,Summit,,,12,11,77.6,76.1,1.43,,1.67,,10.09,-12.21,-2.13,96.14,100.18,-4.04,2026-02-10
184,Loyola (IL),A-10,,,12,11,56.3,60.3,-4.00,,1.79,,-7.78,5.57,-2.21,84.52,89.22,-4.70,2026-02-10
185,Dayton,A-10,,,13,11,66.3,67.5,-1.21,,-1.06,,0.87,-3.14,-2.27,92.86,97.63,-4.77,2026-02-10
186,Northern Kentucky,Horizon,,,11,14,68.2,71.1,-2.92,,0.33,,2.35,-4.93,-2.59,91.82,96.32,-4.49,2026-02-10
187,Bryant,AmEast,,,16,8,65.2,54.8,10.38,,-9.87,,-4.54,1.67,-2.87,85.76,90.51,-4.76,2026-02-10
188,Virginia Commonwealth,A-10,,,8,16,58.2,66.3,-8.13,,5.22,,-4.65,1.75,-2.90,85.19,90.25,-5.06,2026-02-10
189,Cal State Fullerton,Big West,,,14,9,72.9,65.1,7.78,,-5.87,,3.41,-6.38,-2.97,86.66,92.17,-5.51,2026-02-10
190,Lamar,Southland,,,14,8,63.5,58.1,5.41,,-7.23,,-5.43,2.40,-3.04,87.13,91.72,-4.59,2026-02-10
191,Holy Cross,Patriot,,,14,9,60.1,59.2,0.87,,-3.94,,-5.74,2.67,-3.07,83.65,89.65,-6.00,2026-02-10
192,South Alabama,Sun Belt,,,9,14,67.7,69.0,-1.30,,-1.83,,-0.28,-2.86,-3.13,89.23,94.78,-5.56,2026-02-10
193,Southern Utah,WAC,,,15,8,72.7,66.0,6.74,,-4.02,,0.77,-4.09,-3.32,91.60,97.24,-5.64,2026-02-10
194,Longwood,Big South,,,17,6,78.4,65.4,12.96,,-7.78,,4.06,-7.49,-3.43,88.51,96.27,-7.76,2026-02-10
195,Tarleton State,WAC,,,12,11,65.9,63.8,2.04,,-2.36,,-3.24,-0.50,-3.74,87.02,92.72,-5.70,2026-02-10
196,Bowling Green,MAC,,,12,11,70.5,66.1,4.35,,0.70,,-1.54,-2.29,-3.83,86.02,92.42,-6.40,2026-02-10
197,Pacific,WCC,,,9,14,65.0,68.3,-3.26,,2.60,,-2.05,-1.81,-3.86,90.10,96.79,-6.70,2026-02-10
198,Washington State,WCC,,,5,21,63.4,75.2,-11.81,,7.91,,0.04,-3.94,-3.90,91.56,98.24,-6.68,2026-02-10
199,Stephen F. Austin,Southland,,,16,8,74.8,68.0,6.79,,-8.17,,5.30,-9.24,-3.94,90.43,97.08,-6.65,2026-02-10
200,Tennessee Tech,OVC,,,13,10,67.0,62.6,4.43,,-6.01,,-2.26,-1.94,-4.20,89.76,96.69,-6.93,2026-02-10
201,Saint Louis,A-10,,,11,15,66.1,68.2,-2.12,,1.14,,-1.34,-2.88,-4.22,84.08,91.14,-7.06,2026-02-10
202,Albany (NY),AmEast,,,12,12,58.4,55.1,3.29,,-5.53,,-9.35,4.94,-4.40,88.78,96.11,-7.33,2026-02-10
203,Boston College,ACC,,,4,22,62.8,76.4,-13.58,,9.04,,1.46,-5.99,-4.53,93.22,101.52,-8.30,2026-02-10
204,Chattanooga,Southern,,,16,6,64.4,57.1,7.32,,-7.65,,-6.74,2.19,-4.55,86.72,93.44,-6.72,2026-02-10
205,Drake,MVC,,,6,17,69.9,77.0,-7.09,,2.50,,2.59,-7.17,-4.58,93.18,100.60,-7.42,2026-02-10
206,Illinois-Chicago,MVC,,,11,12,63.9,63.3,0.61,,-5.28,,-5.52,0.85,-4.67,89.39,96.91,-7.52,2026-02-10
207,Eastern Washington,Big Sky,,,12,12,69.1,67.6,1.54,,-1.96,,0.60,-5.29,-4.69,88.08,95.76,-7.68,2026-02-10
208,Air Force,MWC,,,11,12,58.9,61.1,-2.22,,-2.39,,-6.98,2.23,-4.75,84.12,91.75,-7.63,2026-02-10
209,Robert Morris,Horizon,,,16,8,65.4,59.9,5.50,,-7.22,,-5.38,0.61,-4.77,86.10,93.84,-7.74,2026-02-10
210,Stetson,A-Sun,,,15,8,70.5,64.0,6.52,,-6.47,,0.65,-5.50,-4.85,94.37,101.81,-7.44,2026-02-10
211,Utah Valley,WAC,,,10,12,63.0,61.8,1.18,,-1.77,,-5.23,0.31,-4.92,82.60,90.70,-8.10,2026-02-10
212,Delaware,CUSA,,,11,12,64.8,64.7,0.17,,-4.03,,-2.51,-2.42,-4.94,84.16,92.13,-7.97,2026-02-10
213,Memphis,American,,,8,14,66.0,69.7,-3.68,,0.70,,-0.89,-4.37,-5.26,80.45,88.08,-7.62,2026-02-10
214,Lehigh,Patriot,,,12,10,65.7,66.2,-0.50,,-4.78,,0.55,-5.83,-5.28,93.77,102.63,-8.87,2026-02-10
215,Morehead State,OVC,,,15,10,64.9,64.9,0.04,,-2.07,,-4.59,-0.73,-5.32,85.98,93.92,-7.94,2026-02-10
216,UT Arlington,WAC,,,10,13,60.5,65.9,-5.35,,-0.06,,-4.83,-0.58,-5.41,80.81,87.81,-7.01,2026-02-10
217,Nevada,MWC,,,7,16,55.3,60.0,-4.65,,0.09,,-9.40,3.86,-5.55,82.06,91.29,-9.23,2026-02-10
218,Elon,CAA,,,11,12,65.9,62.9,2.96,,-5.97,,-3.51,-2.14,-5.65,86.38,95.07,-8.70,2026-02-10
219,Georgia State,Sun Belt,,,9,15,68.7,73.5,-4.83,,3.03,,1.55,-7.38,-5.83,89.84,99.03,-9.19,2026-02-10
220,St. Bonaventure,A-10,,,14,11,62.8,60.9,1.92,,-5.93,,-5.61,-0.33,-5.93,84.88,94.48,-9.60,2026-02-10
221,Kennesaw State,CUSA,,,11,11,64.5,61.1,3.36,,-2.67,,-4.57,-1.47,-6.04,83.66,92.99,-9.33,2026-02-10
222,Monmouth,CAA,,,15,7,63.7,57.1,6.64,,-7.53,,-7.10,0.88,-6.22,83.67,93.34,-9.67,2026-02-10
223,Campbell,CAA,,,15,9,61.6,56.1,5.54,,-6.81,,-9.77,3.46,-6.31,83.45,94.17,-10.71,2026-02-10
224,Jacksonville State,CUSA,,,12,11,63.5,58.4,5.09,,-5.08,,-7.28,0.95,-6.33,88.04,97.93,-9.89,2026-02-10
225,NJIT,AmEast,,,14,10,67.0,65.0,2.00,,-8.35,,0.61,-6.97,-6.35,91.90,102.34,-10.43,2026-02-10
226,Tennessee-Martin,OVC,,,13,10,64.8,62.5,2.35,,-3.18,,-5.18,-1.20,-6.38,86.88,97.01,-10.13,2026-02-10
227,UC Riverside,Big West,,,7,16,63.2,64.7,-1.43,,-2.25,,-5.60,-0.98,-6.58,84.68,94.72,-10.05,2026-02-10
228,Southern,SWAC,,,11,11,60.5,61.5,-1.05,,-1.50,,-7.75,1.15,-6.60,82.47,92.91,-10.44,2026-02-10
229,St. Thomas,Summit,,,11,13,64.0,62.3,1.75,,-1.98,,-6.57,-0.22,-6.79,85.03,96.20,-11.17,2026-02-10
230,Maryland-Baltimore County,AmEast,,,11,11,63.3,59.0,4.32,,-5.42,,-7.78,0.96,-6.82,82.22,92.93,-10.71,2026-02-10
231,Sacramento State,Big Sky,,,11,13,63.4,60.1,3.29,,-3.83,,-9.81,2.99,-6.83,80.52,91.28,-10.76,2026-02-10
232,West Georgia,A-Sun,,,15,8,72.2,64.9,7.35,,-8.71,,-0.56,-6.29,-6.85,89.10,99.91,-10.81,2026-02-10
233,Pittsburgh,ACC,,,8,17,61.2,70.6,-9.44,,2.62,,-3.91,-3.05,-6.97,85.49,96.54,-11.05,2026-02-10
234,Florida Atlantic,American,,,10,13,62.3,68.1,-5.83,,0.92,,-4.16,-2.97,-7.12,84.26,95.94,-11.68,2026-02-10
235,Radford,Big South,,,16,10,64.9,60.5,4.35,,-8.33,,-7.02,-0.14,-7.16,79.05,90.24,-11.19,2026-02-10
236,Fordham,A-10,,,9,15,61.9,64.0,-2.13,,-4.59,,-4.36,-2.84,-7.20,83.20,94.85,-11.65,2026-02-10
237,Wofford,Southern,,,12,11,67.9,62.9,4.96,,-5.05,,-3.76,-3.44,-7.20,88.95,100.35,-11.40,2026-02-10
238,IU Indy,Horizon,,,10,13,67.0,67.5,-0.48,,-3.16,,-3.61,-3.64,-7.25,84.04,94.90,-10.85,2026-02-10
239,Wyoming,MWC,,,8,15,54.4,61.0,-6.52,,1.09,,-10.28,2.87,-7.42,83.40,96.30,-12.90,2026-02-10
240,Alabama A&M,SWAC,,,14,9,61.3,57.8,3.52,,-5.83,,-9.84,2.41,-7.43,80.76,91.18,-10.42,2026-02-10
241,Stony Brook,CAA,,,13,10,57.7,55.3,2.39,,-5.01,,-12.49,5.04,-7.46,79.02,91.08,-12.06,2026-02-10
242,Merrimack,MAAC,,,13,10,68.1,64.7,3.39,,-8.87,,-0.97,-6.68,-7.64,86.27,98.27,-12.00,2026-02-10
243,Northwestern State,Southland,,,11,11,62.5,61.8,0.77,,-2.04,,-9.08,1.43,-7.64,81.94,93.71,-11.77,2026-02-10
244,Texas State,Sun Belt,,,10,13,62.4,63.4,-1.04,,-2.37,,-7.43,-0.27,-7.70,81.34,92.48,-11.15,2026-02-10
245,Northern Arizona,Big Sky,,,8,17,71.8,74.8,-3.08,,-0.80,,3.51,-11.26,-7.75,90.73,102.15,-11.43,2026-02-10
246,William & Mary,CAA,,,12,10,60.9,60.8,0.09,,-7.05,,-7.84,-0.02,-7.86,81.85,94.18,-12.34,2026-02-10
247,Norfolk State,MEAC,,,11,12,62.4,60.7,1.78,,-2.03,,-8.45,0.48,-7.97,77.70,90.76,-13.07,2026-02-10
248,Texas-Rio Grande Valley,Southland,,,15,9,66.1,65.3,0.83,,-4.70,,-3.32,-4.66,-7.98,86.72,97.83,-11.11,2026-02-10
249,Little Rock,OVC,,,12,12,59.0,61.7,-2.67,,-1.54,,-10.24,2.20,-8.04,79.77,91.66,-11.89,2026-02-10
250,Duquesne,A-10,,,7,16,64.3,66.3,-2.09,,-1.85,,-5.03,-3.11,-8.14,80.27,93.35,-13.08,2026-02-10
251,Furman,Southern,,,14,10,69.0,61.5,7.54,,-4.00,,-3.41,-5.19,-8.60,81.59,94.59,-13.00,2026-02-10
252,East Tennessee State,Southern,,,12,11,56.8,57.6,-0.78,,-4.90,,-11.71,2.95,-8.76,80.95,94.17,-13.21,2026-02-10
253,Towson,CAA,,,13,10,64.4,65.0,-0.52,,-5.63,,-3.64,-5.40,-9.04,83.90,97.83,-13.93,2026-02-10
254,North Alabama,A-Sun,,,12,11,62.7,62.8,-0.09,,-6.03,,-7.16,-1.92,-9.08,81.46,95.13,-13.67,2026-02-10
255,San Diego,WCC,,,9,17,57.4,62.5,-5.12,,-1.00,,-10.57,1.49,-9.08,79.26,93.65,-14.39,2026-02-10
256,Maryland-Eastern Shore,MEAC,,,14,11,63.8,65.4,-1.56,,-4.40,,-4.90,-4.20,-9.10,81.54,95.51,-13.96,2026-02-10
257,Wichita State,American,,,5,19,60.8,67.6,-6.83,,0.32,,-7.50,-1.66,-9.16,81.54,95.04,-13.50,2026-02-10
258,Montana,Big Sky,,,7,16,62.9,72.1,-9.22,,2.00,,-3.93,-5.39,-9.32,87.55,101.63,-14.08,2026-02-10
259,Oakland,Horizon,,,8,16,63.9,71.6,-7.75,,1.28,,-1.96,-7.37,-9.33,89.42,103.10,-13.69,2026-02-10
260,North Carolina A&T,CAA,,,9,13,62.1,62.2,-0.09,,0.07,,-6.54,-3.23,-9.76,82.11,96.96,-14.85,2026-02-10
261,Mercer,Southern,,,14,9,65.4,61.9,3.48,,-10.51,,-4.89,-4.91,-9.80,83.18,98.32,-15.14,2026-02-10
262,Weber State,Big Sky,,,7,18,63.3,67.2,-3.88,,-0.24,,-5.59,-4.28,-9.87,82.60,96.99,-14.39,2026-02-10
263,Kansas City,Summit,,,7,17,67.9,68.6,-0.71,,-0.63,,-5.38,-4.77,-10.15,86.23,102.05,-15.83,2026-02-10
264,SIU Edwardsville,OVC,,,10,14,61.5,60.4,1.13,,-5.24,,-10.35,-0.08,-10.43,81.42,97.38,-15.95,2026-02-10
265,Utah Tech,WAC,,,6,15,62.0,67.6,-5.62,,-4.12,,-6.55,-4.01,-10.57,80.38,95.88,-15.50,2026-02-10
266,Utah State,MWC,,,6,17,59.6,68.2,-8.57,,0.85,,-6.02,-4.59,-10.60,83.40,99.44,-16.04,2026-02-10
267,UNC Greensboro,Southern,,,13,11,65.3,55.3,9.96,,-8.31,,-11.09,0.29,-10.81,81.97,98.74,-16.77,2026-02-10
268,Loyola (MD),Patriot,,,10,13,56.0,60.3,-4.30,,-7.09,,-11.36,-0.03,-11.39,81.50,99.57,-18.07,2026-02-10
269,East Texas A&M,Southland,,,11,10,66.5,66.0,0.48,,-6.63,,-6.73,-4.85,-11.58,82.80,98.81,-16.00,2026-02-10
270,Southeast Missouri State,OVC,,,8,15,65.7,68.5,-2.83,,-3.24,,-4.27,-7.35,-11.62,83.51,99.87,-16.37,2026-02-10
271,Lipscomb,A-Sun,,,8,15,60.0,63.5,-3.52,,-3.82,,-11.22,-0.46,-11.67,76.99,94.33,-17.34,2026-02-10
272,Denver,Summit,,,9,15,60.3,67.4,-7.04,,0.03,,-9.52,-2.21,-11.73,80.03,98.74,-18.72,2026-02-10
273,Siena,MAAC,,,11,12,69.0,65.7,3.35,,-15.15,,-1.12,-10.69,-11.81,80.74,100.78,-20.04,2026-02-10
274,Incarnate Word,Southland,,,10,12,64.5,70.5,-6.05,,-3.80,,-2.87,-9.13,-12.00,87.65,104.42,-16.77,2026-02-10
275,Southern Illinois,MVC,,,8,13,67.3,70.4,-3.05,,-4.88,,-4.81,-7.22,-12.03,83.94,101.71,-17.77,2026-02-10
276,Nicholls State,Southland,,,11,11,65.5,63.6,1.86,,-11.97,,-8.14,-4.11,-12.25,80.10,97.24,-17.14,2026-02-10
277,Long Island University,NEC,,,15,8,70.0,59.4,10.61,,-18.21,,-4.98,-7.28,-12.26,82.55,101.43,-18.88,2026-02-10
278,New Mexico State,CUSA,,,8,15,59.0,67.2,-8.17,,-0.31,,-6.62,-5.73,-12.36,79.00,96.90,-17.90,2026-02-10
279,Western Michigan,MAC,,,7,14,55.5,67.3,-11.81,,-0.60,,-12.31,-0.09,-12.40,76.78,94.92,-18.13,2026-02-10
280,Evansville,MVC,,,6,18,66.2,74.3,-8.04,,-4.42,,-3.29,-9.17,-12.46,83.08,100.57,-17.49,2026-02-10
281,UTEP,CUSA,,,10,12,65.5,70.0,-4.50,,-3.41,,-3.08,-9.47,-12.56,83.68,102.30,-18.62,2026-02-10
282,Cal State Bakersfield,Big West,,,7,16,62.3,69.6,-7.26,,-4.50,,-5.19,-7.45,-12.64,81.49,99.31,-17.83,2026-02-10
283,Coppin State,MEAC,,,7,18,57.7,68.4,-10.72,,1.73,,-9.44,-3.31,-12.74,76.04,93.57,-17.53,2026-02-10
284,Mount St. Mary's,MAAC,,,12,12,60.5,62.9,-2.33,,-10.75,,-9.37,-3.71,-13.08,76.15,95.73,-19.58,2026-02-10
285,Cal State Northridge,Big West,,,8,14,64.5,66.0,-1.59,,-3.92,,-7.69,-5.63,-13.32,76.93,95.39,-18.46,2026-02-10
286,Akron,MAC,,,5,18,69.4,76.4,-7.04,,-0.06,,-0.34,-13.05,-13.40,85.87,104.57,-18.70,2026-02-10
287,Western Kentucky,CUSA,,,5,17,57.4,66.5,-9.05,,-1.72,,-10.58,-2.90,-13.48,81.60,102.71,-21.11,2026-02-10
288,New Hampshire,AmEast,,,8,15,56.5,60.7,-4.17,,-4.88,,-10.93,-2.66,-13.59,78.69,99.78,-21.09,2026-02-10
289,Detroit Mercy,Horizon,,,5,18,62.4,72.8,-10.43,,-3.22,,-5.77,-8.09,-13.86,81.80,102.06,-20.27,2026-02-10
290,Milwaukee,Horizon,,,8,18,60.6,67.1,-6.50,,-4.61,,-7.73,-6.12,-13.86,82.80,103.77,-20.97,2026-02-10
291,Marist,MAAC,,,10,15,59.0,67.0,-8.04,,-5.87,,-7.88,-6.03,-13.91,81.26,101.71,-20.45,2026-02-10
292,Boston University,Patriot,,,7,16,55.9,59.3,-3.43,,-7.13,,-12.63,-1.32,-13.95,82.92,105.59,-22.67,2026-02-10
293,Bucknell,Patriot,,,9,14,53.9,56.8,-2.96,,-7.62,,-15.29,1.12,-14.17,75.23,97.30,-22.07,2026-02-10
294,Northeastern,CAA,,,6,15,60.3,66.8,-6.43,,-7.80,,-6.99,-7.25,-14.23,81.31,102.97,-21.66,2026-02-10
295,Yale,Ivy,,,5,16,57.7,68.8,-11.10,,-3.38,,-7.36,-7.12,-14.48,78.30,100.15,-21.85,2026-02-10
296,Hofstra,CAA,,,4,18,52.7,63.2,-10.45,,-1.84,,-13.33,-1.18,-14.51,77.02,99.96,-22.94,2026-02-10
297,Iona,MAAC,,,14,11,59.8,61.2,-1.40,,-12.53,,-10.48,-4.13,-14.61,78.88,100.98,-22.10,2026-02-10
298,Eastern Illinois,OVC,,,4,21,57.7,70.6,-12.92,,-1.70,,-9.81,-4.81,-14.62,77.33,98.25,-20.92,2026-02-10
299,Cornell,Ivy,,,8,13,55.1,61.5,-6.33,,-4.25,,-13.95,-0.90,-14.85,80.22,104.09,-23.87,2026-02-10
300,Portland State,Big Sky,,,6,17,64.0,74.2,-10.13,,-2.69,,-3.61,-11.36,-14.97,85.40,107.01,-21.61,2026-02-10
301,Indiana State,MVC,,,8,15,73.4,81.0,-7.57,,-4.75,,3.29,-18.32,-15.02,86.80,106.68,-19.88,2026-02-10
302,Samford,Southern,,,10,16,60.2,67.4,-7.27,,-2.82,,-7.80,-7.29,-15.08,82.84,106.17,-23.32,2026-02-10
303,Buffalo,MAC,,,2,21,59.2,72.6,-13.39,,-1.92,,-7.81,-7.50,-15.31,76.86,98.47,-21.61,2026-02-10
304,Lafayette,Patriot,,,8,15,59.6,64.7,-5.09,,-10.24,,-8.33,-6.99,-15.33,82.79,106.32,-23.53,2026-02-10
305,Alcorn State,SWAC,,,12,10,56.2,61.7,-5.50,,-4.70,,-14.96,-0.38,-15.34,73.68,96.17,-22.49,2026-02-10
306,Wright State,Horizon,,,7,18,65.9,71.3,-5.40,,-4.61,,-5.08,-10.32,-15.39,84.09,106.61,-22.53,2026-02-10
307,Dartmouth,Ivy,,,10,11,56.8,58.8,-2.00,,-4.97,,-14.51,-0.96,-15.47,77.21,102.20,-24.99,2026-02-10
308,Winthrop,Big South,,,11,14,65.9,68.0,-2.08,,-6.23,,-5.55,-10.04,-15.60,81.65,103.86,-22.21,2026-02-10
309,Jackson State,SWAC,,,7,16,59.7,65.6,-5.87,,-5.99,,-11.41,-4.22,-15.63,78.56,100.79,-22.22,2026-02-10
310,North Florida,A-Sun,,,8,15,62.5,72.4,-9.91,,-3.97,,-5.65,-9.99,-15.64,82.47,104.98,-22.51,2026-02-10
311,Hampton,CAA,,,9,14,61.3,63.1,-1.87,,-7.65,,-9.62,-6.08,-15.70,80.49,104.24,-23.75,2026-02-10
312,Sacred Heart,MAAC,,,11,13,58.1,62.0,-3.96,,-11.28,,-12.16,-3.77,-15.93,77.71,101.58,-23.87,2026-02-10
313,Northern Illinois,MAC,,,5,18,55.9,69.2,-13.35,,-2.65,,-12.55,-3.45,-16.00,78.03,102.37,-24.34,2026-02-10
314,Manhattan,MAAC,,,5,18,55.7,66.7,-11.00,,-5.08,,-11.22,-4.87,-16.08,74.90,98.17,-23.27,2026-02-10
315,Alabama State,SWAC,,,10,12,59.3,68.0,-8.77,,-4.33,,-10.33,-6.27,-16.60,73.90,96.91,-23.01,2026-02-10
316,American,Patriot,,,6,17,55.7,65.3,-9.57,,-7.07,,-10.37,-6.27,-16.64,78.78,104.81,-26.03,2026-02-10
317,Houston Christian,Southland,,,6,16,60.4,68.4,-8.00,,-4.23,,-10.52,-6.66,-17.18,77.09,102.06,-24.97,2026-02-10
318,San Jose State,MWC,,,3,21,57.1,74.4,-17.29,,2.53,,-6.98,-10.41,-17.38,77.56,101.61,-24.05,2026-02-10
319,North Carolina Central,MEAC,,,6,15,62.3,70.6,-8.29,,-2.22,,-8.54,-8.90,-17.43,72.62,95.70,-23.08,2026-02-10
320,Colgate,Patriot,,,6,17,52.7,63.0,-10.35,,-5.76,,-14.54,-3.00,-17.54,73.23,100.44,-27.20,2026-02-10
321,Charleston Southern,Big South,,,8,16,61.8,71.4,-9.58,,-6.66,,-7.38,-10.20,-17.57,82.39,108.69,-26.30,2026-02-10
322,Grambling,SWAC,,,7,16,62.2,64.7,-2.48,,-6.50,,-10.22,-7.48,-17.70,74.32,99.12,-24.80,2026-02-10
323,North Dakota,Summit,,,7,18,59.7,70.5,-10.80,,-2.86,,-9.69,-8.94,-18.63,75.38,101.36,-25.98,2026-02-10
324,UNC Wilmington,CAA,,,5,17,61.2,70.3,-9.09,,-7.26,,-8.07,-10.58,-18.65,79.50,106.84,-27.33,2026-02-10
325,Tennessee State,OVC,,,4,19,59.2,75.4,-16.26,,-2.53,,-6.43,-12.37,-18.79,77.57,103.48,-25.91,2026-02-10
326,Louisiana,Sun Belt,,,3,21,57.4,74.2,-16.83,,1.03,,-11.32,-7.51,-18.83,75.31,101.52,-26.21,2026-02-10
327,UNC Asheville,Big South,,,9,15,61.8,60.1,1.67,,-13.07,,-14.66,-4.69,-19.36,70.92,98.98,-28.06,2026-02-10
328,Wagner,NEC,,,11,12,56.1,58.0,-1.91,,-13.31,,-17.93,-1.71,-19.64,66.21,94.87,-28.66,2026-02-10
329,Gardner-Webb,Big South,,,8,16,55.2,64.0,-8.75,,-11.01,,-14.88,-4.88,-19.76,73.82,102.94,-29.12,2026-02-10
330,Long Beach State,Big West,,,3,19,53.5,73.0,-19.41,,0.82,,-11.24,-8.55,-19.80,76.14,104.90,-28.76,2026-02-10
331,Cal Poly,Big West,,,3,20,57.0,72.3,-15.35,,0.70,,-9.87,-10.43,-20.30,76.80,105.40,-28.60,2026-02-10
332,Queens (NC),A-Sun,,,8,15,60.4,67.1,-6.74,,-8.73,,-12.28,-8.21,-20.50,74.63,102.32,-27.70,2026-02-10
333,Rider,MAAC,,,5,18,53.7,64.6,-10.83,,-10.06,,-15.81,-5.08,-20.89,72.72,103.85,-31.13,2026-02-10
334,Texas Southern,SWAC,,,9,14,67.1,72.9,-5.78,,-4.59,,-6.27,-14.64,-20.90,78.27,106.13,-27.86,2026-02-10
335,Seattle,WCC,,,5,19,61.5,75.8,-14.33,,-0.97,,-8.24,-12.68,-20.92,78.23,107.81,-29.58,2026-02-10
336,Texas A&M-Corpus Christi,Southland,,,4,18,57.8,68.1,-10.32,,-6.79,,-14.72,-6.21,-20.93,74.09,104.47,-30.39,2026-02-10
337,Canisius,MAAC,,,4,19,55.6,69.4,-13.78,,-7.44,,-14.17,-7.05,-21.22,73.82,104.79,-30.97,2026-02-10
338,Southeastern Louisiana,Southland,,,4,18,59.5,76.5,-17.00,,-0.86,,-9.90,-11.44,-21.34,80.53,111.19,-30.66,2026-02-10
339,Arkansas-Pine Bluff,SWAC,,,9,12,58.2,69.6,-11.33,,-8.39,,-12.12,-9.87,-21.99,75.83,106.19,-30.36,2026-02-10
340,Stonehill,NEC,,,8,15,60.2,67.1,-6.91,,-12.89,,-11.50,-10.66,-22.16,78.09,110.15,-32.06,2026-02-10
341,Florida A&M,SWAC,,,7,15,59.8,71.7,-11.91,,-9.52,,-10.94,-11.35,-22.28,75.95,106.05,-30.10,2026-02-10
342,Massachusetts-Lowell,AmEast,,,7,17,57.9,66.3,-8.42,,-7.54,,-13.01,-9.57,-22.59,78.08,113.31,-35.23,2026-02-10
343,Western Carolina,Southern,,,3,20,57.9,67.3,-9.39,,-5.37,,-14.36,-8.25,-22.62,71.36,104.55,-33.19,2026-02-10
344,Saint Peter's,MAAC,,,6,17,53.1,64.3,-11.26,,-8.57,,-17.42,-5.29,-22.71,72.36,106.81,-34.45,2026-02-10
345,Mercyhurst,NEC,,,8,15,62.7,77.0,-14.30,,-8.49,,-5.90,-16.90,-22.79,84.04,116.94,-32.91,2026-02-10
346,New Haven,NEC,,,7,16,58.6,60.3,-1.78,,-16.25,,-17.88,-5.33,-23.21,71.84,106.60,-34.76,2026-02-10
347,Delaware State,MEAC,,,4,19,54.1,65.7,-11.57,,-6.35,,-16.91,-6.33,-23.25,68.92,102.77,-33.85,2026-02-10
348,Chicago State,NEC,,,8,17,60.0,73.4,-13.36,,-10.04,,-10.23,-13.17,-23.40,73.84,106.48,-32.64,2026-02-10
349,New Orleans,Southland,,,2,21,61.3,81.6,-20.22,,-3.46,,-6.17,-18.06,-24.23,75.12,106.83,-31.72,2026-02-10
350,Morgan State,MEAC,,,3,21,52.8,73.2,-20.33,,-1.02,,-14.14,-10.10,-24.24,73.69,109.71,-36.03,2026-02-10
351,Bethune-Cookman,SWAC,,,5,19,55.5,69.0,-13.50,,-7.77,,-16.83,-7.51,-24.34,70.68,104.72,-34.04,2026-02-10
352,South Carolina Upstate,Big South,,,7,17,57.8,64.8,-7.04,,-9.19,,-16.59,-7.98,-24.57,69.79,106.54,-36.75,2026-02-10
353,South Carolina State,MEAC,,,5,17,57.2,69.0,-11.82,,-7.08,,-15.82,-10.96,-26.78,69.72,107.57,-37.85,2026-02-10
354,Omaha,Summit,,,3,23,53.5,78.3,-24.81,,1.45,,-15.61,-11.89,-27.51,70.54,110.08,-39.54,2026-02-10
355,Le Moyne,NEC,,,7,18,55.7,72.2,-16.44,,-10.22,,-14.07,-13.77,-27.84,74.26,115.53,-41.28,2026-02-10
356,Saint Francis (PA),NEC,,,2,21,56.6,70.9,-14.30,,-14.60,,-14.53,-14.94,-29.46,69.54,111.81,-42.26,2026-02-10
357,Valparaiso,MVC,,,0,24,55.1,79.9,-24.83,,-4.80,,-13.72,-15.91,-29.63,67.73,107.02,-39.29,2026-02-10
358,Mississippi Valley State,SWAC,,,4,17,57.5,82.2,-24.71,,-5.49,,-10.36,-19.84,-30.20,70.00,109.42,-39.42,2026-02-10
359,Prairie View,SWAC,,,2,20,55.2,76.3,-21.05,,-6.52,,-13.87,-16.80,-30.67,67.43,107.65,-40.22,2026-02-10
360,Bellarmine,A-Sun,,,2,23,50.8,80.1,-29.32,,0.13,,-16.34,-15.15,-31.49,67.78,111.59,-43.81,2026-02-10
361,Central Connecticut State,NEC,,,0,23,52.3,72.4,-20.17,,-12.25,,-17.85,-14.57,-32.42,65.84,112.20,-46.36,2026-02-10
362,Presbyterian,Big South,,,3,21,53.7,72.2,-18.54,,-8.69,,-20.04,-13.61,-33.65,64.32,112.36,-48.04,2026-02-10
363,Niagara,MAAC,,,0,23,52.2,81.0,-28.87,,-6.82,,-16.16,-19.53,-35.69,64.19,111.49,-47.30,2026-02-10
1,UConn,Big East,,1,25,0,89.8,50.6,39.28,,14.22,,30.38,23.13,53.50,129.33,58.91,70.43,2026-02-10
2,UCLA,Big Ten,,2,23,1,86.0,57.0,29.00,,19.20,,27.73,20.48,48.20,132.36,67.02,65.34,2026-02-10
3,South Carolina,SEC,,3,24,2,88.1,55.7,32.46,,14.91,,28.53,18.85,47.37,126.21,65.08,61.13,2026-02-10
4,Texas,SEC,,4,23,2,86.9,54.8,32.12,,14.97,,26.62,20.47,47.09,124.60,64.28,60.33,2026-02-10
5,LSU,SEC,,6,22,3,96.6,57.8,38.76,,8.23,,34.34,12.65,46.99,125.20,68.75,56.45,2026-02-10
6,Michigan,Big Ten,,7,20,4,86.9,62.3,24.63,,16.34,,26.98,13.99,40.97,119.93,67.91,52.02,2026-02-10
7,Oklahoma,SEC,,10,17,6,88.0,65.5,22.43,,13.70,,27.84,8.30,36.14,113.66,70.36,43.30,2026-02-10
8,Louisville,ACC,,9,22,4,81.7,59.9,21.81,,12.91,,21.69,13.03,34.72,119.04,73.97,45.07,2026-02-10
9,Duke,ACC,,11,18,6,75.9,58.3,17.63,,16.74,,17.02,17.34,34.36,112.49,68.17,44.32,2026-02-10
10,Vanderbilt,SEC,,5,23,2,85.4,63.2,22.16,,11.43,,23.81,9.78,33.59,121.81,78.56,43.25,2026-02-10
11,Michigan State,Big Ten,,13,20,4,85.3,63.3,22.04,,11.10,,22.99,10.15,33.14,120.09,77.11,42.98,2026-02-10
12,Maryland,Big Ten,,20,19,6,83.1,61.6,21.52,,10.94,,22.96,9.50,32.46,116.55,74.04,42.52,2026-02-10
13,TCU,Big 12,,17,21,4,80.2,55.3,24.96,,7.50,,16.95,15.51,32.46,114.19,72.13,42.06,2026-02-10
14,Iowa,Big Ten,,15,18,5,79.9,66.1,13.83,,18.28,,20.81,11.29,32.11,115.99,74.65,41.34,2026-02-10
15,Minnesota,Big Ten,,,18,6,75.5,55.9,19.63,,11.95,,14.21,17.37,31.58,115.25,71.99,43.27,2026-02-10
16,Ohio State,Big Ten,,8,22,3,83.8,64.4,19.40,,11.81,,22.26,8.95,31.21,113.24,74.83,38.41,2026-02-10
17,USC,Big Ten,,,15,9,69.8,59.7,10.08,,20.39,,11.98,18.50,30.48,107.90,67.69,40.20,2026-02-10
18,Kentucky,SEC,,18,18,7,76.6,58.7,17.92,,12.53,,14.88,15.57,30.45,115.04,74.33,40.71,2026-02-10
19,Ole Miss,SEC,,14,19,5,77.5,57.2,20.33,,9.39,,15.35,14.37,29.72,111.53,73.34,38.19,2026-02-10
20,West Virginia,Big 12,,19,20,5,76.8,59.4,17.36,,12.04,,16.01,13.39,29.40,110.52,73.02,37.49,2026-02-10
21,Tennessee,SEC,,22,15,6,76.6,65.1,11.52,,17.20,,18.86,9.86,28.72,110.37,73.86,36.51,2026-02-10
22,Nebraska,Big Ten,,,16,8,80.9,66.6,14.33,,13.82,,18.70,9.45,28.15,117.32,80.31,37.01,2026-02-10
23,NC State,ACC,,,17,7,78.4,66.0,12.42,,15.58,,19.30,8.70,28.00,113.53,77.60,35.93,2026-02-10
24,UNC,ACC,,21,20,5,75.4,57.9,17.52,,10.46,,13.67,14.31,27.98,109.30,72.84,36.46,2026-02-10
25,Oregon,Big Ten,,,18,8,76.9,63.4,13.54,,14.10,,16.85,10.78,27.63,110.39,74.41,35.98,2026-02-10
26,Oklahoma State,Big 12,,,19,6,85.1,62.4,22.68,,6.03,,20.17,6.56,26.74,117.78,83.97,33.81,2026-02-10
27,Notre Dame,ACC,,,15,9,79.1,66.1,12.96,,13.31,,18.98,7.29,26.27,113.04,80.24,32.80,2026-02-10
28,Texas Tech,Big 12,,16,22,3,73.8,56.4,17.40,,8.15,,11.48,14.07,25.55,107.15,74.06,33.09,2026-02-10
29,Iowa State,Big 12,,,19,5,83.6,64.1,19.46,,6.00,,20.44,5.02,25.46,117.34,84.04,33.30,2026-02-10
30,Baylor,Big 12,,12,21,4,72.4,57.8,14.60,,10.79,,11.72,13.67,25.39,105.13,71.72,33.41,2026-02-10
31,Alabama,SEC,,23,20,5,71.4,58.1,13.24,,11.74,,11.18,13.79,24.98,110.41,76.85,33.56,2026-02-10
32,Washington,Big Ten,,25,18,6,74.1,60.9,13.17,,11.44,,12.94,11.67,24.61,112.26,78.75,33.51,2026-02-10
33,Illinois,Big Ten,,,16,8,77.4,65.5,11.92,,12.04,,14.58,9.38,23.96,111.55,80.67,30.88,2026-02-10
34,Georgia,SEC,,,19,5,75.5,58.8,16.67,,7.21,,12.42,11.45,23.87,108.45,77.47,30.98,2026-02-10
35,Mississippi State,SEC,,,16,8,77.8,64.8,13.00,,9.00,,15.61,6.39,22.00,110.59,82.34,28.25,2026-02-10
36,Syracuse,ACC,,,19,5,75.2,61.9,13.29,,7.78,,13.68,7.39,21.07,104.92,78.49,26.43,2026-02-10
37,Virginia,ACC,,,17,7,77.0,62.3,14.71,,6.29,,13.67,7.32,21.00,109.72,81.95,27.77,2026-02-10
38,Colorado,Big 12,,,16,8,68.6,61.0,7.54,,12.12,,7.76,11.90,19.66,101.79,76.48,25.31,2026-02-10
39,Virginia Tech,ACC,,,18,7,73.9,59.9,13.96,,5.63,,10.42,9.17,19.59,102.20,77.93,24.27,2026-02-10
40,Stanford,ACC,,,16,9,69.4,60.8,8.52,,10.77,,7.92,11.37,19.29,103.80,77.78,26.02,2026-02-10
41,Villanova,Big East,,,19,5,72.8,61.9,10.88,,8.27,,11.50,7.65,19.15,106.17,80.71,25.46,2026-02-10
42,Clemson,ACC,,,17,8,70.1,57.4,12.68,,6.15,,6.15,12.68,18.83,108.67,83.07,25.60,2026-02-10
43,Florida,SEC,,,15,11,73.8,65.5,8.31,,9.49,,10.89,6.91,17.80,103.87,82.08,21.79,2026-02-10
44,California,ACC,,,15,10,70.2,63.9,6.36,,11.19,,9.49,8.05,17.55,105.21,82.90,22.31,2026-02-10
45,Miami (FL),ACC,,,12,12,70.8,65.5,5.21,,12.23,,9.72,7.72,17.44,103.92,82.24,21.68,2026-02-10
46,Utah,Big 12,,,16,8,69.2,63.9,5.29,,12.93,,8.43,8.89,17.32,102.87,80.79,22.08,2026-02-10
47,Richmond,A-10,,,20,4,75.6,61.4,14.21,,3.02,,12.09,5.14,17.23,111.97,88.89,23.08,2026-02-10
48,Kansas,Big 12,,,15,10,73.8,66.0,7.72,,11.92,,11.63,5.51,17.13,107.32,85.19,22.12,2026-02-10
49,Arizona State,Big 12,,,19,6,67.0,59.0,8.00,,8.90,,4.85,12.05,16.90,97.85,76.20,21.65,2026-02-10
50,North Dakota State,Summit,,,22,2,81.4,59.1,22.29,,-4.15,,12.91,3.54,16.44,109.77,87.40,22.38,2026-02-10
51,BYU,Big 12,,,16,8,70.5,63.3,7.25,,8.46,,8.41,7.30,15.71,98.79,79.86,18.93,2026-02-10
52,James Madison,Sun Belt,,,18,8,74.7,63.5,11.19,,4.41,,9.63,5.96,15.60,102.24,82.17,20.07,2026-02-10
53,South Dakota State,Summit,,,18,6,75.8,63.4,12.46,,3.10,,10.46,5.11,15.56,107.63,86.94,20.70,2026-02-10
54,Princeton,Ivy,,24,19,2,74.0,63.8,10.19,,5.31,,11.46,4.04,15.50,109.41,88.91,20.50,2026-02-10
55,Kansas State,Big 12,,,13,12,68.8,65.4,3.48,,11.99,,8.74,6.74,15.47,103.39,84.13,19.25,2026-02-10
56,Indiana,Big Ten,,,14,11,71.5,69.2,2.36,,13.04,,10.41,4.99,15.40,107.74,88.48,19.26,2026-02-10
57,Seton Hall,Big East,,,15,8,69.5,64.0,5.48,,9.62,,8.66,6.44,15.10,102.87,83.57,19.30,2026-02-10
58,Gonzaga,WCC,,,18,7,73.4,63.8,9.60,,4.10,,9.30,4.40,13.70,104.24,86.22,18.01,2026-02-10
59,Marquette,Big East,,,16,8,70.3,62.5,7.83,,7.33,,7.31,6.32,13.63,103.63,85.90,17.73,2026-02-10
60,Rhode Island,A-10,,,21,2,68.5,53.6,14.96,,0.40,,3.25,10.24,13.49,101.57,83.24,18.33,2026-02-10
61,Missouri,SEC,,,16,10,75.2,73.6,1.62,,11.47,,13.38,-0.30,13.08,107.35,91.28,16.07,2026-02-10
62,Columbia,Ivy,,,15,6,71.9,61.0,10.95,,1.86,,9.00,3.82,12.82,102.73,86.64,16.10,2026-02-10
63,Texas A&M,SEC,,,9,10,64.2,69.2,-5.00,,17.82,,5.17,7.65,12.82,96.79,81.48,15.31,2026-02-10
64,Auburn,SEC,,,13,12,60.3,61.8,-1.44,,13.95,,0.45,12.06,12.51,94.74,79.44,15.30,2026-02-10
65,Purdue,Big Ten,,,11,13,69.8,71.4,-1.58,,13.72,,9.50,2.64,12.14,103.88,88.46,15.42,2026-02-10
66,Fairfield,MAAC,,,20,4,78.2,58.5,19.75,,-7.69,,9.49,2.57,12.06,105.60,90.14,15.46,2026-02-10
67,Troy,Sun Belt,,,19,5,84.0,69.5,14.50,,-0.04,,14.85,-2.80,12.04,99.47,86.63,12.84,2026-02-10
68,Harvard,Ivy,,,13,8,66.2,57.0,9.24,,2.67,,2.71,9.20,11.91,96.78,80.97,15.81,2026-02-10
69,Wisconsin,Big Ten,,,13,11,70.6,71.3,-0.63,,12.52,,9.42,2.47,11.90,103.63,88.63,15.00,2026-02-10
70,Montana State,Big Sky,,,17,6,76.2,63.0,13.26,,1.63,,9.32,2.50,11.82,97.55,83.11,14.44,2026-02-10
71,South Florida,American,,,14,10,71.2,69.2,2.00,,9.54,,8.97,2.57,11.54,102.18,88.38,13.80,2026-02-10
72,Davidson,A-10,,,16,10,66.5,58.5,8.00,,3.12,,3.03,8.09,11.12,98.32,83.68,14.64,2026-02-10
73,Rice,American,,,20,3,70.1,58.9,11.22,,-0.31,,4.33,6.58,10.91,97.51,83.75,13.77,2026-02-10
74,George Mason,A-10,,,15,7,67.9,60.8,7.09,,3.59,,3.94,6.75,10.69,96.64,82.52,14.11,2026-02-10
75,Georgia Tech,ACC,,,11,14,66.0,66.8,-0.72,,11.35,,4.80,5.84,10.63,94.36,81.41,12.95,2026-02-10
76,Santa Clara,WCC,,,18,7,82.0,66.9,15.12,,0.12,,14.40,-3.85,10.56,102.18,89.76,12.43,2026-02-10
77,Georgetown,Big East,,,12,12,65.0,61.1,3.92,,6.20,,2.74,7.37,10.11,97.13,84.24,12.89,2026-02-10
78,Ball State,MAC,,,19,5,78.7,65.7,12.96,,-0.04,,10.75,-0.97,9.78,101.25,90.04,11.20,2026-02-10
79,Florida State,ACC,,,8,16,73.1,77.0,-3.83,,13.57,,12.85,-3.12,9.74,99.52,88.39,11.13,2026-02-10
80,San Diego State,MWC,,,18,4,70.1,59.1,11.05,,0.99,,3.42,6.29,9.71,99.84,86.88,12.96,2026-02-10
81,Penn State,Big Ten,,,8,16,74.3,82.5,-8.13,,17.79,,16.16,-6.49,9.67,105.79,93.84,11.94,2026-02-10
82,Colorado State,MWC,,,18,6,67.1,55.5,11.58,,-0.49,,1.19,8.45,9.64,99.75,86.80,12.95,2026-02-10
83,Creighton,Big East,,,12,12,69.5,68.4,1.08,,8.27,,7.65,1.70,9.35,102.21,90.26,11.94,2026-02-10
84,Nevada-Las Vegas,MWC,,,16,7,68.0,61.3,6.74,,2.45,,5.14,4.06,9.19,101.06,89.44,11.63,2026-02-10
85,Arkansas State,Sun Belt,,,20,5,78.2,67.2,11.00,,-0.31,,9.89,-0.86,9.02,94.83,85.19,9.64,2026-02-10
86,UC Irvine,Big West,,,19,4,71.2,56.4,14.74,,-5.87,,3.21,5.66,8.87,99.68,88.18,11.50,2026-02-10
87,Louisiana Tech,CUSA,,,17,5,75.3,59.4,15.91,,-0.99,,5.36,3.15,8.51,102.39,90.98,11.41,2026-02-10
88,Miami (OH),MAC,,,19,4,72.1,58.2,13.96,,-2.44,,2.43,5.99,8.42,95.96,85.25,10.71,2026-02-10
89,Saint Joseph's,A-10,,,15,8,67.7,58.0,9.70,,2.21,,1.66,6.74,8.40,97.85,86.87,10.97,2026-02-10
90,Oregon State,WCC,,,17,8,66.2,60.5,5.64,,4.73,,1.48,6.90,8.38,98.18,87.69,10.49,2026-02-10
91,Belmont,MVC,,,14,9,69.7,67.7,2.00,,5.90,,4.60,3.31,7.90,97.79,88.14,9.65,2026-02-10
92,Georgia Southern,Sun Belt,,,17,6,73.9,65.3,8.61,,1.72,,3.98,3.92,7.90,99.01,88.95,10.07,2026-02-10
93,Arkansas,SEC,,,11,14,73.3,75.2,-1.92,,9.66,,10.73,-2.99,7.74,97.74,88.92,8.81,2026-02-10
94,Arizona,Big 12,,,11,12,71.3,70.8,0.52,,6.98,,8.74,-1.23,7.51,97.62,89.41,8.21,2026-02-10
95,Cincinnati,Big 12,,,8,16,70.4,72.0,-1.58,,10.76,,8.02,-0.61,7.42,100.19,91.44,8.75,2026-02-10
96,McNeese State,Southland,,,20,4,69.0,51.0,18.00,,-6.20,,-2.23,9.53,7.30,91.76,81.92,9.85,2026-02-10
97,Murray State,MVC,,,20,3,84.7,75.2,9.52,,-0.06,,17.02,-9.72,7.30,105.41,97.10,8.31,2026-02-10
98,Green Bay,Horizon,,,20,5,67.4,57.3,10.16,,-1.70,,0.12,6.76,6.89,94.24,85.58,8.66,2026-02-10
99,North Texas,American,,,13,10,70.1,61.5,8.61,,3.26,,1.16,5.71,6.88,90.74,82.98,7.76,2026-02-10
100,Marshall,Sun Belt,,,20,6,74.0,62.9,11.15,,0.49,,5.01,1.77,6.78,97.54,89.93,7.61,2026-02-10
101,St. John's (NY),Big East,,,19,7,63.6,60.5,3.04,,3.71,,0.68,6.07,6.75,96.16,88.56,7.60,2026-02-10
102,Northwestern,Big Ten,,,8,15,65.9,73.8,-7.96,,14.30,,6.73,-0.38,6.35,100.02,93.05,6.98,2026-02-10
103,UCF,Big 12,,,10,13,64.0,63.4,0.61,,5.74,,0.58,5.77,6.35,91.96,85.24,6.72,2026-02-10
104,Lindenwood,OVC,,,18,7,74.3,61.1,13.20,,-2.84,,6.30,0.04,6.34,105.13,96.80,8.34,2026-02-10
105,Boise State,MWC,,,19,5,71.8,64.7,7.04,,-0.92,,7.15,-1.07,6.08,99.07,92.15,6.93,2026-02-10
106,Quinnipiac,MAAC,,,20,4,69.5,52.3,17.21,,-11.31,,0.21,5.69,5.90,99.35,90.86,8.49,2026-02-10
107,New Mexico,MWC,,,16,8,67.6,60.8,6.79,,-0.95,,1.50,4.35,5.84,93.47,87.23,6.24,2026-02-10
108,Massachusetts,MAC,,,16,5,70.0,61.6,8.48,,-2.90,,2.39,3.19,5.58,94.80,88.72,6.08,2026-02-10
109,Butler,Big East,,,9,15,62.5,65.7,-3.17,,8.51,,0.12,5.23,5.35,92.52,87.57,4.95,2026-02-10
110,Central Michigan,MAC,,,14,8,71.0,65.0,6.00,,0.33,,4.40,0.93,5.33,95.14,89.61,5.53,2026-02-10
111,Abilene Christian,WAC,,,17,7,73.2,58.4,14.75,,-3.05,,0.29,4.95,5.24,94.17,88.11,6.06,2026-02-10
112,Wake Forest,ACC,,,13,12,66.2,64.7,1.52,,3.61,,2.99,2.14,5.13,95.67,90.09,5.58,2026-02-10
113,Idaho,Big Sky,,,19,5,79.8,67.7,12.13,,-4.49,,10.27,-5.31,4.97,97.46,92.52,4.94,2026-02-10
114,Portland,WCC,,,14,10,70.0,61.8,8.17,,2.06,,2.82,2.10,4.93,91.99,86.12,5.86,2026-02-10
115,College of Charleston,CAA,,,19,3,77.1,58.6,18.50,,-7.20,,4.14,0.61,4.75,97.96,92.23,5.73,2026-02-10
116,East Carolina,American,,,17,7,72.4,65.5,6.88,,-2.37,,5.81,-1.30,4.51,94.07,89.83,4.24,2026-02-10
117,South Dakota,Summit,,,19,6,71.8,55.6,16.12,,-6.12,,-1.32,5.61,4.29,91.33,85.60,5.73,2026-02-10
118,Temple,American,,,10,12,69.1,70.2,-1.09,,5.29,,6.29,-2.09,4.20,96.10,92.30,3.80,2026-02-10
119,Grand Canyon,MWC,,,9,15,65.2,67.1,-1.92,,6.00,,3.45,0.63,4.09,92.81,88.68,4.14,2026-02-10
120,Pepperdine,WCC,,,15,9,70.0,65.4,4.63,,0.34,,3.54,0.44,3.98,95.61,91.53,4.08,2026-02-10
121,Vermont,AmEast,,,20,6,67.7,53.5,14.23,,-5.67,,-2.44,6.32,3.87,97.01,91.62,5.38,2026-02-10
122,Eastern Kentucky,A-Sun,,,21,4,75.1,59.8,15.24,,-8.68,,3.41,0.35,3.75,93.86,90.46,3.40,2026-02-10
123,Coastal Carolina,Sun Belt,,,11,14,74.8,66.2,8.56,,-0.46,,5.38,-1.75,3.63,92.48,89.33,3.14,2026-02-10
124,Illinois State,MVC,,,14,9,73.3,67.9,5.35,,-2.03,,4.96,-1.64,3.32,97.60,94.82,2.78,2026-02-10
125,UTSA,American,,,11,11,61.0,59.1,1.91,,3.29,,-4.62,7.90,3.29,88.54,85.05,3.50,2026-02-10
126,California Baptist,WAC,,,16,8,72.1,66.0,6.17,,-2.89,,6.09,-2.82,3.27,93.11,90.49,2.62,2026-02-10
127,Western Illinois,OVC,,,19,4,76.7,61.2,15.52,,-7.45,,4.97,-1.72,3.25,98.77,94.59,4.18,2026-02-10
128,Rutgers,Big Ten,,,9,15,57.1,67.0,-9.88,,13.10,,-2.81,6.04,3.22,89.90,87.43,2.47,2026-02-10
129,Loyola Marymount,WCC,,,15,8,70.8,63.0,7.83,,-2.53,,4.04,-0.85,3.20,99.37,95.80,3.57,2026-02-10
130,Northern Iowa,MVC,,,11,12,64.2,63.9,0.30,,2.85,,-3.06,6.21,3.15,88.81,86.30,2.51,2026-02-10
131,Southern Indiana,OVC,,,16,7,70.3,57.1,13.26,,-3.52,,0.13,3.01,3.13,91.62,87.77,3.85,2026-02-10
132,UC San Diego,Big West,,,17,6,68.9,58.9,10.04,,-5.40,,0.10,2.82,2.92,90.36,87.30,3.06,2026-02-10
133,Missouri State,CUSA,,,15,8,66.0,62.2,3.83,,-1.37,,-0.71,3.17,2.46,89.98,87.97,2.01,2026-02-10
134,Pennsylvania,Ivy,,,13,8,64.0,56.9,7.14,,0.13,,-2.98,5.33,2.34,90.11,88.56,1.55,2026-02-10
135,UC Santa Barbara,Big West,,,16,6,67.5,59.5,8.05,,-4.55,,-1.77,3.93,2.16,92.41,90.72,1.69,2026-02-10
136,High Point,Big South,,,21,3,76.0,58.8,17.17,,-12.07,,3.68,-1.65,2.03,93.63,92.59,1.04,2026-02-10
137,Charlotte,American,,,11,13,64.0,66.6,-2.63,,4.61,,0.32,1.67,1.98,92.56,91.09,1.47,2026-02-10
138,Central Arkansas,A-Sun,,,14,10,69.9,58.5,11.33,,-5.36,,-0.90,2.72,1.82,89.96,88.17,1.78,2026-02-10
139,Idaho State,Big Sky,,,16,7,66.3,59.4,6.91,,-3.31,,-4.03,5.58,1.56,87.72,86.25,1.47,2026-02-10
140,Providence,Big East,,,11,14,59.8,63.3,-3.52,,4.93,,-2.73,4.13,1.41,88.73,88.22,0.50,2026-02-10
141,Tulsa,American,,,16,7,70.2,65.8,4.39,,-2.98,,1.85,-0.44,1.41,90.98,90.55,0.43,2026-02-10
142,Bradley,MVC,,,16,8,72.6,64.5,8.13,,-4.48,,1.37,-0.02,1.35,93.06,91.60,1.46,2026-02-10
143,Purdue Fort Wayne,Horizon,,,15,10,70.7,63.9,6.80,,-2.75,,2.38,-1.09,1.29,91.83,91.20,0.63,2026-02-10
144,Navy,Patriot,,,16,6,70.8,61.2,9.64,,-7.26,,3.11,-1.94,1.17,93.46,93.41,0.05,2026-02-10
145,Middle Tennessee,CUSA,,,12,11,60.5,59.3,1.22,,-0.08,,-4.83,5.97,1.14,91.38,91.10,0.28,2026-02-10
146,Tulane,American,,,8,14,67.5,69.2,-1.73,,2.73,,2.14,-1.13,1.00,91.17,90.92,0.25,2026-02-10
147,Hawaii,Big West,,,12,10,61.8,58.9,2.86,,-1.28,,-4.34,5.27,0.92,88.28,87.59,0.69,2026-02-10
148,Old Dominion,Sun Belt,,,15,10,69.9,67.6,2.32,,1.52,,2.09,-1.23,0.86,89.85,89.98,-0.13,2026-02-10
149,Sam Houston,CUSA,,,14,7,65.4,56.6,8.81,,-1.87,,-4.38,5.01,0.63,82.19,83.33,-1.14,2026-02-10
150,Brown,Ivy,,,13,7,63.4,55.6,7.85,,-5.07,,-3.29,3.74,0.46,86.56,88.15,-1.59,2026-02-10
151,Saint Mary's (CA),WCC,,,14,11,59.4,58.5,0.88,,1.71,,-6.28,6.47,0.19,89.10,90.35,-1.24,2026-02-10
152,Northern Colorado,Big Sky,,,17,8,70.1,60.4,9.68,,-2.96,,-1.17,1.34,0.18,90.49,90.89,-0.41,2026-02-10
153,Houston,Big 12,,,7,16,61.0,72.3,-11.22,,11.36,,0.10,0.04,0.14,88.07,88.32,-0.25,2026-02-10
154,Fresno State,MWC,,,12,13,62.8,58.4,4.36,,-2.53,,-4.18,4.14,-0.03,86.92,87.83,-0.91,2026-02-10
155,Southern Methodist,ACC,,,8,16,63.3,72.5,-9.13,,9.01,,1.19,-1.31,-0.11,91.49,92.84,-1.35,2026-02-10
156,Army,Patriot,,,18,5,65.2,55.7,9.52,,-8.47,,-3.60,3.44,-0.16,91.99,93.16,-1.18,2026-02-10
157,Jacksonville,A-Sun,,,16,7,72.5,67.3,5.13,,-3.45,,5.65,-5.81,-0.16,90.13,91.90,-1.77,2026-02-10
158,San Francisco,WCC,,,14,10,68.2,67.5,0.71,,0.81,,2.89,-3.08,-0.19,88.73,90.31,-1.57,2026-02-10
159,Toledo,MAC,,,12,9,66.2,63.6,2.62,,-2.41,,-2.48,2.22,-0.26,90.45,91.72,-1.27,2026-02-10
160,UAB,American,,,9,14,70.6,69.9,0.74,,-1.29,,4.17,-4.54,-0.38,96.97,98.36,-1.39,2026-02-10
161,George Washington,A-10,,,13,12,62.4,60.2,2.20,,-1.05,,-4.08,3.69,-0.39,91.77,93.32,-1.55,2026-02-10
162,Maine,AmEast,,,13,11,62.3,60.0,2.29,,-2.78,,-2.63,2.14,-0.49,89.30,91.27,-1.97,2026-02-10
163,Ohio,MAC,,,13,9,74.2,70.4,3.82,,-3.12,,6.62,-7.27,-0.65,92.41,94.79,-2.38,2026-02-10
164,UC Davis,Big West,,,17,7,68.9,63.4,5.50,,-3.53,,1.55,-2.22,-0.67,92.74,95.37,-2.63,2026-02-10
165,Kent State,MAC,,,11,12,70.9,68.6,2.30,,1.73,,2.15,-2.85,-0.70,92.99,95.30,-2.30,2026-02-10
166,Liberty,CUSA,,,11,11,64.8,63.1,1.68,,1.13,,-0.87,0.15,-0.72,94.59,97.09,-2.50,2026-02-10
167,Southern Mississippi,Sun Belt,,,12,12,75.4,73.6,1.79,,1.20,,6.65,-7.40,-0.75,96.73,99.31,-2.59,2026-02-10
168,Louisiana-Monroe,Sun Belt,,,11,12,67.4,68.5,-1.04,,0.25,,1.13,-1.93,-0.80,90.50,92.27,-1.78,2026-02-10
169,Cleveland State,Horizon,,,18,8,70.3,59.4,10.96,,-8.20,,-1.67,0.76,-0.91,90.46,92.89,-2.43,2026-02-10
170,Youngstown State,Horizon,,,17,8,66.8,56.8,10.04,,-5.43,,-5.15,4.21,-0.95,87.08,89.48,-2.41,2026-02-10
171,Austin Peay,A-Sun,,,13,9,67.0,58.6,8.32,,-5.06,,-5.18,4.07,-1.11,89.56,92.04,-2.49,2026-02-10
172,Xavier,Big East,,,11,13,58.6,65.7,-7.04,,5.68,,-4.71,3.35,-1.36,87.88,91.14,-3.27,2026-02-10
173,Drexel,CAA,,,14,8,64.0,56.3,7.68,,-6.80,,-4.44,2.98,-1.46,91.71,94.63,-2.92,2026-02-10
174,Florida Gulf Coast,A-Sun,,,11,12,63.2,59.8,3.35,,1.50,,-5.58,3.94,-1.64,87.81,91.07,-3.26,2026-02-10
175,Appalachian State,Sun Belt,,,10,13,64.0,59.7,4.22,,-0.34,,-5.09,3.37,-1.72,90.33,94.28,-3.95,2026-02-10
176,Binghamton,AmEast,,,17,6,68.4,62.8,5.57,,-3.17,,0.62,-2.41,-1.79,93.74,96.87,-3.13,2026-02-10
177,Florida International,CUSA,,,14,8,73.0,66.1,6.86,,-4.72,,3.61,-5.52,-1.91,89.98,93.92,-3.94,2026-02-10
178,La Salle,A-10,,,13,11,65.0,64.2,0.83,,-1.35,,-1.06,-0.85,-1.91,87.30,91.41,-4.10,2026-02-10
179,DePaul,Big East,,,5,20,62.2,72.9,-10.64,,8.70,,0.70,-2.64,-1.94,89.63,93.77,-4.14,2026-02-10
180,Eastern Michigan,MAC,,,11,11,68.6,67.4,1.23,,-0.80,,0.79,-2.78,-1.99,92.78,96.87,-4.09,2026-02-10
181,Howard,MEAC,,,17,7,66.0,62.3,3.71,,-5.81,,-1.46,-0.65,-2.10,88.55,93.28,-4.73,2026-02-10
182,FDU,NEC,,,21,4,67.9,52.4,15.44,,-14.65,,-6.00,3.87,-2.13,91.12,93.82,-2.70,2026-02-10
183,Oral Roberts,Summit,,,12,11,77.6,76.1,1.43,,1.67,,10.09,-12.21,-2.13,96.14,100.18,-4.04,2026-02-10
184,Loyola (IL),A-10,,,12,11,56.3,60.3,-4.00,,1.79,,-7.78,5.57,-2.21,84.52,89.22,-4.70,2026-02-10
185,Dayton,A-10,,,13,11,66.3,67.5,-1.21,,-1.06,,0.87,-3.14,-2.27,92.86,97.63,-4.77,2026-02-10
186,Northern Kentucky,Horizon,,,11,14,68.2,71.1,-2.92,,0.33,,2.35,-4.93,-2.59,91.82,96.32,-4.49,2026-02-10
187,Bryant,AmEast,,,16,8,65.2,54.8,10.38,,-9.87,,-4.54,1.67,-2.87,85.76,90.51,-4.76,2026-02-10
188,Virginia Commonwealth,A-10,,,8,16,58.2,66.3,-8.13,,5.22,,-4.65,1.75,-2.90,85.19,90.25,-5.06,2026-02-10
189,Cal State Fullerton,Big West,,,14,9,72.9,65.1,7.78,,-5.87,,3.41,-6.38,-2.97,86.66,92.17,-5.51,2026-02-10
190,Lamar,Southland,,,14,8,63.5,58.1,5.41,,-7.23,,-5.43,2.40,-3.04,87.13,91.72,-4.59,2026-02-10
191,Holy Cross,Patriot,,,14,9,60.1,59.2,0.87,,-3.94,,-5.74,2.67,-3.07,83.65,89.65,-6.00,2026-02-10
192,South Alabama,Sun Belt,,,9,14,67.7,69.0,-1.30,,-1.83,,-0.28,-2.86,-3.13,89.23,94.78,-5.56,2026-02-10
193,Southern Utah,WAC,,,15,8,72.7,66.0,6.74,,-4.02,,0.77,-4.09,-3.32,91.60,97.24,-5.64,2026-02-10
194,Longwood,Big South,,,17,6,78.4,65.4,12.96,,-7.78,,4.06,-7.49,-3.43,88.51,96.27,-7.76,2026-02-10
195,Tarleton State,WAC,,,12,11,65.9,63.8,2.04,,-2.36,,-3.24,-0.50,-3.74,87.02,92.72,-5.70,2026-02-10
196,Bowling Green,MAC,,,12,11,70.5,66.1,4.35,,0.70,,-1.54,-2.29,-3.83,86.02,92.42,-6.40,2026-02-10
197,Pacific,WCC,,,9,14,65.0,68.3,-3.26,,2.60,,-2.05,-1.81,-3.86,90.10,96.79,-6.70,2026-02-10
198,Washington State,WCC,,,5,21,63.4,75.2,-11.81,,7.91,,0.04,-3.94,-3.90,91.56,98.24,-6.68,2026-02-10
199,Stephen F. Austin,Southland,,,16,8,74.8,68.0,6.79,,-8.17,,5.30,-9.24,-3.94,90.43,97.08,-6.65,2026-02-10
200,Tennessee Tech,OVC,,,13,10,67.0,62.6,4.43,,-6.01,,-2.26,-1.94,-4.20,89.76,96.69,-6.93,2026-02-10
201,Saint Louis,A-10,,,11,15,66.1,68.2,-2.12,,1.14,,-1.34,-2.88,-4.22,84.08,91.14,-7.06,2026-02-10
202,Albany (NY),AmEast,,,12,12,58.4,55.1,3.29,,-5.53,,-9.35,4.94,-4.40,88.78,96.11,-7.33,2026-02-10
203,Boston College,ACC,,,4,22,62.8,76.4,-13.58,,9.04,,1.46,-5.99,-4.53,93.22,101.52,-8.30,2026-02-10
204,Chattanooga,Southern,,,16,6,64.4,57.1,7.32,,-7.65,,-6.74,2.19,-4.55,86.72,93.44,-6.72,2026-02-10
205,Drake,MVC,,,6,17,69.9,77.0,-7.09,,2.50,,2.59,-7.17,-4.58,93.18,100.60,-7.42,2026-02-10
206,Illinois-Chicago,MVC,,,11,12,63.9,63.3,0.61,,-5.28,,-5.52,0.85,-4.67,89.39,96.91,-7.52,2026-02-10
207,Eastern Washington,Big Sky,,,12,12,69.1,67.6,1.54,,-1.96,,0.60,-5.29,-4.69,88.08,95.76,-7.68,2026-02-10
208,Air Force,MWC,,,11,12,58.9,61.1,-2.22,,-2.39,,-6.98,2.23,-4.75,84.12,91.75,-7.63,2026-02-10
209,Robert Morris,Horizon,,,16,8,65.4,59.9,5.50,,-7.22,,-5.38,0.61,-4.77,86.10,93.84,-7.74,2026-02-10
210,Stetson,A-Sun,,,15,8,70.5,64.0,6.52,,-6.47,,0.65,-5.50,-4.85,94.37,101.81,-7.44,2026-02-10
211,Utah Valley,WAC,,,10,12,63.0,61.8,1.18,,-1.77,,-5.23,0.31,-4.92,82.60,90.70,-8.10,2026-02-10
212,Delaware,CUSA,,,11,12,64.8,64.7,0.17,,-4.03,,-2.51,-2.42,-4.94,84.16,92.13,-7.97,2026-02-10
213,Memphis,American,,,8,14,66.0,69.7,-3.68,,0.70,,-0.89,-4.37,-5.26,80.45,88.08,-7.62,2026-02-10
214,Lehigh,Patriot,,,12,10,65.7,66.2,-0.50,,-4.78,,0.55,-5.83,-5.28,93.77,102.63,-8.87,2026-02-10
215,Morehead State,OVC,,,15,10,64.9,64.9,0.04,,-2.07,,-4.59,-0.73,-5.32,85.98,93.92,-7.94,2026-02-10
216,UT Arlington,WAC,,,10,13,60.5,65.9,-5.35,,-0.06,,-4.83,-0.58,-5.41,80.81,87.81,-7.01,2026-02-10
217,Nevada,MWC,,,7,16,55.3,60.0,-4.65,,0.09,,-9.40,3.86,-5.55,82.06,91.29,-9.23,2026-02-10
218,Elon,CAA,,,11,12,65.9,62.9,2.96,,-5.97,,-3.51,-2.14,-5.65,86.38,95.07,-8.70,2026-02-10
219,Georgia State,Sun Belt,,,9,15,68.7,73.5,-4.83,,3.03,,1.55,-7.38,-5.83,89.84,99.03,-9.19,2026-02-10
220,St. Bonaventure,A-10,,,14,11,62.8,60.9,1.92,,-5.93,,-5.61,-0.33,-5.93,84.88,94.48,-9.60,2026-02-10
221,Kennesaw State,CUSA,,,11,11,64.5,61.1,3.36,,-2.67,,-4.57,-1.47,-6.04,83.66,92.99,-9.33,2026-02-10
222,Monmouth,CAA,,,15,7,63.7,57.1,6.64,,-7.53,,-7.10,0.88,-6.22,83.67,93.34,-9.67,2026-02-10
223,Campbell,CAA,,,15,9,61.6,56.1,5.54,,-6.81,,-9.77,3.46,-6.31,83.45,94.17,-10.71,2026-02-10
224,Jacksonville State,CUSA,,,12,11,63.5,58.4,5.09,,-5.08,,-7.28,0.95,-6.33,88.04,97.93,-9.89,2026-02-10
225,NJIT,AmEast,,,14,10,67.0,65.0,2.00,,-8.35,,0.61,-6.97,-6.35,91.90,102.34,-10.43,2026-02-10
226,Tennessee-Martin,OVC,,,13,10,64.8,62.5,2.35,,-3.18,,-5.18,-1.20,-6.38,86.88,97.01,-10.13,2026-02-10
227,UC Riverside,Big West,,,7,16,63.2,64.7,-1.43,,-2.25,,-5.60,-0.98,-6.58,84.68,94.72,-10.05,2026-02-10
228,Southern,SWAC,,,11,11,60.5,61.5,-1.05,,-1.50,,-7.75,1.15,-6.60,82.47,92.91,-10.44,2026-02-10
229,St. Thomas,Summit,,,11,13,64.0,62.3,1.75,,-1.98,,-6.57,-0.22,-6.79,85.03,96.20,-11.17,2026-02-10
230,Maryland-Baltimore County,AmEast,,,11,11,63.3,59.0,4.32,,-5.42,,-7.78,0.96,-6.82,82.22,92.93,-10.71,2026-02-10
231,Sacramento State,Big Sky,,,11,13,63.4,60.1,3.29,,-3.83,,-9.81,2.99,-6.83,80.52,91.28,-10.76,2026-02-10
232,West Georgia,A-Sun,,,15,8,72.2,64.9,7.35,,-8.71,,-0.56,-6.29,-6.85,89.10,99.91,-10.81,2026-02-10
233,Pittsburgh,ACC,,,8,17,61.2,70.6,-9.44,,2.62,,-3.91,-3.05,-6.97,85.49,96.54,-11.05,2026-02-10
234,Florida Atlantic,American,,,10,13,62.3,68.1,-5.83,,0.92,,-4.16,-2.97,-7.12,84.26,95.94,-11.68,2026-02-10
235,Radford,Big South,,,16,10,64.9,60.5,4.35,,-8.33,,-7.02,-0.14,-7.16,79.05,90.24,-11.19,2026-02-10
236,Fordham,A-10,,,9,15,61.9,64.0,-2.13,,-4.59,,-4.36,-2.84,-7.20,83.20,94.85,-11.65,2026-02-10
237,Wofford,Southern,,,12,11,67.9,62.9,4.96,,-5.05,,-3.76,-3.44,-7.20,88.95,100.35,-11.40,2026-02-10
238,IU Indy,Horizon,,,10,13,67.0,67.5,-0.48,,-3.16,,-3.61,-3.64,-7.25,84.04,94.90,-10.85,2026-02-10
239,Wyoming,MWC,,,8,15,54.4,61.0,-6.52,,1.09,,-10.28,2.87,-7.42,83.40,96.30,-12.90,2026-02-10
240,Alabama A&M,SWAC,,,14,9,61.3,57.8,3.52,,-5.83,,-9.84,2.41,-7.43,80.76,91.18,-10.42,2026-02-10
241,Stony Brook,CAA,,,13,10,57.7,55.3,2.39,,-5.01,,-12.49,5.04,-7.46,79.02,91.08,-12.06,2026-02-10
242,Merrimack,MAAC,,,13,10,68.1,64.7,3.39,,-8.87,,-0.97,-6.68,-7.64,86.27,98.27,-12.00,2026-02-10
243,Northwestern State,Southland,,,11,11,62.5,61.8,0.77,,-2.04,,-9.08,1.43,-7.64,81.94,93.71,-11.77,2026-02-10
244,Texas State,Sun Belt,,,10,13,62.4,63.4,-1.04,,-2.37,,-7.43,-0.27,-7.70,81.34,92.48,-11.15,2026-02-10
245,Northern Arizona,Big Sky,,,8,17,71.8,74.8,-3.08,,-0.80,,3.51,-11.26,-7.75,90.73,102.15,-11.43,2026-02-10
246,William & Mary,CAA,,,12,10,60.9,60.8,0.09,,-7.05,,-7.84,-0.02,-7.86,81.85,94.18,-12.34,2026-02-10
247,Norfolk State,MEAC,,,11,12,62.4,60.7,1.78,,-2.03,,-8.45,0.48,-7.97,77.70,90.76,-13.07,2026-02-10
248,Texas-Rio Grande Valley,Southland,,,15,9,66.1,65.3,0.83,,-4.70,,-3.32,-4.66,-7.98,86.72,97.83,-11.11,2026-02-10
249,Little Rock,OVC,,,12,12,59.0,61.7,-2.67,,-1.54,,-10.24,2.20,-8.04,79.77,91.66,-11.89,2026-02-10
250,Duquesne,A-10,,,7,16,64.3,66.3,-2.09,,-1.85,,-5.03,-3.11,-8.14,80.27,93.35,-13.08,2026-02-10
251,Furman,Southern,,,14,10,69.0,61.5,7.54,,-4.00,,-3.41,-5.19,-8.60,81.59,94.59,-13.00,2026-02-10
252,East Tennessee State,Southern,,,12,11,56.8,57.6,-0.78,,-4.90,,-11.71,2.95,-8.76,80.95,94.17,-13.21,2026-02-10
253,Towson,CAA,,,13,10,64.4,65.0,-0.52,,-5.63,,-3.64,-5.40,-9.04,83.90,97.83,-13.93,2026-02-10
254,North Alabama,A-Sun,,,12,11,62.7,62.8,-0.09,,-6.03,,-7.16,-1.92,-9.08,81.46,95.13,-13.67,2026-02-10
255,San Diego,WCC,,,9,17,57.4,62.5,-5.12,,-1.00,,-10.57,1.49,-9.08,79.26,93.65,-14.39,2026-02-10
256,Maryland-Eastern Shore,MEAC,,,14,11,63.8,65.4,-1.56,,-4.40,,-4.90,-4.20,-9.10,81.54,95.51,-13.96,2026-02-10
257,Wichita State,American,,,5,19,60.8,67.6,-6.83,,0.32,,-7.50,-1.66,-9.16,81.54,95.04,-13.50,2026-02-10
258,Montana,Big Sky,,,7,16,62.9,72.1,-9.22,,2.00,,-3.93,-5.39,-9.32,87.55,101.63,-14.08,2026-02-10
259,Oakland,Horizon,,,8,16,63.9,71.6,-7.75,,1.28,,-1.96,-7.37,-9.33,89.42,103.10,-13.69,2026-02-10
260,North Carolina A&T,CAA,,,9,13,62.1,62.2,-0.09,,0.07,,-6.54,-3.23,-9.76,82.11,96.96,-14.85,2026-02-10
261,Mercer,Southern,,,14,9,65.4,61.9,3.48,,-10.51,,-4.89,-4.91,-9.80,83.18,98.32,-15.14,2026-02-10
262,Weber State,Big Sky,,,7,18,63.3,67.2,-3.88,,-0.24,,-5.59,-4.28,-9.87,82.60,96.99,-14.39,2026-02-10
263,Kansas City,Summit,,,7,17,67.9,68.6,-0.71,,-0.63,,-5.38,-4.77,-10.15,86.23,102.05,-15.83,2026-02-10
264,SIU Edwardsville,OVC,,,10,14,61.5,60.4,1.13,,-5.24,,-10.35,-0.08,-10.43,81.42,97.38,-15.95,2026-02-10
265,Utah Tech,WAC,,,6,15,62.0,67.6,-5.62,,-4.12,,-6.55,-4.01,-10.57,80.38,95.88,-15.50,2026-02-10
266,Utah State,MWC,,,6,17,59.6,68.2,-8.57,,0.85,,-6.02,-4.59,-10.60,83.40,99.44,-16.04,2026-02-10
267,UNC Greensboro,Southern,,,13,11,65.3,55.3,9.96,,-8.31,,-11.09,0.29,-10.81,81.97,98.74,-16.77,2026-02-10
268,Loyola (MD),Patriot,,,10,13,56.0,60.3,-4.30,,-7.09,,-11.36,-0.03,-11.39,81.50,99.57,-18.07,2026-02-10
269,East Texas A&M,Southland,,,11,10,66.5,66.0,0.48,,-6.63,,-6.73,-4.85,-11.58,82.80,98.81,-16.00,2026-02-10
270,Southeast Missouri State,OVC,,,8,15,65.7,68.5,-2.83,,-3.24,,-4.27,-7.35,-11.62,83.51,99.87,-16.37,2026-02-10
271,Lipscomb,A-Sun,,,8,15,60.0,63.5,-3.52,,-3.82,,-11.22,-0.46,-11.67,76.99,94.33,-17.34,2026-02-10
272,Denver,Summit,,,9,15,60.3,67.4,-7.04,,0.03,,-9.52,-2.21,-11.73,80.03,98.74,-18.72,2026-02-10
273,Siena,MAAC,,,11,12,69.0,65.7,3.35,,-15.15,,-1.12,-10.69,-11.81,80.74,100.78,-20.04,2026-02-10
274,Incarnate Word,Southland,,,10,12,64.5,70.5,-6.05,,-3.80,,-2.87,-9.13,-12.00,87.65,104.42,-16.77,2026-02-10
275,Southern Illinois,MVC,,,8,13,67.3,70.4,-3.05,,-4.88,,-4.81,-7.22,-12.03,83.94,101.71,-17.77,2026-02-10
276,Nicholls State,Southland,,,11,11,65.5,63.6,1.86,,-11.97,,-8.14,-4.11,-12.25,80.10,97.24,-17.14,2026-02-10
277,Long Island University,NEC,,,15,8,70.0,59.4,10.61,,-18.21,,-4.98,-7.28,-12.26,82.55,101.43,-18.88,2026-02-10
278,New Mexico State,CUSA,,,8,15,59.0,67.2,-8.17,,-0.31,,-6.62,-5.73,-12.36,79.00,96.90,-17.90,2026-02-10
279,Western Michigan,MAC,,,7,14,55.5,67.3,-11.81,,-0.60,,-12.31,-0.09,-12.40,76.78,94.92,-18.13,2026-02-10
280,Evansville,MVC,,,6,18,66.2,74.3,-8.04,,-4.42,,-3.29,-9.17,-12.46,83.08,100.57,-17.49,2026-02-10
281,UTEP,CUSA,,,10,12,65.5,70.0,-4.50,,-3.41,,-3.08,-9.47,-12.56,83.68,102.30,-18.62,2026-02-10
282,Cal State Bakersfield,Big West,,,7,16,62.3,69.6,-7.26,,-4.50,,-5.19,-7.45,-12.64,81.49,99.31,-17.83,2026-02-10
283,Coppin State,MEAC,,,7,18,57.7,68.4,-10.72,,1.73,,-9.44,-3.31,-12.74,76.04,93.57,-17.53,2026-02-10
284,Mount St. Mary's,MAAC,,,12,12,60.5,62.9,-2.33,,-10.75,,-9.37,-3.71,-13.08,76.15,95.73,-19.58,2026-02-10
285,Cal State Northridge,Big West,,,8,14,64.5,66.0,-1.59,,-3.92,,-7.69,-5.63,-13.32,76.93,95.39,-18.46,2026-02-10
286,Akron,MAC,,,5,18,69.4,76.4,-7.04,,-0.06,,-0.34,-13.05,-13.40,85.87,104.57,-18.70,2026-02-10
287,Western Kentucky,CUSA,,,5,17,57.4,66.5,-9.05,,-1.72,,-10.58,-2.90,-13.48,81.60,102.71,-21.11,2026-02-10
288,New Hampshire,AmEast,,,8,15,56.5,60.7,-4.17,,-4.88,,-10.93,-2.66,-13.59,78.69,99.78,-21.09,2026-02-10
289,Detroit Mercy,Horizon,,,5,18,62.4,72.8,-10.43,,-3.22,,-5.77,-8.09,-13.86,81.80,102.06,-20.27,2026-02-10
290,Milwaukee,Horizon,,,8,18,60.6,67.1,-6.50,,-4.61,,-7.73,-6.12,-13.86,82.80,103.77,-20.97,2026-02-10
291,Marist,MAAC,,,10,15,59.0,67.0,-8.04,,-5.87,,-7.88,-6.03,-13.91,81.26,101.71,-20.45,2026-02-10
292,Boston University,Patriot,,,7,16,55.9,59.3,-3.43,,-7.13,,-12.63,-1.32,-13.95,82.92,105.59,-22.67,2026-02-10
293,Bucknell,Patriot,,,9,14,53.9,56.8,-2.96,,-7.62,,-15.29,1.12,-14.17,75.23,97.30,-22.07,2026-02-10
294,Northeastern,CAA,,,6,15,60.3,66.8,-6.43,,-7.80,,-6.99,-7.25,-14.23,81.31,102.97,-21.66,2026-02-10
295,Yale,Ivy,,,5,16,57.7,68.8,-11.10,,-3.38,,-7.36,-7.12,-14.48,78.30,100.15,-21.85,2026-02-10
296,Hofstra,CAA,,,4,18,52.7,63.2,-10.45,,-1.84,,-13.33,-1.18,-14.51,77.02,99.96,-22.94,2026-02-10
297,Iona,MAAC,,,14,11,59.8,61.2,-1.40,,-12.53,,-10.48,-4.13,-14.61,78.88,100.98,-22.10,2026-02-10
298,Eastern Illinois,OVC,,,4,21,57.7,70.6,-12.92,,-1.70,,-9.81,-4.81,-14.62,77.33,98.25,-20.92,2026-02-10
299,Cornell,Ivy,,,8,13,55.1,61.5,-6.33,,-4.25,,-13.95,-0.90,-14.85,80.22,104.09,-23.87,2026-02-10
300,Portland State,Big Sky,,,6,17,64.0,74.2,-10.13,,-2.69,,-3.61,-11.36,-14.97,85.40,107.01,-21.61,2026-02-10
301,Indiana State,MVC,,,8,15,73.4,81.0,-7.57,,-4.75,,3.29,-18.32,-15.02,86.80,106.68,-19.88,2026-02-10
302,Samford,Southern,,,10,16,60.2,67.4,-7.27,,-2.82,,-7.80,-7.29,-15.08,82.84,106.17,-23.32,2026-02-10
303,Buffalo,MAC,,,2,21,59.2,72.6,-13.39,,-1.92,,-7.81,-7.50,-15.31,76.86,98.47,-21.61,2026-02-10
304,Lafayette,Patriot,,,8,15,59.6,64.7,-5.09,,-10.24,,-8.33,-6.99,-15.33,82.79,106.32,-23.53,2026-02-10
305,Alcorn State,SWAC,,,12,10,56.2,61.7,-5.50,,-4.70,,-14.96,-0.38,-15.34,73.68,96.17,-22.49,2026-02-10
306,Wright State,Horizon,,,7,18,65.9,71.3,-5.40,,-4.61,,-5.08,-10.32,-15.39,84.09,106.61,-22.53,2026-02-10
307,Dartmouth,Ivy,,,10,11,56.8,58.8,-2.00,,-4.97,,-14.51,-0.96,-15.47,77.21,102.20,-24.99,2026-02-10
308,Winthrop,Big South,,,11,14,65.9,68.0,-2.08,,-6.23,,-5.55,-10.04,-15.60,81.65,103.86,-22.21,2026-02-10
309,Jackson State,SWAC,,,7,16,59.7,65.6,-5.87,,-5.99,,-11.41,-4.22,-15.63,78.56,100.79,-22.22,2026-02-10
310,North Florida,A-Sun,,,8,15,62.5,72.4,-9.91,,-3.97,,-5.65,-9.99,-15.64,82.47,104.98,-22.51,2026-02-10
311,Hampton,CAA,,,9,14,61.3,63.1,-1.87,,-7.65,,-9.62,-6.08,-15.70,80.49,104.24,-23.75,2026-02-10
312,Sacred Heart,MAAC,,,11,13,58.1,62.0,-3.96,,-11.28,,-12.16,-3.77,-15.93,77.71,101.58,-23.87,2026-02-10
313,Northern Illinois,MAC,,,5,18,55.9,69.2,-13.35,,-2.65,,-12.55,-3.45,-16.00,78.03,102.37,-24.34,2026-02-10
314,Manhattan,MAAC,,,5,18,55.7,66.7,-11.00,,-5.08,,-11.22,-4.87,-16.08,74.90,98.17,-23.27,2026-02-10
315,Alabama State,SWAC,,,10,12,59.3,68.0,-8.77,,-4.33,,-10.33,-6.27,-16.60,73.90,96.91,-23.01,2026-02-10
316,American,Patriot,,,6,17,55.7,65.3,-9.57,,-7.07,,-10.37,-6.27,-16.64,78.78,104.81,-26.03,2026-02-10
317,Houston Christian,Southland,,,6,16,60.4,68.4,-8.00,,-4.23,,-10.52,-6.66,-17.18,77.09,102.06,-24.97,2026-02-10
318,San Jose State,MWC,,,3,21,57.1,74.4,-17.29,,2.53,,-6.98,-10.41,-17.38,77.56,101.61,-24.05,2026-02-10
319,North Carolina Central,MEAC,,,6,15,62.3,70.6,-8.29,,-2.22,,-8.54,-8.90,-17.43,72.62,95.70,-23.08,2026-02-10
320,Colgate,Patriot,,,6,17,52.7,63.0,-10.35,,-5.76,,-14.54,-3.00,-17.54,73.23,100.44,-27.20,2026-02-10
321,Charleston Southern,Big South,,,8,16,61.8,71.4,-9.58,,-6.66,,-7.38,-10.20,-17.57,82.39,108.69,-26.30,2026-02-10
322,Grambling,SWAC,,,7,16,62.2,64.7,-2.48,,-6.50,,-10.22,-7.48,-17.70,74.32,99.12,-24.80,2026-02-10
323,North Dakota,Summit,,,7,18,59.7,70.5,-10.80,,-2.86,,-9.69,-8.94,-18.63,75.38,101.36,-25.98,2026-02-10
324,UNC Wilmington,CAA,,,5,17,61.2,70.3,-9.09,,-7.26,,-8.07,-10.58,-18.65,79.50,106.84,-27.33,2026-02-10
325,Tennessee State,OVC,,,4,19,59.2,75.4,-16.26,,-2.53,,-6.43,-12.37,-18.79,77.57,103.48,-25.91,2026-02-10
326,Louisiana,Sun Belt,,,3,21,57.4,74.2,-16.83,,1.03,,-11.32,-7.51,-18.83,75.31,101.52,-26.21,2026-02-10
327,UNC Asheville,Big South,,,9,15,61.8,60.1,1.67,,-13.07,,-14.66,-4.69,-19.36,70.92,98.98,-28.06,2026-02-10
328,Wagner,NEC,,,11,12,56.1,58.0,-1.91,,-13.31,,-17.93,-1.71,-19.64,66.21,94.87,-28.66,2026-02-10
329,Gardner-Webb,Big South,,,8,16,55.2,64.0,-8.75,,-11.01,,-14.88,-4.88,-19.76,73.82,102.94,-29.12,2026-02-10
330,Long Beach State,Big West,,,3,19,53.5,73.0,-19.41,,0.82,,-11.24,-8.55,-19.80,76.14,104.90,-28.76,2026-02-10
331,Cal Poly,Big West,,,3,20,57.0,72.3,-15.35,,0.70,,-9.87,-10.43,-20.30,76.80,105.40,-28.60,2026-02-10
332,Queens (NC),A-Sun,,,8,15,60.4,67.1,-6.74,,-8.73,,-12.28,-8.21,-20.50,74.63,102.32,-27.70,2026-02-10
333,Rider,MAAC,,,5,18,53.7,64.6,-10.83,,-10.06,,-15.81,-5.08,-20.89,72.72,103.85,-31.13,2026-02-10
334,Texas Southern,SWAC,,,9,14,67.1,72.9,-5.78,,-4.59,,-6.27,-14.64,-20.90,78.27,106.13,-27.86,2026-02-10
335,Seattle,WCC,,,5,19,61.5,75.8,-14.33,,-0.97,,-8.24,-12.68,-20.92,78.23,107.81,-29.58,2026-02-10
336,Texas A&M-Corpus Christi,Southland,,,4,18,57.8,68.1,-10.32,,-6.79,,-14.72,-6.21,-20.93,74.09,104.47,-30.39,2026-02-10
337,Canisius,MAAC,,,4,19,55.6,69.4,-13.78,,-7.44,,-14.17,-7.05,-21.22,73.82,104.79,-30.97,2026-02-10
338,Southeastern Louisiana,Southland,,,4,18,59.5,76.5,-17.00,,-0.86,,-9.90,-11.44,-21.34,80.53,111.19,-30.66,2026-02-10
339,Arkansas-Pine Bluff,SWAC,,,9,12,58.2,69.6,-11.33,,-8.39,,-12.12,-9.87,-21.99,75.83,106.19,-30.36,2026-02-10
340,Stonehill,NEC,,,8,15,60.2,67.1,-6.91,,-12.89,,-11.50,-10.66,-22.16,78.09,110.15,-32.06,2026-02-10
341,Florida A&M,SWAC,,,7,15,59.8,71.7,-11.91,,-9.52,,-10.94,-11.35,-22.28,75.95,106.05,-30.10,2026-02-10
342,Massachusetts-Lowell,AmEast,,,7,17,57.9,66.3,-8.42,,-7.54,,-13.01,-9.57,-22.59,78.08,113.31,-35.23,2026-02-10
343,Western Carolina,Southern,,,3,20,57.9,67.3,-9.39,,-5.37,,-14.36,-8.25,-22.62,71.36,104.55,-33.19,2026-02-10
344,Saint Peter's,MAAC,,,6,17,53.1,64.3,-11.26,,-8.57,,-17.42,-5.29,-22.71,72.36,106.81,-34.45,2026-02-10
345,Mercyhurst,NEC,,,8,15,62.7,77.0,-14.30,,-8.49,,-5.90,-16.90,-22.79,84.04,116.94,-32.91,2026-02-10
346,New Haven,NEC,,,7,16,58.6,60.3,-1.78,,-16.25,,-17.88,-5.33,-23.21,71.84,106.60,-34.76,2026-02-10
347,Delaware State,MEAC,,,4,19,54.1,65.7,-11.57,,-6.35,,-16.91,-6.33,-23.25,68.92,102.77,-33.85,2026-02-10
348,Chicago State,NEC,,,8,17,60.0,73.4,-13.36,,-10.04,,-10.23,-13.17,-23.40,73.84,106.48,-32.64,2026-02-10
349,New Orleans,Southland,,,2,21,61.3,81.6,-20.22,,-3.46,,-6.17,-18.06,-24.23,75.12,106.83,-31.72,2026-02-10
350,Morgan State,MEAC,,,3,21,52.8,73.2,-20.33,,-1.02,,-14.14,-10.10,-24.24,73.69,109.71,-36.03,2026-02-10
351,Bethune-Cookman,SWAC,,,5,19,55.5,69.0,-13.50,,-7.77,,-16.83,-7.51,-24.34,70.68,104.72,-34.04,2026-02-10
352,South Carolina Upstate,Big South,,,7,17,57.8,64.8,-7.04,,-9.19,,-16.59,-7.98,-24.57,69.79,106.54,-36.75,2026-02-10
353,South Carolina State,MEAC,,,5,17,57.2,69.0,-11.82,,-7.08,,-15.82,-10.96,-26.78,69.72,107.57,-37.85,2026-02-10
354,Omaha,Summit,,,3,23,53.5,78.3,-24.81,,1.45,,-15.61,-11.89,-27.51,70.54,110.08,-39.54,2026-02-10
355,Le Moyne,NEC,,,7,18,55.7,72.2,-16.44,,-10.22,,-14.07,-13.77,-27.84,74.26,115.53,-41.28,2026-02-10
356,Saint Francis (PA),NEC,,,2,21,56.6,70.9,-14.30,,-14.60,,-14.53,-14.94,-29.46,69.54,111.81,-42.26,2026-02-10
357,Valparaiso,MVC,,,0,24,55.1,79.9,-24.83,,-4.80,,-13.72,-15.91,-29.63,67.73,107.02,-39.29,2026-02-10
358,Mississippi Valley State,SWAC,,,4,17,57.5,82.2,-24.71,,-5.49,,-10.36,-19.84,-30.20,70.00,109.42,-39.42,2026-02-10
359,Prairie View,SWAC,,,2,20,55.2,76.3,-21.05,,-6.52,,-13.87,-16.80,-30.67,67.43,107.65,-40.22,2026-02-10
360,Bellarmine,A-Sun,,,2,23,50.8,80.1,-29.32,,0.13,,-16.34,-15.15,-31.49,67.78,111.59,-43.81,2026-02-10
361,Central Connecticut State,NEC,,,0,23,52.3,72.4,-20.17,,-12.25,,-17.85,-14.57,-32.42,65.84,112.20,-46.36,2026-02-10
362,Presbyterian,Big South,,,3,21,53.7,72.2,-18.54,,-8.69,,-20.04,-13.61,-33.65,64.32,112.36,-48.04,2026-02-10
363,Niagara,MAAC,,,0,23,52.2,81.0,-28.87,,-6.82,,-16.16,-19.53,-35.69,64.19,111.49,-47.30,2026-02-10
1,UConn,Big East,,1,25,0,89.8,50.6,39.28,,14.22,,30.38,23.13,53.50,129.33,58.91,70.43,2026-02-10
2,UCLA,Big Ten,,2,23,1,86.0,57.0,29.00,,19.20,,27.73,20.48,48.20,132.36,67.02,65.34,2026-02-10
3,South Carolina,SEC,,3,24,2,88.1,55.7,32.46,,14.91,,28.53,18.85,47.37,126.21,65.08,61.13,2026-02-10
4,Texas,SEC,,4,23,2,86.9,54.8,32.12,,14.97,,26.62,20.47,47.09,124.60,64.28,60.33,2026-02-10
5,LSU,SEC,,6,22,3,96.6,57.8,38.76,,8.23,,34.34,12.65,46.99,125.20,68.75,56.45,2026-02-10
6,Michigan,Big Ten,,7,20,4,86.9,62.3,24.63,,16.34,,26.98,13.99,40.97,119.93,67.91,52.02,2026-02-10
7,Oklahoma,SEC,,10,17,6,88.0,65.5,22.43,,13.70,,27.84,8.30,36.14,113.66,70.36,43.30,2026-02-10
8,Louisville,ACC,,9,22,4,81.7,59.9,21.81,,12.91,,21.69,13.03,34.72,119.04,73.97,45.07,2026-02-10
9,Duke,ACC,,11,18,6,75.9,58.3,17.63,,16.74,,17.02,17.34,34.36,112.49,68.17,44.32,2026-02-10
10,Vanderbilt,SEC,,5,23,2,85.4,63.2,22.16,,11.43,,23.81,9.78,33.59,121.81,78.56,43.25,2026-02-10
11,Michigan State,Big Ten,,13,20,4,85.3,63.3,22.04,,11.10,,22.99,10.15,33.14,120.09,77.11,42.98,2026-02-10
12,Maryland,Big Ten,,20,19,6,83.1,61.6,21.52,,10.94,,22.96,9.50,32.46,116.55,74.04,42.52,2026-02-10
13,TCU,Big 12,,17,21,4,80.2,55.3,24.96,,7.50,,16.95,15.51,32.46,114.19,72.13,42.06,2026-02-10
14,Iowa,Big Ten,,15,18,5,79.9,66.1,13.83,,18.28,,20.81,11.29,32.11,115.99,74.65,41.34,2026-02-10
15,Minnesota,Big Ten,,,18,6,75.5,55.9,19.63,,11.95,,14.21,17.37,31.58,115.25,71.99,43.27,2026-02-10
16,Ohio State,Big Ten,,8,22,3,83.8,64.4,19.40,,11.81,,22.26,8.95,31.21,113.24,74.83,38.41,2026-02-10
17,USC,Big Ten,,,15,9,69.8,59.7,10.08,,20.39,,11.98,18.50,30.48,107.90,67.69,40.20,2026-02-10
18,Kentucky,SEC,,18,18,7,76.6,58.7,17.92,,12.53,,14.88,15.57,30.45,115.04,74.33,40.71,2026-02-10
19,Ole Miss,SEC,,14,19,5,77.5,57.2,20.33,,9.39,,15.35,14.37,29.72,111.53,73.34,38.19,2026-02-10
20,West Virginia,Big 12,,19,20,5,76.8,59.4,17.36,,12.04,,16.01,13.39,29.40,110.52,73.02,37.49,2026-02-10
21,Tennessee,SEC,,22,15,6,76.6,65.1,11.52,,17.20,,18.86,9.86,28.72,110.37,73.86,36.51,2026-02-10
22,Nebraska,Big Ten,,,16,8,80.9,66.6,14.33,,13.82,,18.70,9.45,28.15,117.32,80.31,37.01,2026-02-10
23,NC State,ACC,,,17,7,78.4,66.0,12.42,,15.58,,19.30,8.70,28.00,113.53,77.60,35.93,2026-02-10
24,UNC,ACC,,21,20,5,75.4,57.9,17.52,,10.46,,13.67,14.31,27.98,109.30,72.84,36.46,2026-02-10
25,Oregon,Big Ten,,,18,8,76.9,63.4,13.54,,14.10,,16.85,10.78,27.63,110.39,74.41,35.98,2026-02-10
26,Oklahoma State,Big 12,,,19,6,85.1,62.4,22.68,,6.03,,20.17,6.56,26.74,117.78,83.97,33.81,2026-02-10
27,Notre Dame,ACC,,,15,9,79.1,66.1,12.96,,13.31,,18.98,7.29,26.27,113.04,80.24,32.80,2026-02-10
28,Texas Tech,Big 12,,16,22,3,73.8,56.4,17.40,,8.15,,11.48,14.07,25.55,107.15,74.06,33.09,2026-02-10
29,Iowa State,Big 12,,,19,5,83.6,64.1,19.46,,6.00,,20.44,5.02,25.46,117.34,84.04,33.30,2026-02-10
30,Baylor,Big 12,,12,21,4,72.4,57.8,14.60,,10.79,,11.72,13.67,25.39,105.13,71.72,33.41,2026-02-10
31,Alabama,SEC,,23,20,5,71.4,58.1,13.24,,11.74,,11.18,13.79,24.98,110.41,76.85,33.56,2026-02-10
32,Washington,Big Ten,,25,18,6,74.1,60.9,13.17,,11.44,,12.94,11.67,24.61,112.26,78.75,33.51,2026-02-10
33,Illinois,Big Ten,,,16,8,77.4,65.5,11.92,,12.04,,14.58,9.38,23.96,111.55,80.67,30.88,2026-02-10
34,Georgia,SEC,,,19,5,75.5,58.8,16.67,,7.21,,12.42,11.45,23.87,108.45,77.47,30.98,2026-02-10
35,Mississippi State,SEC,,,16,8,77.8,64.8,13.00,,9.00,,15.61,6.39,22.00,110.59,82.34,28.25,2026-02-10
36,Syracuse,ACC,,,19,5,75.2,61.9,13.29,,7.78,,13.68,7.39,21.07,104.92,78.49,26.43,2026-02-10
37,Virginia,ACC,,,17,7,77.0,62.3,14.71,,6.29,,13.67,7.32,21.00,109.72,81.95,27.77,2026-02-10
38,Colorado,Big 12,,,16,8,68.6,61.0,7.54,,12.12,,7.76,11.90,19.66,101.79,76.48,25.31,2026-02-10
39,Virginia Tech,ACC,,,18,7,73.9,59.9,13.96,,5.63,,10.42,9.17,19.59,102.20,77.93,24.27,2026-02-10
40,Stanford,ACC,,,16,9,69.4,60.8,8.52,,10.77,,7.92,11.37,19.29,103.80,77.78,26.02,2026-02-10
41,Villanova,Big East,,,19,5,72.8,61.9,10.88,,8.27,,11.50,7.65,19.15,106.17,80.71,25.46,2026-02-10
42,Clemson,ACC,,,17,8,70.1,57.4,12.68,,6.15,,6.15,12.68,18.83,108.67,83.07,25.60,2026-02-10
43,Florida,SEC,,,15,11,73.8,65.5,8.31,,9.49,,10.89,6.91,17.80,103.87,82.08,21.79,2026-02-10
44,California,ACC,,,15,10,70.2,63.9,6.36,,11.19,,9.49,8.05,17.55,105.21,82.90,22.31,2026-02-10
45,Miami (FL),ACC,,,12,12,70.8,65.5,5.21,,12.23,,9.72,7.72,17.44,103.92,82.24,21.68,2026-02-10
46,Utah,Big 12,,,16,8,69.2,63.9,5.29,,12.93,,8.43,8.89,17.32,102.87,80.79,22.08,2026-02-10
47,Richmond,A-10,,,20,4,75.6,61.4,14.21,,3.02,,12.09,5.14,17.23,111.97,88.89,23.08,2026-02-10
48,Kansas,Big 12,,,15,10,73.8,66.0,7.72,,11.92,,11.63,5.51,17.13,107.32,85.19,22.12,2026-02-10
49,Arizona State,Big 12,,,19,6,67.0,59.0,8.00,,8.90,,4.85,12.05,16.90,97.85,76.20,21.65,2026-02-10
50,North Dakota State,Summit,,,22,2,81.4,59.1,22.29,,-4.15,,12.91,3.54,16.44,109.77,87.40,22.38,2026-02-10
51,BYU,Big 12,,,16,8,70.5,63.3,7.25,,8.46,,8.41,7.30,15.71,98.79,79.86,18.93,2026-02-10
52,James Madison,Sun Belt,,,18,8,74.7,63.5,11.19,,4.41,,9.63,5.96,15.60,102.24,82.17,20.07,2026-02-10
53,South Dakota State,Summit,,,18,6,75.8,63.4,12.46,,3.10,,10.46,5.11,15.56,107.63,86.94,20.70,2026-02-10
54,Princeton,Ivy,,24,19,2,74.0,63.8,10.19,,5.31,,11.46,4.04,15.50,109.41,88.91,20.50,2026-02-10
55,Kansas State,Big 12,,,13,12,68.8,65.4,3.48,,11.99,,8.74,6.74,15.47,103.39,84.13,19.25,2026-02-10
56,Indiana,Big Ten,,,14,11,71.5,69.2,2.36,,13.04,,10.41,4.99,15.40,107.74,88.48,19.26,2026-02-10
57,Seton Hall,Big East,,,15,8,69.5,64.0,5.48,,9.62,,8.66,6.44,15.10,102.87,83.57,19.30,2026-02-10
58,Gonzaga,WCC,,,18,7,73.4,63.8,9.60,,4.10,,9.30,4.40,13.70,104.24,86.22,18.01,2026-02-10
59,Marquette,Big East,,,16,8,70.3,62.5,7.83,,7.33,,7.31,6.32,13.63,103.63,85.90,17.73,2026-02-10
60,Rhode Island,A-10,,,21,2,68.5,53.6,14.96,,0.40,,3.25,10.24,13.49,101.57,83.24,18.33,2026-02-10
61,Missouri,SEC,,,16,10,75.2,73.6,1.62,,11.47,,13.38,-0.30,13.08,107.35,91.28,16.07,2026-02-10
62,Columbia,Ivy,,,15,6,71.9,61.0,10.95,,1.86,,9.00,3.82,12.82,102.73,86.64,16.10,2026-02-10
63,Texas A&M,SEC,,,9,10,64.2,69.2,-5.00,,17.82,,5.17,7.65,12.82,96.79,81.48,15.31,2026-02-10
64,Auburn,SEC,,,13,12,60.3,61.8,-1.44,,13.95,,0.45,12.06,12.51,94.74,79.44,15.30,2026-02-10
65,Purdue,Big Ten,,,11,13,69.8,71.4,-1.58,,13.72,,9.50,2.64,12.14,103.88,88.46,15.42,2026-02-10
66,Fairfield,MAAC,,,20,4,78.2,58.5,19.75,,-7.69,,9.49,2.57,12.06,105.60,90.14,15.46,2026-02-10
67,Troy,Sun Belt,,,19,5,84.0,69.5,14.50,,-0.04,,14.85,-2.80,12.04,99.47,86.63,12.84,2026-02-10
68,Harvard,Ivy,,,13,8,66.2,57.0,9.24,,2.67,,2.71,9.20,11.91,96.78,80.97,15.81,2026-02-10
69,Wisconsin,Big Ten,,,13,11,70.6,71.3,-0.63,,12.52,,9.42,2.47,11.90,103.63,88.63,15.00,2026-02-10
70,Montana State,Big Sky,,,17,6,76.2,63.0,13.26,,1.63,,9.32,2.50,11.82,97.55,83.11,14.44,2026-02-10
71,South Florida,American,,,14,10,71.2,69.2,2.00,,9.54,,8.97,2.57,11.54,102.18,88.38,13.80,2026-02-10
72,Davidson,A-10,,,16,10,66.5,58.5,8.00,,3.12,,3.03,8.09,11.12,98.32,83.68,14.64,2026-02-10
73,Rice,American,,,20,3,70.1,58.9,11.22,,-0.31,,4.33,6.58,10.91,97.51,83.75,13.77,2026-02-10
74,George Mason,A-10,,,15,7,67.9,60.8,7.09,,3.59,,3.94,6.75,10.69,96.64,82.52,14.11,2026-02-10
75,Georgia Tech,ACC,,,11,14,66.0,66.8,-0.72,,11.35,,4.80,5.84,10.63,94.36,81.41,12.95,2026-02-10
76,Santa Clara,WCC,,,18,7,82.0,66.9,15.12,,0.12,,14.40,-3.85,10.56,102.18,89.76,12.43,2026-02-10
77,Georgetown,Big East,,,12,12,65.0,61.1,3.92,,6.20,,2.74,7.37,10.11,97.13,84.24,12.89,2026-02-10
78,Ball State,MAC,,,19,5,78.7,65.7,12.96,,-0.04,,10.75,-0.97,9.78,101.25,90.04,11.20,2026-02-10
79,Florida State,ACC,,,8,16,73.1,77.0,-3.83,,13.57,,12.85,-3.12,9.74,99.52,88.39,11.13,2026-02-10
80,San Diego State,MWC,,,18,4,70.1,59.1,11.05,,0.99,,3.42,6.29,9.71,99.84,86.88,12.96,2026-02-10
81,Penn State,Big Ten,,,8,16,74.3,82.5,-8.13,,17.79,,16.16,-6.49,9.67,105.79,93.84,11.94,2026-02-10
82,Colorado State,MWC,,,18,6,67.1,55.5,11.58,,-0.49,,1.19,8.45,9.64,99.75,86.80,12.95,2026-02-10
83,Creighton,Big East,,,12,12,69.5,68.4,1.08,,8.27,,7.65,1.70,9.35,102.21,90.26,11.94,2026-02-10
84,Nevada-Las Vegas,MWC,,,16,7,68.0,61.3,6.74,,2.45,,5.14,4.06,9.19,101.06,89.44,11.63,2026-02-10
85,Arkansas State,Sun Belt,,,20,5,78.2,67.2,11.00,,-0.31,,9.89,-0.86,9.02,94.83,85.19,9.64,2026-02-10
86,UC Irvine,Big West,,,19,4,71.2,56.4,14.74,,-5.87,,3.21,5.66,8.87,99.68,88.18,11.50,2026-02-10
87,Louisiana Tech,CUSA,,,17,5,75.3,59.4,15.91,,-0.99,,5.36,3.15,8.51,102.39,90.98,11.41,2026-02-10
88,Miami (OH),MAC,,,19,4,72.1,58.2,13.96,,-2.44,,2.43,5.99,8.42,95.96,85.25,10.71,2026-02-10
89,Saint Joseph's,A-10,,,15,8,67.7,58.0,9.70,,2.21,,1.66,6.74,8.40,97.85,86.87,10.97,2026-02-10
90,Oregon State,WCC,,,17,8,66.2,60.5,5.64,,4.73,,1.48,6.90,8.38,98.18,87.69,10.49,2026-02-10
91,Belmont,MVC,,,14,9,69.7,67.7,2.00,,5.90,,4.60,3.31,7.90,97.79,88.14,9.65,2026-02-10
92,Georgia Southern,Sun Belt,,,17,6,73.9,65.3,8.61,,1.72,,3.98,3.92,7.90,99.01,88.95,10.07,2026-02-10
93,Arkansas,SEC,,,11,14,73.3,75.2,-1.92,,9.66,,10.73,-2.99,7.74,97.74,88.92,8.81,2026-02-10
94,Arizona,Big 12,,,11,12,71.3,70.8,0.52,,6.98,,8.74,-1.23,7.51,97.62,89.41,8.21,2026-02-10
95,Cincinnati,Big 12,,,8,16,70.4,72.0,-1.58,,10.76,,8.02,-0.61,7.42,100.19,91.44,8.75,2026-02-10
96,McNeese State,Southland,,,20,4,69.0,51.0,18.00,,-6.20,,-2.23,9.53,7.30,91.76,81.92,9.85,2026-02-10
97,Murray State,MVC,,,20,3,84.7,75.2,9.52,,-0.06,,17.02,-9.72,7.30,105.41,97.10,8.31,2026-02-10
98,Green Bay,Horizon,,,20,5,67.4,57.3,10.16,,-1.70,,0.12,6.76,6.89,94.24,85.58,8.66,2026-02-10
99,North Texas,American,,,13,10,70.1,61.5,8.61,,3.26,,1.16,5.71,6.88,90.74,82.98,7.76,2026-02-10
100,Marshall,Sun Belt,,,20,6,74.0,62.9,11.15,,0.49,,5.01,1.77,6.78,97.54,89.93,7.61,2026-02-10
101,St. John's (NY),Big East,,,19,7,63.6,60.5,3.04,,3.71,,0.68,6.07,6.75,96.16,88.56,7.60,2026-02-10
102,Northwestern,Big Ten,,,8,15,65.9,73.8,-7.96,,14.30,,6.73,-0.38,6.35,100.02,93.05,6.98,2026-02-10
103,UCF,Big 12,,,10,13,64.0,63.4,0.61,,5.74,,0.58,5.77,6.35,91.96,85.24,6.72,2026-02-10
104,Lindenwood,OVC,,,18,7,74.3,61.1,13.20,,-2.84,,6.30,0.04,6.34,105.13,96.80,8.34,2026-02-10
105,Boise State,MWC,,,19,5,71.8,64.7,7.04,,-0.92,,7.15,-1.07,6.08,99.07,92.15,6.93,2026-02-10
106,Quinnipiac,MAAC,,,20,4,69.5,52.3,17.21,,-11.31,,0.21,5.69,5.90,99.35,90.86,8.49,2026-02-10
107,New Mexico,MWC,,,16,8,67.6,60.8,6.79,,-0.95,,1.50,4.35,5.84,93.47,87.23,6.24,2026-02-10
108,Massachusetts,MAC,,,16,5,70.0,61.6,8.48,,-2.90,,2.39,3.19,5.58,94.80,88.72,6.08,2026-02-10
109,Butler,Big East,,,9,15,62.5,65.7,-3.17,,8.51,,0.12,5.23,5.35,92.52,87.57,4.95,2026-02-10
110,Central Michigan,MAC,,,14,8,71.0,65.0,6.00,,0.33,,4.40,0.93,5.33,95.14,89.61,5.53,2026-02-10
111,Abilene Christian,WAC,,,17,7,73.2,58.4,14.75,,-3.05,,0.29,4.95,5.24,94.17,88.11,6.06,2026-02-10
112,Wake Forest,ACC,,,13,12,66.2,64.7,1.52,,3.61,,2.99,2.14,5.13,95.67,90.09,5.58,2026-02-10
113,Idaho,Big Sky,,,19,5,79.8,67.7,12.13,,-4.49,,10.27,-5.31,4.97,97.46,92.52,4.94,2026-02-10
114,Portland,WCC,,,14,10,70.0,61.8,8.17,,2.06,,2.82,2.10,4.93,91.99,86.12,5.86,2026-02-10
115,College of Charleston,CAA,,,19,3,77.1,58.6,18.50,,-7.20,,4.14,0.61,4.75,97.96,92.23,5.73,2026-02-10
116,East Carolina,American,,,17,7,72.4,65.5,6.88,,-2.37,,5.81,-1.30,4.51,94.07,89.83,4.24,2026-02-10
117,South Dakota,Summit,,,19,6,71.8,55.6,16.12,,-6.12,,-1.32,5.61,4.29,91.33,85.60,5.73,2026-02-10
118,Temple,American,,,10,12,69.1,70.2,-1.09,,5.29,,6.29,-2.09,4.20,96.10,92.30,3.80,2026-02-10
119,Grand Canyon,MWC,,,9,15,65.2,67.1,-1.92,,6.00,,3.45,0.63,4.09,92.81,88.68,4.14,2026-02-10
120,Pepperdine,WCC,,,15,9,70.0,65.4,4.63,,0.34,,3.54,0.44,3.98,95.61,91.53,4.08,2026-02-10
121,Vermont,AmEast,,,20,6,67.7,53.5,14.23,,-5.67,,-2.44,6.32,3.87,97.01,91.62,5.38,2026-02-10
122,Eastern Kentucky,A-Sun,,,21,4,75.1,59.8,15.24,,-8.68,,3.41,0.35,3.75,93.86,90.46,3.40,2026-02-10
123,Coastal Carolina,Sun Belt,,,11,14,74.8,66.2,8.56,,-0.46,,5.38,-1.75,3.63,92.48,89.33,3.14,2026-02-10
124,Illinois State,MVC,,,14,9,73.3,67.9,5.35,,-2.03,,4.96,-1.64,3.32,97.60,94.82,2.78,2026-02-10
125,UTSA,American,,,11,11,61.0,59.1,1.91,,3.29,,-4.62,7.90,3.29,88.54,85.05,3.50,2026-02-10
126,California Baptist,WAC,,,16,8,72.1,66.0,6.17,,-2.89,,6.09,-2.82,3.27,93.11,90.49,2.62,2026-02-10
127,Western Illinois,OVC,,,19,4,76.7,61.2,15.52,,-7.45,,4.97,-1.72,3.25,98.77,94.59,4.18,2026-02-10
128,Rutgers,Big Ten,,,9,15,57.1,67.0,-9.88,,13.10,,-2.81,6.04,3.22,89.90,87.43,2.47,2026-02-10
129,Loyola Marymount,WCC,,,15,8,70.8,63.0,7.83,,-2.53,,4.04,-0.85,3.20,99.37,95.80,3.57,2026-02-10
130,Northern Iowa,MVC,,,11,12,64.2,63.9,0.30,,2.85,,-3.06,6.21,3.15,88.81,86.30,2.51,2026-02-10
131,Southern Indiana,OVC,,,16,7,70.3,57.1,13.26,,-3.52,,0.13,3.01,3.13,91.62,87.77,3.85,2026-02-10
132,UC San Diego,Big West,,,17,6,68.9,58.9,10.04,,-5.40,,0.10,2.82,2.92,90.36,87.30,3.06,2026-02-10
133,Missouri State,CUSA,,,15,8,66.0,62.2,3.83,,-1.37,,-0.71,3.17,2.46,89.98,87.97,2.01,2026-02-10
134,Pennsylvania,Ivy,,,13,8,64.0,56.9,7.14,,0.13,,-2.98,5.33,2.34,90.11,88.56,1.55,2026-02-10
135,UC Santa Barbara,Big West,,,16,6,67.5,59.5,8.05,,-4.55,,-1.77,3.93,2.16,92.41,90.72,1.69,2026-02-10
136,High Point,Big South,,,21,3,76.0,58.8,17.17,,-12.07,,3.68,-1.65,2.03,93.63,92.59,1.04,2026-02-10
137,Charlotte,American,,,11,13,64.0,66.6,-2.63,,4.61,,0.32,1.67,1.98,92.56,91.09,1.47,2026-02-10
138,Central Arkansas,A-Sun,,,14,10,69.9,58.5,11.33,,-5.36,,-0.90,2.72,1.82,89.96,88.17,1.78,2026-02-10
139,Idaho State,Big Sky,,,16,7,66.3,59.4,6.91,,-3.31,,-4.03,5.58,1.56,87.72,86.25,1.47,2026-02-10
140,Providence,Big East,,,11,14,59.8,63.3,-3.52,,4.93,,-2.73,4.13,1.41,88.73,88.22,0.50,2026-02-10
141,Tulsa,American,,,16,7,70.2,65.8,4.39,,-2.98,,1.85,-0.44,1.41,90.98,90.55,0.43,2026-02-10
142,Bradley,MVC,,,16,8,72.6,64.5,8.13,,-4.48,,1.37,-0.02,1.35,93.06,91.60,1.46,2026-02-10
143,Purdue Fort Wayne,Horizon,,,15,10,70.7,63.9,6.80,,-2.75,,2.38,-1.09,1.29,91.83,91.20,0.63,2026-02-10
144,Navy,Patriot,,,16,6,70.8,61.2,9.64,,-7.26,,3.11,-1.94,1.17,93.46,93.41,0.05,2026-02-10
145,Middle Tennessee,CUSA,,,12,11,60.5,59.3,1.22,,-0.08,,-4.83,5.97,1.14,91.38,91.10,0.28,2026-02-10
146,Tulane,American,,,8,14,67.5,69.2,-1.73,,2.73,,2.14,-1.13,1.00,91.17,90.92,0.25,2026-02-10
147,Hawaii,Big West,,,12,10,61.8,58.9,2.86,,-1.28,,-4.34,5.27,0.92,88.28,87.59,0.69,2026-02-10
148,Old Dominion,Sun Belt,,,15,10,69.9,67.6,2.32,,1.52,,2.09,-1.23,0.86,89.85,89.98,-0.13,2026-02-10
149,Sam Houston,CUSA,,,14,7,65.4,56.6,8.81,,-1.87,,-4.38,5.01,0.63,82.19,83.33,-1.14,2026-02-10
150,Brown,Ivy,,,13,7,63.4,55.6,7.85,,-5.07,,-3.29,3.74,0.46,86.56,88.15,-1.59,2026-02-10
151,Saint Mary's (CA),WCC,,,14,11,59.4,58.5,0.88,,1.71,,-6.28,6.47,0.19,89.10,90.35,-1.24,2026-02-10
152,Northern Colorado,Big Sky,,,17,8,70.1,60.4,9.68,,-2.96,,-1.17,1.34,0.18,90.49,90.89,-0.41,2026-02-10
153,Houston,Big 12,,,7,16,61.0,72.3,-11.22,,11.36,,0.10,0.04,0.14,88.07,88.32,-0.25,2026-02-10
154,Fresno State,MWC,,,12,13,62.8,58.4,4.36,,-2.53,,-4.18,4.14,-0.03,86.92,87.83,-0.91,2026-02-10
155,Southern Methodist,ACC,,,8,16,63.3,72.5,-9.13,,9.01,,1.19,-1.31,-0.11,91.49,92.84,-1.35,2026-02-10
156,Army,Patriot,,,18,5,65.2,55.7,9.52,,-8.47,,-3.60,3.44,-0.16,91.99,93.16,-1.18,2026-02-10
157,Jacksonville,A-Sun,,,16,7,72.5,67.3,5.13,,-3.45,,5.65,-5.81,-0.16,90.13,91.90,-1.77,2026-02-10
158,San Francisco,WCC,,,14,10,68.2,67.5,0.71,,0.81,,2.89,-3.08,-0.19,88.73,90.31,-1.57,2026-02-10
159,Toledo,MAC,,,12,9,66.2,63.6,2.62,,-2.41,,-2.48,2.22,-0.26,90.45,91.72,-1.27,2026-02-10
160,UAB,American,,,9,14,70.6,69.9,0.74,,-1.29,,4.17,-4.54,-0.38,96.97,98.36,-1.39,2026-02-10
161,George Washington,A-10,,,13,12,62.4,60.2,2.20,,-1.05,,-4.08,3.69,-0.39,91.77,93.32,-1.55,2026-02-10
162,Maine,AmEast,,,13,11,62.3,60.0,2.29,,-2.78,,-2.63,2.14,-0.49,89.30,91.27,-1.97,2026-02-10
163,Ohio,MAC,,,13,9,74.2,70.4,3.82,,-3.12,,6.62,-7.27,-0.65,92.41,94.79,-2.38,2026-02-10
164,UC Davis,Big West,,,17,7,68.9,63.4,5.50,,-3.53,,1.55,-2.22,-0.67,92.74,95.37,-2.63,2026-02-10
165,Kent State,MAC,,,11,12,70.9,68.6,2.30,,1.73,,2.15,-2.85,-0.70,92.99,95.30,-2.30,2026-02-10
166,Liberty,CUSA,,,11,11,64.8,63.1,1.68,,1.13,,-0.87,0.15,-0.72,94.59,97.09,-2.50,2026-02-10
167,Southern Mississippi,Sun Belt,,,12,12,75.4,73.6,1.79,,1.20,,6.65,-7.40,-0.75,96.73,99.31,-2.59,2026-02-10
168,Louisiana-Monroe,Sun Belt,,,11,12,67.4,68.5,-1.04,,0.25,,1.13,-1.93,-0.80,90.50,92.27,-1.78,2026-02-10
169,Cleveland State,Horizon,,,18,8,70.3,59.4,10.96,,-8.20,,-1.67,0.76,-0.91,90.46,92.89,-2.43,2026-02-10
170,Youngstown State,Horizon,,,17,8,66.8,56.8,10.04,,-5.43,,-5.15,4.21,-0.95,87.08,89.48,-2.41,2026-02-10
171,Austin Peay,A-Sun,,,13,9,67.0,58.6,8.32,,-5.06,,-5.18,4.07,-1.11,89.56,92.04,-2.49,2026-02-10
172,Xavier,Big East,,,11,13,58.6,65.7,-7.04,,5.68,,-4.71,3.35,-1.36,87.88,91.14,-3.27,2026-02-10
173,Drexel,CAA,,,14,8,64.0,56.3,7.68,,-6.80,,-4.44,2.98,-1.46,91.71,94.63,-2.92,2026-02-10
174,Florida Gulf Coast,A-Sun,,,11,12,63.2,59.8,3.35,,1.50,,-5.58,3.94,-1.64,87.81,91.07,-3.26,2026-02-10
175,Appalachian State,Sun Belt,,,10,13,64.0,59.7,4.22,,-0.34,,-5.09,3.37,-1.72,90.33,94.28,-3.95,2026-02-10
176,Binghamton,AmEast,,,17,6,68.4,62.8,5.57,,-3.17,,0.62,-2.41,-1.79,93.74,96.87,-3.13,2026-02-10
177,Florida International,CUSA,,,14,8,73.0,66.1,6.86,,-4.72,,3.61,-5.52,-1.91,89.98,93.92,-3.94,2026-02-10
178,La Salle,A-10,,,13,11,65.0,64.2,0.83,,-1.35,,-1.06,-0.85,-1.91,87.30,91.41,-4.10,2026-02-10
179,DePaul,Big East,,,5,20,62.2,72.9,-10.64,,8.70,,0.70,-2.64,-1.94,89.63,93.77,-4.14,2026-02-10
180,Eastern Michigan,MAC,,,11,11,68.6,67.4,1.23,,-0.80,,0.79,-2.78,-1.99,92.78,96.87,-4.09,2026-02-10
181,Howard,MEAC,,,17,7,66.0,62.3,3.71,,-5.81,,-1.46,-0.65,-2.10,88.55,93.28,-4.73,2026-02-10
182,FDU,NEC,,,21,4,67.9,52.4,15.44,,-14.65,,-6.00,3.87,-2.13,91.12,93.82,-2.70,2026-02-10
183,Oral Roberts,Summit,,,12,11,77.6,76.1,1.43,,1.67,,10.09,-12.21,-2.13,96.14,100.18,-4.04,2026-02-10
184,Loyola (IL),A-10,,,12,11,56.3,60.3,-4.00,,1.79,,-7.78,5.57,-2.21,84.52,89.22,-4.70,2026-02-10
185,Dayton,A-10,,,13,11,66.3,67.5,-1.21,,-1.06,,0.87,-3.14,-2.27,92.86,97.63,-4.77,2026-02-10
186,Northern Kentucky,Horizon,,,11,14,68.2,71.1,-2.92,,0.33,,2.35,-4.93,-2.59,91.82,96.32,-4.49,2026-02-10
187,Bryant,AmEast,,,16,8,65.2,54.8,10.38,,-9.87,,-4.54,1.67,-2.87,85.76,90.51,-4.76,2026-02-10
188,Virginia Commonwealth,A-10,,,8,16,58.2,66.3,-8.13,,5.22,,-4.65,1.75,-2.90,85.19,90.25,-5.06,2026-02-10
189,Cal State Fullerton,Big West,,,14,9,72.9,65.1,7.78,,-5.87,,3.41,-6.38,-2.97,86.66,92.17,-5.51,2026-02-10
190,Lamar,Southland,,,14,8,63.5,58.1,5.41,,-7.23,,-5.43,2.40,-3.04,87.13,91.72,-4.59,2026-02-10
191,Holy Cross,Patriot,,,14,9,60.1,59.2,0.87,,-3.94,,-5.74,2.67,-3.07,83.65,89.65,-6.00,2026-02-10
192,South Alabama,Sun Belt,,,9,14,67.7,69.0,-1.30,,-1.83,,-0.28,-2.86,-3.13,89.23,94.78,-5.56,2026-02-10
193,Southern Utah,WAC,,,15,8,72.7,66.0,6.74,,-4.02,,0.77,-4.09,-3.32,91.60,97.24,-5.64,2026-02-10
194,Longwood,Big South,,,17,6,78.4,65.4,12.96,,-7.78,,4.06,-7.49,-3.43,88.51,96.27,-7.76,2026-02-10
195,Tarleton State,WAC,,,12,11,65.9,63.8,2.04,,-2.36,,-3.24,-0.50,-3.74,87.02,92.72,-5.70,2026-02-10
196,Bowling Green,MAC,,,12,11,70.5,66.1,4.35,,0.70,,-1.54,-2.29,-3.83,86.02,92.42,-6.40,2026-02-10
197,Pacific,WCC,,,9,14,65.0,68.3,-3.26,,2.60,,-2.05,-1.81,-3.86,90.10,96.79,-6.70,2026-02-10
198,Washington State,WCC,,,5,21,63.4,75.2,-11.81,,7.91,,0.04,-3.94,-3.90,91.56,98.24,-6.68,2026-02-10
199,Stephen F. Austin,Southland,,,16,8,74.8,68.0,6.79,,-8.17,,5.30,-9.24,-3.94,90.43,97.08,-6.65,2026-02-10
200,Tennessee Tech,OVC,,,13,10,67.0,62.6,4.43,,-6.01,,-2.26,-1.94,-4.20,89.76,96.69,-6.93,2026-02-10
201,Saint Louis,A-10,,,11,15,66.1,68.2,-2.12,,1.14,,-1.34,-2.88,-4.22,84.08,91.14,-7.06,2026-02-10
202,Albany (NY),AmEast,,,12,12,58.4,55.1,3.29,,-5.53,,-9.35,4.94,-4.40,88.78,96.11,-7.33,2026-02-10
203,Boston College,ACC,,,4,22,62.8,76.4,-13.58,,9.04,,1.46,-5.99,-4.53,93.22,101.52,-8.30,2026-02-10
204,Chattanooga,Southern,,,16,6,64.4,57.1,7.32,,-7.65,,-6.74,2.19,-4.55,86.72,93.44,-6.72,2026-02-10
205,Drake,MVC,,,6,17,69.9,77.0,-7.09,,2.50,,2.59,-7.17,-4.58,93.18,100.60,-7.42,2026-02-10
206,Illinois-Chicago,MVC,,,11,12,63.9,63.3,0.61,,-5.28,,-5.52,0.85,-4.67,89.39,96.91,-7.52,2026-02-10
207,Eastern Washington,Big Sky,,,12,12,69.1,67.6,1.54,,-1.96,,0.60,-5.29,-4.69,88.08,95.76,-7.68,2026-02-10
208,Air Force,MWC,,,11,12,58.9,61.1,-2.22,,-2.39,,-6.98,2.23,-4.75,84.12,91.75,-7.63,2026-02-10
209,Robert Morris,Horizon,,,16,8,65.4,59.9,5.50,,-7.22,,-5.38,0.61,-4.77,86.10,93.84,-7.74,2026-02-10
210,Stetson,A-Sun,,,15,8,70.5,64.0,6.52,,-6.47,,0.65,-5.50,-4.85,94.37,101.81,-7.44,2026-02-10
211,Utah Valley,WAC,,,10,12,63.0,61.8,1.18,,-1.77,,-5.23,0.31,-4.92,82.60,90.70,-8.10,2026-02-10
212,Delaware,CUSA,,,11,12,64.8,64.7,0.17,,-4.03,,-2.51,-2.42,-4.94,84.16,92.13,-7.97,2026-02-10
213,Memphis,American,,,8,14,66.0,69.7,-3.68,,0.70,,-0.89,-4.37,-5.26,80.45,88.08,-7.62,2026-02-10
214,Lehigh,Patriot,,,12,10,65.7,66.2,-0.50,,-4.78,,0.55,-5.83,-5.28,93.77,102.63,-8.87,2026-02-10
215,Morehead State,OVC,,,15,10,64.9,64.9,0.04,,-2.07,,-4.59,-0.73,-5.32,85.98,93.92,-7.94,2026-02-10
216,UT Arlington,WAC,,,10,13,60.5,65.9,-5.35,,-0.06,,-4.83,-0.58,-5.41,80.81,87.81,-7.01,2026-02-10
217,Nevada,MWC,,,7,16,55.3,60.0,-4.65,,0.09,,-9.40,3.86,-5.55,82.06,91.29,-9.23,2026-02-10
218,Elon,CAA,,,11,12,65.9,62.9,2.96,,-5.97,,-3.51,-2.14,-5.65,86.38,95.07,-8.70,2026-02-10
219,Georgia State,Sun Belt,,,9,15,68.7,73.5,-4.83,,3.03,,1.55,-7.38,-5.83,89.84,99.03,-9.19,2026-02-10
220,St. Bonaventure,A-10,,,14,11,62.8,60.9,1.92,,-5.93,,-5.61,-0.33,-5.93,84.88,94.48,-9.60,2026-02-10
221,Kennesaw State,CUSA,,,11,11,64.5,61.1,3.36,,-2.67,,-4.57,-1.47,-6.04,83.66,92.99,-9.33,2026-02-10
222,Monmouth,CAA,,,15,7,63.7,57.1,6.64,,-7.53,,-7.10,0.88,-6.22,83.67,93.34,-9.67,2026-02-10
223,Campbell,CAA,,,15,9,61.6,56.1,5.54,,-6.81,,-9.77,3.46,-6.31,83.45,94.17,-10.71,2026-02-10
224,Jacksonville State,CUSA,,,12,11,63.5,58.4,5.09,,-5.08,,-7.28,0.95,-6.33,88.04,97.93,-9.89,2026-02-10
225,NJIT,AmEast,,,14,10,67.0,65.0,2.00,,-8.35,,0.61,-6.97,-6.35,91.90,102.34,-10.43,2026-02-10
226,Tennessee-Martin,OVC,,,13,10,64.8,62.5,2.35,,-3.18,,-5.18,-1.20,-6.38,86.88,97.01,-10.13,2026-02-10
227,UC Riverside,Big West,,,7,16,63.2,64.7,-1.43,,-2.25,,-5.60,-0.98,-6.58,84.68,94.72,-10.05,2026-02-10
228,Southern,SWAC,,,11,11,60.5,61.5,-1.05,,-1.50,,-7.75,1.15,-6.60,82.47,92.91,-10.44,2026-02-10
229,St. Thomas,Summit,,,11,13,64.0,62.3,1.75,,-1.98,,-6.57,-0.22,-6.79,85.03,96.20,-11.17,2026-02-10
230,Maryland-Baltimore County,AmEast,,,11,11,63.3,59.0,4.32,,-5.42,,-7.78,0.96,-6.82,82.22,92.93,-10.71,2026-02-10
231,Sacramento State,Big Sky,,,11,13,63.4,60.1,3.29,,-3.83,,-9.81,2.99,-6.83,80.52,91.28,-10.76,2026-02-10
232,West Georgia,A-Sun,,,15,8,72.2,64.9,7.35,,-8.71,,-0.56,-6.29,-6.85,89.10,99.91,-10.81,2026-02-10
233,Pittsburgh,ACC,,,8,17,61.2,70.6,-9.44,,2.62,,-3.91,-3.05,-6.97,85.49,96.54,-11.05,2026-02-10
234,Florida Atlantic,American,,,10,13,62.3,68.1,-5.83,,0.92,,-4.16,-2.97,-7.12,84.26,95.94,-11.68,2026-02-10
235,Radford,Big South,,,16,10,64.9,60.5,4.35,,-8.33,,-7.02,-0.14,-7.16,79.05,90.24,-11.19,2026-02-10
236,Fordham,A-10,,,9,15,61.9,64.0,-2.13,,-4.59,,-4.36,-2.84,-7.20,83.20,94.85,-11.65,2026-02-10
237,Wofford,Southern,,,12,11,67.9,62.9,4.96,,-5.05,,-3.76,-3.44,-7.20,88.95,100.35,-11.40,2026-02-10
238,IU Indy,Horizon,,,10,13,67.0,67.5,-0.48,,-3.16,,-3.61,-3.64,-7.25,84.04,94.90,-10.85,2026-02-10
239,Wyoming,MWC,,,8,15,54.4,61.0,-6.52,,1.09,,-10.28,2.87,-7.42,83.40,96.30,-12.90,2026-02-10
240,Alabama A&M,SWAC,,,14,9,61.3,57.8,3.52,,-5.83,,-9.84,2.41,-7.43,80.76,91.18,-10.42,2026-02-10
241,Stony Brook,CAA,,,13,10,57.7,55.3,2.39,,-5.01,,-12.49,5.04,-7.46,79.02,91.08,-12.06,2026-02-10
242,Merrimack,MAAC,,,13,10,68.1,64.7,3.39,,-8.87,,-0.97,-6.68,-7.64,86.27,98.27,-12.00,2026-02-10
243,Northwestern State,Southland,,,11,11,62.5,61.8,0.77,,-2.04,,-9.08,1.43,-7.64,81.94,93.71,-11.77,2026-02-10
244,Texas State,Sun Belt,,,10,13,62.4,63.4,-1.04,,-2.37,,-7.43,-0.27,-7.70,81.34,92.48,-11.15,2026-02-10
245,Northern Arizona,Big Sky,,,8,17,71.8,74.8,-3.08,,-0.80,,3.51,-11.26,-7.75,90.73,102.15,-11.43,2026-02-10
246,William & Mary,CAA,,,12,10,60.9,60.8,0.09,,-7.05,,-7.84,-0.02,-7.86,81.85,94.18,-12.34,2026-02-10
247,Norfolk State,MEAC,,,11,12,62.4,60.7,1.78,,-2.03,,-8.45,0.48,-7.97,77.70,90.76,-13.07,2026-02-10
248,Texas-Rio Grande Valley,Southland,,,15,9,66.1,65.3,0.83,,-4.70,,-3.32,-4.66,-7.98,86.72,97.83,-11.11,2026-02-10
249,Little Rock,OVC,,,12,12,59.0,61.7,-2.67,,-1.54,,-10.24,2.20,-8.04,79.77,91.66,-11.89,2026-02-10
250,Duquesne,A-10,,,7,16,64.3,66.3,-2.09,,-1.85,,-5.03,-3.11,-8.14,80.27,93.35,-13.08,2026-02-10
251,Furman,Southern,,,14,10,69.0,61.5,7.54,,-4.00,,-3.41,-5.19,-8.60,81.59,94.59,-13.00,2026-02-10
252,East Tennessee State,Southern,,,12,11,56.8,57.6,-0.78,,-4.90,,-11.71,2.95,-8.76,80.95,94.17,-13.21,2026-02-10
253,Towson,CAA,,,13,10,64.4,65.0,-0.52,,-5.63,,-3.64,-5.40,-9.04,83.90,97.83,-13.93,2026-02-10
254,North Alabama,A-Sun,,,12,11,62.7,62.8,-0.09,,-6.03,,-7.16,-1.92,-9.08,81.46,95.13,-13.67,2026-02-10
255,San Diego,WCC,,,9,17,57.4,62.5,-5.12,,-1.00,,-10.57,1.49,-9.08,79.26,93.65,-14.39,2026-02-10
256,Maryland-Eastern Shore,MEAC,,,14,11,63.8,65.4,-1.56,,-4.40,,-4.90,-4.20,-9.10,81.54,95.51,-13.96,2026-02-10
257,Wichita State,American,,,5,19,60.8,67.6,-6.83,,0.32,,-7.50,-1.66,-9.16,81.54,95.04,-13.50,2026-02-10
258,Montana,Big Sky,,,7,16,62.9,72.1,-9.22,,2.00,,-3.93,-5.39,-9.32,87.55,101.63,-14.08,2026-02-10
259,Oakland,Horizon,,,8,16,63.9,71.6,-7.75,,1.28,,-1.96,-7.37,-9.33,89.42,103.10,-13.69,2026-02-10
260,North Carolina A&T,CAA,,,9,13,62.1,62.2,-0.09,,0.07,,-6.54,-3.23,-9.76,82.11,96.96,-14.85,2026-02-10
261,Mercer,Southern,,,14,9,65.4,61.9,3.48,,-10.51,,-4.89,-4.91,-9.80,83.18,98.32,-15.14,2026-02-10
262,Weber State,Big Sky,,,7,18,63.3,67.2,-3.88,,-0.24,,-5.59,-4.28,-9.87,82.60,96.99,-14.39,2026-02-10
263,Kansas City,Summit,,,7,17,67.9,68.6,-0.71,,-0.63,,-5.38,-4.77,-10.15,86.23,102.05,-15.83,2026-02-10
264,SIU Edwardsville,OVC,,,10,14,61.5,60.4,1.13,,-5.24,,-10.35,-0.08,-10.43,81.42,97.38,-15.95,2026-02-10
265,Utah Tech,WAC,,,6,15,62.0,67.6,-5.62,,-4.12,,-6.55,-4.01,-10.57,80.38,95.88,-15.50,2026-02-10
266,Utah State,MWC,,,6,17,59.6,68.2,-8.57,,0.85,,-6.02,-4.59,-10.60,83.40,99.44,-16.04,2026-02-10
267,UNC Greensboro,Southern,,,13,11,65.3,55.3,9.96,,-8.31,,-11.09,0.29,-10.81,81.97,98.74,-16.77,2026-02-10
268,Loyola (MD),Patriot,,,10,13,56.0,60.3,-4.30,,-7.09,,-11.36,-0.03,-11.39,81.50,99.57,-18.07,2026-02-10
269,East Texas A&M,Southland,,,11,10,66.5,66.0,0.48,,-6.63,,-6.73,-4.85,-11.58,82.80,98.81,-16.00,2026-02-10
270,Southeast Missouri State,OVC,,,8,15,65.7,68.5,-2.83,,-3.24,,-4.27,-7.35,-11.62,83.51,99.87,-16.37,2026-02-10
271,Lipscomb,A-Sun,,,8,15,60.0,63.5,-3.52,,-3.82,,-11.22,-0.46,-11.67,76.99,94.33,-17.34,2026-02-10
272,Denver,Summit,,,9,15,60.3,67.4,-7.04,,0.03,,-9.52,-2.21,-11.73,80.03,98.74,-18.72,2026-02-10
273,Siena,MAAC,,,11,12,69.0,65.7,3.35,,-15.15,,-1.12,-10.69,-11.81,80.74,100.78,-20.04,2026-02-10
274,Incarnate Word,Southland,,,10,12,64.5,70.5,-6.05,,-3.80,,-2.87,-9.13,-12.00,87.65,104.42,-16.77,2026-02-10
275,Southern Illinois,MVC,,,8,13,67.3,70.4,-3.05,,-4.88,,-4.81,-7.22,-12.03,83.94,101.71,-17.77,2026-02-10
276,Nicholls State,Southland,,,11,11,65.5,63.6,1.86,,-11.97,,-8.14,-4.11,-12.25,80.10,97.24,-17.14,2026-02-10
277,Long Island University,NEC,,,15,8,70.0,59.4,10.61,,-18.21,,-4.98,-7.28,-12.26,82.55,101.43,-18.88,2026-02-10
278,New Mexico State,CUSA,,,8,15,59.0,67.2,-8.17,,-0.31,,-6.62,-5.73,-12.36,79.00,96.90,-17.90,2026-02-10
279,Western Michigan,MAC,,,7,14,55.5,67.3,-11.81,,-0.60,,-12.31,-0.09,-12.40,76.78,94.92,-18.13,2026-02-10
280,Evansville,MVC,,,6,18,66.2,74.3,-8.04,,-4.42,,-3.29,-9.17,-12.46,83.08,100.57,-17.49,2026-02-10
281,UTEP,CUSA,,,10,12,65.5,70.0,-4.50,,-3.41,,-3.08,-9.47,-12.56,83.68,102.30,-18.62,2026-02-10
282,Cal State Bakersfield,Big West,,,7,16,62.3,69.6,-7.26,,-4.50,,-5.19,-7.45,-12.64,81.49,99.31,-17.83,2026-02-10
283,Coppin State,MEAC,,,7,18,57.7,68.4,-10.72,,1.73,,-9.44,-3.31,-12.74,76.04,93.57,-17.53,2026-02-10
284,Mount St. Mary's,MAAC,,,12,12,60.5,62.9,-2.33,,-10.75,,-9.37,-3.71,-13.08,76.15,95.73,-19.58,2026-02-10
285,Cal State Northridge,Big West,,,8,14,64.5,66.0,-1.59,,-3.92,,-7.69,-5.63,-13.32,76.93,95.39,-18.46,2026-02-10
286,Akron,MAC,,,5,18,69.4,76.4,-7.04,,-0.06,,-0.34,-13.05,-13.40,85.87,104.57,-18.70,2026-02-10
287,Western Kentucky,CUSA,,,5,17,57.4,66.5,-9.05,,-1.72,,-10.58,-2.90,-13.48,81.60,102.71,-21.11,2026-02-10
288,New Hampshire,AmEast,,,8,15,56.5,60.7,-4.17,,-4.88,,-10.93,-2.66,-13.59,78.69,99.78,-21.09,2026-02-10
289,Detroit Mercy,Horizon,,,5,18,62.4,72.8,-10.43,,-3.22,,-5.77,-8.09,-13.86,81.80,102.06,-20.27,2026-02-10
290,Milwaukee,Horizon,,,8,18,60.6,67.1,-6.50,,-4.61,,-7.73,-6.12,-13.86,82.80,103.77,-20.97,2026-02-10
291,Marist,MAAC,,,10,15,59.0,67.0,-8.04,,-5.87,,-7.88,-6.03,-13.91,81.26,101.71,-20.45,2026-02-10
292,Boston University,Patriot,,,7,16,55.9,59.3,-3.43,,-7.13,,-12.63,-1.32,-13.95,82.92,105.59,-22.67,2026-02-10
293,Bucknell,Patriot,,,9,14,53.9,56.8,-2.96,,-7.62,,-15.29,1.12,-14.17,75.23,97.30,-22.07,2026-02-10
294,Northeastern,CAA,,,6,15,60.3,66.8,-6.43,,-7.80,,-6.99,-7.25,-14.23,81.31,102.97,-21.66,2026-02-10
295,Yale,Ivy,,,5,16,57.7,68.8,-11.10,,-3.38,,-7.36,-7.12,-14.48,78.30,100.15,-21.85,2026-02-10
296,Hofstra,CAA,,,4,18,52.7,63.2,-10.45,,-1.84,,-13.33,-1.18,-14.51,77.02,99.96,-22.94,2026-02-10
297,Iona,MAAC,,,14,11,59.8,61.2,-1.40,,-12.53,,-10.48,-4.13,-14.61,78.88,100.98,-22.10,2026-02-10
298,Eastern Illinois,OVC,,,4,21,57.7,70.6,-12.92,,-1.70,,-9.81,-4.81,-14.62,77.33,98.25,-20.92,2026-02-10
299,Cornell,Ivy,,,8,13,55.1,61.5,-6.33,,-4.25,,-13.95,-0.90,-14.85,80.22,104.09,-23.87,2026-02-10
300,Portland State,Big Sky,,,6,17,64.0,74.2,-10.13,,-2.69,,-3.61,-11.36,-14.97,85.40,107.01,-21.61,2026-02-10
301,Indiana State,MVC,,,8,15,73.4,81.0,-7.57,,-4.75,,3.29,-18.32,-15.02,86.80,106.68,-19.88,2026-02-10
302,Samford,Southern,,,10,16,60.2,67.4,-7.27,,-2.82,,-7.80,-7.29,-15.08,82.84,106.17,-23.32,2026-02-10
303,Buffalo,MAC,,,2,21,59.2,72.6,-13.39,,-1.92,,-7.81,-7.50,-15.31,76.86,98.47,-21.61,2026-02-10
304,Lafayette,Patriot,,,8,15,59.6,64.7,-5.09,,-10.24,,-8.33,-6.99,-15.33,82.79,106.32,-23.53,2026-02-10
305,Alcorn State,SWAC,,,12,10,56.2,61.7,-5.50,,-4.70,,-14.96,-0.38,-15.34,73.68,96.17,-22.49,2026-02-10
306,Wright State,Horizon,,,7,18,65.9,71.3,-5.40,,-4.61,,-5.08,-10.32,-15.39,84.09,106.61,-22.53,2026-02-10
307,Dartmouth,Ivy,,,10,11,56.8,58.8,-2.00,,-4.97,,-14.51,-0.96,-15.47,77.21,102.20,-24.99,2026-02-10
308,Winthrop,Big South,,,11,14,65.9,68.0,-2.08,,-6.23,,-5.55,-10.04,-15.60,81.65,103.86,-22.21,2026-02-10
309,Jackson State,SWAC,,,7,16,59.7,65.6,-5.87,,-5.99,,-11.41,-4.22,-15.63,78.56,100.79,-22.22,2026-02-10
310,North Florida,A-Sun,,,8,15,62.5,72.4,-9.91,,-3.97,,-5.65,-9.99,-15.64,82.47,104.98,-22.51,2026-02-10
311,Hampton,CAA,,,9,14,61.3,63.1,-1.87,,-7.65,,-9.62,-6.08,-15.70,80.49,104.24,-23.75,2026-02-10
312,Sacred Heart,MAAC,,,11,13,58.1,62.0,-3.96,,-11.28,,-12.16,-3.77,-15.93,77.71,101.58,-23.87,2026-02-10
313,Northern Illinois,MAC,,,5,18,55.9,69.2,-13.35,,-2.65,,-12.55,-3.45,-16.00,78.03,102.37,-24.34,2026-02-10
314,Manhattan,MAAC,,,5,18,55.7,66.7,-11.00,,-5.08,,-11.22,-4.87,-16.08,74.90,98.17,-23.27,2026-02-10
315,Alabama State,SWAC,,,10,12,59.3,68.0,-8.77,,-4.33,,-10.33,-6.27,-16.60,73.90,96.91,-23.01,2026-02-10
316,American,Patriot,,,6,17,55.7,65.3,-9.57,,-7.07,,-10.37,-6.27,-16.64,78.78,104.81,-26.03,2026-02-10
317,Houston Christian,Southland,,,6,16,60.4,68.4,-8.00,,-4.23,,-10.52,-6.66,-17.18,77.09,102.06,-24.97,2026-02-10
318,San Jose State,MWC,,,3,21,57.1,74.4,-17.29,,2.53,,-6.98,-10.41,-17.38,77.56,101.61,-24.05,2026-02-10
319,North Carolina Central,MEAC,,,6,15,62.3,70.6,-8.29,,-2.22,,-8.54,-8.90,-17.43,72.62,95.70,-23.08,2026-02-10
320,Colgate,Patriot,,,6,17,52.7,63.0,-10.35,,-5.76,,-14.54,-3.00,-17.54,73.23,100.44,-27.20,2026-02-10
321,Charleston Southern,Big South,,,8,16,61.8,71.4,-9.58,,-6.66,,-7.38,-10.20,-17.57,82.39,108.69,-26.30,2026-02-10
322,Grambling,SWAC,,,7,16,62.2,64.7,-2.48,,-6.50,,-10.22,-7.48,-17.70,74.32,99.12,-24.80,2026-02-10
323,North Dakota,Summit,,,7,18,59.7,70.5,-10.80,,-2.86,,-9.69,-8.94,-18.63,75.38,101.36,-25.98,2026-02-10
324,UNC Wilmington,CAA,,,5,17,61.2,70.3,-9.09,,-7.26,,-8.07,-10.58,-18.65,79.50,106.84,-27.33,2026-02-10
325,Tennessee State,OVC,,,4,19,59.2,75.4,-16.26,,-2.53,,-6.43,-12.37,-18.79,77.57,103.48,-25.91,2026-02-10
326,Louisiana,Sun Belt,,,3,21,57.4,74.2,-16.83,,1.03,,-11.32,-7.51,-18.83,75.31,101.52,-26.21,2026-02-10
327,UNC Asheville,Big South,,,9,15,61.8,60.1,1.67,,-13.07,,-14.66,-4.69,-19.36,70.92,98.98,-28.06,2026-02-10
328,Wagner,NEC,,,11,12,56.1,58.0,-1.91,,-13.31,,-17.93,-1.71,-19.64,66.21,94.87,-28.66,2026-02-10
329,Gardner-Webb,Big South,,,8,16,55.2,64.0,-8.75,,-11.01,,-14.88,-4.88,-19.76,73.82,102.94,-29.12,2026-02-10
330,Long Beach State,Big West,,,3,19,53.5,73.0,-19.41,,0.82,,-11.24,-8.55,-19.80,76.14,104.90,-28.76,2026-02-10
331,Cal Poly,Big West,,,3,20,57.0,72.3,-15.35,,0.70,,-9.87,-10.43,-20.30,76.80,105.40,-28.60,2026-02-10
332,Queens (NC),A-Sun,,,8,15,60.4,67.1,-6.74,,-8.73,,-12.28,-8.21,-20.50,74.63,102.32,-27.70,2026-02-10
333,Rider,MAAC,,,5,18,53.7,64.6,-10.83,,-10.06,,-15.81,-5.08,-20.89,72.72,103.85,-31.13,2026-02-10
334,Texas Southern,SWAC,,,9,14,67.1,72.9,-5.78,,-4.59,,-6.27,-14.64,-20.90,78.27,106.13,-27.86,2026-02-10
335,Seattle,WCC,,,5,19,61.5,75.8,-14.33,,-0.97,,-8.24,-12.68,-20.92,78.23,107.81,-29.58,2026-02-10
336,Texas A&M-Corpus Christi,Southland,,,4,18,57.8,68.1,-10.32,,-6.79,,-14.72,-6.21,-20.93,74.09,104.47,-30.39,2026-02-10
337,Canisius,MAAC,,,4,19,55.6,69.4,-13.78,,-7.44,,-14.17,-7.05,-21.22,73.82,104.79,-30.97,2026-02-10
338,Southeastern Louisiana,Southland,,,4,18,59.5,76.5,-17.00,,-0.86,,-9.90,-11.44,-21.34,80.53,111.19,-30.66,2026-02-10
339,Arkansas-Pine Bluff,SWAC,,,9,12,58.2,69.6,-11.33,,-8.39,,-12.12,-9.87,-21.99,75.83,106.19,-30.36,2026-02-10
340,Stonehill,NEC,,,8,15,60.2,67.1,-6.91,,-12.89,,-11.50,-10.66,-22.16,78.09,110.15,-32.06,2026-02-10
341,Florida A&M,SWAC,,,7,15,59.8,71.7,-11.91,,-9.52,,-10.94,-11.35,-22.28,75.95,106.05,-30.10,2026-02-10
342,Massachusetts-Lowell,AmEast,,,7,17,57.9,66.3,-8.42,,-7.54,,-13.01,-9.57,-22.59,78.08,113.31,-35.23,2026-02-10
343,Western Carolina,Southern,,,3,20,57.9,67.3,-9.39,,-5.37,,-14.36,-8.25,-22.62,71.36,104.55,-33.19,2026-02-10
344,Saint Peter's,MAAC,,,6,17,53.1,64.3,-11.26,,-8.57,,-17.42,-5.29,-22.71,72.36,106.81,-34.45,2026-02-10
345,Mercyhurst,NEC,,,8,15,62.7,77.0,-14.30,,-8.49,,-5.90,-16.90,-22.79,84.04,116.94,-32.91,2026-02-10
346,New Haven,NEC,,,7,16,58.6,60.3,-1.78,,-16.25,,-17.88,-5.33,-23.21,71.84,106.60,-34.76,2026-02-10
347,Delaware State,MEAC,,,4,19,54.1,65.7,-11.57,,-6.35,,-16.91,-6.33,-23.25,68.92,102.77,-33.85,2026-02-10
348,Chicago State,NEC,,,8,17,60.0,73.4,-13.36,,-10.04,,-10.23,-13.17,-23.40,73.84,106.48,-32.64,2026-02-10
349,New Orleans,Southland,,,2,21,61.3,81.6,-20.22,,-3.46,,-6.17,-18.06,-24.23,75.12,106.83,-31.72,2026-02-10
350,Morgan State,MEAC,,,3,21,52.8,73.2,-20.33,,-1.02,,-14.14,-10.10,-24.24,73.69,109.71,-36.03,2026-02-10
351,Bethune-Cookman,SWAC,,,5,19,55.5,69.0,-13.50,,-7.77,,-16.83,-7.51,-24.34,70.68,104.72,-34.04,2026-02-10
352,South Carolina Upstate,Big South,,,7,17,57.8,64.8,-7.04,,-9.19,,-16.59,-7.98,-24.57,69.79,106.54,-36.75,2026-02-10
353,South Carolina State,MEAC,,,5,17,57.2,69.0,-11.82,,-7.08,,-15.82,-10.96,-26.78,69.72,107.57,-37.85,2026-02-10
354,Omaha,Summit,,,3,23,53.5,78.3,-24.81,,1.45,,-15.61,-11.89,-27.51,70.54,110.08,-39.54,2026-02-10
355,Le Moyne,NEC,,,7,18,55.7,72.2,-16.44,,-10.22,,-14.07,-13.77,-27.84,74.26,115.53,-41.28,2026-02-10
356,Saint Francis (PA),NEC,,,2,21,56.6,70.9,-14.30,,-14.60,,-14.53,-14.94,-29.46,69.54,111.81,-42.26,2026-02-10
357,Valparaiso,MVC,,,0,24,55.1,79.9,-24.83,,-4.80,,-13.72,-15.91,-29.63,67.73,107.02,-39.29,2026-02-10
358,Mississippi Valley State,SWAC,,,4,17,57.5,82.2,-24.71,,-5.49,,-10.36,-19.84,-30.20,70.00,109.42,-39.42,2026-02-10
359,Prairie View,SWAC,,,2,20,55.2,76.3,-21.05,,-6.52,,-13.87,-16.80,-30.67,67.43,107.65,-40.22,2026-02-10
360,Bellarmine,A-Sun,,,2,23,50.8,80.1,-29.32,,0.13,,-16.34,-15.15,-31.49,67.78,111.59,-43.81,2026-02-10
361,Central Connecticut State,NEC,,,0,23,52.3,72.4,-20.17,,-12.25,,-17.85,-14.57,-32.42,65.84,112.20,-46.36,2026-02-10
362,Presbyterian,Big South,,,3,21,53.7,72.2,-18.54,,-8.69,,-20.04,-13.61,-33.65,64.32,112.36,-48.04,2026-02-10
363,Niagara,MAAC,,,0,23,52.2,81.0,-28.87,,-6.82,,-16.16,-19.53,-35.69,64.19,111.49,-47.30,2026-02-10
