season,team,conference,poll_week,week_number,rank,rank_numeric,prev_rank_numeric,rank_change,movement_category,weeks_in_top25,ranked_streak,team_identity,games_vs_top25,wins_vs_top25,losses_vs_top25,win_pct_vs_top25,run_date,table_id,game_id,game_date,game_Opponent,game_Location,game_Game Result,game_Team Score,game_Opponent Score,game_Team Rank,game_Opponent Rank,game_Team Conf ID,game_Opponent Conf ID,game_Overall Record,game_Conf Record,game_is_conf_game,game_notes_headline,game_Team Logo,game_Opponent Logo,game_groups_short_name,game_Team Abbreviation,game_Opponent Abbreviation,game_Team Color,game_Opponent Color,game_game_date_parsed,game_scoring_margin,game_is_win,game_is_upset,game_quality_tier,game_closeness,game_closeness_label,game_closeness_range,closeness_sort_order,game_opponent_quality,game_opponent_conference,gw_games_played,gw_wins,gw_losses,gw_avg_scoring_margin,gw_total_scoring_margin,gw_best_win_margin,gw_worst_loss_margin,gw_upsets_suffered,gw_upsets_pulled,gw_top25_games,gw_nail_biters,gw_blowouts,gw_conf_games,best_rank,worst_rank,rank_range,rank_range_label,entry_exit_event,trigger_game_opponent,trigger_game_result,trigger_game_team_score,trigger_game_opp_score,trigger_game_date,trigger_game_margin,trigger_game_location,season_game_number,running_avg_margin,running_wins,running_losses,running_record,running_win_pct,running_conf_wins,running_conf_losses,running_conf_record,running_conf_win_pct,running_road_wins,running_road_losses,running_road_record,running_road_win_pct,running_home_wins,running_home_losses,running_home_record,running_home_win_pct,running_vs_top25_wins,running_vs_top25_losses,running_vs_top25_record,running_vs_top25_win_pct,upset_magnitude,upset_rank_label,matchup_key,rank_differential
2026,Alabama,SEC,Pre,0,,26,,,Unknown,0,0,Steady,6,3,3,0.5,2026-02-10,2,401813262.0,2025-11-03T22:00Z,Stetson,Home,W,82.0,73.0,99.0,99.0,23.0,46.0,,,False,,https://a.espncdn.com/i/teamlogos/ncaa/500/333.png,https://a.espncdn.com/i/teamlogos/ncaa/500/56.png,,ALA,STET,9e1b32,0a5640,2025-11-03,9.0,1.0,No Upset,Unranked Matchup,Close (6-10),Close,6-10,2.0,Unranked,A-10,2,2.0,0.0,14.5,29.0,20.0,9.0,0.0,0.0,0.0,0.0,0.0,0.0,21,24,3,#21 – #24,None,,,,,,,,1.0,9.0,1.0,0.0,1-0,1.0,0.0,0.0,0-0,,0.0,0.0,0-0,,1.0,0.0,1-0,1.0,0.0,0.0,0-0,,0.0,,Alabama vs Stetson,0.0
2026,Alabama,SEC,Pre,0,,26,,,Unknown,0,0,Steady,6,3,3,0.5,2026-02-10,2,401807916.0,2025-11-07T00:00Z,McNeese,Home,W,64.0,44.0,99.0,99.0,23.0,25.0,,,False,,https://a.espncdn.com/i/teamlogos/ncaa/500/333.png,https://a.espncdn.com/i/teamlogos/ncaa/500/2377.png,,ALA,MCN,9e1b32,00529C,2025-11-07,20.0,1.0,No Upset,Unranked Matchup,Comfortable (11-20),Comfortable,11-20,3.0,Unranked,Other,2,2.0,0.0,14.5,29.0,20.0,9.0,0.0,0.0,0.0,0.0,0.0,0.0,21,24,3,#21 – #24,None,,,,,,,,2.0,14.5,2.0,0.0,2-0,1.0,0.0,0.0,0-0,,0.0,0.0,0-0,,2.0,0.0,2-0,1.0,0.0,0.0,0-0,,0.0,,Alabama vs McNeese,0.0
2026,Alabama,SEC,11/10,1,,26,26.0,0.0,Unranked,0,0,Steady,6,3,3,0.5,2026-02-10,2,401813263.0,2025-11-11T00:00Z,Alcorn State,Home,W,92.0,39.0,99.0,99.0,23.0,26.0,,,False,,https://a.espncdn.com/i/teamlogos/ncaa/500/333.png,https://a.espncdn.com/i/teamlogos/ncaa/500/2016.png,,ALA,ALCN,9e1b32,4b0058,2025-11-11,53.0,1.0,No Upset,Unranked Matchup,Blowout (20+),Blowout,20+,4.0,Unranked,Other,1,1.0,0.0,53.0,53.0,53.0,53.0,0.0,0.0,0.0,0.0,1.0,0.0,21,24,3,#21 – #24,None,,,,,,,,3.0,27.3,3.0,0.0,3-0,1.0,0.0,0.0,0-0,,0.0,0.0,0-0,,3.0,0.0,3-0,1.0,0.0,0.0,0-0,,0.0,,Alabama vs Alcorn State,0.0
2026,Alabama,SEC,11/17,2,,26,26.0,0.0,Unranked,0,0,Steady,6,3,3,0.5,2026-02-10,2,401813264.0,2025-11-18T00:00Z,Alabama A&M,Home,W,66.0,43.0,99.0,99.0,23.0,26.0,,,False,,https://a.espncdn.com/i/teamlogos/ncaa/500/333.png,https://a.espncdn.com/i/teamlogos/ncaa/500/2010.png,,ALA,AAMU,9e1b32,790000,2025-11-18,23.0,1.0,No Upset,Unranked Matchup,Blowout (20+),Blowout,20+,4.0,Unranked,Other,2,2.0,0.0,31.0,62.0,39.0,23.0,0.0,0.0,0.0,0.0,2.0,0.0,21,24,3,#21 – #24,None,,,,,,,,4.0,26.2,4.0,0.0,4-0,1.0,0.0,0.0,0-0,,0.0,0.0,0-0,,4.0,0.0,4-0,1.0,0.0,0.0,0-0,,0.0,,Alabama vs Alabama A&M,0.0
2026,Alabama,SEC,11/17,2,,26,26.0,0.0,Unranked,0,0,Steady,6,3,3,0.5,2026-02-10,2,401813265.0,2025-11-20T00:00Z,Samford,Home,W,84.0,45.0,99.0,99.0,23.0,24.0,,,False,,https://a.espncdn.com/i/teamlogos/ncaa/500/333.png,https://a.espncdn.com/i/teamlogos/ncaa/500/2535.png,,ALA,SAM,9e1b32,005485,2025-11-20,39.0,1.0,No Upset,Unranked Matchup,Blowout (20+),Blowout,20+,4.0,Unranked,Other,2,2.0,0.0,31.0,62.0,39.0,23.0,0.0,0.0,0.0,0.0,2.0,0.0,21,24,3,#21 – #24,None,,,,,,,,5.0,28.8,5.0,0.0,5-0,1.0,0.0,0.0,0-0,,0.0,0.0,0-0,,5.0,0.0,5-0,1.0,0.0,0.0,0-0,,0.0,,Alabama vs Samford,0.0
2026,Alabama,SEC,11/24,3,,26,26.0,0.0,Unranked,0,0,Steady,6,3,3,0.5,2026-02-10,2,401823599.0,2025-11-24T23:30Z,Harvard,Neutral,W,80.0,60.0,99.0,99.0,23.0,12.0,,,False,Baha Mar Pink Flamingo Championship - Junkanoo Division,https://a.espncdn.com/i/teamlogos/ncaa/500/333.png,https://a.espncdn.com/i/teamlogos/ncaa/500/108.png,,ALA,HARV,9e1b32,990000,2025-11-24,20.0,1.0,No Upset,Unranked Matchup,Comfortable (11-20),Comfortable,11-20,3.0,Unranked,Other,2,2.0,0.0,12.5,25.0,20.0,5.0,0.0,0.0,0.0,1.0,0.0,0.0,21,24,3,#21 – #24,None,,,,,,,,6.0,27.3,6.0,0.0,6-0,1.0,0.0,0.0,0-0,,0.0,0.0,0-0,,5.0,0.0,5-0,1.0,0.0,0.0,0-0,,0.0,,Alabama vs Harvard,0.0
2026,Alabama,SEC,11/24,3,,26,26.0,0.0,Unranked,0,0,Steady,6,3,3,0.5,2026-02-10,2,401823634.0,2025-11-26T21:00Z,Minnesota,Neutral,W,63.0,58.0,99.0,99.0,23.0,7.0,,,False,Baha Mar Pink Flamingo Championship - Junkanoo Division - Championship Game,https://a.espncdn.com/i/teamlogos/ncaa/500/333.png,https://a.espncdn.com/i/teamlogos/ncaa/500/135.png,,ALA,MINN,9e1b32,5e0a2f,2025-11-26,5.0,1.0,No Upset,Unranked Matchup,Nail-Biter (≤5),Nail-Biter,≤5,1.0,Unranked,Big Ten,2,2.0,0.0,12.5,25.0,20.0,5.0,0.0,0.0,0.0,1.0,0.0,0.0,21,24,3,#21 – #24,None,,,,,,,,7.0,24.1,7.0,0.0,7-0,1.0,0.0,0.0,0-0,,0.0,0.0,0-0,,5.0,0.0,5-0,1.0,0.0,0.0,0-0,,0.0,,Alabama vs Minnesota,0.0
2026,Alabama,SEC,12/1,4,,26,26.0,0.0,Unranked,0,0,Steady,6,3,3,0.5,2026-02-10,2,401813266.0,2025-12-01T17:00Z,Kennesaw State,Home,W,79.0,65.0,99.0,99.0,23.0,11.0,,,False,,https://a.espncdn.com/i/teamlogos/ncaa/500/333.png,https://a.espncdn.com/i/teamlogos/ncaa/500/338.png,,ALA,KENN,9e1b32,fdbb30,2025-12-01,14.0,1.0,No Upset,Unranked Matchup,Comfortable (11-20),Comfortable,11-20,3.0,Unranked,Other,3,3.0,0.0,25.0,75.0,37.0,14.0,0.0,0.0,0.0,0.0,2.0,0.0,21,24,3,#21 – #24,None,,,,,,,,8.0,22.9,8.0,0.0,8-0,1.0,0.0,0.0,0-0,,0.0,0.0,0-0,,6.0,0.0,6-0,1.0,0.0,0.0,0-0,,0.0,,Alabama vs Kennesaw State,0.0
2026,Alabama,SEC,12/1,4,,26,26.0,0.0,Unranked,0,0,Steady,6,3,3,0.5,2026-02-10,2,401806392.0,2025-12-05T00:00Z,Clemson,Home,W,72.0,48.0,99.0,99.0,23.0,2.0,,,False,ACC/SEC Women's Challenge,https://a.espncdn.com/i/teamlogos/ncaa/500/333.png,https://a.espncdn.com/i/teamlogos/ncaa/500/228.png,,ALA,CLEM,9e1b32,f56600,2025-12-05,24.0,1.0,No Upset,Unranked Matchup,Blowout (20+),Blowout,20+,4.0,Unranked,ACC,3,3.0,0.0,25.0,75.0,37.0,14.0,0.0,0.0,0.0,0.0,2.0,0.0,21,24,3,#21 – #24,None,,,,,,,,9.0,23.0,9.0,0.0,9-0,1.0,0.0,0.0,0-0,,0.0,0.0,0-0,,7.0,0.0,7-0,1.0,0.0,0.0,0-0,,0.0,,Alabama vs Clemson,0.0
2026,Alabama,SEC,12/1,4,,26,26.0,0.0,Unranked,0,0,Steady,6,3,3,0.5,2026-02-10,2,401813267.0,2025-12-07T22:15Z,UL Monroe,Home,W,75.0,38.0,99.0,99.0,23.0,27.0,,,False,,https://a.espncdn.com/i/teamlogos/ncaa/500/333.png,https://a.espncdn.com/i/teamlogos/ncaa/500/2433.png,,ALA,ULM,9e1b32,840029,2025-12-07,37.0,1.0,No Upset,Unranked Matchup,Blowout (20+),Blowout,20+,4.0,Unranked,Other,3,3.0,0.0,25.0,75.0,37.0,14.0,0.0,0.0,0.0,0.0,2.0,0.0,21,24,3,#21 – #24,None,,,,,,,,10.0,24.4,10.0,0.0,10-0,1.0,0.0,0.0,0-0,,0.0,0.0,0-0,,8.0,0.0,8-0,1.0,0.0,0.0,0-0,,0.0,,Alabama vs UL Monroe,0.0
2026,Alabama,SEC,12/8,5,,26,26.0,0.0,Unranked,0,0,Steady,6,3,3,0.5,2026-02-10,2,401813268.0,2025-12-14T21:00Z,Jackson State,Home,W,62.0,51.0,99.0,99.0,23.0,26.0,,,False,,https://a.espncdn.com/i/teamlogos/ncaa/500/333.png,https://a.espncdn.com/i/teamlogos/ncaa/500/2296.png,,ALA,JKST,9e1b32,123297,2025-12-14,11.0,1.0,No Upset,Unranked Matchup,Comfortable (11-20),Comfortable,11-20,3.0,Unranked,Other,1,1.0,0.0,11.0,11.0,11.0,11.0,0.0,0.0,0.0,0.0,0.0,0.0,21,24,3,#21 – #24,None,,,,,,,,11.0,23.2,11.0,0.0,11-0,1.0,0.0,0.0,0-0,,0.0,0.0,0-0,,9.0,0.0,9-0,1.0,0.0,0.0,0-0,,0.0,,Alabama vs Jackson State,0.0
2026,Alabama,SEC,12/15,6,,26,26.0,0.0,Unranked,0,0,Steady,6,3,3,0.5,2026-02-10,2,401813270.0,2025-12-17T22:00Z,Tulane,Home,W,81.0,52.0,99.0,99.0,23.0,62.0,,,False,,https://a.espncdn.com/i/teamlogos/ncaa/500/333.png,https://a.espncdn.com/i/teamlogos/ncaa/500/2655.png,,ALA,TULN,9e1b32,006747,2025-12-17,29.0,1.0,No Upset,Unranked Matchup,Blowout (20+),Blowout,20+,4.0,Unranked,Other,3,3.0,0.0,28.0,84.0,37.0,18.0,0.0,0.0,0.0,0.0,2.0,0.0,21,24,3,#21 – #24,None,,,,,,,,13.0,24.7,13.0,0.0,13-0,1.0,0.0,0.0,0-0,,0.0,0.0,0-0,,11.0,0.0,11-0,1.0,0.0,0.0,0-0,,0.0,,Alabama vs Tulane,0.0
2026,Alabama,SEC,12/15,6,,26,26.0,0.0,Unranked,0,0,Steady,6,3,3,0.5,2026-02-10,2,401813269.0,2025-12-17T00:00Z,Sam Houston,Home,W,73.0,36.0,99.0,99.0,23.0,11.0,,,False,,https://a.espncdn.com/i/teamlogos/ncaa/500/333.png,https://a.espncdn.com/i/teamlogos/ncaa/500/2534.png,,ALA,SHSU,9e1b32,f56423,2025-12-17,37.0,1.0,No Upset,Unranked Matchup,Blowout (20+),Blowout,20+,4.0,Unranked,Other,3,3.0,0.0,28.0,84.0,37.0,18.0,0.0,0.0,0.0,0.0,2.0,0.0,21,24,3,#21 – #24,None,,,,,,,,12.0,24.3,12.0,0.0,12-0,1.0,0.0,0.0,0-0,,0.0,0.0,0-0,,10.0,0.0,10-0,1.0,0.0,0.0,0-0,,0.0,,Alabama vs Sam Houston,0.0
2026,Alabama,SEC,12/15,6,,26,26.0,0.0,Unranked,0,0,Steady,6,3,3,0.5,2026-02-10,2,401813271.0,2025-12-21T20:00Z,Troy,Home,W,77.0,59.0,99.0,99.0,23.0,27.0,,,False,,https://a.espncdn.com/i/teamlogos/ncaa/500/333.png,https://a.espncdn.com/i/teamlogos/ncaa/500/2653.png,,ALA,TROY,9e1b32,862633,2025-12-21,18.0,1.0,No Upset,Unranked Matchup,Comfortable (11-20),Comfortable,11-20,3.0,Unranked,Other,3,3.0,0.0,28.0,84.0,37.0,18.0,0.0,0.0,0.0,0.0,2.0,0.0,21,24,3,#21 – #24,None,,,,,,,,14.0,24.2,14.0,0.0,14-0,1.0,0.0,0.0,0-0,,0.0,0.0,0-0,,12.0,0.0,12-0,1.0,0.0,0.0,0-0,,0.0,,Alabama vs Troy,0.0
2026,Alabama,SEC,12/22,7,,26,26.0,0.0,Unranked,0,0,Steady,6,3,3,0.5,2026-02-10,2,401807509.0,2026-01-01T19:00Z,South Carolina,Away,L,57.0,83.0,99.0,3.0,23.0,23.0,,,True,,https://a.espncdn.com/i/teamlogos/ncaa/500/333.png,https://a.espncdn.com/i/teamlogos/ncaa/500/2579.png,SEC,ALA,SC,9e1b32,73000a,2026-01-01,-26.0,0.0,No Upset,Ranked vs Unranked,Blowout (20+),Blowout,20+,4.0,Top 5,SEC,2,1.0,1.0,1.5,3.0,29.0,-26.0,0.0,0.0,0.0,0.0,2.0,2.0,21,24,3,#21 – #24,None,,,,,,,,15.0,20.9,14.0,1.0,14-1,0.933,0.0,1.0,0-1,0.0,0.0,1.0,0-1,0.0,12.0,0.0,12-0,1.0,0.0,1.0,0-1,0.0,23.0,,Alabama vs South Carolina,23.0
2026,Alabama,SEC,12/22,7,,26,26.0,0.0,Unranked,0,0,Steady,6,3,3,0.5,2026-02-10,2,401807537.0,2026-01-04T20:00Z,Arkansas,Home,W,77.0,48.0,99.0,99.0,23.0,23.0,,,True,,https://a.espncdn.com/i/teamlogos/ncaa/500/333.png,https://a.espncdn.com/i/teamlogos/ncaa/500/8.png,SEC,ALA,ARK,9e1b32,a32136,2026-01-04,29.0,1.0,No Upset,Unranked Matchup,Blowout (20+),Blowout,20+,4.0,Unranked,SEC,2,1.0,1.0,1.5,3.0,29.0,-26.0,0.0,0.0,0.0,0.0,2.0,2.0,21,24,3,#21 – #24,None,,,,,,,,16.0,21.4,15.0,1.0,15-1,0.938,1.0,1.0,1-1,0.5,0.0,1.0,0-1,0.0,13.0,0.0,13-0,1.0,0.0,1.0,0-1,0.0,0.0,,Alabama vs Arkansas,0.0
2026,Alabama,SEC,1/5,8,,26,26.0,0.0,Unranked,0,0,Steady,6,3,3,0.5,2026-02-10,2,401807550.0,2026-01-09T00:00Z,Kentucky,Home,W,64.0,51.0,99.0,6.0,23.0,23.0,,,True,,https://a.espncdn.com/i/teamlogos/ncaa/500/333.png,https://a.espncdn.com/i/teamlogos/ncaa/500/96.png,SEC,ALA,UK,9e1b32,0033a0,2026-01-09,13.0,1.0,Upset Win,Ranked vs Unranked,Comfortable (11-20),Comfortable,11-20,3.0,Top 10,SEC,1,1.0,0.0,13.0,13.0,13.0,13.0,0.0,1.0,0.0,0.0,0.0,1.0,21,24,3,#21 – #24,None,,,,,,,,17.0,20.9,16.0,1.0,16-1,0.941,2.0,1.0,2-1,0.667,0.0,1.0,0-1,0.0,14.0,0.0,14-0,1.0,1.0,1.0,1-1,0.5,20.0,Unranked Alabama beat #6 Kentucky,Alabama vs Kentucky,20.0
2026,Alabama,SEC,1/12,9,21.0,21,26.0,5.0,New,1,1,Steady,6,3,3,0.5,2026-02-10,2,401807560.0,2026-01-13T00:00Z,Missouri,Away,W,74.0,63.0,21.0,99.0,23.0,23.0,,,True,We Back Pat,https://a.espncdn.com/i/teamlogos/ncaa/500/333.png,https://a.espncdn.com/i/teamlogos/ncaa/500/142.png,SEC,ALA,MIZ,9e1b32,f1b82d,2026-01-13,11.0,1.0,No Upset,Ranked vs Unranked,Comfortable (11-20),Comfortable,11-20,3.0,Unranked,SEC,3,1.0,2.0,-1.3,-4.0,11.0,-11.0,1.0,0.0,1.0,1.0,0.0,3.0,21,24,3,#21 – #24,Entered,Kentucky,W,64.0,51.0,2026-01-09,13.0,Home,18.0,20.3,17.0,1.0,17-1,0.944,3.0,1.0,3-1,0.75,1.0,1.0,1-1,0.5,14.0,0.0,14-0,1.0,1.0,1.0,1-1,0.5,5.0,,Alabama vs Missouri,-5.0
2026,Alabama,SEC,1/12,9,21.0,21,26.0,5.0,New,1,1,Steady,6,3,3,0.5,2026-02-10,2,401807561.0,2026-01-16T02:00Z,Auburn,Away,L,54.0,58.0,21.0,99.0,23.0,23.0,,,True,We Back Pat,https://a.espncdn.com/i/teamlogos/ncaa/500/333.png,https://a.espncdn.com/i/teamlogos/ncaa/500/2.png,SEC,ALA,AUB,9e1b32,002b5c,2026-01-16,-4.0,0.0,Upset Loss,Ranked vs Unranked,Nail-Biter (≤5),Nail-Biter,≤5,1.0,Unranked,SEC,3,1.0,2.0,-1.3,-4.0,11.0,-11.0,1.0,0.0,1.0,1.0,0.0,3.0,21,24,3,#21 – #24,Entered,Kentucky,W,64.0,51.0,2026-01-09,13.0,Home,19.0,19.1,17.0,2.0,17-2,0.895,3.0,2.0,3-2,0.6,1.0,2.0,1-2,0.333,14.0,0.0,14-0,1.0,1.0,1.0,1-1,0.5,5.0,#21 Alabama lost to Unranked Auburn,Alabama vs Auburn,-5.0
2026,Alabama,SEC,1/12,9,21.0,21,26.0,5.0,New,1,1,Steady,6,3,3,0.5,2026-02-10,2,401807566.0,2026-01-18T19:00Z,Tennessee,Home,L,59.0,70.0,21.0,20.0,23.0,23.0,,,True,We Back Pat,https://a.espncdn.com/i/teamlogos/ncaa/500/333.png,https://a.espncdn.com/i/teamlogos/ncaa/500/2633_ncw.png,SEC,ALA,TENN,9e1b32,ff8200,2026-01-18,-11.0,0.0,No Upset,Top 25 Matchup,Comfortable (11-20),Comfortable,11-20,3.0,Top 25,SEC,3,1.0,2.0,-1.3,-4.0,11.0,-11.0,1.0,0.0,1.0,1.0,0.0,3.0,21,24,3,#21 – #24,Entered,Kentucky,W,64.0,51.0,2026-01-09,13.0,Home,20.0,17.6,17.0,3.0,17-3,0.85,3.0,3.0,3-3,0.5,1.0,2.0,1-2,0.333,14.0,1.0,14-1,0.933,1.0,2.0,1-2,0.333,1.0,,Alabama vs Tennessee,1.0
2026,Alabama,SEC,1/19,10,23.0,23,21.0,-2.0,Falling,2,2,Steady,6,3,3,0.5,2026-02-10,2,401807583.0,2026-01-25T20:00Z,Mississippi State,Home,W,85.0,78.0,23.0,99.0,23.0,23.0,,,True,,https://a.espncdn.com/i/teamlogos/ncaa/500/333.png,https://a.espncdn.com/i/teamlogos/ncaa/500/344.png,SEC,ALA,MSST,9e1b32,5d1725,2026-01-25,7.0,1.0,No Upset,Ranked vs Unranked,Close (6-10),Close,6-10,2.0,Unranked,SEC,1,1.0,0.0,7.0,7.0,7.0,7.0,0.0,0.0,0.0,0.0,0.0,1.0,21,24,3,#21 – #24,None,,,,,,,,21.0,17.0,18.0,3.0,18-3,0.857,4.0,3.0,4-3,0.571,1.0,2.0,1-2,0.333,15.0,1.0,15-1,0.938,1.0,2.0,1-2,0.333,3.0,,Alabama vs Mississippi State,-3.0
2026,Alabama,SEC,1/26,11,24.0,24,23.0,-1.0,Falling,3,3,Steady,6,3,3,0.5,2026-02-10,2,401807586.0,2026-01-29T23:30Z,Georgia,Away,W,68.0,53.0,24.0,23.0,23.0,23.0,,,True,,https://a.espncdn.com/i/teamlogos/ncaa/500/333.png,https://a.espncdn.com/i/teamlogos/ncaa/500/61.png,SEC,ALA,UGA,9e1b32,ba0c2f,2026-01-29,15.0,1.0,No Upset,Top 25 Matchup,Comfortable (11-20),Comfortable,11-20,3.0,Top 25,SEC,2,1.0,1.0,-12.5,-25.0,15.0,-40.0,0.0,0.0,2.0,0.0,1.0,2.0,21,24,3,#21 – #24,None,,,,,,,,22.0,17.0,19.0,3.0,19-3,0.864,5.0,3.0,5-3,0.625,2.0,2.0,2-2,0.5,15.0,1.0,15-1,0.938,2.0,2.0,2-2,0.5,1.0,,Alabama vs Georgia,1.0
2026,Alabama,SEC,1/26,11,24.0,24,23.0,-1.0,Falling,3,3,Steady,6,3,3,0.5,2026-02-10,2,401807593.0,2026-02-01T17:00Z,LSU,Away,L,63.0,103.0,24.0,6.0,23.0,23.0,,,True,Play4Kay,https://a.espncdn.com/i/teamlogos/ncaa/500/333.png,https://a.espncdn.com/i/teamlogos/ncaa/500/99.png,SEC,ALA,LSU,9e1b32,461d76,2026-02-01,-40.0,0.0,No Upset,Top 25 Matchup,Blowout (20+),Blowout,20+,4.0,Top 10,SEC,2,1.0,1.0,-12.5,-25.0,15.0,-40.0,0.0,0.0,2.0,0.0,1.0,2.0,21,24,3,#21 – #24,None,,,,,,,,23.0,14.5,19.0,4.0,19-4,0.826,5.0,4.0,5-4,0.556,2.0,3.0,2-3,0.4,15.0,1.0,15-1,0.938,2.0,3.0,2-3,0.4,18.0,,Alabama vs LSU,18.0
2026,Alabama,SEC,2/2,12,21.0,21,24.0,3.0,Rising,4,4,Steady,6,3,3,0.5,2026-02-10,2,401807603.0,2026-02-06T02:00Z,Ole Miss,Home,W,64.0,63.0,21.0,13.0,23.0,23.0,,,True,Play4Kay,https://a.espncdn.com/i/teamlogos/ncaa/500/333.png,https://a.espncdn.com/i/teamlogos/ncaa/500/145.png,SEC,ALA,MISS,9e1b32,13294b,2026-02-06,1.0,1.0,No Upset,Top 25 Matchup,Nail-Biter (≤5),Nail-Biter,≤5,1.0,Top 25,SEC,2,1.0,1.0,-1.0,-2.0,1.0,-3.0,1.0,0.0,1.0,2.0,0.0,2.0,21,24,3,#21 – #24,None,,,,,,,,24.0,13.9,20.0,4.0,20-4,0.833,6.0,4.0,6-4,0.6,2.0,3.0,2-3,0.4,16.0,1.0,16-1,0.941,3.0,3.0,3-3,0.5,8.0,,Alabama vs Ole Miss,8.0
2026,Alabama,SEC,2/2,12,21.0,21,24.0,3.0,Rising,4,4,Steady,6,3,3,0.5,2026-02-10,2,401807607.0,2026-02-08T23:00Z,Texas A&M,Away,L,69.0,72.0,21.0,99.0,23.0,23.0,,,True,Play4Kay,https://a.espncdn.com/i/teamlogos/ncaa/500/333.png,https://a.espncdn.com/i/teamlogos/ncaa/500/245.png,SEC,ALA,TA&M,9e1b32,500000,2026-02-08,-3.0,0.0,Upset Loss,Ranked vs Unranked,Nail-Biter (≤5),Nail-Biter,≤5,1.0,Unranked,SEC,2,1.0,1.0,-1.0,-2.0,1.0,-3.0,1.0,0.0,1.0,2.0,0.0,2.0,21,24,3,#21 – #24,None,,,,,,,,25.0,13.2,20.0,5.0,20-5,0.8,6.0,5.0,6-5,0.545,2.0,4.0,2-4,0.333,16.0,1.0,16-1,0.941,3.0,3.0,3-3,0.5,5.0,#21 Alabama lost to Unranked Texas A&M,Alabama vs Texas A&M,-5.0
2026,Alabama,SEC,2/9,13,23.0,23,21.0,-2.0,Falling,5,5,Steady,6,3,3,0.5,2026-02-10,2,,,,,,,,,,,,,,,,,,,,,,,,,,,,,,,,,,0,,,,,,,,,,,,,21,24,3,#21 – #24,None,,,,,,,,,,,,,,,,,,,,,,,,,,,,,,,,,
2026,Baylor,Big 12,Pre,0,16.0,16,,,Unknown,1,1,Steady,5,2,3,0.4,2026-02-10,2,401817556.0,2025-11-03T17:00Z,Duke,Neutral,W,58.0,52.0,16.0,7.0,8.0,2.0,,,False,Oui-Play,https://a.espncdn.com/i/teamlogos/ncaa/500/239.png,https://a.espncdn.com/i/teamlogos/ncaa/500/150.png,,BAY,DUKE,154734,00539b,2025-11-03,6.0,1.0,No Upset,Top 25 Matchup,Close (6-10),Close,6-10,2.0,Top 10,ACC,2,2.0,0.0,9.5,19.0,13.0,6.0,0.0,0.0,1.0,0.0,0.0,0.0,7,22,15,#7 – #22,None,,,,,,,,1.0,6.0,1.0,0.0,1-0,1.0,0.0,0.0,0-0,,0.0,0.0,0-0,,0.0,0.0,0-0,,1.0,0.0,1-0,1.0,9.0,,Baylor vs Duke,9.0
2026,Baylor,Big 12,Pre,0,16.0,16,,,Unknown,1,1,Steady,5,2,3,0.4,2026-02-10,2,401824179.0,2025-11-09T20:00Z,Lindenwood,Home,W,76.0,63.0,16.0,99.0,8.0,20.0,,,False,,https://a.espncdn.com/i/teamlogos/ncaa/500/239.png,https://a.espncdn.com/i/teamlogos/ncaa/500/2815.png,,BAY,LIN,154734,000000,2025-11-09,13.0,1.0,No Upset,Ranked vs Unranked,Comfortable (11-20),Comfortable,11-20,3.0,Unranked,Ivy League,2,2.0,0.0,9.5,19.0,13.0,6.0,0.0,0.0,1.0,0.0,0.0,0.0,7,22,15,#7 – #22,None,,,,,,,,2.0,9.5,2.0,0.0,2-0,1.0,0.0,0.0,0-0,,0.0,0.0,0-0,,1.0,0.0,1-0,1.0,1.0,0.0,1-0,1.0,10.0,,Baylor vs Lindenwood,-10.0
2026,Baylor,Big 12,11/10,1,7.0,7,16.0,9.0,Rising,2,2,Steady,5,2,3,0.4,2026-02-10,2,401824180.0,2025-11-15T02:00Z,UNLV,Away,W,62.0,54.0,7.0,99.0,8.0,44.0,,,False,,https://a.espncdn.com/i/teamlogos/ncaa/500/239.png,https://a.espncdn.com/i/teamlogos/ncaa/500/2439.png,,BAY,UNLV,154734,cf0a2c,2025-11-15,8.0,1.0,No Upset,Ranked vs Unranked,Close (6-10),Close,6-10,2.0,Unranked,Other,2,2.0,0.0,32.0,64.0,56.0,8.0,0.0,0.0,0.0,0.0,1.0,0.0,7,22,15,#7 – #22,None,,,,,,,,3.0,9.0,3.0,0.0,3-0,1.0,0.0,0.0,0-0,,1.0,0.0,1-0,1.0,1.0,0.0,1-0,1.0,1.0,0.0,1-0,1.0,19.0,,Baylor vs UNLV,-19.0
2026,Baylor,Big 12,11/10,1,7.0,7,16.0,9.0,Rising,2,2,Steady,5,2,3,0.4,2026-02-10,2,401824181.0,2025-11-16T20:00Z,Le Moyne,Home,W,99.0,43.0,7.0,99.0,8.0,19.0,,,False,,https://a.espncdn.com/i/teamlogos/ncaa/500/239.png,https://a.espncdn.com/i/teamlogos/ncaa/500/2330.png,,BAY,LEM,154734,000000,2025-11-16,56.0,1.0,No Upset,Ranked vs Unranked,Blowout (20+),Blowout,20+,4.0,Unranked,Other,2,2.0,0.0,32.0,64.0,56.0,8.0,0.0,0.0,0.0,0.0,1.0,0.0,7,22,15,#7 – #22,None,,,,,,,,4.0,20.8,4.0,0.0,4-0,1.0,0.0,0.0,0-0,,1.0,0.0,1-0,1.0,2.0,0.0,2-0,1.0,1.0,0.0,1-0,1.0,19.0,,Baylor vs Le Moyne,-19.0
2026,Baylor,Big 12,11/17,2,7.0,7,7.0,0.0,Stable,3,3,Steady,5,2,3,0.4,2026-02-10,2,401818630.0,2025-11-21T02:00Z,Iowa,Neutral,L,52.0,57.0,7.0,19.0,8.0,7.0,,,False,WBCA Showcase,https://a.espncdn.com/i/teamlogos/ncaa/500/239.png,https://a.espncdn.com/i/teamlogos/ncaa/500/2294.png,,BAY,IOWA,154734,231f20,2025-11-21,-5.0,0.0,No Upset,Top 25 Matchup,Nail-Biter (≤5),Nail-Biter,≤5,1.0,Top 25,Big Ten,2,1.0,1.0,-1.5,-3.0,2.0,-5.0,0.0,0.0,1.0,2.0,0.0,0.0,7,22,15,#7 – #22,None,,,,,,,,5.0,15.6,4.0,1.0,4-1,0.8,0.0,0.0,0-0,,1.0,0.0,1-0,1.0,2.0,0.0,2-0,1.0,1.0,1.0,1-1,0.5,12.0,,Baylor vs Iowa,-12.0
2026,Baylor,Big 12,11/17,2,7.0,7,7.0,0.0,Stable,3,3,Steady,5,2,3,0.4,2026-02-10,2,401824182.0,2025-11-22T22:30Z,Davidson,Neutral,W,74.0,72.0,7.0,99.0,8.0,3.0,,,False,WBCA Showcase,https://a.espncdn.com/i/teamlogos/ncaa/500/239.png,https://a.espncdn.com/i/teamlogos/ncaa/500/2166.png,,BAY,DAV,154734,000000,2025-11-22,2.0,1.0,No Upset,Ranked vs Unranked,Nail-Biter (≤5),Nail-Biter,≤5,1.0,Unranked,Other,2,1.0,1.0,-1.5,-3.0,2.0,-5.0,0.0,0.0,1.0,2.0,0.0,0.0,7,22,15,#7 – #22,None,,,,,,,,6.0,13.3,5.0,1.0,5-1,0.833,0.0,0.0,0-0,,1.0,0.0,1-0,1.0,2.0,0.0,2-0,1.0,1.0,1.0,1-1,0.5,19.0,,Baylor vs Davidson,-19.0
2026,Baylor,Big 12,11/24,3,15.0,15,7.0,-8.0,Falling,4,4,Steady,5,2,3,0.4,2026-02-10,2,401824183.0,2025-11-26T20:00Z,Louisiana Tech,Home,W,75.0,46.0,15.0,99.0,8.0,11.0,,,False,,https://a.espncdn.com/i/teamlogos/ncaa/500/239.png,https://a.espncdn.com/i/teamlogos/ncaa/500/2348.png,,BAY,LT,154734,003087,2025-11-26,29.0,1.0,No Upset,Ranked vs Unranked,Blowout (20+),Blowout,20+,4.0,Unranked,Other,2,2.0,0.0,35.0,70.0,41.0,29.0,0.0,0.0,0.0,0.0,2.0,0.0,7,22,15,#7 – #22,None,,,,,,,,7.0,15.6,6.0,1.0,6-1,0.857,0.0,0.0,0-0,,1.0,0.0,1-0,1.0,3.0,0.0,3-0,1.0,1.0,1.0,1-1,0.5,11.0,,Baylor vs Louisiana Tech,-11.0
2026,Baylor,Big 12,11/24,3,15.0,15,7.0,-8.0,Falling,4,4,Steady,5,2,3,0.4,2026-02-10,2,401824184.0,2025-11-30T20:00Z,Grambling,Home,W,76.0,35.0,15.0,99.0,8.0,26.0,,,False,,https://a.espncdn.com/i/teamlogos/ncaa/500/239.png,https://a.espncdn.com/i/teamlogos/ncaa/500/2755.png,,BAY,GRAM,154734,ee8601,2025-11-30,41.0,1.0,No Upset,Ranked vs Unranked,Blowout (20+),Blowout,20+,4.0,Unranked,Other,2,2.0,0.0,35.0,70.0,41.0,29.0,0.0,0.0,0.0,0.0,2.0,0.0,7,22,15,#7 – #22,None,,,,,,,,8.0,18.8,7.0,1.0,7-1,0.875,0.0,0.0,0-0,,1.0,0.0,1-0,1.0,4.0,0.0,4-0,1.0,1.0,1.0,1-1,0.5,11.0,,Baylor vs Grambling,-11.0
2026,Baylor,Big 12,12/1,4,14.0,14,15.0,1.0,Rising,5,5,Steady,5,2,3,0.4,2026-02-10,2,401807968.0,2025-12-04T01:00Z,SE Louisiana,Home,W,112.0,47.0,14.0,99.0,8.0,25.0,,,False,,https://a.espncdn.com/i/teamlogos/ncaa/500/239.png,https://a.espncdn.com/i/teamlogos/ncaa/500/2545.png,,BAY,SELA,154734,215732,2025-12-04,65.0,1.0,No Upset,Ranked vs Unranked,Blowout (20+),Blowout,20+,4.0,Unranked,Other,2,2.0,0.0,41.5,83.0,65.0,18.0,0.0,0.0,0.0,0.0,1.0,0.0,7,22,15,#7 – #22,None,,,,,,,,9.0,23.9,8.0,1.0,8-1,0.889,0.0,0.0,0-0,,1.0,0.0,1-0,1.0,5.0,0.0,5-0,1.0,1.0,1.0,1-1,0.5,12.0,,Baylor vs SE Louisiana,-12.0
2026,Baylor,Big 12,12/1,4,14.0,14,15.0,1.0,Rising,5,5,Steady,5,2,3,0.4,2026-02-10,2,401824185.0,2025-12-07T20:00Z,UTSA,Home,W,73.0,55.0,14.0,99.0,8.0,62.0,,,False,,https://a.espncdn.com/i/teamlogos/ncaa/500/239.png,https://a.espncdn.com/i/teamlogos/ncaa/500/2636.png,,BAY,UTSA,154734,0c2340,2025-12-07,18.0,1.0,No Upset,Ranked vs Unranked,Comfortable (11-20),Comfortable,11-20,3.0,Unranked,Other,2,2.0,0.0,41.5,83.0,65.0,18.0,0.0,0.0,0.0,0.0,1.0,0.0,7,22,15,#7 – #22,None,,,,,,,,10.0,23.3,9.0,1.0,9-1,0.9,0.0,0.0,0-0,,1.0,0.0,1-0,1.0,6.0,0.0,6-0,1.0,1.0,1.0,1-1,0.5,12.0,,Baylor vs UTSA,-12.0
2026,Baylor,Big 12,12/8,5,13.0,13,14.0,1.0,Rising,6,6,Steady,5,2,3,0.4,2026-02-10,2,401824186.0,2025-12-09T17:00Z,Alabama State,Home,W,90.0,36.0,13.0,99.0,8.0,26.0,,,False,,https://a.espncdn.com/i/teamlogos/ncaa/500/239.png,https://a.espncdn.com/i/teamlogos/ncaa/500/2011.png,,BAY,ALST,154734,e9a900,2025-12-09,54.0,1.0,No Upset,Ranked vs Unranked,Blowout (20+),Blowout,20+,4.0,Unranked,Other,2,1.0,1.0,9.5,19.0,54.0,-35.0,0.0,0.0,1.0,0.0,2.0,0.0,7,22,15,#7 – #22,None,,,,,,,,11.0,26.1,10.0,1.0,10-1,0.909,0.0,0.0,0-0,,1.0,0.0,1-0,1.0,7.0,0.0,7-0,1.0,1.0,1.0,1-1,0.5,13.0,,Alabama State vs Baylor,-13.0
2026,Baylor,Big 12,12/8,5,13.0,13,14.0,1.0,Rising,6,6,Steady,5,2,3,0.4,2026-02-10,2,401817583.0,2025-12-14T18:00Z,Texas,Neutral,L,54.0,89.0,13.0,2.0,8.0,23.0,,,False,Sprouts Farmers Market espnW Invitational,https://a.espncdn.com/i/teamlogos/ncaa/500/239.png,https://a.espncdn.com/i/teamlogos/ncaa/500/251.png,,BAY,TEX,154734,af5c37,2025-12-14,-35.0,0.0,No Upset,Top 25 Matchup,Blowout (20+),Blowout,20+,4.0,Top 5,SEC,2,1.0,1.0,9.5,19.0,54.0,-35.0,0.0,0.0,1.0,0.0,2.0,0.0,7,22,15,#7 – #22,None,,,,,,,,12.0,21.0,10.0,2.0,10-2,0.833,0.0,0.0,0-0,,1.0,0.0,1-0,1.0,7.0,0.0,7-0,1.0,1.0,2.0,1-2,0.333,11.0,,Baylor vs Texas,11.0
2026,Baylor,Big 12,12/15,6,15.0,15,13.0,-2.0,Falling,7,7,Steady,5,2,3,0.4,2026-02-10,2,401824187.0,2025-12-19T01:00Z,Southern,Home,W,77.0,60.0,15.0,99.0,8.0,26.0,,,False,,https://a.espncdn.com/i/teamlogos/ncaa/500/239.png,https://a.espncdn.com/i/teamlogos/ncaa/500/2582.png,,BAY,SOU,154734,004B97,2025-12-19,17.0,1.0,No Upset,Ranked vs Unranked,Comfortable (11-20),Comfortable,11-20,3.0,Unranked,Other,2,1.0,1.0,8.0,16.0,17.0,-1.0,1.0,0.0,0.0,1.0,0.0,1.0,7,22,15,#7 – #22,None,,,,,,,,13.0,20.7,11.0,2.0,11-2,0.846,0.0,0.0,0-0,,1.0,0.0,1-0,1.0,8.0,0.0,8-0,1.0,1.0,2.0,1-2,0.333,11.0,,Baylor vs Southern,-11.0
2026,Baylor,Big 12,12/15,6,15.0,15,13.0,-2.0,Falling,7,7,Steady,5,2,3,0.4,2026-02-10,2,401827292.0,2025-12-21T21:00Z,Texas Tech,Home,L,60.0,61.0,15.0,99.0,8.0,8.0,,,True,,https://a.espncdn.com/i/teamlogos/ncaa/500/239.png,https://a.espncdn.com/i/teamlogos/ncaa/500/2641.png,Big 12,BAY,TTU,154734,da291c,2025-12-21,-1.0,0.0,Upset Loss,Ranked vs Unranked,Nail-Biter (≤5),Nail-Biter,≤5,1.0,Unranked,Big East,2,1.0,1.0,8.0,16.0,17.0,-1.0,1.0,0.0,0.0,1.0,0.0,1.0,7,22,15,#7 – #22,None,,,,,,,,14.0,19.1,11.0,3.0,11-3,0.786,0.0,1.0,0-1,0.0,1.0,0.0,1-0,1.0,8.0,1.0,8-1,0.889,1.0,2.0,1-2,0.333,11.0,#15 Baylor lost to Unranked Texas Tech,Baylor vs Texas Tech,-11.0
2026,Baylor,Big 12,12/22,7,22.0,22,15.0,-7.0,Falling,8,8,Steady,5,2,3,0.4,2026-02-10,2,401827301.0,2025-12-31T20:00Z,Oklahoma State,Away,W,77.0,68.0,22.0,99.0,8.0,8.0,,,True,,https://a.espncdn.com/i/teamlogos/ncaa/500/239.png,https://a.espncdn.com/i/teamlogos/ncaa/500/197.png,Big 12,BAY,OKST,154734,fe5c00,2025-12-31,9.0,1.0,No Upset,Ranked vs Unranked,Close (6-10),Close,6-10,2.0,Unranked,Big East,2,2.0,0.0,5.5,11.0,9.0,2.0,0.0,0.0,1.0,1.0,0.0,2.0,7,22,15,#7 – #22,None,,,,,,,,15.0,18.5,12.0,3.0,12-3,0.8,1.0,1.0,1-1,0.5,2.0,0.0,2-0,1.0,8.0,1.0,8-1,0.889,1.0,2.0,1-2,0.333,4.0,,Baylor vs Oklahoma State,-4.0
2026,Baylor,Big 12,12/22,7,22.0,22,15.0,-7.0,Falling,8,8,Steady,5,2,3,0.4,2026-02-10,2,401827311.0,2026-01-04T20:00Z,Iowa State,Away,W,72.0,70.0,22.0,10.0,8.0,8.0,,,True,,https://a.espncdn.com/i/teamlogos/ncaa/500/239.png,https://a.espncdn.com/i/teamlogos/ncaa/500/66.png,Big 12,BAY,ISU,154734,ae192d,2026-01-04,2.0,1.0,No Upset,Top 25 Matchup,Nail-Biter (≤5),Nail-Biter,≤5,1.0,Top 10,Big East,2,2.0,0.0,5.5,11.0,9.0,2.0,0.0,0.0,1.0,1.0,0.0,2.0,7,22,15,#7 – #22,None,,,,,,,,16.0,17.4,13.0,3.0,13-3,0.812,2.0,1.0,2-1,0.667,3.0,0.0,3-0,1.0,8.0,1.0,8-1,0.889,2.0,2.0,2-2,0.5,12.0,,Baylor vs Iowa State,12.0
2026,Baylor,Big 12,1/5,8,16.0,16,22.0,6.0,Rising,9,9,Steady,5,2,3,0.4,2026-02-10,2,401827320.0,2026-01-09T01:00Z,Colorado,Home,W,56.0,52.0,16.0,99.0,8.0,8.0,,,True,,https://a.espncdn.com/i/teamlogos/ncaa/500/239.png,https://a.espncdn.com/i/teamlogos/ncaa/500/38.png,Big 12,BAY,COLO,154734,cfb87c,2026-01-09,4.0,1.0,No Upset,Ranked vs Unranked,Nail-Biter (≤5),Nail-Biter,≤5,1.0,Unranked,Big East,2,2.0,0.0,9.5,19.0,15.0,4.0,0.0,0.0,0.0,1.0,0.0,2.0,7,22,15,#7 – #22,None,,,,,,,,17.0,16.6,14.0,3.0,14-3,0.824,3.0,1.0,3-1,0.75,3.0,0.0,3-0,1.0,9.0,1.0,9-1,0.9,2.0,2.0,2-2,0.5,10.0,,Baylor vs Colorado,-10.0
2026,Baylor,Big 12,1/5,8,16.0,16,22.0,6.0,Rising,9,9,Steady,5,2,3,0.4,2026-02-10,2,401827325.0,2026-01-11T20:00Z,Kansas,Home,W,79.0,64.0,16.0,99.0,8.0,8.0,,,True,,https://a.espncdn.com/i/teamlogos/ncaa/500/239.png,https://a.espncdn.com/i/teamlogos/ncaa/500/2305.png,Big 12,BAY,KU,154734,0051ba,2026-01-11,15.0,1.0,No Upset,Ranked vs Unranked,Comfortable (11-20),Comfortable,11-20,3.0,Unranked,Big East,2,2.0,0.0,9.5,19.0,15.0,4.0,0.0,0.0,0.0,1.0,0.0,2.0,7,22,15,#7 – #22,None,,,,,,,,18.0,16.6,15.0,3.0,15-3,0.833,4.0,1.0,4-1,0.8,3.0,0.0,3-0,1.0,10.0,1.0,10-1,0.909,2.0,2.0,2-2,0.5,10.0,,Baylor vs Kansas,-10.0
2026,Baylor,Big 12,1/12,9,18.0,18,16.0,-2.0,Falling,10,10,Steady,5,2,3,0.4,2026-02-10,2,401827333.0,2026-01-15T02:00Z,Utah,Away,W,61.0,45.0,18.0,99.0,8.0,8.0,,,True,,https://a.espncdn.com/i/teamlogos/ncaa/500/239.png,https://a.espncdn.com/i/teamlogos/ncaa/500/254.png,Big 12,BAY,UTAH,154734,be0000,2026-01-15,16.0,1.0,No Upset,Ranked vs Unranked,Comfortable (11-20),Comfortable,11-20,3.0,Unranked,Big East,2,2.0,0.0,13.5,27.0,16.0,11.0,0.0,0.0,0.0,0.0,0.0,2.0,7,22,15,#7 – #22,None,,,,,,,,19.0,16.5,16.0,3.0,16-3,0.842,5.0,1.0,5-1,0.833,4.0,0.0,4-0,1.0,10.0,1.0,10-1,0.909,2.0,2.0,2-2,0.5,8.0,,Baylor vs Utah,-8.0
2026,Baylor,Big 12,1/12,9,18.0,18,16.0,-2.0,Falling,10,10,Steady,5,2,3,0.4,2026-02-10,2,401827336.0,2026-01-17T21:00Z,BYU,Away,W,69.0,58.0,18.0,99.0,8.0,8.0,,,True,,https://a.espncdn.com/i/teamlogos/ncaa/500/239.png,https://a.espncdn.com/i/teamlogos/ncaa/500/252.png,Big 12,BAY,BYU,154734,0047ba,2026-01-17,11.0,1.0,No Upset,Ranked vs Unranked,Comfortable (11-20),Comfortable,11-20,3.0,Unranked,Big East,2,2.0,0.0,13.5,27.0,16.0,11.0,0.0,0.0,0.0,0.0,0.0,2.0,7,22,15,#7 – #22,None,,,,,,,,20.0,16.2,17.0,3.0,17-3,0.85,6.0,1.0,6-1,0.857,5.0,0.0,5-0,1.0,10.0,1.0,10-1,0.909,2.0,2.0,2-2,0.5,8.0,,BYU vs Baylor,-8.0
2026,Baylor,Big 12,1/19,10,14.0,14,18.0,4.0,Rising,11,11,Steady,5,2,3,0.4,2026-02-10,2,401827344.0,2026-01-22T01:00Z,UCF,Home,W,73.0,48.0,14.0,99.0,8.0,8.0,,,True,,https://a.espncdn.com/i/teamlogos/ncaa/500/239.png,https://a.espncdn.com/i/teamlogos/ncaa/500/2116.png,Big 12,BAY,UCF,154734,000000,2026-01-22,25.0,1.0,No Upset,Ranked vs Unranked,Blowout (20+),Blowout,20+,4.0,Unranked,Big East,1,1.0,0.0,25.0,25.0,25.0,25.0,0.0,0.0,0.0,0.0,1.0,1.0,7,22,15,#7 – #22,None,,,,,,,,21.0,16.7,18.0,3.0,18-3,0.857,7.0,1.0,7-1,0.875,5.0,0.0,5-0,1.0,11.0,1.0,11-1,0.917,2.0,2.0,2-2,0.5,12.0,,Baylor vs UCF,-12.0
2026,Baylor,Big 12,1/26,11,14.0,14,14.0,0.0,Stable,12,12,Steady,5,2,3,0.4,2026-02-10,2,401827354.0,2026-01-28T01:00Z,Houston,Home,W,82.0,66.0,14.0,99.0,8.0,8.0,,,True,,https://a.espncdn.com/i/teamlogos/ncaa/500/239.png,https://a.espncdn.com/i/teamlogos/ncaa/500/248.png,Big 12,BAY,HOU,154734,c8102e,2026-01-28,16.0,1.0,No Upset,Ranked vs Unranked,Comfortable (11-20),Comfortable,11-20,3.0,Unranked,Big East,2,1.0,1.0,3.0,6.0,16.0,-10.0,0.0,0.0,1.0,0.0,0.0,2.0,7,22,15,#7 – #22,None,,,,,,,,22.0,16.6,19.0,3.0,19-3,0.864,8.0,1.0,8-1,0.889,5.0,0.0,5-0,1.0,12.0,1.0,12-1,0.923,2.0,2.0,2-2,0.5,12.0,,Baylor vs Houston,-12.0
2026,Baylor,Big 12,1/26,11,14.0,14,14.0,0.0,Stable,12,12,Steady,5,2,3,0.4,2026-02-10,2,401827370.0,2026-02-01T18:00Z,West Virginia,Away,L,60.0,70.0,14.0,22.0,8.0,8.0,,,True,,https://a.espncdn.com/i/teamlogos/ncaa/500/239.png,https://a.espncdn.com/i/teamlogos/ncaa/500/277.png,Big 12,BAY,WVU,154734,eaaa00,2026-02-01,-10.0,0.0,No Upset,Top 25 Matchup,Close (6-10),Close,6-10,2.0,Top 25,Big East,2,1.0,1.0,3.0,6.0,16.0,-10.0,0.0,0.0,1.0,0.0,0.0,2.0,7,22,15,#7 – #22,None,,,,,,,,23.0,15.5,19.0,4.0,19-4,0.826,8.0,2.0,8-2,0.8,5.0,1.0,5-1,0.833,12.0,1.0,12-1,0.923,2.0,3.0,2-3,0.4,8.0,,Baylor vs West Virginia,-8.0
2026,Baylor,Big 12,2/2,12,15.0,15,14.0,-1.0,Falling,13,13,Steady,5,2,3,0.4,2026-02-10,2,401827374.0,2026-02-04T23:30Z,Cincinnati,Away,W,76.0,70.0,15.0,99.0,8.0,8.0,,,True,,https://a.espncdn.com/i/teamlogos/ncaa/500/239.png,https://a.espncdn.com/i/teamlogos/ncaa/500/2132.png,Big 12,BAY,CIN,154734,000000,2026-02-04,6.0,1.0,No Upset,Ranked vs Unranked,Close (6-10),Close,6-10,2.0,Unranked,Big East,2,2.0,0.0,4.5,9.0,6.0,3.0,0.0,0.0,0.0,1.0,0.0,2.0,7,22,15,#7 – #22,None,,,,,,,,24.0,15.1,20.0,4.0,20-4,0.833,9.0,2.0,9-2,0.818,6.0,1.0,6-1,0.857,12.0,1.0,12-1,0.923,2.0,3.0,2-3,0.4,11.0,,Baylor vs Cincinnati,-11.0
2026,Baylor,Big 12,2/2,12,15.0,15,14.0,-1.0,Falling,13,13,Steady,5,2,3,0.4,2026-02-10,2,401827378.0,2026-02-07T23:00Z,Arizona State,Home,W,67.0,64.0,15.0,99.0,8.0,8.0,,,True,,https://a.espncdn.com/i/teamlogos/ncaa/500/239.png,https://a.espncdn.com/i/teamlogos/ncaa/500/9.png,Big 12,BAY,ASU,154734,ffc627,2026-02-07,3.0,1.0,No Upset,Ranked vs Unranked,Nail-Biter (≤5),Nail-Biter,≤5,1.0,Unranked,Big East,2,2.0,0.0,4.5,9.0,6.0,3.0,0.0,0.0,0.0,1.0,0.0,2.0,7,22,15,#7 – #22,None,,,,,,,,25.0,14.6,21.0,4.0,21-4,0.84,10.0,2.0,10-2,0.833,6.0,1.0,6-1,0.857,13.0,1.0,13-1,0.929,2.0,3.0,2-3,0.4,11.0,,Arizona State vs Baylor,-11.0
2026,Baylor,Big 12,2/9,13,12.0,12,15.0,3.0,Rising,14,14,Steady,5,2,3,0.4,2026-02-10,2,,,,,,,,,,,,,,,,,,,,,,,,,,,,,,,,,,0,,,,,,,,,,,,,7,22,15,#7 – #22,None,,,,,,,,,,,,,,,,,,,,,,,,,,,,,,,,,
2026,Duke,ACC,Pre,0,7.0,7,,,Unknown,1,1,Steady,6,2,4,0.333,2026-02-10,2,401817556.0,2025-11-03T17:00Z,Baylor,Neutral,L,52.0,58.0,7.0,16.0,2.0,8.0,,,False,Oui-Play,https://a.espncdn.com/i/teamlogos/ncaa/500/150.png,https://a.espncdn.com/i/teamlogos/ncaa/500/239.png,,DUKE,BAY,00539b,154734,2025-11-03,-6.0,0.0,No Upset,Top 25 Matchup,Close (6-10),Close,6-10,2.0,Top 25,Big East,2,1.0,1.0,18.5,37.0,43.0,-6.0,0.0,0.0,1.0,0.0,1.0,0.0,7,21,14,#7 – #21,None,,,,,,,,1.0,-6.0,0.0,1.0,0-1,0.0,0.0,0.0,0-0,,0.0,0.0,0-0,,0.0,0.0,0-0,,0.0,1.0,0-1,0.0,9.0,,Baylor vs Duke,-9.0
2026,Duke,ACC,Pre,0,7.0,7,,,Unknown,1,1,Steady,6,2,4,0.333,2026-02-10,2,401817557.0,2025-11-09T18:00Z,Holy Cross,Home,W,91.0,48.0,7.0,99.0,2.0,22.0,,,False,,https://a.espncdn.com/i/teamlogos/ncaa/500/150.png,https://a.espncdn.com/i/teamlogos/ncaa/500/107.png,,DUKE,HC,00539b,582c83,2025-11-09,43.0,1.0,No Upset,Ranked vs Unranked,Blowout (20+),Blowout,20+,4.0,Unranked,Other,2,1.0,1.0,18.5,37.0,43.0,-6.0,0.0,0.0,1.0,0.0,1.0,0.0,7,21,14,#7 – #21,None,,,,,,,,2.0,18.5,1.0,1.0,1-1,0.5,0.0,0.0,0-0,,0.0,0.0,0-0,,1.0,0.0,1-0,1.0,0.0,1.0,0-1,0.0,19.0,,Duke vs Holy Cross,-19.0
2026,Duke,ACC,11/10,1,15.0,15,7.0,-8.0,Falling,2,2,Steady,6,2,4,0.333,2026-02-10,2,401817558.0,2025-11-13T00:00Z,Norfolk State,Home,W,83.0,32.0,15.0,99.0,2.0,16.0,,,False,,https://a.espncdn.com/i/teamlogos/ncaa/500/150.png,https://a.espncdn.com/i/teamlogos/ncaa/500/2450.png,,DUKE,NORF,00539b,0c8968,2025-11-13,51.0,1.0,No Upset,Ranked vs Unranked,Blowout (20+),Blowout,20+,4.0,Unranked,Other,3,2.0,1.0,19.0,57.0,51.0,-8.0,1.0,0.0,0.0,0.0,1.0,0.0,7,21,14,#7 – #21,None,,,,,,,,3.0,29.3,2.0,1.0,2-1,0.667,0.0,0.0,0-0,,0.0,0.0,0-0,,2.0,0.0,2-0,1.0,0.0,1.0,0-1,0.0,11.0,,Duke vs Norfolk State,-11.0
2026,Duke,ACC,11/10,1,15.0,15,7.0,-8.0,Falling,2,2,Steady,6,2,4,0.333,2026-02-10,2,401817559.0,2025-11-15T00:00Z,West Virginia,Neutral,L,49.0,57.0,15.0,99.0,2.0,8.0,,,False,Greenbrier Tip-Off,https://a.espncdn.com/i/teamlogos/ncaa/500/150.png,https://a.espncdn.com/i/teamlogos/ncaa/500/277.png,,DUKE,WVU,00539b,eaaa00,2025-11-15,-8.0,0.0,Upset Loss,Ranked vs Unranked,Close (6-10),Close,6-10,2.0,Unranked,Big East,3,2.0,1.0,19.0,57.0,51.0,-8.0,1.0,0.0,0.0,0.0,1.0,0.0,7,21,14,#7 – #21,None,,,,,,,,4.0,20.0,2.0,2.0,2-2,0.5,0.0,0.0,0-0,,0.0,0.0,0-0,,2.0,0.0,2-0,1.0,0.0,1.0,0-1,0.0,11.0,#15 Duke lost to Unranked West Virginia,Duke vs West Virginia,-11.0
2026,Duke,ACC,11/10,1,15.0,15,7.0,-8.0,Falling,2,2,Steady,6,2,4,0.333,2026-02-10,2,401817560.0,2025-11-16T19:00Z,Liberty,Away,W,71.0,57.0,15.0,99.0,2.0,11.0,,,False,,https://a.espncdn.com/i/teamlogos/ncaa/500/150.png,https://a.espncdn.com/i/teamlogos/ncaa/500/2335.png,,DUKE,LIB,00539b,0a254e,2025-11-16,14.0,1.0,No Upset,Ranked vs Unranked,Comfortable (11-20),Comfortable,11-20,3.0,Unranked,Other,3,2.0,1.0,19.0,57.0,51.0,-8.0,1.0,0.0,0.0,0.0,1.0,0.0,7,21,14,#7 – #21,None,,,,,,,,5.0,18.8,3.0,2.0,3-2,0.6,0.0,0.0,0-0,,1.0,0.0,1-0,1.0,2.0,0.0,2-0,1.0,0.0,1.0,0-1,0.0,11.0,,Duke vs Liberty,-11.0
2026,Duke,ACC,11/17,2,,26,15.0,-11.0,Dropped,2,0,Steady,6,2,4,0.333,2026-02-10,2,401817561.0,2025-11-21T01:00Z,South Florida,Away,L,72.0,85.0,99.0,99.0,2.0,62.0,,,False,,https://a.espncdn.com/i/teamlogos/ncaa/500/150.png,https://a.espncdn.com/i/teamlogos/ncaa/500/58.png,,DUKE,USF,00539b,006747,2025-11-21,-13.0,0.0,No Upset,Unranked Matchup,Comfortable (11-20),Comfortable,11-20,3.0,Unranked,Other,1,0.0,1.0,-13.0,-13.0,-13.0,-13.0,0.0,0.0,0.0,0.0,0.0,0.0,7,21,14,#7 – #21,Exited,West Virginia,L,49.0,57.0,2025-11-15,-8.0,Neutral,6.0,13.5,3.0,3.0,3-3,0.5,0.0,0.0,0-0,,1.0,1.0,1-1,0.5,2.0,0.0,2-0,1.0,0.0,1.0,0-1,0.0,0.0,,Duke vs South Florida,0.0
2026,Duke,ACC,11/24,3,,26,26.0,0.0,Unranked,2,0,Steady,6,2,4,0.333,2026-02-10,2,401811129.0,2025-11-26T21:30Z,South Carolina,Neutral,L,66.0,83.0,99.0,2.0,2.0,23.0,,,False,Players Era Championship,https://a.espncdn.com/i/teamlogos/ncaa/500/150.png,https://a.espncdn.com/i/teamlogos/ncaa/500/2579.png,,DUKE,SC,00539b,73000a,2025-11-26,-17.0,0.0,No Upset,Ranked vs Unranked,Comfortable (11-20),Comfortable,11-20,3.0,Top 5,SEC,2,0.0,2.0,-23.5,-47.0,-17.0,-30.0,0.0,0.0,0.0,0.0,1.0,0.0,7,21,14,#7 – #21,None,,,,,,,,7.0,9.1,3.0,4.0,3-4,0.429,0.0,0.0,0-0,,1.0,1.0,1-1,0.5,2.0,0.0,2-0,1.0,0.0,2.0,0-2,0.0,24.0,,Duke vs South Carolina,24.0
2026,Duke,ACC,11/24,3,,26,26.0,0.0,Unranked,2,0,Steady,6,2,4,0.333,2026-02-10,2,401831264.0,2025-11-28T03:30Z,UCLA,Neutral,L,59.0,89.0,99.0,3.0,2.0,7.0,,,False,Players Era Championship - Consolation,https://a.espncdn.com/i/teamlogos/ncaa/500/150.png,https://a.espncdn.com/i/teamlogos/ncaa/500/26.png,,DUKE,UCLA,00539b,2774ae,2025-11-28,-30.0,0.0,No Upset,Ranked vs Unranked,Blowout (20+),Blowout,20+,4.0,Top 5,Big Ten,2,0.0,2.0,-23.5,-47.0,-17.0,-30.0,0.0,0.0,0.0,0.0,1.0,0.0,7,21,14,#7 – #21,None,,,,,,,,8.0,4.2,3.0,5.0,3-5,0.375,0.0,0.0,0-0,,1.0,1.0,1-1,0.5,2.0,0.0,2-0,1.0,0.0,3.0,0-3,0.0,23.0,,Duke vs UCLA,23.0
2026,Duke,ACC,12/1,4,,26,26.0,0.0,Unranked,2,0,Steady,6,2,4,0.333,2026-02-10,2,401806387.0,2025-12-05T02:00Z,LSU,Home,L,77.0,93.0,99.0,5.0,2.0,23.0,,,False,ACC/SEC Women's Challenge,https://a.espncdn.com/i/teamlogos/ncaa/500/150.png,https://a.espncdn.com/i/teamlogos/ncaa/500/99.png,,DUKE,LSU,00539b,461d76,2025-12-05,-16.0,0.0,No Upset,Ranked vs Unranked,Comfortable (11-20),Comfortable,11-20,3.0,Top 5,SEC,2,1.0,1.0,0.0,0.0,16.0,-16.0,0.0,0.0,0.0,0.0,0.0,1.0,7,21,14,#7 – #21,None,,,,,,,,9.0,2.0,3.0,6.0,3-6,0.333,0.0,0.0,0-0,,1.0,1.0,1-1,0.5,2.0,1.0,2-1,0.667,0.0,4.0,0-4,0.0,21.0,,Duke vs LSU,21.0
2026,Duke,ACC,12/1,4,,26,26.0,0.0,Unranked,2,0,Steady,6,2,4,0.333,2026-02-10,2,401819630.0,2025-12-07T19:00Z,Virginia Tech,Away,W,70.0,54.0,99.0,99.0,2.0,2.0,,,True,,https://a.espncdn.com/i/teamlogos/ncaa/500/150.png,https://a.espncdn.com/i/teamlogos/ncaa/500/259.png,ACC,DUKE,VT,00539b,6a2c3e,2025-12-07,16.0,1.0,No Upset,Unranked Matchup,Comfortable (11-20),Comfortable,11-20,3.0,Unranked,ACC,2,1.0,1.0,0.0,0.0,16.0,-16.0,0.0,0.0,0.0,0.0,0.0,1.0,7,21,14,#7 – #21,None,,,,,,,,10.0,3.4,4.0,6.0,4-6,0.4,1.0,0.0,1-0,1.0,2.0,1.0,2-1,0.667,2.0,1.0,2-1,0.667,0.0,4.0,0-4,0.0,0.0,,Duke vs Virginia Tech,0.0
2026,Duke,ACC,12/8,5,,26,26.0,0.0,Unranked,2,0,Steady,6,2,4,0.333,2026-02-10,2,,,,,,,,,,,,,,,,,,,,,,,,,,,,,,,,,,0,,,,,,,,,,,,,7,21,14,#7 – #21,None,,,,,,,,,,,,,,,,,,,,,,,,,,,,,,,,,
2026,Duke,ACC,12/15,6,,26,26.0,0.0,Unranked,2,0,Steady,6,2,4,0.333,2026-02-10,2,401817562.0,2025-12-19T00:00Z,South Dakota State,Home,W,97.0,54.0,99.0,99.0,2.0,47.0,,,False,,https://a.espncdn.com/i/teamlogos/ncaa/500/150.png,https://a.espncdn.com/i/teamlogos/ncaa/500/2571.png,,DUKE,SDST,00539b,0033a0,2025-12-19,43.0,1.0,No Upset,Unranked Matchup,Blowout (20+),Blowout,20+,4.0,Unranked,Other,2,2.0,0.0,36.5,73.0,43.0,30.0,0.0,0.0,0.0,0.0,2.0,0.0,7,21,14,#7 – #21,None,,,,,,,,11.0,7.0,5.0,6.0,5-6,0.455,1.0,0.0,1-0,1.0,2.0,1.0,2-1,0.667,3.0,1.0,3-1,0.75,0.0,4.0,0-4,0.0,0.0,,Duke vs South Dakota State,0.0
2026,Duke,ACC,12/15,6,,26,26.0,0.0,Unranked,2,0,Steady,6,2,4,0.333,2026-02-10,2,401817563.0,2025-12-20T20:00Z,Belmont,Away,W,76.0,46.0,99.0,99.0,2.0,18.0,,,False,,https://a.espncdn.com/i/teamlogos/ncaa/500/150.png,https://a.espncdn.com/i/teamlogos/ncaa/500/2057.png,,DUKE,BEL,00539b,182142,2025-12-20,30.0,1.0,No Upset,Unranked Matchup,Blowout (20+),Blowout,20+,4.0,Unranked,Other,2,2.0,0.0,36.5,73.0,43.0,30.0,0.0,0.0,0.0,0.0,2.0,0.0,7,21,14,#7 – #21,None,,,,,,,,12.0,8.9,6.0,6.0,6-6,0.5,1.0,0.0,1-0,1.0,3.0,1.0,3-1,0.75,3.0,1.0,3-1,0.75,0.0,4.0,0-4,0.0,0.0,,Belmont vs Duke,0.0
2026,Duke,ACC,12/22,7,,26,26.0,0.0,Unranked,2,0,Steady,6,2,4,0.333,2026-02-10,2,401819638.0,2025-12-28T21:00Z,Syracuse,Away,W,71.0,51.0,99.0,99.0,2.0,2.0,,,True,,https://a.espncdn.com/i/teamlogos/ncaa/500/150.png,https://a.espncdn.com/i/teamlogos/ncaa/500/183.png,ACC,DUKE,SYR,00539b,000e54,2025-12-28,20.0,1.0,No Upset,Unranked Matchup,Comfortable (11-20),Comfortable,11-20,3.0,Unranked,ACC,3,3.0,0.0,28.3,85.0,51.0,14.0,0.0,1.0,0.0,0.0,1.0,3.0,7,21,14,#7 – #21,None,,,,,,,,13.0,9.8,7.0,6.0,7-6,0.538,2.0,0.0,2-0,1.0,4.0,1.0,4-1,0.8,3.0,1.0,3-1,0.75,0.0,4.0,0-4,0.0,0.0,,Duke vs Syracuse,0.0
2026,Duke,ACC,12/22,7,,26,26.0,0.0,Unranked,2,0,Steady,6,2,4,0.333,2026-02-10,2,401819642.0,2026-01-01T18:00Z,Boston College,Home,W,100.0,49.0,99.0,99.0,2.0,2.0,,,True,,https://a.espncdn.com/i/teamlogos/ncaa/500/150.png,https://a.espncdn.com/i/teamlogos/ncaa/500/103.png,ACC,DUKE,BC,00539b,8c2232,2026-01-01,51.0,1.0,No Upset,Unranked Matchup,Blowout (20+),Blowout,20+,4.0,Unranked,ACC,3,3.0,0.0,28.3,85.0,51.0,14.0,0.0,1.0,0.0,0.0,1.0,3.0,7,21,14,#7 – #21,None,,,,,,,,14.0,12.7,8.0,6.0,8-6,0.571,3.0,0.0,3-0,1.0,4.0,1.0,4-1,0.8,4.0,1.0,4-1,0.8,0.0,4.0,0-4,0.0,0.0,,Boston College vs Duke,0.0
2026,Duke,ACC,12/22,7,,26,26.0,0.0,Unranked,2,0,Steady,6,2,4,0.333,2026-02-10,2,401819650.0,2026-01-04T17:00Z,Notre Dame,Home,W,82.0,68.0,99.0,18.0,2.0,2.0,,,True,,https://a.espncdn.com/i/teamlogos/ncaa/500/150.png,https://a.espncdn.com/i/teamlogos/ncaa/500/87.png,ACC,DUKE,ND,00539b,062340,2026-01-04,14.0,1.0,Upset Win,Ranked vs Unranked,Comfortable (11-20),Comfortable,11-20,3.0,Top 25,ACC,3,3.0,0.0,28.3,85.0,51.0,14.0,0.0,1.0,0.0,0.0,1.0,3.0,7,21,14,#7 – #21,None,,,,,,,,15.0,12.8,9.0,6.0,9-6,0.6,4.0,0.0,4-0,1.0,4.0,1.0,4-1,0.8,5.0,1.0,5-1,0.833,1.0,4.0,1-4,0.2,8.0,Unranked Duke beat #18 Notre Dame,Duke vs Notre Dame,8.0
2026,Duke,ACC,1/5,8,,26,26.0,0.0,Unranked,2,0,Steady,6,2,4,0.333,2026-02-10,2,401819656.0,2026-01-08T23:00Z,California,Away,W,78.0,74.0,99.0,99.0,2.0,2.0,,,True,,https://a.espncdn.com/i/teamlogos/ncaa/500/150.png,https://a.espncdn.com/i/teamlogos/ncaa/500/25.png,ACC,DUKE,CAL,00539b,041e42,2026-01-08,4.0,1.0,No Upset,Unranked Matchup,Nail-Biter (≤5),Nail-Biter,≤5,1.0,Unranked,ACC,2,2.0,0.0,5.5,11.0,7.0,4.0,0.0,0.0,0.0,1.0,0.0,2.0,7,21,14,#7 – #21,None,,,,,,,,16.0,12.2,10.0,6.0,10-6,0.625,5.0,0.0,5-0,1.0,5.0,1.0,5-1,0.833,5.0,1.0,5-1,0.833,1.0,4.0,1-4,0.2,0.0,,California vs Duke,0.0
2026,Duke,ACC,1/5,8,,26,26.0,0.0,Unranked,2,0,Steady,6,2,4,0.333,2026-02-10,2,401819617.0,2026-01-11T22:00Z,Stanford,Away,W,67.0,60.0,99.0,99.0,2.0,2.0,,,True,,https://a.espncdn.com/i/teamlogos/ncaa/500/150.png,https://a.espncdn.com/i/teamlogos/ncaa/500/24.png,ACC,DUKE,STAN,00539b,8c1515,2026-01-11,7.0,1.0,No Upset,Unranked Matchup,Close (6-10),Close,6-10,2.0,Unranked,ACC,2,2.0,0.0,5.5,11.0,7.0,4.0,0.0,0.0,0.0,1.0,0.0,2.0,7,21,14,#7 – #21,None,,,,,,,,17.0,11.9,11.0,6.0,11-6,0.647,6.0,0.0,6-0,1.0,6.0,1.0,6-1,0.857,5.0,1.0,5-1,0.833,1.0,4.0,1-4,0.2,0.0,,Duke vs Stanford,0.0
2026,Duke,ACC,1/12,9,,26,26.0,0.0,Unranked,2,0,Steady,6,2,4,0.333,2026-02-10,2,401819670.0,2026-01-16T01:00Z,Virginia,Home,W,65.0,58.0,99.0,99.0,2.0,2.0,,,True,,https://a.espncdn.com/i/teamlogos/ncaa/500/150.png,https://a.espncdn.com/i/teamlogos/ncaa/500/258.png,ACC,DUKE,UVA,00539b,f84c1e,2026-01-16,7.0,1.0,No Upset,Unranked Matchup,Close (6-10),Close,6-10,2.0,Unranked,ACC,2,2.0,0.0,27.0,54.0,47.0,7.0,0.0,0.0,0.0,0.0,1.0,2.0,7,21,14,#7 – #21,None,,,,,,,,18.0,11.7,12.0,6.0,12-6,0.667,7.0,0.0,7-0,1.0,6.0,1.0,6-1,0.857,6.0,1.0,6-1,0.857,1.0,4.0,1-4,0.2,0.0,,Duke vs Virginia,0.0
2026,Duke,ACC,1/12,9,,26,26.0,0.0,Unranked,2,0,Steady,6,2,4,0.333,2026-02-10,2,401819673.0,2026-01-18T23:00Z,Georgia Tech,Home,W,93.0,46.0,99.0,99.0,2.0,2.0,,,True,,https://a.espncdn.com/i/teamlogos/ncaa/500/150.png,https://a.espncdn.com/i/teamlogos/ncaa/500/59.png,ACC,DUKE,GT,00539b,b3a369,2026-01-18,47.0,1.0,No Upset,Unranked Matchup,Blowout (20+),Blowout,20+,4.0,Unranked,ACC,2,2.0,0.0,27.0,54.0,47.0,7.0,0.0,0.0,0.0,0.0,1.0,2.0,7,21,14,#7 – #21,None,,,,,,,,19.0,13.5,13.0,6.0,13-6,0.684,8.0,0.0,8-0,1.0,6.0,1.0,6-1,0.857,7.0,1.0,7-1,0.875,1.0,4.0,1-4,0.2,0.0,,Duke vs Georgia Tech,0.0
2026,Duke,ACC,1/19,10,21.0,21,26.0,5.0,New,3,1,Steady,6,2,4,0.333,2026-02-10,2,401819681.0,2026-01-24T21:00Z,Pittsburgh,Away,W,95.0,41.0,21.0,99.0,2.0,2.0,,,True,,https://a.espncdn.com/i/teamlogos/ncaa/500/150.png,https://a.espncdn.com/i/teamlogos/ncaa/500/221.png,ACC,DUKE,PITT,00539b,003594,2026-01-24,54.0,1.0,No Upset,Ranked vs Unranked,Blowout (20+),Blowout,20+,4.0,Unranked,ACC,1,1.0,0.0,54.0,54.0,54.0,54.0,0.0,0.0,0.0,0.0,1.0,1.0,7,21,14,#7 – #21,Entered,Georgia Tech,W,93.0,46.0,2026-01-18,47.0,Home,20.0,15.6,14.0,6.0,14-6,0.7,9.0,0.0,9-0,1.0,7.0,1.0,7-1,0.875,7.0,1.0,7-1,0.875,1.0,4.0,1-4,0.2,5.0,,Duke vs Pittsburgh,-5.0
2026,Duke,ACC,1/26,11,20.0,20,21.0,1.0,Rising,4,2,Steady,6,2,4,0.333,2026-02-10,2,401819686.0,2026-01-30T01:00Z,Miami (FL),Away,W,74.0,58.0,20.0,99.0,2.0,2.0,,,True,,https://a.espncdn.com/i/teamlogos/ncaa/500/150.png,https://a.espncdn.com/i/teamlogos/ncaa/500/2390.png,ACC,DUKE,MIA,00539b,f47423,2026-01-30,16.0,1.0,No Upset,Ranked vs Unranked,Comfortable (11-20),Comfortable,11-20,3.0,Unranked,ACC,2,2.0,0.0,26.0,52.0,36.0,16.0,0.0,0.0,0.0,0.0,1.0,2.0,7,21,14,#7 – #21,None,,,,,,,,21.0,15.6,15.0,6.0,15-6,0.714,10.0,0.0,10-0,1.0,8.0,1.0,8-1,0.889,7.0,1.0,7-1,0.875,1.0,4.0,1-4,0.2,6.0,,Duke vs Miami (FL),-6.0
2026,Duke,ACC,1/26,11,20.0,20,21.0,1.0,Rising,4,2,Steady,6,2,4,0.333,2026-02-10,2,401819695.0,2026-02-01T17:00Z,Wake Forest,Home,W,80.0,44.0,20.0,99.0,2.0,2.0,,,True,Play4Kay,https://a.espncdn.com/i/teamlogos/ncaa/500/150.png,https://a.espncdn.com/i/teamlogos/ncaa/500/154.png,ACC,DUKE,WAKE,00539b,ceb888,2026-02-01,36.0,1.0,No Upset,Ranked vs Unranked,Blowout (20+),Blowout,20+,4.0,Unranked,ACC,2,2.0,0.0,26.0,52.0,36.0,16.0,0.0,0.0,0.0,0.0,1.0,2.0,7,21,14,#7 – #21,None,,,,,,,,22.0,16.5,16.0,6.0,16-6,0.727,11.0,0.0,11-0,1.0,8.0,1.0,8-1,0.889,8.0,1.0,8-1,0.889,1.0,4.0,1-4,0.2,6.0,,Duke vs Wake Forest,-6.0
2026,Duke,ACC,2/2,12,17.0,17,20.0,3.0,Rising,5,3,Steady,6,2,4,0.333,2026-02-10,2,401819697.0,2026-02-06T00:00Z,Louisville,Away,W,59.0,58.0,17.0,6.0,2.0,2.0,,,True,,https://a.espncdn.com/i/teamlogos/ncaa/500/150.png,https://a.espncdn.com/i/teamlogos/ncaa/500/97.png,ACC,DUKE,LOU,00539b,c9001f,2026-02-06,1.0,1.0,No Upset,Top 25 Matchup,Nail-Biter (≤5),Nail-Biter,≤5,1.0,Top 10,ACC,2,2.0,0.0,30.0,60.0,59.0,1.0,0.0,0.0,1.0,1.0,1.0,2.0,7,21,14,#7 – #21,None,,,,,,,,23.0,15.8,17.0,6.0,17-6,0.739,12.0,0.0,12-0,1.0,9.0,1.0,9-1,0.9,8.0,1.0,8-1,0.889,2.0,4.0,2-4,0.333,11.0,,Duke vs Louisville,11.0
2026,Duke,ACC,2/2,12,17.0,17,20.0,3.0,Rising,5,3,Steady,6,2,4,0.333,2026-02-10,2,401819707.0,2026-02-08T19:00Z,SMU,Home,W,95.0,36.0,17.0,99.0,2.0,2.0,,,True,,https://a.espncdn.com/i/teamlogos/ncaa/500/150.png,https://a.espncdn.com/i/teamlogos/ncaa/500/2567.png,ACC,DUKE,SMU,00539b,a80000,2026-02-08,59.0,1.0,No Upset,Ranked vs Unranked,Blowout (20+),Blowout,20+,4.0,Unranked,ACC,2,2.0,0.0,30.0,60.0,59.0,1.0,0.0,0.0,1.0,1.0,1.0,2.0,7,21,14,#7 – #21,None,,,,,,,,24.0,17.6,18.0,6.0,18-6,0.75,13.0,0.0,13-0,1.0,9.0,1.0,9-1,0.9,9.0,1.0,9-1,0.9,2.0,4.0,2-4,0.333,9.0,,Duke vs SMU,-9.0
2026,Duke,ACC,2/9,13,11.0,11,17.0,6.0,Rising,6,4,Steady,6,2,4,0.333,2026-02-10,2,,,,,,,,,,,,,,,,,,,,,,,,,,,,,,,,,,0,,,,,,,,,,,,,7,21,14,#7 – #21,None,,,,,,,,,,,,,,,,,,,,,,,,,,,,,,,,,
2026,Georgia,SEC,Pre,0,,26,,,Unknown,0,0,Steady,7,2,5,0.286,2026-02-10,2,401818527.0,2025-11-03T22:00Z,Alabama State,Home,W,73.0,44.0,99.0,99.0,23.0,26.0,,,False,,https://a.espncdn.com/i/teamlogos/ncaa/500/61.png,https://a.espncdn.com/i/teamlogos/ncaa/500/2011.png,,UGA,ALST,ba0c2f,e9a900,2025-11-03,29.0,1.0,No Upset,Unranked Matchup,Blowout (20+),Blowout,20+,4.0,Unranked,Other,2,2.0,0.0,37.5,75.0,46.0,29.0,0.0,0.0,0.0,0.0,2.0,0.0,23,23,0,#23 – #23,None,,,,,,,,1.0,29.0,1.0,0.0,1-0,1.0,0.0,0.0,0-0,,0.0,0.0,0-0,,1.0,0.0,1-0,1.0,0.0,0.0,0-0,,0.0,,Alabama State vs Georgia,0.0
2026,Georgia,SEC,Pre,0,,26,,,Unknown,0,0,Steady,7,2,5,0.286,2026-02-10,2,401818528.0,2025-11-06T23:30Z,Furman,Home,W,91.0,45.0,99.0,99.0,23.0,24.0,,,False,,https://a.espncdn.com/i/teamlogos/ncaa/500/61.png,https://a.espncdn.com/i/teamlogos/ncaa/500/231.png,,UGA,FUR,ba0c2f,582c83,2025-11-06,46.0,1.0,No Upset,Unranked Matchup,Blowout (20+),Blowout,20+,4.0,Unranked,Other,2,2.0,0.0,37.5,75.0,46.0,29.0,0.0,0.0,0.0,0.0,2.0,0.0,23,23,0,#23 – #23,None,,,,,,,,2.0,37.5,2.0,0.0,2-0,1.0,0.0,0.0,0-0,,0.0,0.0,0-0,,2.0,0.0,2-0,1.0,0.0,0.0,0-0,,0.0,,Furman vs Georgia,0.0
2026,Georgia,SEC,11/10,1,,26,26.0,0.0,Unranked,0,0,Steady,7,2,5,0.286,2026-02-10,2,401818529.0,2025-11-10T23:30Z,South Carolina Upstate,Home,W,78.0,44.0,99.0,99.0,23.0,6.0,,,False,,https://a.espncdn.com/i/teamlogos/ncaa/500/61.png,https://a.espncdn.com/i/teamlogos/ncaa/500/2908.png,,UGA,UPST,ba0c2f,008545,2025-11-10,34.0,1.0,No Upset,Unranked Matchup,Blowout (20+),Blowout,20+,4.0,Unranked,Other,3,3.0,0.0,31.7,95.0,36.0,25.0,0.0,0.0,0.0,0.0,3.0,0.0,23,23,0,#23 – #23,None,,,,,,,,3.0,36.3,3.0,0.0,3-0,1.0,0.0,0.0,0-0,,0.0,0.0,0-0,,3.0,0.0,3-0,1.0,0.0,0.0,0-0,,0.0,,Georgia vs South Carolina Upstate,0.0
2026,Georgia,SEC,11/10,1,,26,26.0,0.0,Unranked,0,0,Steady,7,2,5,0.286,2026-02-10,2,401818530.0,2025-11-14T00:00Z,South Carolina State,Away,W,85.0,49.0,99.0,99.0,23.0,16.0,,,False,,https://a.espncdn.com/i/teamlogos/ncaa/500/61.png,https://a.espncdn.com/i/teamlogos/ncaa/500/2569.png,,UGA,SCST,ba0c2f,7d1315,2025-11-14,36.0,1.0,No Upset,Unranked Matchup,Blowout (20+),Blowout,20+,4.0,Unranked,Other,3,3.0,0.0,31.7,95.0,36.0,25.0,0.0,0.0,0.0,0.0,3.0,0.0,23,23,0,#23 – #23,None,,,,,,,,4.0,36.2,4.0,0.0,4-0,1.0,0.0,0.0,0-0,,1.0,0.0,1-0,1.0,3.0,0.0,3-0,1.0,0.0,0.0,0-0,,0.0,,Georgia vs South Carolina State,0.0
2026,Georgia,SEC,11/10,1,,26,26.0,0.0,Unranked,0,0,Steady,7,2,5,0.286,2026-02-10,2,401818531.0,2025-11-16T19:00Z,Jacksonville State,Home,W,76.0,51.0,99.0,99.0,23.0,11.0,,,False,,https://a.espncdn.com/i/teamlogos/ncaa/500/61.png,https://a.espncdn.com/i/teamlogos/ncaa/500/55.png,,UGA,JXST,ba0c2f,cc0000,2025-11-16,25.0,1.0,No Upset,Unranked Matchup,Blowout (20+),Blowout,20+,4.0,Unranked,Other,3,3.0,0.0,31.7,95.0,36.0,25.0,0.0,0.0,0.0,0.0,3.0,0.0,23,23,0,#23 – #23,None,,,,,,,,5.0,34.0,5.0,0.0,5-0,1.0,0.0,0.0,0-0,,1.0,0.0,1-0,1.0,4.0,0.0,4-0,1.0,0.0,0.0,0-0,,0.0,,Georgia vs Jacksonville State,0.0
2026,Georgia,SEC,11/17,2,,26,26.0,0.0,Unranked,0,0,Steady,7,2,5,0.286,2026-02-10,2,401818532.0,2025-11-20T23:30Z,North Florida,Home,W,92.0,46.0,99.0,99.0,23.0,46.0,,,False,,https://a.espncdn.com/i/teamlogos/ncaa/500/61.png,https://a.espncdn.com/i/teamlogos/ncaa/500/2454.png,,UGA,UNF,ba0c2f,004B8D,2025-11-20,46.0,1.0,No Upset,Unranked Matchup,Blowout (20+),Blowout,20+,4.0,Unranked,A-10,2,2.0,0.0,37.0,74.0,46.0,28.0,0.0,0.0,0.0,0.0,2.0,0.0,23,23,0,#23 – #23,None,,,,,,,,6.0,36.0,6.0,0.0,6-0,1.0,0.0,0.0,0-0,,1.0,0.0,1-0,1.0,5.0,0.0,5-0,1.0,0.0,0.0,0-0,,0.0,,Georgia vs North Florida,0.0
2026,Georgia,SEC,11/17,2,,26,26.0,0.0,Unranked,0,0,Steady,7,2,5,0.286,2026-02-10,2,401812932.0,2025-11-23T19:00Z,Georgia Tech,Home,W,87.0,59.0,99.0,99.0,23.0,2.0,,,False,,https://a.espncdn.com/i/teamlogos/ncaa/500/61.png,https://a.espncdn.com/i/teamlogos/ncaa/500/59.png,,UGA,GT,ba0c2f,b3a369,2025-11-23,28.0,1.0,No Upset,Unranked Matchup,Blowout (20+),Blowout,20+,4.0,Unranked,ACC,2,2.0,0.0,37.0,74.0,46.0,28.0,0.0,0.0,0.0,0.0,2.0,0.0,23,23,0,#23 – #23,None,,,,,,,,7.0,34.9,7.0,0.0,7-0,1.0,0.0,0.0,0-0,,1.0,0.0,1-0,1.0,6.0,0.0,6-0,1.0,0.0,0.0,0-0,,0.0,,Georgia vs Georgia Tech,0.0
2026,Georgia,SEC,11/24,3,,26,26.0,0.0,Unranked,0,0,Steady,7,2,5,0.286,2026-02-10,2,401818574.0,2025-11-29T22:00Z,Butler,Neutral,W,80.0,54.0,99.0,99.0,23.0,4.0,,,False,Fort Myers Tip-Off - Island Division,https://a.espncdn.com/i/teamlogos/ncaa/500/61.png,https://a.espncdn.com/i/teamlogos/ncaa/500/2086.png,,UGA,BUT,ba0c2f,0d1361,2025-11-29,26.0,1.0,No Upset,Unranked Matchup,Blowout (20+),Blowout,20+,4.0,Unranked,Big 12,2,2.0,0.0,16.0,32.0,26.0,6.0,0.0,0.0,0.0,0.0,1.0,0.0,23,23,0,#23 – #23,None,,,,,,,,9.0,30.7,9.0,0.0,9-0,1.0,0.0,0.0,0-0,,1.0,0.0,1-0,1.0,6.0,0.0,6-0,1.0,0.0,0.0,0-0,,0.0,,Butler vs Georgia,0.0
2026,Georgia,SEC,11/24,3,,26,26.0,0.0,Unranked,0,0,Steady,7,2,5,0.286,2026-02-10,2,401818573.0,2025-11-29T00:30Z,Kansas,Neutral,W,68.0,62.0,99.0,99.0,23.0,8.0,,,False,Fort Myers Tip-Off - Island Division,https://a.espncdn.com/i/teamlogos/ncaa/500/61.png,https://a.espncdn.com/i/teamlogos/ncaa/500/2305.png,,UGA,KU,ba0c2f,0051ba,2025-11-29,6.0,1.0,No Upset,Unranked Matchup,Close (6-10),Close,6-10,2.0,Unranked,Big East,2,2.0,0.0,16.0,32.0,26.0,6.0,0.0,0.0,0.0,0.0,1.0,0.0,23,23,0,#23 – #23,None,,,,,,,,8.0,31.2,8.0,0.0,8-0,1.0,0.0,0.0,0-0,,1.0,0.0,1-0,1.0,6.0,0.0,6-0,1.0,0.0,0.0,0-0,,0.0,,Georgia vs Kansas,0.0
2026,Georgia,SEC,12/1,4,,26,26.0,0.0,Unranked,0,0,Steady,7,2,5,0.286,2026-02-10,2,401806383.0,2025-12-03T22:00Z,Florida State,Away,W,80.0,60.0,99.0,99.0,23.0,2.0,,,False,ACC/SEC Women's Challenge,https://a.espncdn.com/i/teamlogos/ncaa/500/61.png,https://a.espncdn.com/i/teamlogos/ncaa/500/52.png,,UGA,FSU,ba0c2f,782f40,2025-12-03,20.0,1.0,No Upset,Unranked Matchup,Comfortable (11-20),Comfortable,11-20,3.0,Unranked,ACC,1,1.0,0.0,20.0,20.0,20.0,20.0,0.0,0.0,0.0,0.0,0.0,0.0,23,23,0,#23 – #23,None,,,,,,,,10.0,29.6,10.0,0.0,10-0,1.0,0.0,0.0,0-0,,2.0,0.0,2-0,1.0,6.0,0.0,6-0,1.0,0.0,0.0,0-0,,0.0,,Florida State vs Georgia,0.0
2026,Georgia,SEC,12/8,5,,26,26.0,0.0,Unranked,0,0,Steady,7,2,5,0.286,2026-02-10,2,,,,,,,,,,,,,,,,,,,,,,,,,,,,,,,,,,0,,,,,,,,,,,,,23,23,0,#23 – #23,None,,,,,,,,,,,,,,,,,,,,,,,,,,,,,,,,,
2026,Georgia,SEC,12/15,6,,26,26.0,0.0,Unranked,0,0,Steady,7,2,5,0.286,2026-02-10,2,401813794.0,2025-12-15T16:00Z,North Carolina A&T,Home,W,77.0,49.0,99.0,99.0,23.0,10.0,,,False,,https://a.espncdn.com/i/teamlogos/ncaa/500/61.png,https://a.espncdn.com/i/teamlogos/ncaa/500/2448.png,,UGA,NCAT,ba0c2f,0505aa,2025-12-15,28.0,1.0,No Upset,Unranked Matchup,Blowout (20+),Blowout,20+,4.0,Unranked,Other,3,3.0,0.0,24.7,74.0,28.0,19.0,0.0,0.0,0.0,0.0,2.0,0.0,23,23,0,#23 – #23,None,,,,,,,,11.0,29.5,11.0,0.0,11-0,1.0,0.0,0.0,0-0,,2.0,0.0,2-0,1.0,7.0,0.0,7-0,1.0,0.0,0.0,0-0,,0.0,,Georgia vs North Carolina A&T,0.0
2026,Georgia,SEC,12/15,6,,26,26.0,0.0,Unranked,0,0,Steady,7,2,5,0.286,2026-02-10,2,401822145.0,2025-12-20T00:00Z,VCU,Neutral,W,72.0,53.0,99.0,99.0,23.0,3.0,,,False,4 Tha Culture Holiday Classic,https://a.espncdn.com/i/teamlogos/ncaa/500/61.png,https://a.espncdn.com/i/teamlogos/ncaa/500/2670.png,,UGA,VCU,ba0c2f,ffaf00,2025-12-20,19.0,1.0,No Upset,Unranked Matchup,Comfortable (11-20),Comfortable,11-20,3.0,Unranked,Other,3,3.0,0.0,24.7,74.0,28.0,19.0,0.0,0.0,0.0,0.0,2.0,0.0,23,23,0,#23 – #23,None,,,,,,,,12.0,28.6,12.0,0.0,12-0,1.0,0.0,0.0,0-0,,2.0,0.0,2-0,1.0,7.0,0.0,7-0,1.0,0.0,0.0,0-0,,0.0,,Georgia vs VCU,0.0
2026,Georgia,SEC,12/15,6,,26,26.0,0.0,Unranked,0,0,Steady,7,2,5,0.286,2026-02-10,2,401822291.0,2025-12-21T17:00Z,Coppin State,Neutral,W,82.0,55.0,99.0,99.0,23.0,16.0,,,False,4 Tha Culture Holiday Classic,https://a.espncdn.com/i/teamlogos/ncaa/500/61.png,https://a.espncdn.com/i/teamlogos/ncaa/500/2154.png,,UGA,COPP,ba0c2f,2e3192,2025-12-21,27.0,1.0,No Upset,Unranked Matchup,Blowout (20+),Blowout,20+,4.0,Unranked,Other,3,3.0,0.0,24.7,74.0,28.0,19.0,0.0,0.0,0.0,0.0,2.0,0.0,23,23,0,#23 – #23,None,,,,,,,,13.0,28.5,13.0,0.0,13-0,1.0,0.0,0.0,0-0,,2.0,0.0,2-0,1.0,7.0,0.0,7-0,1.0,0.0,0.0,0-0,,0.0,,Coppin State vs Georgia,0.0
2026,Georgia,SEC,12/22,7,,26,26.0,0.0,Unranked,0,0,Steady,7,2,5,0.286,2026-02-10,2,401818575.0,2025-12-29T17:00Z,Charleston Southern,Home,W,97.0,52.0,99.0,99.0,23.0,6.0,,,False,,https://a.espncdn.com/i/teamlogos/ncaa/500/61.png,https://a.espncdn.com/i/teamlogos/ncaa/500/2127.png,,UGA,CHSO,ba0c2f,2e3192,2025-12-29,45.0,1.0,No Upset,Unranked Matchup,Blowout (20+),Blowout,20+,4.0,Unranked,Other,3,2.0,1.0,12.0,36.0,45.0,-17.0,0.0,0.0,0.0,0.0,1.0,2.0,23,23,0,#23 – #23,None,,,,,,,,14.0,29.6,14.0,0.0,14-0,1.0,0.0,0.0,0-0,,2.0,0.0,2-0,1.0,8.0,0.0,8-0,1.0,0.0,0.0,0-0,,0.0,,Charleston Southern vs Georgia,0.0
2026,Georgia,SEC,12/22,7,,26,26.0,0.0,Unranked,0,0,Steady,7,2,5,0.286,2026-02-10,2,401807533.0,2026-01-01T20:00Z,Ole Miss,Away,L,62.0,79.0,99.0,15.0,23.0,23.0,,,True,,https://a.espncdn.com/i/teamlogos/ncaa/500/61.png,https://a.espncdn.com/i/teamlogos/ncaa/500/145.png,SEC,UGA,MISS,ba0c2f,13294b,2026-01-01,-17.0,0.0,No Upset,Ranked vs Unranked,Comfortable (11-20),Comfortable,11-20,3.0,Top 25,SEC,3,2.0,1.0,12.0,36.0,45.0,-17.0,0.0,0.0,0.0,0.0,1.0,2.0,23,23,0,#23 – #23,None,,,,,,,,15.0,26.5,14.0,1.0,14-1,0.933,0.0,1.0,0-1,0.0,2.0,1.0,2-1,0.667,8.0,0.0,8-0,1.0,0.0,1.0,0-1,0.0,11.0,,Georgia vs Ole Miss,11.0
2026,Georgia,SEC,12/22,7,,26,26.0,0.0,Unranked,0,0,Steady,7,2,5,0.286,2026-02-10,2,401807543.0,2026-01-04T19:00Z,Texas A&M,Home,W,64.0,56.0,99.0,99.0,23.0,23.0,,,True,,https://a.espncdn.com/i/teamlogos/ncaa/500/61.png,https://a.espncdn.com/i/teamlogos/ncaa/500/245.png,SEC,UGA,TA&M,ba0c2f,500000,2026-01-04,8.0,1.0,No Upset,Unranked Matchup,Close (6-10),Close,6-10,2.0,Unranked,SEC,3,2.0,1.0,12.0,36.0,45.0,-17.0,0.0,0.0,0.0,0.0,1.0,2.0,23,23,0,#23 – #23,None,,,,,,,,16.0,25.4,15.0,1.0,15-1,0.938,1.0,1.0,1-1,0.5,2.0,1.0,2-1,0.667,9.0,0.0,9-0,1.0,0.0,1.0,0-1,0.0,0.0,,Georgia vs Texas A&M,0.0
2026,Georgia,SEC,1/5,8,,26,26.0,0.0,Unranked,0,0,Steady,7,2,5,0.286,2026-02-10,2,401807549.0,2026-01-08T23:30Z,LSU,Home,L,59.0,80.0,99.0,12.0,23.0,23.0,,,True,,https://a.espncdn.com/i/teamlogos/ncaa/500/61.png,https://a.espncdn.com/i/teamlogos/ncaa/500/99.png,SEC,UGA,LSU,ba0c2f,461d76,2026-01-08,-21.0,0.0,No Upset,Ranked vs Unranked,Blowout (20+),Blowout,20+,4.0,Top 25,SEC,2,0.0,2.0,-21.5,-43.0,-21.0,-22.0,0.0,0.0,0.0,0.0,2.0,2.0,23,23,0,#23 – #23,None,,,,,,,,17.0,22.6,15.0,2.0,15-2,0.882,1.0,2.0,1-2,0.333,2.0,1.0,2-1,0.667,9.0,1.0,9-1,0.9,0.0,2.0,0-2,0.0,14.0,,Georgia vs LSU,14.0
2026,Georgia,SEC,1/5,8,,26,26.0,0.0,Unranked,0,0,Steady,7,2,5,0.286,2026-02-10,2,401807556.0,2026-01-11T19:00Z,South Carolina,Away,L,43.0,65.0,99.0,3.0,23.0,23.0,,,True,We Back Pat,https://a.espncdn.com/i/teamlogos/ncaa/500/61.png,https://a.espncdn.com/i/teamlogos/ncaa/500/2579.png,SEC,UGA,SC,ba0c2f,73000a,2026-01-11,-22.0,0.0,No Upset,Ranked vs Unranked,Blowout (20+),Blowout,20+,4.0,Top 5,SEC,2,0.0,2.0,-21.5,-43.0,-21.0,-22.0,0.0,0.0,0.0,0.0,2.0,2.0,23,23,0,#23 – #23,None,,,,,,,,18.0,20.2,15.0,3.0,15-3,0.833,1.0,3.0,1-3,0.25,2.0,2.0,2-2,0.5,9.0,1.0,9-1,0.9,0.0,3.0,0-3,0.0,23.0,,Georgia vs South Carolina,23.0
2026,Georgia,SEC,1/12,9,,26,26.0,0.0,Unranked,0,0,Steady,7,2,5,0.286,2026-02-10,2,401807567.0,2026-01-18T17:00Z,Ole Miss,Home,W,82.0,59.0,99.0,16.0,23.0,23.0,,,True,We Back Pat,https://a.espncdn.com/i/teamlogos/ncaa/500/61.png,https://a.espncdn.com/i/teamlogos/ncaa/500/145.png,SEC,UGA,MISS,ba0c2f,13294b,2026-01-18,23.0,1.0,Upset Win,Ranked vs Unranked,Blowout (20+),Blowout,20+,4.0,Top 25,SEC,1,1.0,0.0,23.0,23.0,23.0,23.0,0.0,1.0,0.0,0.0,1.0,1.0,23,23,0,#23 – #23,None,,,,,,,,19.0,20.3,16.0,3.0,16-3,0.842,2.0,3.0,2-3,0.4,2.0,2.0,2-2,0.5,10.0,1.0,10-1,0.909,1.0,3.0,1-3,0.25,10.0,Unranked Georgia beat #16 Ole Miss,Georgia vs Ole Miss,10.0
2026,Georgia,SEC,1/19,10,,26,26.0,0.0,Unranked,0,0,Steady,7,2,5,0.286,2026-02-10,2,401807575.0,2026-01-23T00:30Z,Arkansas,Away,W,76.0,66.0,99.0,99.0,23.0,23.0,,,True,,https://a.espncdn.com/i/teamlogos/ncaa/500/61.png,https://a.espncdn.com/i/teamlogos/ncaa/500/8.png,SEC,UGA,ARK,ba0c2f,a32136,2026-01-23,10.0,1.0,No Upset,Unranked Matchup,Close (6-10),Close,6-10,2.0,Unranked,SEC,2,2.0,0.0,7.5,15.0,10.0,5.0,0.0,1.0,0.0,1.0,0.0,2.0,23,23,0,#23 – #23,None,,,,,,,,20.0,19.8,17.0,3.0,17-3,0.85,3.0,3.0,3-3,0.5,3.0,2.0,3-2,0.6,10.0,1.0,10-1,0.909,1.0,3.0,1-3,0.25,0.0,,Arkansas vs Georgia,0.0
2026,Georgia,SEC,1/19,10,,26,26.0,0.0,Unranked,0,0,Steady,7,2,5,0.286,2026-02-10,2,401807579.0,2026-01-24T18:00Z,Kentucky,Away,W,72.0,67.0,99.0,11.0,23.0,23.0,,,True,,https://a.espncdn.com/i/teamlogos/ncaa/500/61.png,https://a.espncdn.com/i/teamlogos/ncaa/500/96.png,SEC,UGA,UK,ba0c2f,0033a0,2026-01-24,5.0,1.0,Upset Win,Ranked vs Unranked,Nail-Biter (≤5),Nail-Biter,≤5,1.0,Top 25,SEC,2,2.0,0.0,7.5,15.0,10.0,5.0,0.0,1.0,0.0,1.0,0.0,2.0,23,23,0,#23 – #23,None,,,,,,,,21.0,19.1,18.0,3.0,18-3,0.857,4.0,3.0,4-3,0.571,4.0,2.0,4-2,0.667,10.0,1.0,10-1,0.909,2.0,3.0,2-3,0.4,15.0,Unranked Georgia beat #11 Kentucky,Georgia vs Kentucky,15.0
2026,Georgia,SEC,1/26,11,23.0,23,26.0,3.0,New,1,1,Steady,7,2,5,0.286,2026-02-10,2,401807586.0,2026-01-29T23:30Z,Alabama,Home,L,53.0,68.0,23.0,24.0,23.0,23.0,,,True,,https://a.espncdn.com/i/teamlogos/ncaa/500/61.png,https://a.espncdn.com/i/teamlogos/ncaa/500/333.png,SEC,UGA,ALA,ba0c2f,9e1b32,2026-01-29,-15.0,0.0,No Upset,Top 25 Matchup,Comfortable (11-20),Comfortable,11-20,3.0,Top 25,SEC,1,0.0,1.0,-15.0,-15.0,-15.0,-15.0,0.0,0.0,1.0,0.0,0.0,1.0,23,23,0,#23 – #23,Entered,Kentucky,W,72.0,67.0,2026-01-24,5.0,Away,22.0,17.5,18.0,4.0,18-4,0.818,4.0,4.0,4-4,0.5,4.0,2.0,4-2,0.667,10.0,2.0,10-2,0.833,2.0,4.0,2-4,0.333,1.0,,Alabama vs Georgia,-1.0
2026,Georgia,SEC,2/2,12,,26,23.0,-3.0,Dropped,1,0,Steady,7,2,5,0.286,2026-02-10,2,401807602.0,2026-02-05T23:30Z,Tennessee,Home,L,77.0,82.0,99.0,19.0,23.0,23.0,,,True,,https://a.espncdn.com/i/teamlogos/ncaa/500/61.png,https://a.espncdn.com/i/teamlogos/ncaa/500/2633_ncw.png,SEC,UGA,TENN,ba0c2f,ff8200,2026-02-05,-5.0,0.0,No Upset,Ranked vs Unranked,Nail-Biter (≤5),Nail-Biter,≤5,1.0,Top 25,SEC,2,1.0,1.0,7.0,14.0,19.0,-5.0,0.0,0.0,0.0,1.0,0.0,2.0,23,23,0,#23 – #23,Exited,Alabama,L,53.0,68.0,2026-01-29,-15.0,Home,23.0,16.6,18.0,5.0,18-5,0.783,4.0,5.0,4-5,0.444,4.0,2.0,4-2,0.667,10.0,3.0,10-3,0.769,2.0,5.0,2-5,0.286,7.0,,Georgia vs Tennessee,7.0
2026,Georgia,SEC,2/2,12,,26,23.0,-3.0,Dropped,1,0,Steady,7,2,5,0.286,2026-02-10,2,401807610.0,2026-02-08T21:00Z,Missouri,Away,W,85.0,66.0,99.0,99.0,23.0,23.0,,,True,,https://a.espncdn.com/i/teamlogos/ncaa/500/61.png,https://a.espncdn.com/i/teamlogos/ncaa/500/142.png,SEC,UGA,MIZ,ba0c2f,f1b82d,2026-02-08,19.0,1.0,No Upset,Unranked Matchup,Comfortable (11-20),Comfortable,11-20,3.0,Unranked,SEC,2,1.0,1.0,7.0,14.0,19.0,-5.0,0.0,0.0,0.0,1.0,0.0,2.0,23,23,0,#23 – #23,Exited,Alabama,L,53.0,68.0,2026-01-29,-15.0,Home,24.0,16.7,19.0,5.0,19-5,0.792,5.0,5.0,5-5,0.5,5.0,2.0,5-2,0.714,10.0,3.0,10-3,0.769,2.0,5.0,2-5,0.286,0.0,,Georgia vs Missouri,0.0
2026,Georgia,SEC,2/9,13,,26,26.0,0.0,Unranked,1,0,Steady,7,2,5,0.286,2026-02-10,2,,,,,,,,,,,,,,,,,,,,,,,,,,,,,,,,,,0,,,,,,,,,,,,,23,23,0,#23 – #23,None,,,,,,,,,,,,,,,,,,,,,,,,,,,,,,,,,
2026,Illinois,Big Ten,Pre,0,,26,,,Unknown,0,0,Steady,7,2,5,0.286,2026-02-10,2,401818616.0,2025-11-05T00:00Z,Southeast Missouri State,Home,W,91.0,67.0,99.0,99.0,7.0,20.0,,,False,,https://a.espncdn.com/i/teamlogos/ncaa/500/356.png,https://a.espncdn.com/i/teamlogos/ncaa/500/2546.png,,ILL,SEMO,ff5f05,c8102e,2025-11-05,24.0,1.0,No Upset,Unranked Matchup,Blowout (20+),Blowout,20+,4.0,Unranked,Ivy League,2,2.0,0.0,17.0,34.0,24.0,10.0,0.0,0.0,0.0,0.0,1.0,0.0,25,25,0,#25 – #25,None,,,,,,,,1.0,24.0,1.0,0.0,1-0,1.0,0.0,0.0,0-0,,0.0,0.0,0-0,,1.0,0.0,1-0,1.0,0.0,0.0,0-0,,0.0,,Illinois vs Southeast Missouri State,0.0
2026,Illinois,Big Ten,Pre,0,,26,,,Unknown,0,0,Steady,7,2,5,0.286,2026-02-10,2,401818617.0,2025-11-09T18:00Z,Illinois State,Home,W,75.0,65.0,99.0,99.0,7.0,18.0,,,False,,https://a.espncdn.com/i/teamlogos/ncaa/500/356.png,https://a.espncdn.com/i/teamlogos/ncaa/500/2287.png,,ILL,ILST,ff5f05,CE1126,2025-11-09,10.0,1.0,No Upset,Unranked Matchup,Close (6-10),Close,6-10,2.0,Unranked,Other,2,2.0,0.0,17.0,34.0,24.0,10.0,0.0,0.0,0.0,0.0,1.0,0.0,25,25,0,#25 – #25,None,,,,,,,,2.0,17.0,2.0,0.0,2-0,1.0,0.0,0.0,0-0,,0.0,0.0,0-0,,2.0,0.0,2-0,1.0,0.0,0.0,0-0,,0.0,,Illinois vs Illinois State,0.0
2026,Illinois,Big Ten,11/10,1,,26,26.0,0.0,Unranked,0,0,Steady,7,2,5,0.286,2026-02-10,2,401818618.0,2025-11-15T02:00Z,Oregon State,Away,L,59.0,64.0,99.0,99.0,7.0,29.0,,,False,,https://a.espncdn.com/i/teamlogos/ncaa/500/356.png,https://a.espncdn.com/i/teamlogos/ncaa/500/204.png,,ILL,ORST,ff5f05,dc4405,2025-11-15,-5.0,0.0,No Upset,Unranked Matchup,Nail-Biter (≤5),Nail-Biter,≤5,1.0,Unranked,Other,1,0.0,1.0,-5.0,-5.0,-5.0,-5.0,0.0,0.0,0.0,1.0,0.0,0.0,25,25,0,#25 – #25,None,,,,,,,,3.0,9.7,2.0,1.0,2-1,0.667,0.0,0.0,0-0,,0.0,1.0,0-1,0.0,2.0,0.0,2-0,1.0,0.0,0.0,0-0,,0.0,,Illinois vs Oregon State,0.0
2026,Illinois,Big Ten,11/17,2,,26,26.0,0.0,Unranked,0,0,Steady,7,2,5,0.286,2026-02-10,2,401818619.0,2025-11-18T17:00Z,Murray State,Home,W,84.0,64.0,99.0,99.0,7.0,18.0,,,False,,https://a.espncdn.com/i/teamlogos/ncaa/500/356.png,https://a.espncdn.com/i/teamlogos/ncaa/500/93.png,,ILL,MUR,ff5f05,002148,2025-11-18,20.0,1.0,No Upset,Unranked Matchup,Comfortable (11-20),Comfortable,11-20,3.0,Unranked,Other,2,2.0,0.0,21.5,43.0,23.0,20.0,0.0,0.0,0.0,0.0,1.0,0.0,25,25,0,#25 – #25,None,,,,,,,,4.0,12.2,3.0,1.0,3-1,0.75,0.0,0.0,0-0,,0.0,1.0,0-1,0.0,3.0,0.0,3-0,1.0,0.0,0.0,0-0,,0.0,,Illinois vs Murray State,0.0
2026,Illinois,Big Ten,11/17,2,,26,26.0,0.0,Unranked,0,0,Steady,7,2,5,0.286,2026-02-10,2,401818620.0,2025-11-23T19:00Z,Florida State,Away,W,86.0,63.0,99.0,99.0,7.0,2.0,,,False,,https://a.espncdn.com/i/teamlogos/ncaa/500/356.png,https://a.espncdn.com/i/teamlogos/ncaa/500/52.png,,ILL,FSU,ff5f05,782f40,2025-11-23,23.0,1.0,No Upset,Unranked Matchup,Blowout (20+),Blowout,20+,4.0,Unranked,ACC,2,2.0,0.0,21.5,43.0,23.0,20.0,0.0,0.0,0.0,0.0,1.0,0.0,25,25,0,#25 – #25,None,,,,,,,,5.0,14.4,4.0,1.0,4-1,0.8,0.0,0.0,0-0,,1.0,1.0,1-1,0.5,3.0,0.0,3-0,1.0,0.0,0.0,0-0,,0.0,,Florida State vs Illinois,0.0
2026,Illinois,Big Ten,11/24,3,,26,26.0,0.0,Unranked,0,0,Steady,7,2,5,0.286,2026-02-10,2,401818621.0,2025-11-27T00:00Z,Western Kentucky,Home,W,70.0,41.0,99.0,99.0,7.0,11.0,,,False,,https://a.espncdn.com/i/teamlogos/ncaa/500/356.png,https://a.espncdn.com/i/teamlogos/ncaa/500/98.png,,ILL,WKU,ff5f05,e13a3e,2025-11-27,29.0,1.0,No Upset,Unranked Matchup,Blowout (20+),Blowout,20+,4.0,Unranked,Other,2,2.0,0.0,50.5,101.0,72.0,29.0,0.0,0.0,0.0,0.0,2.0,0.0,25,25,0,#25 – #25,None,,,,,,,,6.0,16.8,5.0,1.0,5-1,0.833,0.0,0.0,0-0,,1.0,1.0,1-1,0.5,4.0,0.0,4-0,1.0,0.0,0.0,0-0,,0.0,,Illinois vs Western Kentucky,0.0
2026,Illinois,Big Ten,11/24,3,,26,26.0,0.0,Unranked,0,0,Steady,7,2,5,0.286,2026-02-10,2,401818622.0,2025-11-30T20:00Z,Le Moyne,Home,W,100.0,28.0,99.0,99.0,7.0,19.0,,,False,,https://a.espncdn.com/i/teamlogos/ncaa/500/356.png,https://a.espncdn.com/i/teamlogos/ncaa/500/2330.png,,ILL,LEM,ff5f05,000000,2025-11-30,72.0,1.0,No Upset,Unranked Matchup,Blowout (20+),Blowout,20+,4.0,Unranked,Other,2,2.0,0.0,50.5,101.0,72.0,29.0,0.0,0.0,0.0,0.0,2.0,0.0,25,25,0,#25 – #25,None,,,,,,,,7.0,24.7,6.0,1.0,6-1,0.857,0.0,0.0,0-0,,1.0,1.0,1-1,0.5,5.0,0.0,5-0,1.0,0.0,0.0,0-0,,0.0,,Illinois vs Le Moyne,0.0
2026,Illinois,Big Ten,12/1,4,,26,26.0,0.0,Unranked,0,0,Steady,7,2,5,0.286,2026-02-10,2,401818625.0,2025-12-03T00:00Z,Bellarmine,Home,W,90.0,41.0,99.0,99.0,7.0,46.0,,,False,,https://a.espncdn.com/i/teamlogos/ncaa/500/356.png,https://a.espncdn.com/i/teamlogos/ncaa/500/91.png,,ILL,BELL,ff5f05,000000,2025-12-03,49.0,1.0,No Upset,Unranked Matchup,Blowout (20+),Blowout,20+,4.0,Unranked,A-10,2,2.0,0.0,35.0,70.0,49.0,21.0,0.0,0.0,0.0,0.0,2.0,1.0,25,25,0,#25 – #25,None,,,,,,,,8.0,27.8,7.0,1.0,7-1,0.875,0.0,0.0,0-0,,1.0,1.0,1-1,0.5,6.0,0.0,6-0,1.0,0.0,0.0,0-0,,0.0,,Bellarmine vs Illinois,0.0
2026,Illinois,Big Ten,12/1,4,,26,26.0,0.0,Unranked,0,0,Steady,7,2,5,0.286,2026-02-10,2,401825219.0,2025-12-06T17:00Z,Indiana,Home,W,78.0,57.0,99.0,99.0,7.0,7.0,,,True,,https://a.espncdn.com/i/teamlogos/ncaa/500/356.png,https://a.espncdn.com/i/teamlogos/ncaa/500/84.png,Big Ten,ILL,IU,ff5f05,970310,2025-12-06,21.0,1.0,No Upset,Unranked Matchup,Blowout (20+),Blowout,20+,4.0,Unranked,Big Ten,2,2.0,0.0,35.0,70.0,49.0,21.0,0.0,0.0,0.0,0.0,2.0,1.0,25,25,0,#25 – #25,None,,,,,,,,9.0,27.0,8.0,1.0,8-1,0.889,1.0,0.0,1-0,1.0,1.0,1.0,1-1,0.5,7.0,0.0,7-0,1.0,0.0,0.0,0-0,,0.0,,Illinois vs Indiana,0.0
2026,Illinois,Big Ten,12/8,5,,26,26.0,0.0,Unranked,0,0,Steady,7,2,5,0.286,2026-02-10,2,401817415.0,2025-12-11T00:00Z,Missouri,Away,W,70.0,62.0,99.0,99.0,7.0,23.0,,,False,,https://a.espncdn.com/i/teamlogos/ncaa/500/356.png,https://a.espncdn.com/i/teamlogos/ncaa/500/142.png,,ILL,MIZ,ff5f05,f1b82d,2025-12-11,8.0,1.0,No Upset,Unranked Matchup,Close (6-10),Close,6-10,2.0,Unranked,SEC,2,2.0,0.0,10.0,20.0,12.0,8.0,0.0,0.0,0.0,0.0,0.0,0.0,25,25,0,#25 – #25,None,,,,,,,,10.0,25.1,9.0,1.0,9-1,0.9,1.0,0.0,1-0,1.0,2.0,1.0,2-1,0.667,7.0,0.0,7-0,1.0,0.0,0.0,0-0,,0.0,,Illinois vs Missouri,0.0
2026,Illinois,Big Ten,12/8,5,,26,26.0,0.0,Unranked,0,0,Steady,7,2,5,0.286,2026-02-10,2,401818623.0,2025-12-14T20:00Z,North Texas,Home,W,81.0,69.0,99.0,99.0,7.0,62.0,,,False,,https://a.espncdn.com/i/teamlogos/ncaa/500/356.png,https://a.espncdn.com/i/teamlogos/ncaa/500/249.png,,ILL,UNT,ff5f05,068f33,2025-12-14,12.0,1.0,No Upset,Unranked Matchup,Comfortable (11-20),Comfortable,11-20,3.0,Unranked,Other,2,2.0,0.0,10.0,20.0,12.0,8.0,0.0,0.0,0.0,0.0,0.0,0.0,25,25,0,#25 – #25,None,,,,,,,,11.0,23.9,10.0,1.0,10-1,0.909,1.0,0.0,1-0,1.0,2.0,1.0,2-1,0.667,8.0,0.0,8-0,1.0,0.0,0.0,0-0,,0.0,,Illinois vs North Texas,0.0
2026,Illinois,Big Ten,12/15,6,,26,26.0,0.0,Unranked,0,0,Steady,7,2,5,0.286,2026-02-10,2,401818624.0,2025-12-20T00:00Z,Jackson State,Home,W,86.0,43.0,99.0,99.0,7.0,26.0,,,False,,https://a.espncdn.com/i/teamlogos/ncaa/500/356.png,https://a.espncdn.com/i/teamlogos/ncaa/500/2296.png,,ILL,JKST,ff5f05,123297,2025-12-20,43.0,1.0,No Upset,Unranked Matchup,Blowout (20+),Blowout,20+,4.0,Unranked,Other,1,1.0,0.0,43.0,43.0,43.0,43.0,0.0,0.0,0.0,0.0,1.0,0.0,25,25,0,#25 – #25,None,,,,,,,,12.0,25.5,11.0,1.0,11-1,0.917,1.0,0.0,1-0,1.0,2.0,1.0,2-1,0.667,9.0,0.0,9-0,1.0,0.0,0.0,0-0,,0.0,,Illinois vs Jackson State,0.0
2026,Illinois,Big Ten,12/22,7,,26,26.0,0.0,Unranked,0,0,Steady,7,2,5,0.286,2026-02-10,2,401825228.0,2025-12-28T17:00Z,Purdue,Away,W,83.0,73.0,99.0,99.0,7.0,7.0,,,True,,https://a.espncdn.com/i/teamlogos/ncaa/500/356.png,https://a.espncdn.com/i/teamlogos/ncaa/500/2509.png,Big Ten,ILL,PUR,ff5f05,ceb888,2025-12-28,10.0,1.0,No Upset,Unranked Matchup,Close (6-10),Close,6-10,2.0,Unranked,Big Ten,3,2.0,1.0,2.3,7.0,10.0,-6.0,0.0,1.0,0.0,1.0,0.0,3.0,25,25,0,#25 – #25,None,,,,,,,,13.0,24.3,12.0,1.0,12-1,0.923,2.0,0.0,2-0,1.0,3.0,1.0,3-1,0.75,9.0,0.0,9-0,1.0,0.0,0.0,0-0,,0.0,,Illinois vs Purdue,0.0
2026,Illinois,Big Ten,12/22,7,,26,26.0,0.0,Unranked,0,0,Steady,7,2,5,0.286,2026-02-10,2,401825239.0,2026-01-01T21:00Z,Maryland,Home,W,73.0,70.0,99.0,7.0,7.0,7.0,,,True,,https://a.espncdn.com/i/teamlogos/ncaa/500/356.png,https://a.espncdn.com/i/teamlogos/ncaa/500/120.png,Big Ten,ILL,MD,ff5f05,ce1126,2026-01-01,3.0,1.0,Upset Win,Ranked vs Unranked,Nail-Biter (≤5),Nail-Biter,≤5,1.0,Top 10,Big Ten,3,2.0,1.0,2.3,7.0,10.0,-6.0,0.0,1.0,0.0,1.0,0.0,3.0,25,25,0,#25 – #25,None,,,,,,,,14.0,22.8,13.0,1.0,13-1,0.929,3.0,0.0,3-0,1.0,3.0,1.0,3-1,0.75,10.0,0.0,10-0,1.0,1.0,0.0,1-0,1.0,19.0,Unranked Illinois beat #7 Maryland,Illinois vs Maryland,19.0
2026,Illinois,Big Ten,12/22,7,,26,26.0,0.0,Unranked,0,0,Steady,7,2,5,0.286,2026-02-10,2,401825246.0,2026-01-04T17:00Z,Michigan State,Away,L,75.0,81.0,99.0,24.0,7.0,7.0,,,True,,https://a.espncdn.com/i/teamlogos/ncaa/500/356.png,https://a.espncdn.com/i/teamlogos/ncaa/500/127.png,Big Ten,ILL,MSU,ff5f05,173f35,2026-01-04,-6.0,0.0,No Upset,Ranked vs Unranked,Close (6-10),Close,6-10,2.0,Top 25,Big Ten,3,2.0,1.0,2.3,7.0,10.0,-6.0,0.0,1.0,0.0,1.0,0.0,3.0,25,25,0,#25 – #25,None,,,,,,,,15.0,20.9,13.0,2.0,13-2,0.867,3.0,1.0,3-1,0.75,3.0,2.0,3-2,0.6,10.0,0.0,10-0,1.0,1.0,1.0,1-1,0.5,2.0,,Illinois vs Michigan State,2.0
2026,Illinois,Big Ten,1/5,8,,26,26.0,0.0,Unranked,0,0,Steady,7,2,5,0.286,2026-02-10,2,401825254.0,2026-01-08T00:00Z,Ohio State,Home,L,69.0,78.0,99.0,19.0,7.0,7.0,,,True,,https://a.espncdn.com/i/teamlogos/ncaa/500/356.png,https://a.espncdn.com/i/teamlogos/ncaa/500/194.png,Big Ten,ILL,OSU,ff5f05,ba0c2f,2026-01-08,-9.0,0.0,No Upset,Ranked vs Unranked,Close (6-10),Close,6-10,2.0,Top 25,Big Ten,2,1.0,1.0,3.5,7.0,16.0,-9.0,0.0,0.0,0.0,0.0,0.0,2.0,25,25,0,#25 – #25,None,,,,,,,,16.0,19.0,13.0,3.0,13-3,0.812,3.0,2.0,3-2,0.6,3.0,2.0,3-2,0.6,10.0,1.0,10-1,0.909,1.0,2.0,1-2,0.333,7.0,,Illinois vs Ohio State,7.0
2026,Illinois,Big Ten,1/5,8,,26,26.0,0.0,Unranked,0,0,Steady,7,2,5,0.286,2026-02-10,2,401825261.0,2026-01-11T20:00Z,Penn State,Away,W,92.0,76.0,99.0,99.0,7.0,7.0,,,True,,https://a.espncdn.com/i/teamlogos/ncaa/500/356.png,https://a.espncdn.com/i/teamlogos/ncaa/500/213.png,Big Ten,ILL,PSU,ff5f05,061440,2026-01-11,16.0,1.0,No Upset,Unranked Matchup,Comfortable (11-20),Comfortable,11-20,3.0,Unranked,Big Ten,2,1.0,1.0,3.5,7.0,16.0,-9.0,0.0,0.0,0.0,0.0,0.0,2.0,25,25,0,#25 – #25,None,,,,,,,,17.0,18.8,14.0,3.0,14-3,0.824,4.0,2.0,4-2,0.667,4.0,2.0,4-2,0.667,10.0,1.0,10-1,0.909,1.0,2.0,1-2,0.333,0.0,,Illinois vs Penn State,0.0
2026,Illinois,Big Ten,1/12,9,25.0,25,26.0,1.0,New,1,1,Steady,7,2,5,0.286,2026-02-10,2,401825273.0,2026-01-16T00:00Z,Michigan,Away,L,69.0,85.0,25.0,8.0,7.0,7.0,,,True,,https://a.espncdn.com/i/teamlogos/ncaa/500/356.png,https://a.espncdn.com/i/teamlogos/ncaa/500/130.png,Big Ten,ILL,MICH,ff5f05,00274c,2026-01-16,-16.0,0.0,No Upset,Top 25 Matchup,Comfortable (11-20),Comfortable,11-20,3.0,Top 10,Big Ten,2,1.0,1.0,-6.5,-13.0,3.0,-16.0,0.0,0.0,1.0,1.0,0.0,2.0,25,25,0,#25 – #25,Entered,Ohio State,L,69.0,78.0,2026-01-08,-9.0,Home,18.0,16.9,14.0,4.0,14-4,0.778,4.0,3.0,4-3,0.571,4.0,3.0,4-3,0.571,10.0,1.0,10-1,0.909,1.0,3.0,1-3,0.25,17.0,,Illinois vs Michigan,17.0
2026,Illinois,Big Ten,1/12,9,25.0,25,26.0,1.0,New,1,1,Steady,7,2,5,0.286,2026-02-10,2,401825281.0,2026-01-18T20:00Z,Northwestern,Home,W,74.0,71.0,25.0,99.0,7.0,7.0,,,True,,https://a.espncdn.com/i/teamlogos/ncaa/500/356.png,https://a.espncdn.com/i/teamlogos/ncaa/500/77.png,Big Ten,ILL,NU,ff5f05,492f92,2026-01-18,3.0,1.0,No Upset,Ranked vs Unranked,Nail-Biter (≤5),Nail-Biter,≤5,1.0,Unranked,Big Ten,2,1.0,1.0,-6.5,-13.0,3.0,-16.0,0.0,0.0,1.0,1.0,0.0,2.0,25,25,0,#25 – #25,Entered,Ohio State,L,69.0,78.0,2026-01-08,-9.0,Home,19.0,16.2,15.0,4.0,15-4,0.789,5.0,3.0,5-3,0.625,4.0,3.0,4-3,0.571,11.0,1.0,11-1,0.917,1.0,3.0,1-3,0.25,1.0,,Illinois vs Northwestern,-1.0
2026,Illinois,Big Ten,1/19,10,,26,25.0,-1.0,Dropped,1,0,Steady,7,2,5,0.286,2026-02-10,2,401825293.0,2026-01-24T19:00Z,Nebraska,Away,L,75.0,81.0,99.0,24.0,7.0,7.0,,,True,,https://a.espncdn.com/i/teamlogos/ncaa/500/356.png,https://a.espncdn.com/i/teamlogos/ncaa/500/158.png,Big Ten,ILL,NEB,ff5f05,e31937,2026-01-24,-6.0,0.0,No Upset,Ranked vs Unranked,Close (6-10),Close,6-10,2.0,Top 25,Big Ten,1,0.0,1.0,-6.0,-6.0,-6.0,-6.0,0.0,0.0,0.0,0.0,0.0,1.0,25,25,0,#25 – #25,Exited,Northwestern,W,74.0,71.0,2026-01-18,3.0,Home,20.0,15.0,15.0,5.0,15-5,0.75,5.0,4.0,5-4,0.556,4.0,4.0,4-4,0.5,11.0,1.0,11-1,0.917,1.0,4.0,1-4,0.2,2.0,,Illinois vs Nebraska,2.0
2026,Illinois,Big Ten,1/26,11,,26,26.0,0.0,Unranked,1,0,Steady,7,2,5,0.286,2026-02-10,2,401825303.0,2026-01-29T00:00Z,UCLA,Home,L,67.0,80.0,99.0,2.0,7.0,7.0,,,True,,https://a.espncdn.com/i/teamlogos/ncaa/500/356.png,https://a.espncdn.com/i/teamlogos/ncaa/500/26.png,Big Ten,ILL,UCLA,ff5f05,2774ae,2026-01-29,-13.0,0.0,No Upset,Ranked vs Unranked,Comfortable (11-20),Comfortable,11-20,3.0,Top 5,Big Ten,2,1.0,1.0,-2.0,-4.0,9.0,-13.0,0.0,1.0,0.0,0.0,0.0,2.0,25,25,0,#25 – #25,None,,,,,,,,21.0,13.7,15.0,6.0,15-6,0.714,5.0,5.0,5-5,0.5,4.0,4.0,4-4,0.5,11.0,2.0,11-2,0.846,1.0,5.0,1-5,0.167,24.0,,Illinois vs UCLA,24.0
2026,Illinois,Big Ten,1/26,11,,26,26.0,0.0,Unranked,1,0,Steady,7,2,5,0.286,2026-02-10,2,401825311.0,2026-02-01T23:00Z,Washington,Away,W,75.0,66.0,99.0,25.0,7.0,7.0,,,True,,https://a.espncdn.com/i/teamlogos/ncaa/500/356.png,https://a.espncdn.com/i/teamlogos/ncaa/500/264.png,Big Ten,ILL,WASH,ff5f05,33006f,2026-02-01,9.0,1.0,Upset Win,Ranked vs Unranked,Close (6-10),Close,6-10,2.0,Top 25,Big Ten,2,1.0,1.0,-2.0,-4.0,9.0,-13.0,0.0,1.0,0.0,0.0,0.0,2.0,25,25,0,#25 – #25,None,,,,,,,,22.0,13.5,16.0,6.0,16-6,0.727,6.0,5.0,6-5,0.545,5.0,4.0,5-4,0.556,11.0,2.0,11-2,0.846,2.0,5.0,2-5,0.286,1.0,Unranked Illinois beat #25 Washington,Illinois vs Washington,1.0
2026,Illinois,Big Ten,2/2,12,,26,26.0,0.0,Unranked,1,0,Steady,7,2,5,0.286,2026-02-10,2,401825318.0,2026-02-05T02:00Z,Oregon,Away,L,73.0,76.0,99.0,99.0,7.0,7.0,,,True,,https://a.espncdn.com/i/teamlogos/ncaa/500/356.png,https://a.espncdn.com/i/teamlogos/ncaa/500/2483.png,Big Ten,ILL,ORE,ff5f05,00934b,2026-02-05,-3.0,0.0,No Upset,Unranked Matchup,Nail-Biter (≤5),Nail-Biter,≤5,1.0,Unranked,Big Ten,2,0.0,2.0,-5.5,-11.0,-3.0,-8.0,0.0,0.0,0.0,1.0,0.0,2.0,25,25,0,#25 – #25,None,,,,,,,,23.0,12.8,16.0,7.0,16-7,0.696,6.0,6.0,6-6,0.5,5.0,5.0,5-5,0.5,11.0,2.0,11-2,0.846,2.0,5.0,2-5,0.286,0.0,,Illinois vs Oregon,0.0
2026,Illinois,Big Ten,2/2,12,,26,26.0,0.0,Unranked,1,0,Steady,7,2,5,0.286,2026-02-10,2,401825333.0,2026-02-08T18:00Z,USC,Home,L,62.0,70.0,99.0,99.0,7.0,7.0,,,True,,https://a.espncdn.com/i/teamlogos/ncaa/500/356.png,https://a.espncdn.com/i/teamlogos/ncaa/500/30.png,Big Ten,ILL,USC,ff5f05,9d2235,2026-02-08,-8.0,0.0,No Upset,Unranked Matchup,Close (6-10),Close,6-10,2.0,Unranked,Big Ten,2,0.0,2.0,-5.5,-11.0,-3.0,-8.0,0.0,0.0,0.0,1.0,0.0,2.0,25,25,0,#25 – #25,None,,,,,,,,24.0,11.9,16.0,8.0,16-8,0.667,6.0,7.0,6-7,0.462,5.0,5.0,5-5,0.5,11.0,3.0,11-3,0.786,2.0,5.0,2-5,0.286,0.0,,Illinois vs USC,0.0
2026,Illinois,Big Ten,2/9,13,,26,26.0,0.0,Unranked,1,0,Steady,7,2,5,0.286,2026-02-10,2,,,,,,,,,,,,,,,,,,,,,,,,,,,,,,,,,,0,,,,,,,,,,,,,25,25,0,#25 – #25,None,,,,,,,,,,,,,,,,,,,,,,,,,,,,,,,,,
2026,Iowa,Big Ten,Pre,0,21.0,21,,,Unknown,1,1,Steady,8,5,3,0.625,2026-02-10,2,401818626.0,2025-11-04T00:30Z,Southern,Home,W,86.0,51.0,21.0,99.0,7.0,26.0,,,False,,https://a.espncdn.com/i/teamlogos/ncaa/500/2294.png,https://a.espncdn.com/i/teamlogos/ncaa/500/2582.png,,IOWA,SOU,231f20,004B97,2025-11-04,35.0,1.0,No Upset,Ranked vs Unranked,Blowout (20+),Blowout,20+,4.0,Unranked,Other,2,2.0,0.0,55.5,111.0,76.0,35.0,0.0,0.0,0.0,0.0,2.0,0.0,8,21,13,#8 – #21,None,,,,,,,,1.0,35.0,1.0,0.0,1-0,1.0,0.0,0.0,0-0,,0.0,0.0,0-0,,1.0,0.0,1-0,1.0,0.0,0.0,0-0,,5.0,,Iowa vs Southern,-5.0
2026,Iowa,Big Ten,Pre,0,21.0,21,,,Unknown,1,1,Steady,8,5,3,0.625,2026-02-10,2,401818627.0,2025-11-09T20:00Z,Evansville,Home,W,119.0,43.0,21.0,99.0,7.0,18.0,,,False,,https://a.espncdn.com/i/teamlogos/ncaa/500/2294.png,https://a.espncdn.com/i/teamlogos/ncaa/500/339.png,,IOWA,EVAN,231f20,663399,2025-11-09,76.0,1.0,No Upset,Ranked vs Unranked,Blowout (20+),Blowout,20+,4.0,Unranked,Other,2,2.0,0.0,55.5,111.0,76.0,35.0,0.0,0.0,0.0,0.0,2.0,0.0,8,21,13,#8 – #21,None,,,,,,,,2.0,55.5,2.0,0.0,2-0,1.0,0.0,0.0,0-0,,0.0,0.0,0-0,,2.0,0.0,2-0,1.0,0.0,0.0,0-0,,5.0,,Evansville vs Iowa,-5.0
2026,Iowa,Big Ten,11/10,1,21.0,21,21.0,0.0,Stable,2,2,Steady,8,5,3,0.625,2026-02-10,2,401818628.0,2025-11-14T01:30Z,Drake,Home,W,100.0,58.0,21.0,99.0,7.0,18.0,,,False,,https://a.espncdn.com/i/teamlogos/ncaa/500/2294.png,https://a.espncdn.com/i/teamlogos/ncaa/500/2181.png,,IOWA,DRKE,231f20,005596,2025-11-14,42.0,1.0,No Upset,Ranked vs Unranked,Blowout (20+),Blowout,20+,4.0,Unranked,Other,2,2.0,0.0,37.5,75.0,42.0,33.0,0.0,0.0,0.0,0.0,2.0,0.0,8,21,13,#8 – #21,None,,,,,,,,3.0,51.0,3.0,0.0,3-0,1.0,0.0,0.0,0-0,,0.0,0.0,0-0,,3.0,0.0,3-0,1.0,0.0,0.0,0-0,,5.0,,Drake vs Iowa,-5.0
2026,Iowa,Big Ten,11/10,1,21.0,21,21.0,0.0,Stable,2,2,Steady,8,5,3,0.625,2026-02-10,2,401818629.0,2025-11-16T20:00Z,Northern Iowa,Away,W,74.0,41.0,21.0,99.0,7.0,18.0,,,False,,https://a.espncdn.com/i/teamlogos/ncaa/500/2294.png,https://a.espncdn.com/i/teamlogos/ncaa/500/2460.png,,IOWA,UNI,231f20,473282,2025-11-16,33.0,1.0,No Upset,Ranked vs Unranked,Blowout (20+),Blowout,20+,4.0,Unranked,Other,2,2.0,0.0,37.5,75.0,42.0,33.0,0.0,0.0,0.0,0.0,2.0,0.0,8,21,13,#8 – #21,None,,,,,,,,4.0,46.5,4.0,0.0,4-0,1.0,0.0,0.0,0-0,,1.0,0.0,1-0,1.0,3.0,0.0,3-0,1.0,0.0,0.0,0-0,,5.0,,Iowa vs Northern Iowa,-5.0
2026,Iowa,Big Ten,11/17,2,19.0,19,21.0,2.0,Rising,3,3,Steady,8,5,3,0.625,2026-02-10,2,401818630.0,2025-11-21T02:00Z,Baylor,Neutral,W,57.0,52.0,19.0,7.0,7.0,8.0,,,False,WBCA Showcase,https://a.espncdn.com/i/teamlogos/ncaa/500/2294.png,https://a.espncdn.com/i/teamlogos/ncaa/500/239.png,,IOWA,BAY,231f20,154734,2025-11-21,5.0,1.0,No Upset,Top 25 Matchup,Nail-Biter (≤5),Nail-Biter,≤5,1.0,Top 10,Big East,2,2.0,0.0,4.0,8.0,5.0,3.0,0.0,0.0,1.0,2.0,0.0,0.0,8,21,13,#8 – #21,None,,,,,,,,5.0,38.2,5.0,0.0,5-0,1.0,0.0,0.0,0-0,,1.0,0.0,1-0,1.0,3.0,0.0,3-0,1.0,1.0,0.0,1-0,1.0,12.0,,Baylor vs Iowa,12.0
2026,Iowa,Big Ten,11/17,2,19.0,19,21.0,2.0,Rising,3,3,Steady,8,5,3,0.625,2026-02-10,2,401818631.0,2025-11-23T01:00Z,Miami (FL),Neutral,W,64.0,61.0,19.0,99.0,7.0,2.0,,,False,WBCA Showcase,https://a.espncdn.com/i/teamlogos/ncaa/500/2294.png,https://a.espncdn.com/i/teamlogos/ncaa/500/2390.png,,IOWA,MIA,231f20,f47423,2025-11-23,3.0,1.0,No Upset,Ranked vs Unranked,Nail-Biter (≤5),Nail-Biter,≤5,1.0,Unranked,ACC,2,2.0,0.0,4.0,8.0,5.0,3.0,0.0,0.0,1.0,2.0,0.0,0.0,8,21,13,#8 – #21,None,,,,,,,,6.0,32.3,6.0,0.0,6-0,1.0,0.0,0.0,0-0,,1.0,0.0,1-0,1.0,3.0,0.0,3-0,1.0,1.0,0.0,1-0,1.0,7.0,,Iowa vs Miami (FL),-7.0
2026,Iowa,Big Ten,11/24,3,11.0,11,19.0,8.0,Rising,4,4,Steady,8,5,3,0.625,2026-02-10,2,401818632.0,2025-11-27T00:30Z,Western Illinois,Home,W,86.0,69.0,11.0,99.0,7.0,20.0,,,False,,https://a.espncdn.com/i/teamlogos/ncaa/500/2294.png,https://a.espncdn.com/i/teamlogos/ncaa/500/2710.png,,IOWA,WIU,231f20,4e1e8a,2025-11-27,17.0,1.0,No Upset,Ranked vs Unranked,Comfortable (11-20),Comfortable,11-20,3.0,Unranked,Ivy League,2,2.0,0.0,15.5,31.0,17.0,14.0,0.0,0.0,0.0,0.0,0.0,0.0,8,21,13,#8 – #21,None,,,,,,,,7.0,30.1,7.0,0.0,7-0,1.0,0.0,0.0,0-0,,1.0,0.0,1-0,1.0,4.0,0.0,4-0,1.0,1.0,0.0,1-0,1.0,15.0,,Iowa vs Western Illinois,-15.0
2026,Iowa,Big Ten,11/24,3,11.0,11,19.0,8.0,Rising,4,4,Steady,8,5,3,0.625,2026-02-10,2,401818633.0,2025-11-30T18:00Z,Fairfield,Home,W,86.0,72.0,11.0,99.0,7.0,13.0,,,False,,https://a.espncdn.com/i/teamlogos/ncaa/500/2294.png,https://a.espncdn.com/i/teamlogos/ncaa/500/2217.png,,IOWA,FAIR,231f20,000000,2025-11-30,14.0,1.0,No Upset,Ranked vs Unranked,Comfortable (11-20),Comfortable,11-20,3.0,Unranked,Other,2,2.0,0.0,15.5,31.0,17.0,14.0,0.0,0.0,0.0,0.0,0.0,0.0,8,21,13,#8 – #21,None,,,,,,,,8.0,28.1,8.0,0.0,8-0,1.0,0.0,0.0,0-0,,1.0,0.0,1-0,1.0,5.0,0.0,5-0,1.0,1.0,0.0,1-0,1.0,15.0,,Fairfield vs Iowa,-15.0
2026,Iowa,Big Ten,12/1,4,12.0,12,11.0,-1.0,Falling,5,5,Steady,8,5,3,0.625,2026-02-10,2,401825220.0,2025-12-06T23:00Z,Rutgers,Away,W,79.0,36.0,12.0,99.0,7.0,7.0,,,True,,https://a.espncdn.com/i/teamlogos/ncaa/500/2294.png,https://a.espncdn.com/i/teamlogos/ncaa/500/164.png,Big Ten,IOWA,RUTG,231f20,ce0e2d,2025-12-06,43.0,1.0,No Upset,Ranked vs Unranked,Blowout (20+),Blowout,20+,4.0,Unranked,Big Ten,1,1.0,0.0,43.0,43.0,43.0,43.0,0.0,0.0,0.0,0.0,1.0,1.0,8,21,13,#8 – #21,None,,,,,,,,9.0,29.8,9.0,0.0,9-0,1.0,1.0,0.0,1-0,1.0,2.0,0.0,2-0,1.0,5.0,0.0,5-0,1.0,1.0,0.0,1-0,1.0,14.0,,Iowa vs Rutgers,-14.0
2026,Iowa,Big Ten,12/8,5,11.0,11,12.0,1.0,Rising,6,6,Steady,8,5,3,0.625,2026-02-10,2,401818634.0,2025-12-11T00:00Z,Iowa State,Away,L,69.0,74.0,11.0,10.0,7.0,8.0,,,False,Jimmy V Women's Classic presented by Modelo,https://a.espncdn.com/i/teamlogos/ncaa/500/2294.png,https://a.espncdn.com/i/teamlogos/ncaa/500/66.png,,IOWA,ISU,231f20,ae192d,2025-12-11,-5.0,0.0,No Upset,Top 25 Matchup,Nail-Biter (≤5),Nail-Biter,≤5,1.0,Top 10,Big East,2,1.0,1.0,14.5,29.0,34.0,-5.0,0.0,0.0,1.0,1.0,1.0,0.0,8,21,13,#8 – #21,None,,,,,,,,10.0,26.3,9.0,1.0,9-1,0.9,1.0,0.0,1-0,1.0,2.0,1.0,2-1,0.667,5.0,0.0,5-0,1.0,1.0,1.0,1-1,0.5,1.0,,Iowa vs Iowa State,1.0
2026,Iowa,Big Ten,12/8,5,11.0,11,12.0,1.0,Rising,6,6,Steady,8,5,3,0.625,2026-02-10,2,401818635.0,2025-12-13T20:00Z,Lindenwood,Home,W,102.0,68.0,11.0,99.0,7.0,20.0,,,False,,https://a.espncdn.com/i/teamlogos/ncaa/500/2294.png,https://a.espncdn.com/i/teamlogos/ncaa/500/2815.png,,IOWA,LIN,231f20,000000,2025-12-13,34.0,1.0,No Upset,Ranked vs Unranked,Blowout (20+),Blowout,20+,4.0,Unranked,Ivy League,2,1.0,1.0,14.5,29.0,34.0,-5.0,0.0,0.0,1.0,1.0,1.0,0.0,8,21,13,#8 – #21,None,,,,,,,,11.0,27.0,10.0,1.0,10-1,0.909,1.0,0.0,1-0,1.0,2.0,1.0,2-1,0.667,6.0,0.0,6-0,1.0,1.0,1.0,1-1,0.5,15.0,,Iowa vs Lindenwood,-15.0
2026,Iowa,Big Ten,12/15,6,11.0,11,11.0,0.0,Stable,7,7,Steady,8,5,3,0.625,2026-02-10,2,401817389.0,2025-12-20T18:30Z,UConn,Neutral,L,64.0,90.0,11.0,1.0,7.0,4.0,,,False,Champions Classic,https://a.espncdn.com/i/teamlogos/ncaa/500/2294.png,https://a.espncdn.com/i/teamlogos/ncaa/500/41.png,,IOWA,CONN,231f20,0c2340,2025-12-20,-26.0,0.0,No Upset,Top 25 Matchup,Blowout (20+),Blowout,20+,4.0,Top 5,Big 12,1,0.0,1.0,-26.0,-26.0,-26.0,-26.0,0.0,0.0,1.0,0.0,1.0,0.0,8,21,13,#8 – #21,None,,,,,,,,12.0,22.6,10.0,2.0,10-2,0.833,1.0,0.0,1-0,1.0,2.0,1.0,2-1,0.667,6.0,0.0,6-0,1.0,1.0,2.0,1-2,0.333,10.0,,Iowa vs UConn,10.0
2026,Iowa,Big Ten,12/22,7,14.0,14,11.0,-3.0,Falling,8,8,Steady,8,5,3,0.625,2026-02-10,2,401825229.0,2025-12-28T21:00Z,Penn State,Home,W,99.0,76.0,14.0,99.0,7.0,7.0,,,True,,https://a.espncdn.com/i/teamlogos/ncaa/500/2294.png,https://a.espncdn.com/i/teamlogos/ncaa/500/213.png,Big Ten,IOWA,PSU,231f20,061440,2025-12-28,23.0,1.0,No Upset,Ranked vs Unranked,Blowout (20+),Blowout,20+,4.0,Unranked,Big Ten,2,2.0,0.0,16.5,33.0,23.0,10.0,0.0,0.0,1.0,0.0,1.0,2.0,8,21,13,#8 – #21,None,,,,,,,,13.0,22.6,11.0,2.0,11-2,0.846,2.0,0.0,2-0,1.0,2.0,1.0,2-1,0.667,7.0,0.0,7-0,1.0,1.0,2.0,1-2,0.333,12.0,,Iowa vs Penn State,-12.0
2026,Iowa,Big Ten,12/22,7,14.0,14,11.0,-3.0,Falling,8,8,Steady,8,5,3,0.625,2026-02-10,2,401825242.0,2026-01-01T19:00Z,Nebraska,Home,W,86.0,76.0,14.0,20.0,7.0,7.0,,,True,,https://a.espncdn.com/i/teamlogos/ncaa/500/2294.png,https://a.espncdn.com/i/teamlogos/ncaa/500/158.png,Big Ten,IOWA,NEB,231f20,e31937,2026-01-01,10.0,1.0,No Upset,Top 25 Matchup,Close (6-10),Close,6-10,2.0,Top 25,Big Ten,2,2.0,0.0,16.5,33.0,23.0,10.0,0.0,0.0,1.0,0.0,1.0,2.0,8,21,13,#8 – #21,None,,,,,,,,14.0,21.7,12.0,2.0,12-2,0.857,3.0,0.0,3-0,1.0,2.0,1.0,2-1,0.667,8.0,0.0,8-0,1.0,2.0,2.0,2-2,0.5,6.0,,Iowa vs Nebraska,-6.0
2026,Iowa,Big Ten,1/5,8,14.0,14,14.0,0.0,Stable,9,9,Steady,8,5,3,0.625,2026-02-10,2,401825251.0,2026-01-06T01:30Z,Northwestern,Away,W,67.0,58.0,14.0,99.0,7.0,7.0,,,True,,https://a.espncdn.com/i/teamlogos/ncaa/500/2294.png,https://a.espncdn.com/i/teamlogos/ncaa/500/77.png,Big Ten,IOWA,NU,231f20,492f92,2026-01-06,9.0,1.0,No Upset,Ranked vs Unranked,Close (6-10),Close,6-10,2.0,Unranked,Big Ten,2,2.0,0.0,6.0,12.0,9.0,3.0,0.0,0.0,0.0,1.0,0.0,2.0,8,21,13,#8 – #21,None,,,,,,,,15.0,20.9,13.0,2.0,13-2,0.867,4.0,0.0,4-0,1.0,3.0,1.0,3-1,0.75,8.0,0.0,8-0,1.0,2.0,2.0,2-2,0.5,12.0,,Iowa vs Northwestern,-12.0
2026,Iowa,Big Ten,1/5,8,14.0,14,14.0,0.0,Stable,9,9,Steady,8,5,3,0.625,2026-02-10,2,401825262.0,2026-01-11T22:00Z,Indiana,Away,W,56.0,53.0,14.0,99.0,7.0,7.0,,,True,,https://a.espncdn.com/i/teamlogos/ncaa/500/2294.png,https://a.espncdn.com/i/teamlogos/ncaa/500/84.png,Big Ten,IOWA,IU,231f20,970310,2026-01-11,3.0,1.0,No Upset,Ranked vs Unranked,Nail-Biter (≤5),Nail-Biter,≤5,1.0,Unranked,Big Ten,2,2.0,0.0,6.0,12.0,9.0,3.0,0.0,0.0,0.0,1.0,0.0,2.0,8,21,13,#8 – #21,None,,,,,,,,16.0,19.8,14.0,2.0,14-2,0.875,5.0,0.0,5-0,1.0,4.0,1.0,4-1,0.8,8.0,0.0,8-0,1.0,2.0,2.0,2-2,0.5,12.0,,Indiana vs Iowa,-12.0
2026,Iowa,Big Ten,1/12,9,11.0,11,14.0,3.0,Rising,10,10,Steady,8,5,3,0.625,2026-02-10,2,401825277.0,2026-01-16T02:00Z,Oregon,Home,W,74.0,66.0,11.0,99.0,7.0,7.0,,,True,,https://a.espncdn.com/i/teamlogos/ncaa/500/2294.png,https://a.espncdn.com/i/teamlogos/ncaa/500/2483.png,Big Ten,IOWA,ORE,231f20,00934b,2026-01-16,8.0,1.0,No Upset,Ranked vs Unranked,Close (6-10),Close,6-10,2.0,Unranked,Big Ten,1,1.0,0.0,8.0,8.0,8.0,8.0,0.0,0.0,0.0,0.0,0.0,1.0,8,21,13,#8 – #21,None,,,,,,,,17.0,19.1,15.0,2.0,15-2,0.882,6.0,0.0,6-0,1.0,4.0,1.0,4-1,0.8,9.0,0.0,9-0,1.0,2.0,2.0,2-2,0.5,15.0,,Iowa vs Oregon,-15.0
2026,Iowa,Big Ten,1/19,10,10.0,10,11.0,1.0,Rising,11,11,Steady,8,5,3,0.625,2026-02-10,2,401825279.0,2026-01-19T01:00Z,Michigan State,Home,W,75.0,68.0,11.0,15.0,7.0,7.0,,,True,,https://a.espncdn.com/i/teamlogos/ncaa/500/2294.png,https://a.espncdn.com/i/teamlogos/ncaa/500/127.png,Big Ten,IOWA,MSU,231f20,173f35,2026-01-19,7.0,1.0,No Upset,Top 25 Matchup,Close (6-10),Close,6-10,2.0,Top 25,Big Ten,3,3.0,0.0,11.7,35.0,21.0,7.0,0.0,0.0,3.0,0.0,1.0,3.0,8,21,13,#8 – #21,None,,,,,,,,18.0,18.4,16.0,2.0,16-2,0.889,7.0,0.0,7-0,1.0,4.0,1.0,4-1,0.8,10.0,0.0,10-0,1.0,3.0,2.0,3-2,0.6,4.0,,Iowa vs Michigan State,-4.0
2026,Iowa,Big Ten,1/19,10,10.0,10,11.0,1.0,Rising,11,11,Steady,8,5,3,0.625,2026-02-10,2,401825290.0,2026-01-22T23:00Z,Maryland,Away,W,85.0,78.0,10.0,15.0,7.0,7.0,,,True,,https://a.espncdn.com/i/teamlogos/ncaa/500/2294.png,https://a.espncdn.com/i/teamlogos/ncaa/500/120.png,Big Ten,IOWA,MD,231f20,ce1126,2026-01-22,7.0,1.0,No Upset,Top 25 Matchup,Close (6-10),Close,6-10,2.0,Top 25,Big Ten,3,3.0,0.0,11.7,35.0,21.0,7.0,0.0,0.0,3.0,0.0,1.0,3.0,8,21,13,#8 – #21,None,,,,,,,,19.0,17.8,17.0,2.0,17-2,0.895,8.0,0.0,8-0,1.0,5.0,1.0,5-1,0.833,10.0,0.0,10-0,1.0,4.0,2.0,4-2,0.667,5.0,,Iowa vs Maryland,-5.0
2026,Iowa,Big Ten,1/19,10,10.0,10,11.0,1.0,Rising,11,11,Steady,8,5,3,0.625,2026-02-10,2,401825296.0,2026-01-25T19:00Z,Ohio State,Home,W,91.0,70.0,10.0,12.0,7.0,7.0,,,True,,https://a.espncdn.com/i/teamlogos/ncaa/500/2294.png,https://a.espncdn.com/i/teamlogos/ncaa/500/194.png,Big Ten,IOWA,OSU,231f20,ba0c2f,2026-01-25,21.0,1.0,No Upset,Top 25 Matchup,Blowout (20+),Blowout,20+,4.0,Top 25,Big Ten,3,3.0,0.0,11.7,35.0,21.0,7.0,0.0,0.0,3.0,0.0,1.0,3.0,8,21,13,#8 – #21,None,,,,,,,,20.0,18.0,18.0,2.0,18-2,0.9,9.0,0.0,9-0,1.0,5.0,1.0,5-1,0.833,11.0,0.0,11-0,1.0,5.0,2.0,5-2,0.714,2.0,,Iowa vs Ohio State,-2.0
2026,Iowa,Big Ten,1/26,11,8.0,8,10.0,2.0,Rising,12,12,Steady,8,5,3,0.625,2026-02-10,2,401825306.0,2026-01-30T02:00Z,USC,Away,L,69.0,81.0,8.0,99.0,7.0,7.0,,,True,,https://a.espncdn.com/i/teamlogos/ncaa/500/2294.png,https://a.espncdn.com/i/teamlogos/ncaa/500/30.png,Big Ten,IOWA,USC,231f20,9d2235,2026-01-30,-12.0,0.0,Upset Loss,Ranked vs Unranked,Comfortable (11-20),Comfortable,11-20,3.0,Unranked,Big Ten,2,0.0,2.0,-17.5,-35.0,-12.0,-23.0,1.0,0.0,1.0,0.0,1.0,2.0,8,21,13,#8 – #21,None,,,,,,,,21.0,16.5,18.0,3.0,18-3,0.857,9.0,1.0,9-1,0.9,5.0,2.0,5-2,0.714,11.0,0.0,11-0,1.0,5.0,2.0,5-2,0.714,18.0,#8 Iowa lost to Unranked USC,Iowa vs USC,-18.0
2026,Iowa,Big Ten,1/26,11,8.0,8,10.0,2.0,Rising,12,12,Steady,8,5,3,0.625,2026-02-10,2,401825312.0,2026-02-01T21:00Z,UCLA,Away,L,65.0,88.0,8.0,2.0,7.0,7.0,,,True,,https://a.espncdn.com/i/teamlogos/ncaa/500/2294.png,https://a.espncdn.com/i/teamlogos/ncaa/500/26.png,Big Ten,IOWA,UCLA,231f20,2774ae,2026-02-01,-23.0,0.0,No Upset,Top 25 Matchup,Blowout (20+),Blowout,20+,4.0,Top 5,Big Ten,2,0.0,2.0,-17.5,-35.0,-12.0,-23.0,1.0,0.0,1.0,0.0,1.0,2.0,8,21,13,#8 – #21,None,,,,,,,,22.0,14.7,18.0,4.0,18-4,0.818,9.0,2.0,9-2,0.818,5.0,3.0,5-3,0.625,11.0,0.0,11-0,1.0,5.0,3.0,5-3,0.625,6.0,,Iowa vs UCLA,6.0
2026,Iowa,Big Ten,2/2,12,10.0,10,8.0,-2.0,Falling,13,13,Steady,8,5,3,0.625,2026-02-10,2,401825324.0,2026-02-06T00:00Z,Minnesota,Home,L,85.0,91.0,10.0,99.0,7.0,7.0,,,True,,https://a.espncdn.com/i/teamlogos/ncaa/500/2294.png,https://a.espncdn.com/i/teamlogos/ncaa/500/135.png,Big Ten,IOWA,MINN,231f20,5e0a2f,2026-02-06,-6.0,0.0,Upset Loss,Ranked vs Unranked,Close (6-10),Close,6-10,2.0,Unranked,Big Ten,1,0.0,1.0,-6.0,-6.0,-6.0,-6.0,1.0,0.0,0.0,0.0,0.0,1.0,8,21,13,#8 – #21,None,,,,,,,,23.0,13.8,18.0,5.0,18-5,0.783,9.0,3.0,9-3,0.75,5.0,3.0,5-3,0.625,11.0,1.0,11-1,0.917,5.0,3.0,5-3,0.625,16.0,#10 Iowa lost to Unranked Minnesota,Iowa vs Minnesota,-16.0
2026,Iowa,Big Ten,2/9,13,15.0,15,10.0,-5.0,Falling,14,14,Steady,8,5,3,0.625,2026-02-10,2,,,,,,,,,,,,,,,,,,,,,,,,,,,,,,,,,,0,,,,,,,,,,,,,8,21,13,#8 – #21,None,,,,,,,,,,,,,,,,,,,,,,,,,,,,,,,,,
2026,Iowa State,Big 12,Pre,0,14.0,14,,,Unknown,1,1,Falling,3,2,1,0.667,2026-02-10,2,401819923.0,2025-11-03T17:00Z,St. Thomas-Minnesota,Home,W,85.0,36.0,14.0,99.0,8.0,47.0,,,False,,https://a.espncdn.com/i/teamlogos/ncaa/500/66.png,https://a.espncdn.com/i/teamlogos/ncaa/500/2900.png,,ISU,STMN,ae192d,000000,2025-11-03,49.0,1.0,No Upset,Ranked vs Unranked,Blowout (20+),Blowout,20+,4.0,Unranked,Other,3,3.0,0.0,47.0,141.0,65.0,27.0,0.0,0.0,0.0,0.0,3.0,0.0,10,19,9,#10 – #19,None,,,,,,,,1.0,49.0,1.0,0.0,1-0,1.0,0.0,0.0,0-0,,0.0,0.0,0-0,,1.0,0.0,1-0,1.0,0.0,0.0,0-0,,12.0,,Iowa State vs St. Thomas-Minnesota,-12.0
2026,Iowa State,Big 12,Pre,0,14.0,14,,,Unknown,1,1,Falling,3,2,1,0.667,2026-02-10,2,401819924.0,2025-11-06T00:30Z,Southern,Home,W,85.0,58.0,14.0,99.0,8.0,26.0,,,False,,https://a.espncdn.com/i/teamlogos/ncaa/500/66.png,https://a.espncdn.com/i/teamlogos/ncaa/500/2582.png,,ISU,SOU,ae192d,004B97,2025-11-06,27.0,1.0,No Upset,Ranked vs Unranked,Blowout (20+),Blowout,20+,4.0,Unranked,Other,3,3.0,0.0,47.0,141.0,65.0,27.0,0.0,0.0,0.0,0.0,3.0,0.0,10,19,9,#10 – #19,None,,,,,,,,2.0,38.0,2.0,0.0,2-0,1.0,0.0,0.0,0-0,,0.0,0.0,0-0,,2.0,0.0,2-0,1.0,0.0,0.0,0-0,,12.0,,Iowa State vs Southern,-12.0
2026,Iowa State,Big 12,Pre,0,14.0,14,,,Unknown,1,1,Falling,3,2,1,0.667,2026-02-10,2,401813798.0,2025-11-09T19:00Z,Sacred Heart,Home,W,99.0,34.0,14.0,99.0,8.0,13.0,,,False,,https://a.espncdn.com/i/teamlogos/ncaa/500/66.png,https://a.espncdn.com/i/teamlogos/ncaa/500/2529.png,,ISU,SHU,ae192d,a40012,2025-11-09,65.0,1.0,No Upset,Ranked vs Unranked,Blowout (20+),Blowout,20+,4.0,Unranked,Other,3,3.0,0.0,47.0,141.0,65.0,27.0,0.0,0.0,0.0,0.0,3.0,0.0,10,19,9,#10 – #19,None,,,,,,,,3.0,47.0,3.0,0.0,3-0,1.0,0.0,0.0,0-0,,0.0,0.0,0-0,,3.0,0.0,3-0,1.0,0.0,0.0,0-0,,12.0,,Iowa State vs Sacred Heart,-12.0
2026,Iowa State,Big 12,11/10,1,16.0,16,14.0,-2.0,Falling,2,2,Falling,3,2,1,0.667,2026-02-10,2,401819925.0,2025-11-13T00:30Z,Valparaiso,Home,W,97.0,50.0,16.0,99.0,8.0,18.0,,,False,,https://a.espncdn.com/i/teamlogos/ncaa/500/66.png,https://a.espncdn.com/i/teamlogos/ncaa/500/2674.png,,ISU,VAL,ae192d,794500,2025-11-13,47.0,1.0,No Upset,Ranked vs Unranked,Blowout (20+),Blowout,20+,4.0,Unranked,Other,2,2.0,0.0,46.5,93.0,47.0,46.0,0.0,0.0,0.0,0.0,2.0,0.0,10,19,9,#10 – #19,None,,,,,,,,4.0,47.0,4.0,0.0,4-0,1.0,0.0,0.0,0-0,,0.0,0.0,0-0,,4.0,0.0,4-0,1.0,0.0,0.0,0-0,,10.0,,Iowa State vs Valparaiso,-10.0
2026,Iowa State,Big 12,11/10,1,16.0,16,14.0,-2.0,Falling,2,2,Falling,3,2,1,0.667,2026-02-10,2,401819926.0,2025-11-16T19:00Z,Norfolk State,Home,W,98.0,52.0,16.0,99.0,8.0,16.0,,,False,,https://a.espncdn.com/i/teamlogos/ncaa/500/66.png,https://a.espncdn.com/i/teamlogos/ncaa/500/2450.png,,ISU,NORF,ae192d,0c8968,2025-11-16,46.0,1.0,No Upset,Ranked vs Unranked,Blowout (20+),Blowout,20+,4.0,Unranked,Other,2,2.0,0.0,46.5,93.0,47.0,46.0,0.0,0.0,0.0,0.0,2.0,0.0,10,19,9,#10 – #19,None,,,,,,,,5.0,46.8,5.0,0.0,5-0,1.0,0.0,0.0,0-0,,0.0,0.0,0-0,,5.0,0.0,5-0,1.0,0.0,0.0,0-0,,10.0,,Iowa State vs Norfolk State,-10.0
2026,Iowa State,Big 12,11/17,2,12.0,12,16.0,4.0,Rising,3,3,Falling,3,2,1,0.667,2026-02-10,2,401819927.0,2025-11-21T00:00Z,Drake,Away,W,87.0,60.0,12.0,99.0,8.0,18.0,,,False,,https://a.espncdn.com/i/teamlogos/ncaa/500/66.png,https://a.espncdn.com/i/teamlogos/ncaa/500/2181.png,,ISU,DRKE,ae192d,005596,2025-11-21,27.0,1.0,No Upset,Ranked vs Unranked,Blowout (20+),Blowout,20+,4.0,Unranked,Other,2,2.0,0.0,38.5,77.0,50.0,27.0,0.0,0.0,0.0,0.0,2.0,0.0,10,19,9,#10 – #19,None,,,,,,,,6.0,43.5,6.0,0.0,6-0,1.0,0.0,0.0,0-0,,1.0,0.0,1-0,1.0,5.0,0.0,5-0,1.0,0.0,0.0,0-0,,14.0,,Drake vs Iowa State,-14.0
2026,Iowa State,Big 12,11/17,2,12.0,12,16.0,4.0,Rising,3,3,Falling,3,2,1,0.667,2026-02-10,2,401819928.0,2025-11-23T19:00Z,Mercyhurst,Home,W,112.0,62.0,12.0,99.0,8.0,19.0,,,False,,https://a.espncdn.com/i/teamlogos/ncaa/500/66.png,https://a.espncdn.com/i/teamlogos/ncaa/500/2385.png,,ISU,MERC,ae192d,000000,2025-11-23,50.0,1.0,No Upset,Ranked vs Unranked,Blowout (20+),Blowout,20+,4.0,Unranked,Other,2,2.0,0.0,38.5,77.0,50.0,27.0,0.0,0.0,0.0,0.0,2.0,0.0,10,19,9,#10 – #19,None,,,,,,,,7.0,44.4,7.0,0.0,7-0,1.0,0.0,0.0,0-0,,1.0,0.0,1-0,1.0,6.0,0.0,6-0,1.0,0.0,0.0,0-0,,14.0,,Iowa State vs Mercyhurst,-14.0
2026,Iowa State,Big 12,11/24,3,10.0,10,12.0,2.0,Rising,4,4,Falling,3,2,1,0.667,2026-02-10,2,401819929.0,2025-11-28T16:00Z,Marquette,Neutral,W,84.0,73.0,10.0,99.0,8.0,4.0,,,False,Coconut Hoops - Blue Heron Division,https://a.espncdn.com/i/teamlogos/ncaa/500/66.png,https://a.espncdn.com/i/teamlogos/ncaa/500/269.png,,ISU,MARQ,ae192d,003366,2025-11-28,11.0,1.0,No Upset,Ranked vs Unranked,Comfortable (11-20),Comfortable,11-20,3.0,Unranked,Big 12,2,2.0,0.0,11.0,22.0,11.0,11.0,0.0,0.0,0.0,0.0,0.0,0.0,10,19,9,#10 – #19,None,,,,,,,,8.0,40.2,8.0,0.0,8-0,1.0,0.0,0.0,0-0,,1.0,0.0,1-0,1.0,6.0,0.0,6-0,1.0,0.0,0.0,0-0,,16.0,,Iowa State vs Marquette,-16.0
2026,Iowa State,Big 12,11/24,3,10.0,10,12.0,2.0,Rising,4,4,Falling,3,2,1,0.667,2026-02-10,2,401830922.0,2025-11-30T18:30Z,Indiana,Neutral,W,106.0,95.0,10.0,99.0,8.0,7.0,,,False,Coconut Hoops - Blue Heron Division - Championship,https://a.espncdn.com/i/teamlogos/ncaa/500/66.png,https://a.espncdn.com/i/teamlogos/ncaa/500/84.png,,ISU,IU,ae192d,970310,2025-11-30,11.0,1.0,No Upset,Ranked vs Unranked,Comfortable (11-20),Comfortable,11-20,3.0,Unranked,Big Ten,2,2.0,0.0,11.0,22.0,11.0,11.0,0.0,0.0,0.0,0.0,0.0,0.0,10,19,9,#10 – #19,None,,,,,,,,9.0,37.0,9.0,0.0,9-0,1.0,0.0,0.0,0-0,,1.0,0.0,1-0,1.0,6.0,0.0,6-0,1.0,0.0,0.0,0-0,,16.0,,Indiana vs Iowa State,-16.0
2026,Iowa State,Big 12,12/1,4,10.0,10,10.0,0.0,Stable,5,5,Falling,3,2,1,0.667,2026-02-10,2,401819930.0,2025-12-07T19:00Z,Northern Illinois,Home,W,105.0,52.0,10.0,99.0,8.0,14.0,,,False,,https://a.espncdn.com/i/teamlogos/ncaa/500/66.png,https://a.espncdn.com/i/teamlogos/ncaa/500/2459.png,,ISU,NIU,ae192d,c8102e,2025-12-07,53.0,1.0,No Upset,Ranked vs Unranked,Blowout (20+),Blowout,20+,4.0,Unranked,Other,1,1.0,0.0,53.0,53.0,53.0,53.0,0.0,0.0,0.0,0.0,1.0,0.0,10,19,9,#10 – #19,None,,,,,,,,10.0,38.6,10.0,0.0,10-0,1.0,0.0,0.0,0-0,,1.0,0.0,1-0,1.0,7.0,0.0,7-0,1.0,0.0,0.0,0-0,,16.0,,Iowa State vs Northern Illinois,-16.0
2026,Iowa State,Big 12,12/8,5,10.0,10,10.0,0.0,Stable,6,6,Falling,3,2,1,0.667,2026-02-10,2,401818634.0,2025-12-11T00:00Z,Iowa,Home,W,74.0,69.0,10.0,11.0,8.0,7.0,,,False,Jimmy V Women's Classic presented by Modelo,https://a.espncdn.com/i/teamlogos/ncaa/500/66.png,https://a.espncdn.com/i/teamlogos/ncaa/500/2294.png,,ISU,IOWA,ae192d,231f20,2025-12-11,5.0,1.0,No Upset,Top 25 Matchup,Nail-Biter (≤5),Nail-Biter,≤5,1.0,Top 25,Big Ten,2,2.0,0.0,16.5,33.0,28.0,5.0,0.0,0.0,1.0,1.0,1.0,0.0,10,19,9,#10 – #19,None,,,,,,,,11.0,35.5,11.0,0.0,11-0,1.0,0.0,0.0,0-0,,1.0,0.0,1-0,1.0,8.0,0.0,8-0,1.0,1.0,0.0,1-0,1.0,1.0,,Iowa vs Iowa State,-1.0
2026,Iowa State,Big 12,12/8,5,10.0,10,10.0,0.0,Stable,6,6,Falling,3,2,1,0.667,2026-02-10,2,401819931.0,2025-12-14T23:00Z,Northern Iowa,Home,W,81.0,53.0,10.0,99.0,8.0,18.0,,,False,,https://a.espncdn.com/i/teamlogos/ncaa/500/66.png,https://a.espncdn.com/i/teamlogos/ncaa/500/2460.png,,ISU,UNI,ae192d,473282,2025-12-14,28.0,1.0,No Upset,Ranked vs Unranked,Blowout (20+),Blowout,20+,4.0,Unranked,Other,2,2.0,0.0,16.5,33.0,28.0,5.0,0.0,0.0,1.0,1.0,1.0,0.0,10,19,9,#10 – #19,None,,,,,,,,12.0,34.9,12.0,0.0,12-0,1.0,0.0,0.0,0-0,,1.0,0.0,1-0,1.0,9.0,0.0,9-0,1.0,1.0,0.0,1-0,1.0,16.0,,Iowa State vs Northern Iowa,-16.0
2026,Iowa State,Big 12,12/15,6,10.0,10,10.0,0.0,Stable,7,7,Falling,3,2,1,0.667,2026-02-10,2,401827294.0,2025-12-21T18:00Z,Kansas,Home,W,79.0,76.0,10.0,99.0,8.0,8.0,,,True,,https://a.espncdn.com/i/teamlogos/ncaa/500/66.png,https://a.espncdn.com/i/teamlogos/ncaa/500/2305.png,Big 12,ISU,KU,ae192d,0051ba,2025-12-21,3.0,1.0,No Upset,Ranked vs Unranked,Nail-Biter (≤5),Nail-Biter,≤5,1.0,Unranked,Big East,1,1.0,0.0,3.0,3.0,3.0,3.0,0.0,0.0,0.0,1.0,0.0,1.0,10,19,9,#10 – #19,None,,,,,,,,13.0,32.5,13.0,0.0,13-0,1.0,1.0,0.0,1-0,1.0,1.0,0.0,1-0,1.0,10.0,0.0,10-0,1.0,1.0,0.0,1-0,1.0,16.0,,Iowa State vs Kansas,-16.0
2026,Iowa State,Big 12,12/22,7,10.0,10,10.0,0.0,Stable,8,8,Falling,3,2,1,0.667,2026-02-10,2,401827299.0,2025-12-31T19:00Z,Houston,Away,W,80.0,62.0,10.0,99.0,8.0,8.0,,,True,,https://a.espncdn.com/i/teamlogos/ncaa/500/66.png,https://a.espncdn.com/i/teamlogos/ncaa/500/248.png,Big 12,ISU,HOU,ae192d,c8102e,2025-12-31,18.0,1.0,No Upset,Ranked vs Unranked,Comfortable (11-20),Comfortable,11-20,3.0,Unranked,Big East,2,1.0,1.0,8.0,16.0,18.0,-2.0,0.0,0.0,1.0,1.0,0.0,2.0,10,19,9,#10 – #19,None,,,,,,,,14.0,31.4,14.0,0.0,14-0,1.0,2.0,0.0,2-0,1.0,2.0,0.0,2-0,1.0,10.0,0.0,10-0,1.0,1.0,0.0,1-0,1.0,16.0,,Houston vs Iowa State,-16.0
2026,Iowa State,Big 12,12/22,7,10.0,10,10.0,0.0,Stable,8,8,Falling,3,2,1,0.667,2026-02-10,2,401827311.0,2026-01-04T20:00Z,Baylor,Home,L,70.0,72.0,10.0,22.0,8.0,8.0,,,True,,https://a.espncdn.com/i/teamlogos/ncaa/500/66.png,https://a.espncdn.com/i/teamlogos/ncaa/500/239.png,Big 12,ISU,BAY,ae192d,154734,2026-01-04,-2.0,0.0,No Upset,Top 25 Matchup,Nail-Biter (≤5),Nail-Biter,≤5,1.0,Top 25,Big East,2,1.0,1.0,8.0,16.0,18.0,-2.0,0.0,0.0,1.0,1.0,0.0,2.0,10,19,9,#10 – #19,None,,,,,,,,15.0,29.2,14.0,1.0,14-1,0.933,2.0,1.0,2-1,0.667,2.0,0.0,2-0,1.0,10.0,1.0,10-1,0.909,1.0,1.0,1-1,0.5,12.0,,Baylor vs Iowa State,-12.0
2026,Iowa State,Big 12,1/5,8,11.0,11,10.0,-1.0,Falling,9,9,Falling,3,2,1,0.667,2026-02-10,2,401827315.0,2026-01-07T23:30Z,Cincinnati,Away,L,63.0,71.0,11.0,99.0,8.0,8.0,,,True,,https://a.espncdn.com/i/teamlogos/ncaa/500/66.png,https://a.espncdn.com/i/teamlogos/ncaa/500/2132.png,Big 12,ISU,CIN,ae192d,000000,2026-01-07,-8.0,0.0,Upset Loss,Ranked vs Unranked,Close (6-10),Close,6-10,2.0,Unranked,Big East,2,0.0,2.0,-10.5,-21.0,-8.0,-13.0,2.0,0.0,0.0,0.0,0.0,2.0,10,19,9,#10 – #19,None,,,,,,,,16.0,26.9,14.0,2.0,14-2,0.875,2.0,2.0,2-2,0.5,2.0,1.0,2-1,0.667,10.0,1.0,10-1,0.909,1.0,1.0,1-1,0.5,15.0,#11 Iowa State lost to Unranked Cincinnati,Cincinnati vs Iowa State,-15.0
2026,Iowa State,Big 12,1/5,8,11.0,11,10.0,-1.0,Falling,9,9,Falling,3,2,1,0.667,2026-02-10,2,401827326.0,2026-01-11T20:00Z,West Virginia,Home,L,70.0,83.0,11.0,99.0,8.0,8.0,,,True,,https://a.espncdn.com/i/teamlogos/ncaa/500/66.png,https://a.espncdn.com/i/teamlogos/ncaa/500/277.png,Big 12,ISU,WVU,ae192d,eaaa00,2026-01-11,-13.0,0.0,Upset Loss,Ranked vs Unranked,Comfortable (11-20),Comfortable,11-20,3.0,Unranked,Big East,2,0.0,2.0,-10.5,-21.0,-8.0,-13.0,2.0,0.0,0.0,0.0,0.0,2.0,10,19,9,#10 – #19,None,,,,,,,,17.0,24.5,14.0,3.0,14-3,0.824,2.0,3.0,2-3,0.4,2.0,1.0,2-1,0.667,10.0,2.0,10-2,0.833,1.0,1.0,1-1,0.5,15.0,#11 Iowa State lost to Unranked West Virginia,Iowa State vs West Virginia,-15.0
2026,Iowa State,Big 12,1/12,9,19.0,19,11.0,-8.0,Falling,10,10,Falling,3,2,1,0.667,2026-02-10,2,401827331.0,2026-01-15T02:00Z,Colorado,Away,L,62.0,68.0,19.0,99.0,8.0,8.0,,,True,,https://a.espncdn.com/i/teamlogos/ncaa/500/66.png,https://a.espncdn.com/i/teamlogos/ncaa/500/38.png,Big 12,ISU,COLO,ae192d,cfb87c,2026-01-15,-6.0,0.0,Upset Loss,Ranked vs Unranked,Close (6-10),Close,6-10,2.0,Unranked,Big East,2,0.0,2.0,-17.0,-34.0,-6.0,-28.0,2.0,0.0,0.0,0.0,1.0,2.0,10,19,9,#10 – #19,None,,,,,,,,18.0,22.8,14.0,4.0,14-4,0.778,2.0,4.0,2-4,0.333,2.0,2.0,2-2,0.5,10.0,2.0,10-2,0.833,1.0,1.0,1-1,0.5,7.0,#19 Iowa State lost to Unranked Colorado,Colorado vs Iowa State,-7.0
2026,Iowa State,Big 12,1/12,9,19.0,19,11.0,-8.0,Falling,10,10,Falling,3,2,1,0.667,2026-02-10,2,401827342.0,2026-01-18T18:00Z,Oklahoma State,Away,L,58.0,86.0,19.0,99.0,8.0,8.0,,,True,,https://a.espncdn.com/i/teamlogos/ncaa/500/66.png,https://a.espncdn.com/i/teamlogos/ncaa/500/197.png,Big 12,ISU,OKST,ae192d,fe5c00,2026-01-18,-28.0,0.0,Upset Loss,Ranked vs Unranked,Blowout (20+),Blowout,20+,4.0,Unranked,Big East,2,0.0,2.0,-17.0,-34.0,-6.0,-28.0,2.0,0.0,0.0,0.0,1.0,2.0,10,19,9,#10 – #19,None,,,,,,,,19.0,20.2,14.0,5.0,14-5,0.737,2.0,5.0,2-5,0.286,2.0,3.0,2-3,0.4,10.0,2.0,10-2,0.833,1.0,1.0,1-1,0.5,7.0,#19 Iowa State lost to Unranked Oklahoma State,Iowa State vs Oklahoma State,-7.0
2026,Iowa State,Big 12,1/19,10,,26,19.0,-7.0,Dropped,10,0,Falling,3,2,1,0.667,2026-02-10,2,401827346.0,2026-01-22T00:30Z,Cincinnati,Home,W,93.0,68.0,99.0,99.0,8.0,8.0,,,True,,https://a.espncdn.com/i/teamlogos/ncaa/500/66.png,https://a.espncdn.com/i/teamlogos/ncaa/500/2132.png,Big 12,ISU,CIN,ae192d,000000,2026-01-22,25.0,1.0,No Upset,Unranked Matchup,Blowout (20+),Blowout,20+,4.0,Unranked,Big East,2,2.0,0.0,25.0,50.0,25.0,25.0,0.0,0.0,0.0,0.0,2.0,2.0,10,19,9,#10 – #19,Exited,Oklahoma State,L,58.0,86.0,2026-01-18,-28.0,Away,20.0,20.4,15.0,5.0,15-5,0.75,3.0,5.0,3-5,0.375,2.0,3.0,2-3,0.4,11.0,2.0,11-2,0.846,1.0,1.0,1-1,0.5,0.0,,Cincinnati vs Iowa State,0.0
2026,Iowa State,Big 12,1/19,10,,26,19.0,-7.0,Dropped,10,0,Falling,3,2,1,0.667,2026-02-10,2,401827352.0,2026-01-24T21:00Z,Arizona,Home,W,90.0,65.0,99.0,99.0,8.0,8.0,,,True,,https://a.espncdn.com/i/teamlogos/ncaa/500/66.png,https://a.espncdn.com/i/teamlogos/ncaa/500/12.png,Big 12,ISU,ARIZ,ae192d,cc0033,2026-01-24,25.0,1.0,No Upset,Unranked Matchup,Blowout (20+),Blowout,20+,4.0,Unranked,Big East,2,2.0,0.0,25.0,50.0,25.0,25.0,0.0,0.0,0.0,0.0,2.0,2.0,10,19,9,#10 – #19,Exited,Oklahoma State,L,58.0,86.0,2026-01-18,-28.0,Away,21.0,20.6,16.0,5.0,16-5,0.762,4.0,5.0,4-5,0.444,2.0,3.0,2-3,0.4,12.0,2.0,12-2,0.857,1.0,1.0,1-1,0.5,0.0,,Arizona vs Iowa State,0.0
2026,Iowa State,Big 12,1/26,11,,26,26.0,0.0,Unranked,10,0,Falling,3,2,1,0.667,2026-02-10,2,401827360.0,2026-01-29T00:00Z,Texas Tech,Away,W,84.0,70.0,99.0,21.0,8.0,8.0,,,True,,https://a.espncdn.com/i/teamlogos/ncaa/500/66.png,https://a.espncdn.com/i/teamlogos/ncaa/500/2641.png,Big 12,ISU,TTU,ae192d,da291c,2026-01-29,14.0,1.0,Upset Win,Ranked vs Unranked,Comfortable (11-20),Comfortable,11-20,3.0,Top 25,Big East,2,2.0,0.0,13.5,27.0,14.0,13.0,0.0,1.0,0.0,0.0,0.0,2.0,10,19,9,#10 – #19,None,,,,,,,,22.0,20.3,17.0,5.0,17-5,0.773,5.0,5.0,5-5,0.5,3.0,3.0,3-3,0.5,12.0,2.0,12-2,0.857,2.0,1.0,2-1,0.667,5.0,Unranked Iowa State beat #21 Texas Tech,Iowa State vs Texas Tech,5.0
2026,Iowa State,Big 12,1/26,11,,26,26.0,0.0,Unranked,10,0,Falling,3,2,1,0.667,2026-02-10,2,401827364.0,2026-01-31T20:00Z,UCF,Home,W,65.0,52.0,99.0,99.0,8.0,8.0,,,True,,https://a.espncdn.com/i/teamlogos/ncaa/500/66.png,https://a.espncdn.com/i/teamlogos/ncaa/500/2116.png,Big 12,ISU,UCF,ae192d,000000,2026-01-31,13.0,1.0,No Upset,Unranked Matchup,Comfortable (11-20),Comfortable,11-20,3.0,Unranked,Big East,2,2.0,0.0,13.5,27.0,14.0,13.0,0.0,1.0,0.0,0.0,0.0,2.0,10,19,9,#10 – #19,None,,,,,,,,23.0,20.0,18.0,5.0,18-5,0.783,6.0,5.0,6-5,0.545,3.0,3.0,3-3,0.5,13.0,2.0,13-2,0.867,2.0,1.0,2-1,0.667,0.0,,Iowa State vs UCF,0.0
2026,Iowa State,Big 12,2/2,12,,26,26.0,0.0,Unranked,10,0,Falling,3,2,1,0.667,2026-02-10,2,401827383.0,2026-02-08T00:00Z,Utah,Away,W,79.0,72.0,99.0,99.0,8.0,8.0,,,True,,https://a.espncdn.com/i/teamlogos/ncaa/500/66.png,https://a.espncdn.com/i/teamlogos/ncaa/500/254.png,Big 12,ISU,UTAH,ae192d,be0000,2026-02-08,7.0,1.0,No Upset,Unranked Matchup,Close (6-10),Close,6-10,2.0,Unranked,Big East,1,1.0,0.0,7.0,7.0,7.0,7.0,0.0,0.0,0.0,0.0,0.0,1.0,10,19,9,#10 – #19,None,,,,,,,,24.0,19.5,19.0,5.0,19-5,0.792,7.0,5.0,7-5,0.583,4.0,3.0,4-3,0.571,13.0,2.0,13-2,0.867,2.0,1.0,2-1,0.667,0.0,,Iowa State vs Utah,0.0
2026,Iowa State,Big 12,2/9,13,,26,26.0,0.0,Unranked,10,0,Falling,3,2,1,0.667,2026-02-10,2,,,,,,,,,,,,,,,,,,,,,,,,,,,,,,,,,,0,,,,,,,,,,,,,10,19,9,#10 – #19,None,,,,,,,,,,,,,,,,,,,,,,,,,,,,,,,,,
2026,Kentucky,SEC,Pre,0,24.0,24,,,Unknown,1,1,Steady,7,3,4,0.429,2026-02-10,2,401818576.0,2025-11-03T23:30Z,Morehead State,Home,W,75.0,59.0,24.0,99.0,23.0,20.0,,,False,,https://a.espncdn.com/i/teamlogos/ncaa/500/96.png,https://a.espncdn.com/i/teamlogos/ncaa/500/2413.png,,UK,MORE,0033a0,094FA3,2025-11-03,16.0,1.0,No Upset,Ranked vs Unranked,Comfortable (11-20),Comfortable,11-20,3.0,Unranked,Ivy League,3,3.0,0.0,36.0,108.0,58.0,16.0,0.0,0.0,0.0,0.0,2.0,0.0,6,24,18,#6 – #24,None,,,,,,,,1.0,16.0,1.0,0.0,1-0,1.0,0.0,0.0,0-0,,0.0,0.0,0-0,,1.0,0.0,1-0,1.0,0.0,0.0,0-0,,2.0,,Kentucky vs Morehead State,-2.0
2026,Kentucky,SEC,Pre,0,24.0,24,,,Unknown,1,1,Steady,7,3,4,0.429,2026-02-10,2,401818577.0,2025-11-06T23:30Z,Monmouth,Home,W,104.0,46.0,24.0,99.0,23.0,10.0,,,False,,https://a.espncdn.com/i/teamlogos/ncaa/500/96.png,https://a.espncdn.com/i/teamlogos/ncaa/500/2405.png,,UK,MONM,0033a0,051844,2025-11-06,58.0,1.0,No Upset,Ranked vs Unranked,Blowout (20+),Blowout,20+,4.0,Unranked,Other,3,3.0,0.0,36.0,108.0,58.0,16.0,0.0,0.0,0.0,0.0,2.0,0.0,6,24,18,#6 – #24,None,,,,,,,,2.0,37.0,2.0,0.0,2-0,1.0,0.0,0.0,0-0,,0.0,0.0,0-0,,2.0,0.0,2-0,1.0,0.0,0.0,0-0,,2.0,,Kentucky vs Monmouth,-2.0
2026,Kentucky,SEC,Pre,0,24.0,24,,,Unknown,1,1,Steady,7,3,4,0.429,2026-02-10,2,401818578.0,2025-11-09T19:00Z,Buffalo,Away,W,81.0,47.0,24.0,99.0,23.0,14.0,,,False,,https://a.espncdn.com/i/teamlogos/ncaa/500/96.png,https://a.espncdn.com/i/teamlogos/ncaa/500/2084.png,,UK,BUF,0033a0,005bbb,2025-11-09,34.0,1.0,No Upset,Ranked vs Unranked,Blowout (20+),Blowout,20+,4.0,Unranked,Other,3,3.0,0.0,36.0,108.0,58.0,16.0,0.0,0.0,0.0,0.0,2.0,0.0,6,24,18,#6 – #24,None,,,,,,,,3.0,36.0,3.0,0.0,3-0,1.0,0.0,0.0,0-0,,1.0,0.0,1-0,1.0,2.0,0.0,2-0,1.0,0.0,0.0,0-0,,2.0,,Buffalo vs Kentucky,-2.0
2026,Kentucky,SEC,11/10,1,23.0,23,24.0,1.0,Rising,2,2,Steady,7,3,4,0.429,2026-02-10,2,401818579.0,2025-11-12T23:30Z,South Carolina Upstate,Home,W,90.0,30.0,23.0,99.0,23.0,6.0,,,False,,https://a.espncdn.com/i/teamlogos/ncaa/500/96.png,https://a.espncdn.com/i/teamlogos/ncaa/500/2908.png,,UK,UPST,0033a0,008545,2025-11-12,60.0,1.0,No Upset,Ranked vs Unranked,Blowout (20+),Blowout,20+,4.0,Unranked,Other,2,2.0,0.0,46.0,92.0,60.0,32.0,0.0,0.0,0.0,0.0,2.0,0.0,6,24,18,#6 – #24,None,,,,,,,,4.0,42.0,4.0,0.0,4-0,1.0,0.0,0.0,0-0,,1.0,0.0,1-0,1.0,3.0,0.0,3-0,1.0,0.0,0.0,0-0,,3.0,,Kentucky vs South Carolina Upstate,-3.0
2026,Kentucky,SEC,11/10,1,23.0,23,24.0,1.0,Rising,2,2,Steady,7,3,4,0.429,2026-02-10,2,401818580.0,2025-11-15T18:00Z,Marshall,Away,W,76.0,44.0,23.0,99.0,23.0,27.0,,,False,,https://a.espncdn.com/i/teamlogos/ncaa/500/96.png,https://a.espncdn.com/i/teamlogos/ncaa/500/276.png,,UK,MRSH,0033a0,00b140,2025-11-15,32.0,1.0,No Upset,Ranked vs Unranked,Blowout (20+),Blowout,20+,4.0,Unranked,Other,2,2.0,0.0,46.0,92.0,60.0,32.0,0.0,0.0,0.0,0.0,2.0,0.0,6,24,18,#6 – #24,None,,,,,,,,5.0,40.0,5.0,0.0,5-0,1.0,0.0,0.0,0-0,,2.0,0.0,2-0,1.0,3.0,0.0,3-0,1.0,0.0,0.0,0-0,,3.0,,Kentucky vs Marshall,-3.0
2026,Kentucky,SEC,11/17,2,20.0,20,23.0,3.0,Rising,3,3,Steady,7,3,4,0.429,2026-02-10,2,401818581.0,2025-11-19T00:00Z,Purdue,Home,W,76.0,35.0,20.0,99.0,23.0,7.0,,,False,,https://a.espncdn.com/i/teamlogos/ncaa/500/96.png,https://a.espncdn.com/i/teamlogos/ncaa/500/2509.png,,UK,PUR,0033a0,ceb888,2025-11-19,41.0,1.0,No Upset,Ranked vs Unranked,Blowout (20+),Blowout,20+,4.0,Unranked,Big Ten,2,2.0,0.0,25.5,51.0,41.0,10.0,0.0,0.0,1.0,0.0,1.0,0.0,6,24,18,#6 – #24,None,,,,,,,,6.0,40.2,6.0,0.0,6-0,1.0,0.0,0.0,0-0,,2.0,0.0,2-0,1.0,4.0,0.0,4-0,1.0,0.0,0.0,0-0,,6.0,,Kentucky vs Purdue,-6.0
2026,Kentucky,SEC,11/17,2,20.0,20,23.0,3.0,Rising,3,3,Steady,7,3,4,0.429,2026-02-10,2,401811890.0,2025-11-22T19:00Z,Louisville,Away,W,72.0,62.0,20.0,21.0,23.0,2.0,,,False,,https://a.espncdn.com/i/teamlogos/ncaa/500/96.png,https://a.espncdn.com/i/teamlogos/ncaa/500/97.png,,UK,LOU,0033a0,c9001f,2025-11-22,10.0,1.0,No Upset,Top 25 Matchup,Close (6-10),Close,6-10,2.0,Top 25,ACC,2,2.0,0.0,25.5,51.0,41.0,10.0,0.0,0.0,1.0,0.0,1.0,0.0,6,24,18,#6 – #24,None,,,,,,,,7.0,35.9,7.0,0.0,7-0,1.0,0.0,0.0,0-0,,3.0,0.0,3-0,1.0,4.0,0.0,4-0,1.0,1.0,0.0,1-0,1.0,1.0,,Kentucky vs Louisville,-1.0
2026,Kentucky,SEC,11/24,3,16.0,16,20.0,4.0,Rising,4,4,Steady,7,3,4,0.429,2026-02-10,2,401818582.0,2025-11-26T22:30Z,Maryland,Neutral,L,66.0,74.0,16.0,7.0,23.0,7.0,,,False,Puerto Rico Shootout,https://a.espncdn.com/i/teamlogos/ncaa/500/96.png,https://a.espncdn.com/i/teamlogos/ncaa/500/120.png,,UK,MD,0033a0,ce1126,2025-11-26,-8.0,0.0,No Upset,Top 25 Matchup,Close (6-10),Close,6-10,2.0,Top 10,Big Ten,2,1.0,1.0,27.0,54.0,62.0,-8.0,0.0,0.0,1.0,0.0,1.0,0.0,6,24,18,#6 – #24,None,,,,,,,,8.0,30.4,7.0,1.0,7-1,0.875,0.0,0.0,0-0,,3.0,0.0,3-0,1.0,4.0,0.0,4-0,1.0,1.0,1.0,1-1,0.5,9.0,,Kentucky vs Maryland,9.0
2026,Kentucky,SEC,11/24,3,16.0,16,20.0,4.0,Rising,4,4,Steady,7,3,4,0.429,2026-02-10,2,401818583.0,2025-11-28T22:30Z,Morgan State,Neutral,W,101.0,39.0,16.0,99.0,23.0,16.0,,,False,Puerto Rico Shootout,https://a.espncdn.com/i/teamlogos/ncaa/500/96.png,https://a.espncdn.com/i/teamlogos/ncaa/500/2415.png,,UK,MORG,0033a0,014786,2025-11-28,62.0,1.0,No Upset,Ranked vs Unranked,Blowout (20+),Blowout,20+,4.0,Unranked,Other,2,1.0,1.0,27.0,54.0,62.0,-8.0,0.0,0.0,1.0,0.0,1.0,0.0,6,24,18,#6 – #24,None,,,,,,,,9.0,33.9,8.0,1.0,8-1,0.889,0.0,0.0,0-0,,3.0,0.0,3-0,1.0,4.0,0.0,4-0,1.0,1.0,1.0,1-1,0.5,10.0,,Kentucky vs Morgan State,-10.0
2026,Kentucky,SEC,12/1,4,17.0,17,16.0,-1.0,Falling,5,5,Steady,7,3,4,0.429,2026-02-10,2,401806380.0,2025-12-03T22:00Z,Miami (FL),Away,W,64.0,48.0,17.0,99.0,23.0,2.0,,,False,ACC/SEC Women's Challenge,https://a.espncdn.com/i/teamlogos/ncaa/500/96.png,https://a.espncdn.com/i/teamlogos/ncaa/500/2390.png,,UK,MIA,0033a0,f47423,2025-12-03,16.0,1.0,No Upset,Ranked vs Unranked,Comfortable (11-20),Comfortable,11-20,3.0,Unranked,ACC,2,2.0,0.0,21.5,43.0,27.0,16.0,0.0,0.0,0.0,0.0,1.0,0.0,6,24,18,#6 – #24,None,,,,,,,,10.0,32.1,9.0,1.0,9-1,0.9,0.0,0.0,0-0,,4.0,0.0,4-0,1.0,4.0,0.0,4-0,1.0,1.0,1.0,1-1,0.5,9.0,,Kentucky vs Miami (FL),-9.0
2026,Kentucky,SEC,12/1,4,17.0,17,16.0,-1.0,Falling,5,5,Steady,7,3,4,0.429,2026-02-10,2,401818584.0,2025-12-07T17:00Z,Central Michigan,Home,W,82.0,55.0,17.0,99.0,23.0,14.0,,,False,,https://a.espncdn.com/i/teamlogos/ncaa/500/96.png,https://a.espncdn.com/i/teamlogos/ncaa/500/2117.png,,UK,CMU,0033a0,4c0027,2025-12-07,27.0,1.0,No Upset,Ranked vs Unranked,Blowout (20+),Blowout,20+,4.0,Unranked,Other,2,2.0,0.0,21.5,43.0,27.0,16.0,0.0,0.0,0.0,0.0,1.0,0.0,6,24,18,#6 – #24,None,,,,,,,,11.0,31.6,10.0,1.0,10-1,0.909,0.0,0.0,0-0,,4.0,0.0,4-0,1.0,5.0,0.0,5-0,1.0,1.0,1.0,1-1,0.5,9.0,,Central Michigan vs Kentucky,-9.0
2026,Kentucky,SEC,12/8,5,15.0,15,17.0,2.0,Rising,6,6,Steady,7,3,4,0.429,2026-02-10,2,401818585.0,2025-12-14T20:00Z,Belmont,Away,W,77.0,69.0,15.0,99.0,23.0,18.0,,,False,,https://a.espncdn.com/i/teamlogos/ncaa/500/96.png,https://a.espncdn.com/i/teamlogos/ncaa/500/2057.png,,UK,BEL,0033a0,182142,2025-12-14,8.0,1.0,No Upset,Ranked vs Unranked,Close (6-10),Close,6-10,2.0,Unranked,Other,1,1.0,0.0,8.0,8.0,8.0,8.0,0.0,0.0,0.0,0.0,0.0,0.0,6,24,18,#6 – #24,None,,,,,,,,12.0,29.7,11.0,1.0,11-1,0.917,0.0,0.0,0-0,,5.0,0.0,5-0,1.0,5.0,0.0,5-0,1.0,1.0,1.0,1-1,0.5,11.0,,Belmont vs Kentucky,-11.0
2026,Kentucky,SEC,12/15,6,12.0,12,15.0,3.0,Rising,7,7,Steady,7,3,4,0.429,2026-02-10,2,401818586.0,2025-12-19T23:30Z,Wright State,Home,W,96.0,53.0,12.0,99.0,23.0,45.0,,,False,,https://a.espncdn.com/i/teamlogos/ncaa/500/96.png,https://a.espncdn.com/i/teamlogos/ncaa/500/2750.png,,UK,WRST,0033a0,cba052,2025-12-19,43.0,1.0,No Upset,Ranked vs Unranked,Blowout (20+),Blowout,20+,4.0,Unranked,Other,1,1.0,0.0,43.0,43.0,43.0,43.0,0.0,0.0,0.0,0.0,1.0,0.0,6,24,18,#6 – #24,None,,,,,,,,13.0,30.7,12.0,1.0,12-1,0.923,0.0,0.0,0-0,,5.0,0.0,5-0,1.0,6.0,0.0,6-0,1.0,1.0,1.0,1-1,0.5,14.0,,Kentucky vs Wright State,-14.0
2026,Kentucky,SEC,12/22,7,11.0,11,12.0,1.0,Rising,8,8,Steady,7,3,4,0.429,2026-02-10,2,401818587.0,2025-12-28T19:00Z,Hofstra,Home,W,80.0,42.0,11.0,99.0,23.0,10.0,,,False,,https://a.espncdn.com/i/teamlogos/ncaa/500/96.png,https://a.espncdn.com/i/teamlogos/ncaa/500/2275.png,,UK,HOF,0033a0,003594,2025-12-28,38.0,1.0,No Upset,Ranked vs Unranked,Blowout (20+),Blowout,20+,4.0,Unranked,Other,3,3.0,0.0,20.7,62.0,38.0,2.0,0.0,0.0,1.0,1.0,2.0,2.0,6,24,18,#6 – #24,None,,,,,,,,14.0,31.2,13.0,1.0,13-1,0.929,0.0,0.0,0-0,,5.0,0.0,5-0,1.0,7.0,0.0,7-0,1.0,1.0,1.0,1-1,0.5,15.0,,Hofstra vs Kentucky,-15.0
2026,Kentucky,SEC,12/22,7,11.0,11,12.0,1.0,Rising,8,8,Steady,7,3,4,0.429,2026-02-10,2,401807535.0,2026-01-02T01:00Z,LSU,Away,W,80.0,78.0,11.0,5.0,23.0,23.0,,,True,,https://a.espncdn.com/i/teamlogos/ncaa/500/96.png,https://a.espncdn.com/i/teamlogos/ncaa/500/99.png,SEC,UK,LSU,0033a0,461d76,2026-01-02,2.0,1.0,No Upset,Top 25 Matchup,Nail-Biter (≤5),Nail-Biter,≤5,1.0,Top 5,SEC,3,3.0,0.0,20.7,62.0,38.0,2.0,0.0,0.0,1.0,1.0,2.0,2.0,6,24,18,#6 – #24,None,,,,,,,,15.0,29.3,14.0,1.0,14-1,0.933,1.0,0.0,1-0,1.0,6.0,0.0,6-0,1.0,7.0,0.0,7-0,1.0,2.0,1.0,2-1,0.667,6.0,,Kentucky vs LSU,6.0
2026,Kentucky,SEC,12/22,7,11.0,11,12.0,1.0,Rising,8,8,Steady,7,3,4,0.429,2026-02-10,2,401807540.0,2026-01-04T17:00Z,Missouri,Home,W,74.0,52.0,11.0,99.0,23.0,23.0,,,True,,https://a.espncdn.com/i/teamlogos/ncaa/500/96.png,https://a.espncdn.com/i/teamlogos/ncaa/500/142.png,SEC,UK,MIZ,0033a0,f1b82d,2026-01-04,22.0,1.0,No Upset,Ranked vs Unranked,Blowout (20+),Blowout,20+,4.0,Unranked,SEC,3,3.0,0.0,20.7,62.0,38.0,2.0,0.0,0.0,1.0,1.0,2.0,2.0,6,24,18,#6 – #24,None,,,,,,,,16.0,28.8,15.0,1.0,15-1,0.938,2.0,0.0,2-0,1.0,6.0,0.0,6-0,1.0,8.0,0.0,8-0,1.0,2.0,1.0,2-1,0.667,15.0,,Kentucky vs Missouri,-15.0
2026,Kentucky,SEC,1/5,8,6.0,6,11.0,5.0,Rising,9,9,Steady,7,3,4,0.429,2026-02-10,2,401807550.0,2026-01-09T00:00Z,Alabama,Away,L,51.0,64.0,6.0,99.0,23.0,23.0,,,True,,https://a.espncdn.com/i/teamlogos/ncaa/500/96.png,https://a.espncdn.com/i/teamlogos/ncaa/500/333.png,SEC,UK,ALA,0033a0,9e1b32,2026-01-09,-13.0,0.0,Upset Loss,Ranked vs Unranked,Comfortable (11-20),Comfortable,11-20,3.0,Unranked,SEC,2,1.0,1.0,-3.5,-7.0,6.0,-13.0,1.0,0.0,1.0,0.0,0.0,2.0,6,24,18,#6 – #24,None,,,,,,,,17.0,26.4,15.0,2.0,15-2,0.882,2.0,1.0,2-1,0.667,6.0,1.0,6-1,0.857,8.0,0.0,8-0,1.0,2.0,1.0,2-1,0.667,20.0,#6 Kentucky lost to Unranked Alabama,Alabama vs Kentucky,-20.0
2026,Kentucky,SEC,1/5,8,6.0,6,11.0,5.0,Rising,9,9,Steady,7,3,4,0.429,2026-02-10,2,401807557.0,2026-01-11T21:00Z,Oklahoma,Home,W,63.0,57.0,6.0,5.0,23.0,23.0,,,True,We Back Pat,https://a.espncdn.com/i/teamlogos/ncaa/500/96.png,https://a.espncdn.com/i/teamlogos/ncaa/500/201.png,SEC,UK,OU,0033a0,990000,2026-01-11,6.0,1.0,No Upset,Top 25 Matchup,Close (6-10),Close,6-10,2.0,Top 5,SEC,2,1.0,1.0,-3.5,-7.0,6.0,-13.0,1.0,0.0,1.0,0.0,0.0,2.0,6,24,18,#6 – #24,None,,,,,,,,18.0,25.2,16.0,2.0,16-2,0.889,3.0,1.0,3-1,0.75,6.0,1.0,6-1,0.857,9.0,0.0,9-0,1.0,3.0,1.0,3-1,0.75,1.0,,Kentucky vs Oklahoma,1.0
2026,Kentucky,SEC,1/12,9,7.0,7,6.0,-1.0,Falling,10,10,Steady,7,3,4,0.429,2026-02-10,2,401807564.0,2026-01-16T00:00Z,Florida,Home,W,94.0,89.0,7.0,99.0,23.0,23.0,,,True,,https://a.espncdn.com/i/teamlogos/ncaa/500/96.png,https://a.espncdn.com/i/teamlogos/ncaa/500/57.png,SEC,UK,FLA,0033a0,0021a5,2026-01-16,5.0,1.0,No Upset,Ranked vs Unranked,Nail-Biter (≤5),Nail-Biter,≤5,1.0,Unranked,SEC,2,1.0,1.0,-3.5,-7.0,5.0,-12.0,1.0,0.0,0.0,1.0,0.0,2.0,6,24,18,#6 – #24,None,,,,,,,,19.0,24.2,17.0,2.0,17-2,0.895,4.0,1.0,4-1,0.8,6.0,1.0,6-1,0.857,10.0,0.0,10-0,1.0,3.0,1.0,3-1,0.75,19.0,,Florida vs Kentucky,-19.0
2026,Kentucky,SEC,1/12,9,7.0,7,6.0,-1.0,Falling,10,10,Steady,7,3,4,0.429,2026-02-10,2,401807570.0,2026-01-18T20:00Z,Mississippi State,Away,L,59.0,71.0,7.0,99.0,23.0,23.0,,,True,,https://a.espncdn.com/i/teamlogos/ncaa/500/96.png,https://a.espncdn.com/i/teamlogos/ncaa/500/344.png,SEC,UK,MSST,0033a0,5d1725,2026-01-18,-12.0,0.0,Upset Loss,Ranked vs Unranked,Comfortable (11-20),Comfortable,11-20,3.0,Unranked,SEC,2,1.0,1.0,-3.5,-7.0,5.0,-12.0,1.0,0.0,0.0,1.0,0.0,2.0,6,24,18,#6 – #24,None,,,,,,,,20.0,22.4,17.0,3.0,17-3,0.85,4.0,2.0,4-2,0.667,6.0,2.0,6-2,0.75,10.0,0.0,10-0,1.0,3.0,1.0,3-1,0.75,19.0,#7 Kentucky lost to Unranked Mississippi State,Kentucky vs Mississippi State,-19.0
2026,Kentucky,SEC,1/19,10,11.0,11,7.0,-4.0,Falling,11,11,Steady,7,3,4,0.429,2026-02-10,2,401807576.0,2026-01-22T23:30Z,Tennessee,Away,L,58.0,60.0,11.0,17.0,23.0,23.0,,,True,,https://a.espncdn.com/i/teamlogos/ncaa/500/96.png,https://a.espncdn.com/i/teamlogos/ncaa/500/2633_ncw.png,SEC,UK,TENN,0033a0,ff8200,2026-01-22,-2.0,0.0,No Upset,Top 25 Matchup,Nail-Biter (≤5),Nail-Biter,≤5,1.0,Top 25,SEC,2,0.0,2.0,-3.5,-7.0,-2.0,-5.0,1.0,0.0,1.0,2.0,0.0,2.0,6,24,18,#6 – #24,None,,,,,,,,21.0,21.2,17.0,4.0,17-4,0.81,4.0,3.0,4-3,0.571,6.0,3.0,6-3,0.667,10.0,0.0,10-0,1.0,3.0,2.0,3-2,0.6,6.0,,Kentucky vs Tennessee,-6.0
2026,Kentucky,SEC,1/19,10,11.0,11,7.0,-4.0,Falling,11,11,Steady,7,3,4,0.429,2026-02-10,2,401807579.0,2026-01-24T18:00Z,Georgia,Home,L,67.0,72.0,11.0,99.0,23.0,23.0,,,True,,https://a.espncdn.com/i/teamlogos/ncaa/500/96.png,https://a.espncdn.com/i/teamlogos/ncaa/500/61.png,SEC,UK,UGA,0033a0,ba0c2f,2026-01-24,-5.0,0.0,Upset Loss,Ranked vs Unranked,Nail-Biter (≤5),Nail-Biter,≤5,1.0,Unranked,SEC,2,0.0,2.0,-3.5,-7.0,-2.0,-5.0,1.0,0.0,1.0,2.0,0.0,2.0,6,24,18,#6 – #24,None,,,,,,,,22.0,20.0,17.0,5.0,17-5,0.773,4.0,4.0,4-4,0.5,6.0,3.0,6-3,0.667,10.0,1.0,10-1,0.909,3.0,2.0,3-2,0.6,15.0,#11 Kentucky lost to Unranked Georgia,Georgia vs Kentucky,-15.0
2026,Kentucky,SEC,1/26,11,18.0,18,11.0,-7.0,Falling,12,12,Steady,7,3,4,0.429,2026-02-10,2,401807598.0,2026-02-01T19:00Z,Arkansas,Away,W,93.0,73.0,18.0,99.0,23.0,23.0,,,True,Play4Kay,https://a.espncdn.com/i/teamlogos/ncaa/500/96.png,https://a.espncdn.com/i/teamlogos/ncaa/500/8.png,SEC,UK,ARK,0033a0,a32136,2026-02-01,20.0,1.0,No Upset,Ranked vs Unranked,Comfortable (11-20),Comfortable,11-20,3.0,Unranked,SEC,1,1.0,0.0,20.0,20.0,20.0,20.0,0.0,0.0,0.0,0.0,0.0,1.0,6,24,18,#6 – #24,None,,,,,,,,23.0,20.0,18.0,5.0,18-5,0.783,5.0,4.0,5-4,0.556,7.0,3.0,7-3,0.7,10.0,1.0,10-1,0.909,3.0,2.0,3-2,0.6,8.0,,Arkansas vs Kentucky,-8.0
2026,Kentucky,SEC,2/2,12,16.0,16,18.0,2.0,Rising,13,13,Steady,7,3,4,0.429,2026-02-10,2,401807601.0,2026-02-06T00:00Z,Vanderbilt,Home,L,83.0,84.0,16.0,7.0,23.0,23.0,,,True,,https://a.espncdn.com/i/teamlogos/ncaa/500/96.png,https://a.espncdn.com/i/teamlogos/ncaa/500/238.png,SEC,UK,VAN,0033a0,000000,2026-02-06,-1.0,0.0,No Upset,Top 25 Matchup,Nail-Biter (≤5),Nail-Biter,≤5,1.0,Top 10,SEC,1,0.0,1.0,-1.0,-1.0,-1.0,-1.0,0.0,0.0,1.0,1.0,0.0,1.0,6,24,18,#6 – #24,None,,,,,,,,24.0,19.1,18.0,6.0,18-6,0.75,5.0,5.0,5-5,0.5,7.0,3.0,7-3,0.7,10.0,2.0,10-2,0.833,3.0,3.0,3-3,0.5,9.0,,Kentucky vs Vanderbilt,9.0
2026,Kentucky,SEC,2/9,13,18.0,18,16.0,-2.0,Falling,14,14,Steady,7,3,4,0.429,2026-02-10,2,,,,,,,,,,,,,,,,,,,,,,,,,,,,,,,,,,0,,,,,,,,,,,,,6,24,18,#6 – #24,None,,,,,,,,,,,,,,,,,,,,,,,,,,,,,,,,,
2026,LSU,SEC,Pre,0,5.0,5,,,Unknown,1,1,Steady,6,3,3,0.5,2026-02-10,2,401817371.0,2025-11-05T01:00Z,Houston Christian,Home,W,108.0,55.0,5.0,99.0,23.0,25.0,,,False,,https://a.espncdn.com/i/teamlogos/ncaa/500/99.png,https://a.espncdn.com/i/teamlogos/ncaa/500/2277.png,,LSU,HCU,461d76,00539c,2025-11-05,53.0,1.0,No Upset,Ranked vs Unranked,Blowout (20+),Blowout,20+,4.0,Unranked,Other,3,3.0,0.0,63.3,190.0,89.0,48.0,0.0,0.0,0.0,0.0,3.0,0.0,5,12,7,#5 – #12,None,,,,,,,,1.0,53.0,1.0,0.0,1-0,1.0,0.0,0.0,0-0,,0.0,0.0,0-0,,1.0,0.0,1-0,1.0,0.0,0.0,0-0,,21.0,,Houston Christian vs LSU,-21.0
2026,LSU,SEC,Pre,0,5.0,5,,,Unknown,1,1,Steady,6,3,3,0.5,2026-02-10,2,401807965.0,2025-11-07T01:00Z,SE Louisiana,Home,W,115.0,26.0,5.0,99.0,23.0,25.0,,,False,,https://a.espncdn.com/i/teamlogos/ncaa/500/99.png,https://a.espncdn.com/i/teamlogos/ncaa/500/2545.png,,LSU,SELA,461d76,215732,2025-11-07,89.0,1.0,No Upset,Ranked vs Unranked,Blowout (20+),Blowout,20+,4.0,Unranked,Other,3,3.0,0.0,63.3,190.0,89.0,48.0,0.0,0.0,0.0,0.0,3.0,0.0,5,12,7,#5 – #12,None,,,,,,,,2.0,71.0,2.0,0.0,2-0,1.0,0.0,0.0,0-0,,0.0,0.0,0-0,,2.0,0.0,2-0,1.0,0.0,0.0,0-0,,21.0,,LSU vs SE Louisiana,-21.0
2026,LSU,SEC,Pre,0,5.0,5,,,Unknown,1,1,Steady,6,3,3,0.5,2026-02-10,2,401817372.0,2025-11-09T19:00Z,Georgia Southern,Away,W,118.0,70.0,5.0,99.0,23.0,27.0,,,False,,https://a.espncdn.com/i/teamlogos/ncaa/500/99.png,https://a.espncdn.com/i/teamlogos/ncaa/500/290.png,,LSU,GASO,461d76,041e42,2025-11-09,48.0,1.0,No Upset,Ranked vs Unranked,Blowout (20+),Blowout,20+,4.0,Unranked,Other,3,3.0,0.0,63.3,190.0,89.0,48.0,0.0,0.0,0.0,0.0,3.0,0.0,5,12,7,#5 – #12,None,,,,,,,,3.0,63.3,3.0,0.0,3-0,1.0,0.0,0.0,0-0,,1.0,0.0,1-0,1.0,2.0,0.0,2-0,1.0,0.0,0.0,0-0,,21.0,,Georgia Southern vs LSU,-21.0
2026,LSU,SEC,11/10,1,5.0,5,5.0,0.0,Stable,2,2,Steady,6,3,3,0.5,2026-02-10,2,401817373.0,2025-11-13T01:00Z,Charlotte,Home,W,117.0,59.0,5.0,99.0,23.0,62.0,,,False,,https://a.espncdn.com/i/teamlogos/ncaa/500/99.png,https://a.espncdn.com/i/teamlogos/ncaa/500/2429.png,,LSU,CLT,461d76,005035,2025-11-13,58.0,1.0,No Upset,Ranked vs Unranked,Blowout (20+),Blowout,20+,4.0,Unranked,Other,1,1.0,0.0,58.0,58.0,58.0,58.0,0.0,0.0,0.0,0.0,1.0,0.0,5,12,7,#5 – #12,None,,,,,,,,4.0,62.0,4.0,0.0,4-0,1.0,0.0,0.0,0-0,,1.0,0.0,1-0,1.0,3.0,0.0,3-0,1.0,0.0,0.0,0-0,,21.0,,Charlotte vs LSU,-21.0
2026,LSU,SEC,11/17,2,5.0,5,5.0,0.0,Stable,3,3,Steady,6,3,3,0.5,2026-02-10,2,401817374.0,2025-11-18T00:00Z,Tulane,Away,W,101.0,71.0,5.0,99.0,23.0,62.0,,,False,,https://a.espncdn.com/i/teamlogos/ncaa/500/99.png,https://a.espncdn.com/i/teamlogos/ncaa/500/2655.png,,LSU,TULN,461d76,006747,2025-11-18,30.0,1.0,No Upset,Ranked vs Unranked,Blowout (20+),Blowout,20+,4.0,Unranked,Other,2,2.0,0.0,46.5,93.0,63.0,30.0,0.0,0.0,0.0,0.0,2.0,0.0,5,12,7,#5 – #12,None,,,,,,,,5.0,55.6,5.0,0.0,5-0,1.0,0.0,0.0,0-0,,2.0,0.0,2-0,1.0,3.0,0.0,3-0,1.0,0.0,0.0,0-0,,21.0,,LSU vs Tulane,-21.0
2026,LSU,SEC,11/17,2,5.0,5,5.0,0.0,Stable,3,3,Steady,6,3,3,0.5,2026-02-10,2,401817375.0,2025-11-21T01:00Z,Alcorn State,Home,W,112.0,49.0,5.0,99.0,23.0,26.0,,,False,,https://a.espncdn.com/i/teamlogos/ncaa/500/99.png,https://a.espncdn.com/i/teamlogos/ncaa/500/2016.png,,LSU,ALCN,461d76,4b0058,2025-11-21,63.0,1.0,No Upset,Ranked vs Unranked,Blowout (20+),Blowout,20+,4.0,Unranked,Other,2,2.0,0.0,46.5,93.0,63.0,30.0,0.0,0.0,0.0,0.0,2.0,0.0,5,12,7,#5 – #12,None,,,,,,,,6.0,56.8,6.0,0.0,6-0,1.0,0.0,0.0,0-0,,2.0,0.0,2-0,1.0,4.0,0.0,4-0,1.0,0.0,0.0,0-0,,21.0,,Alcorn State vs LSU,-21.0
2026,LSU,SEC,11/24,3,5.0,5,5.0,0.0,Stable,4,4,Steady,6,3,3,0.5,2026-02-10,2,401813896.0,2025-11-29T01:00Z,Marist,Neutral,W,113.0,53.0,5.0,99.0,23.0,13.0,,,False,Paradise Jam - Reef Division,https://a.espncdn.com/i/teamlogos/ncaa/500/99.png,https://a.espncdn.com/i/teamlogos/ncaa/500/2368.png,,LSU,MRST,461d76,e53730,2025-11-29,60.0,1.0,No Upset,Ranked vs Unranked,Blowout (20+),Blowout,20+,4.0,Unranked,Other,2,2.0,0.0,68.5,137.0,77.0,60.0,0.0,0.0,0.0,0.0,2.0,0.0,5,12,7,#5 – #12,None,,,,,,,,7.0,57.3,7.0,0.0,7-0,1.0,0.0,0.0,0-0,,2.0,0.0,2-0,1.0,4.0,0.0,4-0,1.0,0.0,0.0,0-0,,21.0,,LSU vs Marist,-21.0
2026,LSU,SEC,11/24,3,5.0,5,5.0,0.0,Stable,4,4,Steady,6,3,3,0.5,2026-02-10,2,401830952.0,2025-11-30T00:30Z,Washington State,Neutral,W,112.0,35.0,5.0,99.0,23.0,29.0,,,False,Paradise Jam - Reef Division - Championship,https://a.espncdn.com/i/teamlogos/ncaa/500/99.png,https://a.espncdn.com/i/teamlogos/ncaa/500/265.png,,LSU,WSU,461d76,a60f2d,2025-11-30,77.0,1.0,No Upset,Ranked vs Unranked,Blowout (20+),Blowout,20+,4.0,Unranked,Other,2,2.0,0.0,68.5,137.0,77.0,60.0,0.0,0.0,0.0,0.0,2.0,0.0,5,12,7,#5 – #12,None,,,,,,,,8.0,59.8,8.0,0.0,8-0,1.0,0.0,0.0,0-0,,2.0,0.0,2-0,1.0,4.0,0.0,4-0,1.0,0.0,0.0,0-0,,21.0,,LSU vs Washington State,-21.0
2026,LSU,SEC,12/1,4,5.0,5,5.0,0.0,Stable,5,5,Steady,6,3,3,0.5,2026-02-10,2,401806387.0,2025-12-05T02:00Z,Duke,Away,W,93.0,77.0,5.0,99.0,23.0,2.0,,,False,ACC/SEC Women's Challenge,https://a.espncdn.com/i/teamlogos/ncaa/500/99.png,https://a.espncdn.com/i/teamlogos/ncaa/500/150.png,,LSU,DUKE,461d76,00539b,2025-12-05,16.0,1.0,No Upset,Ranked vs Unranked,Comfortable (11-20),Comfortable,11-20,3.0,Unranked,ACC,2,2.0,0.0,40.0,80.0,64.0,16.0,0.0,0.0,0.0,0.0,1.0,0.0,5,12,7,#5 – #12,None,,,,,,,,9.0,54.9,9.0,0.0,9-0,1.0,0.0,0.0,0-0,,3.0,0.0,3-0,1.0,4.0,0.0,4-0,1.0,0.0,0.0,0-0,,21.0,,Duke vs LSU,-21.0
2026,LSU,SEC,12/1,4,5.0,5,5.0,0.0,Stable,5,5,Steady,6,3,3,0.5,2026-02-10,2,401807947.0,2025-12-07T21:00Z,New Orleans,Away,W,126.0,62.0,5.0,99.0,23.0,25.0,,,False,,https://a.espncdn.com/i/teamlogos/ncaa/500/99.png,https://a.espncdn.com/i/teamlogos/ncaa/500/2443.png,,LSU,UNO,461d76,005da6,2025-12-07,64.0,1.0,No Upset,Ranked vs Unranked,Blowout (20+),Blowout,20+,4.0,Unranked,Other,2,2.0,0.0,40.0,80.0,64.0,16.0,0.0,0.0,0.0,0.0,1.0,0.0,5,12,7,#5 – #12,None,,,,,,,,10.0,55.8,10.0,0.0,10-0,1.0,0.0,0.0,0-0,,4.0,0.0,4-0,1.0,4.0,0.0,4-0,1.0,0.0,0.0,0-0,,21.0,,LSU vs New Orleans,-21.0
2026,LSU,SEC,12/8,5,5.0,5,5.0,0.0,Stable,6,6,Steady,6,3,3,0.5,2026-02-10,2,401817376.0,2025-12-13T23:07Z,Louisiana Tech,Neutral,W,87.0,61.0,5.0,99.0,23.0,11.0,,,False,Compete 4 Cause Classic,https://a.espncdn.com/i/teamlogos/ncaa/500/99.png,https://a.espncdn.com/i/teamlogos/ncaa/500/2348.png,,LSU,LT,461d76,003087,2025-12-13,26.0,1.0,No Upset,Ranked vs Unranked,Blowout (20+),Blowout,20+,4.0,Unranked,Other,1,1.0,0.0,26.0,26.0,26.0,26.0,0.0,0.0,0.0,0.0,1.0,0.0,5,12,7,#5 – #12,None,,,,,,,,11.0,53.1,11.0,0.0,11-0,1.0,0.0,0.0,0-0,,4.0,0.0,4-0,1.0,4.0,0.0,4-0,1.0,0.0,0.0,0-0,,21.0,,LSU vs Louisiana Tech,-21.0
2026,LSU,SEC,12/15,6,5.0,5,5.0,0.0,Stable,7,7,Steady,6,3,3,0.5,2026-02-10,2,401817377.0,2025-12-16T17:00Z,Morgan State,Home,W,91.0,33.0,5.0,99.0,23.0,16.0,,,False,,https://a.espncdn.com/i/teamlogos/ncaa/500/99.png,https://a.espncdn.com/i/teamlogos/ncaa/500/2415.png,,LSU,MORG,461d76,014786,2025-12-16,58.0,1.0,No Upset,Ranked vs Unranked,Blowout (20+),Blowout,20+,4.0,Unranked,Other,2,2.0,0.0,61.5,123.0,65.0,58.0,0.0,0.0,0.0,0.0,2.0,0.0,5,12,7,#5 – #12,None,,,,,,,,12.0,53.5,12.0,0.0,12-0,1.0,0.0,0.0,0-0,,4.0,0.0,4-0,1.0,5.0,0.0,5-0,1.0,0.0,0.0,0-0,,21.0,,LSU vs Morgan State,-21.0
2026,LSU,SEC,12/15,6,5.0,5,5.0,0.0,Stable,7,7,Steady,6,3,3,0.5,2026-02-10,2,401817378.0,2025-12-21T19:00Z,UT Arlington,Home,W,110.0,45.0,5.0,99.0,23.0,30.0,,,False,,https://a.espncdn.com/i/teamlogos/ncaa/500/99.png,https://a.espncdn.com/i/teamlogos/ncaa/500/250.png,,LSU,UTA,461d76,004b7c,2025-12-21,65.0,1.0,No Upset,Ranked vs Unranked,Blowout (20+),Blowout,20+,4.0,Unranked,Other,2,2.0,0.0,61.5,123.0,65.0,58.0,0.0,0.0,0.0,0.0,2.0,0.0,5,12,7,#5 – #12,None,,,,,,,,13.0,54.4,13.0,0.0,13-0,1.0,0.0,0.0,0-0,,4.0,0.0,4-0,1.0,6.0,0.0,6-0,1.0,0.0,0.0,0-0,,21.0,,LSU vs UT Arlington,-21.0
2026,LSU,SEC,12/22,7,5.0,5,5.0,0.0,Stable,8,8,Steady,6,3,3,0.5,2026-02-10,2,401817379.0,2025-12-28T21:00Z,Alabama State,Home,W,109.0,41.0,5.0,99.0,23.0,26.0,,,False,,https://a.espncdn.com/i/teamlogos/ncaa/500/99.png,https://a.espncdn.com/i/teamlogos/ncaa/500/2011.png,,LSU,ALST,461d76,e9a900,2025-12-28,68.0,1.0,No Upset,Ranked vs Unranked,Blowout (20+),Blowout,20+,4.0,Unranked,Other,3,1.0,2.0,20.7,62.0,68.0,-4.0,0.0,0.0,2.0,2.0,1.0,2.0,5,12,7,#5 – #12,None,,,,,,,,14.0,55.4,14.0,0.0,14-0,1.0,0.0,0.0,0-0,,4.0,0.0,4-0,1.0,7.0,0.0,7-0,1.0,0.0,0.0,0-0,,21.0,,Alabama State vs LSU,-21.0
2026,LSU,SEC,12/22,7,5.0,5,5.0,0.0,Stable,8,8,Steady,6,3,3,0.5,2026-02-10,2,401807535.0,2026-01-02T01:00Z,Kentucky,Home,L,78.0,80.0,5.0,11.0,23.0,23.0,,,True,,https://a.espncdn.com/i/teamlogos/ncaa/500/99.png,https://a.espncdn.com/i/teamlogos/ncaa/500/96.png,SEC,LSU,UK,461d76,0033a0,2026-01-02,-2.0,0.0,No Upset,Top 25 Matchup,Nail-Biter (≤5),Nail-Biter,≤5,1.0,Top 25,SEC,3,1.0,2.0,20.7,62.0,68.0,-4.0,0.0,0.0,2.0,2.0,1.0,2.0,5,12,7,#5 – #12,None,,,,,,,,15.0,51.5,14.0,1.0,14-1,0.933,0.0,1.0,0-1,0.0,4.0,0.0,4-0,1.0,7.0,1.0,7-1,0.875,0.0,1.0,0-1,0.0,6.0,,Kentucky vs LSU,-6.0
2026,LSU,SEC,12/22,7,5.0,5,5.0,0.0,Stable,8,8,Steady,6,3,3,0.5,2026-02-10,2,401807541.0,2026-01-04T22:00Z,Vanderbilt,Away,L,61.0,65.0,5.0,12.0,23.0,23.0,,,True,,https://a.espncdn.com/i/teamlogos/ncaa/500/99.png,https://a.espncdn.com/i/teamlogos/ncaa/500/238.png,SEC,LSU,VAN,461d76,000000,2026-01-04,-4.0,0.0,No Upset,Top 25 Matchup,Nail-Biter (≤5),Nail-Biter,≤5,1.0,Top 25,SEC,3,1.0,2.0,20.7,62.0,68.0,-4.0,0.0,0.0,2.0,2.0,1.0,2.0,5,12,7,#5 – #12,None,,,,,,,,16.0,48.1,14.0,2.0,14-2,0.875,0.0,2.0,0-2,0.0,4.0,1.0,4-1,0.8,7.0,1.0,7-1,0.875,0.0,2.0,0-2,0.0,7.0,,LSU vs Vanderbilt,-7.0
2026,LSU,SEC,1/5,8,12.0,12,5.0,-7.0,Falling,9,9,Steady,6,3,3,0.5,2026-02-10,2,401807549.0,2026-01-08T23:30Z,Georgia,Away,W,80.0,59.0,12.0,99.0,23.0,23.0,,,True,,https://a.espncdn.com/i/teamlogos/ncaa/500/99.png,https://a.espncdn.com/i/teamlogos/ncaa/500/61.png,SEC,LSU,UGA,461d76,ba0c2f,2026-01-08,21.0,1.0,No Upset,Ranked vs Unranked,Blowout (20+),Blowout,20+,4.0,Unranked,SEC,2,2.0,0.0,13.0,26.0,21.0,5.0,0.0,0.0,1.0,1.0,1.0,2.0,5,12,7,#5 – #12,None,,,,,,,,17.0,46.5,15.0,2.0,15-2,0.882,1.0,2.0,1-2,0.333,5.0,1.0,5-1,0.833,7.0,1.0,7-1,0.875,0.0,2.0,0-2,0.0,14.0,,Georgia vs LSU,-14.0
2026,LSU,SEC,1/5,8,12.0,12,5.0,-7.0,Falling,9,9,Steady,6,3,3,0.5,2026-02-10,2,401807558.0,2026-01-11T20:00Z,Texas,Home,W,70.0,65.0,12.0,2.0,23.0,23.0,,,True,We Back Pat,https://a.espncdn.com/i/teamlogos/ncaa/500/99.png,https://a.espncdn.com/i/teamlogos/ncaa/500/251.png,SEC,LSU,TEX,461d76,af5c37,2026-01-11,5.0,1.0,No Upset,Top 25 Matchup,Nail-Biter (≤5),Nail-Biter,≤5,1.0,Top 5,SEC,2,2.0,0.0,13.0,26.0,21.0,5.0,0.0,0.0,1.0,1.0,1.0,2.0,5,12,7,#5 – #12,None,,,,,,,,18.0,44.2,16.0,2.0,16-2,0.889,2.0,2.0,2-2,0.5,5.0,1.0,5-1,0.833,8.0,1.0,8-1,0.889,1.0,2.0,1-2,0.333,10.0,,LSU vs Texas,10.0
2026,LSU,SEC,1/12,9,6.0,6,12.0,6.0,Rising,10,10,Steady,6,3,3,0.5,2026-02-10,2,401807569.0,2026-01-18T20:00Z,Oklahoma,Away,W,91.0,72.0,6.0,13.0,23.0,23.0,,,True,We Back Pat,https://a.espncdn.com/i/teamlogos/ncaa/500/99.png,https://a.espncdn.com/i/teamlogos/ncaa/500/201.png,SEC,LSU,OU,461d76,990000,2026-01-18,19.0,1.0,No Upset,Top 25 Matchup,Comfortable (11-20),Comfortable,11-20,3.0,Top 25,SEC,1,1.0,0.0,19.0,19.0,19.0,19.0,0.0,0.0,1.0,0.0,0.0,1.0,5,12,7,#5 – #12,None,,,,,,,,19.0,42.8,17.0,2.0,17-2,0.895,3.0,2.0,3-2,0.6,6.0,1.0,6-1,0.857,8.0,1.0,8-1,0.889,2.0,2.0,2-2,0.5,7.0,,LSU vs Oklahoma,-7.0
2026,LSU,SEC,1/19,10,6.0,6,6.0,0.0,Stable,11,11,Steady,6,3,3,0.5,2026-02-10,2,401807574.0,2026-01-23T02:00Z,Texas A&M,Away,W,98.0,54.0,6.0,99.0,23.0,23.0,,,True,,https://a.espncdn.com/i/teamlogos/ncaa/500/99.png,https://a.espncdn.com/i/teamlogos/ncaa/500/245.png,SEC,LSU,TA&M,461d76,500000,2026-01-23,44.0,1.0,No Upset,Ranked vs Unranked,Blowout (20+),Blowout,20+,4.0,Unranked,SEC,1,1.0,0.0,44.0,44.0,44.0,44.0,0.0,0.0,0.0,0.0,1.0,1.0,5,12,7,#5 – #12,None,,,,,,,,20.0,42.9,18.0,2.0,18-2,0.9,4.0,2.0,4-2,0.667,7.0,1.0,7-1,0.875,8.0,1.0,8-1,0.889,2.0,2.0,2-2,0.5,20.0,,LSU vs Texas A&M,-20.0
2026,LSU,SEC,1/26,11,6.0,6,6.0,0.0,Stable,12,12,Steady,6,3,3,0.5,2026-02-10,2,401807584.0,2026-01-27T00:00Z,Florida,Home,W,89.0,60.0,6.0,99.0,23.0,23.0,,,True,,https://a.espncdn.com/i/teamlogos/ncaa/500/99.png,https://a.espncdn.com/i/teamlogos/ncaa/500/57.png,SEC,LSU,FLA,461d76,0021a5,2026-01-27,29.0,1.0,No Upset,Ranked vs Unranked,Blowout (20+),Blowout,20+,4.0,Unranked,SEC,3,3.0,0.0,30.3,91.0,40.0,22.0,0.0,0.0,1.0,0.0,3.0,3.0,5,12,7,#5 – #12,None,,,,,,,,21.0,42.2,19.0,2.0,19-2,0.905,5.0,2.0,5-2,0.714,7.0,1.0,7-1,0.875,9.0,1.0,9-1,0.9,2.0,2.0,2-2,0.5,20.0,,Florida vs LSU,-20.0
2026,LSU,SEC,1/26,11,6.0,6,6.0,0.0,Stable,12,12,Steady,6,3,3,0.5,2026-02-10,2,401807588.0,2026-01-30T01:00Z,Arkansas,Home,W,92.0,70.0,6.0,99.0,23.0,23.0,,,True,Play4Kay,https://a.espncdn.com/i/teamlogos/ncaa/500/99.png,https://a.espncdn.com/i/teamlogos/ncaa/500/8.png,SEC,LSU,ARK,461d76,a32136,2026-01-30,22.0,1.0,No Upset,Ranked vs Unranked,Blowout (20+),Blowout,20+,4.0,Unranked,SEC,3,3.0,0.0,30.3,91.0,40.0,22.0,0.0,0.0,1.0,0.0,3.0,3.0,5,12,7,#5 – #12,None,,,,,,,,22.0,41.3,20.0,2.0,20-2,0.909,6.0,2.0,6-2,0.75,7.0,1.0,7-1,0.875,10.0,1.0,10-1,0.909,2.0,2.0,2-2,0.5,20.0,,Arkansas vs LSU,-20.0
2026,LSU,SEC,1/26,11,6.0,6,6.0,0.0,Stable,12,12,Steady,6,3,3,0.5,2026-02-10,2,401807593.0,2026-02-01T17:00Z,Alabama,Home,W,103.0,63.0,6.0,24.0,23.0,23.0,,,True,Play4Kay,https://a.espncdn.com/i/teamlogos/ncaa/500/99.png,https://a.espncdn.com/i/teamlogos/ncaa/500/333.png,SEC,LSU,ALA,461d76,9e1b32,2026-02-01,40.0,1.0,No Upset,Top 25 Matchup,Blowout (20+),Blowout,20+,4.0,Top 25,SEC,3,3.0,0.0,30.3,91.0,40.0,22.0,0.0,0.0,1.0,0.0,3.0,3.0,5,12,7,#5 – #12,None,,,,,,,,23.0,41.3,21.0,2.0,21-2,0.913,7.0,2.0,7-2,0.778,7.0,1.0,7-1,0.875,11.0,1.0,11-1,0.917,3.0,2.0,3-2,0.6,18.0,,Alabama vs LSU,-18.0
2026,LSU,SEC,2/2,12,5.0,5,6.0,1.0,Rising,13,13,Steady,6,3,3,0.5,2026-02-10,2,401807605.0,2026-02-06T02:08Z,Texas,Away,L,64.0,77.0,5.0,4.0,23.0,23.0,,,True,,https://a.espncdn.com/i/teamlogos/ncaa/500/99.png,https://a.espncdn.com/i/teamlogos/ncaa/500/251.png,SEC,LSU,TEX,461d76,af5c37,2026-02-06,-13.0,0.0,No Upset,Top 25 Matchup,Comfortable (11-20),Comfortable,11-20,3.0,Top 5,SEC,2,1.0,1.0,10.0,20.0,33.0,-13.0,0.0,0.0,1.0,0.0,1.0,2.0,5,12,7,#5 – #12,None,,,,,,,,24.0,39.0,21.0,3.0,21-3,0.875,7.0,3.0,7-3,0.7,7.0,2.0,7-2,0.778,11.0,1.0,11-1,0.917,3.0,3.0,3-3,0.5,1.0,,LSU vs Texas,1.0
2026,LSU,SEC,2/2,12,5.0,5,6.0,1.0,Rising,13,13,Steady,6,3,3,0.5,2026-02-10,2,401807611.0,2026-02-08T19:00Z,Auburn,Away,W,77.0,44.0,5.0,99.0,23.0,23.0,,,True,Play4Kay,https://a.espncdn.com/i/teamlogos/ncaa/500/99.png,https://a.espncdn.com/i/teamlogos/ncaa/500/2.png,SEC,LSU,AUB,461d76,002b5c,2026-02-08,33.0,1.0,No Upset,Ranked vs Unranked,Blowout (20+),Blowout,20+,4.0,Unranked,SEC,2,1.0,1.0,10.0,20.0,33.0,-13.0,0.0,0.0,1.0,0.0,1.0,2.0,5,12,7,#5 – #12,None,,,,,,,,25.0,38.8,22.0,3.0,22-3,0.88,8.0,3.0,8-3,0.727,8.0,2.0,8-2,0.8,11.0,1.0,11-1,0.917,3.0,3.0,3-3,0.5,21.0,,Auburn vs LSU,-21.0
2026,LSU,SEC,2/9,13,6.0,6,5.0,-1.0,Falling,14,14,Steady,6,3,3,0.5,2026-02-10,2,,,,,,,,,,,,,,,,,,,,,,,,,,,,,,,,,,0,,,,,,,,,,,,,5,12,7,#5 – #12,None,,,,,,,,,,,,,,,,,,,,,,,,,,,,,,,,,
2026,Louisville,ACC,Pre,0,20.0,20,,,Unknown,1,1,Surging,7,3,4,0.429,2026-02-10,2,401817381.0,2025-11-04T22:30Z,UConn,Neutral,L,66.0,79.0,20.0,1.0,2.0,4.0,,,False,Peraton Armed Forces Classic,https://a.espncdn.com/i/teamlogos/ncaa/500/97.png,https://a.espncdn.com/i/teamlogos/ncaa/500/41.png,,LOU,CONN,c9001f,0c2340,2025-11-04,-13.0,0.0,No Upset,Top 25 Matchup,Comfortable (11-20),Comfortable,11-20,3.0,Top 5,Big 12,2,1.0,1.0,7.5,15.0,28.0,-13.0,0.0,0.0,1.0,0.0,1.0,0.0,6,23,17,#6 – #23,None,,,,,,,,1.0,-13.0,0.0,1.0,0-1,0.0,0.0,0.0,0-0,,0.0,0.0,0-0,,0.0,0.0,0-0,,0.0,1.0,0-1,0.0,19.0,,Louisville vs UConn,19.0
2026,Louisville,ACC,Pre,0,20.0,20,,,Unknown,1,1,Surging,7,3,4,0.429,2026-02-10,2,401817564.0,2025-11-09T19:00Z,Northern Kentucky,Home,W,89.0,61.0,20.0,99.0,2.0,45.0,,,False,,https://a.espncdn.com/i/teamlogos/ncaa/500/97.png,https://a.espncdn.com/i/teamlogos/ncaa/500/94.png,,LOU,NKU,c9001f,ffc82e,2025-11-09,28.0,1.0,No Upset,Ranked vs Unranked,Blowout (20+),Blowout,20+,4.0,Unranked,Other,2,1.0,1.0,7.5,15.0,28.0,-13.0,0.0,0.0,1.0,0.0,1.0,0.0,6,23,17,#6 – #23,None,,,,,,,,2.0,7.5,1.0,1.0,1-1,0.5,0.0,0.0,0-0,,0.0,0.0,0-0,,1.0,0.0,1-0,1.0,0.0,1.0,0-1,0.0,6.0,,Louisville vs Northern Kentucky,-6.0
2026,Louisville,ACC,11/10,1,22.0,22,20.0,-2.0,Falling,2,2,Surging,7,3,4,0.429,2026-02-10,2,401817565.0,2025-11-13T00:00Z,Colorado,Home,W,74.0,68.0,22.0,99.0,2.0,8.0,,,False,,https://a.espncdn.com/i/teamlogos/ncaa/500/97.png,https://a.espncdn.com/i/teamlogos/ncaa/500/38.png,,LOU,COLO,c9001f,cfb87c,2025-11-13,6.0,1.0,No Upset,Ranked vs Unranked,Close (6-10),Close,6-10,2.0,Unranked,Big East,2,2.0,0.0,8.5,17.0,11.0,6.0,0.0,0.0,0.0,0.0,0.0,1.0,6,23,17,#6 – #23,None,,,,,,,,3.0,7.0,2.0,1.0,2-1,0.667,0.0,0.0,0-0,,0.0,0.0,0-0,,2.0,0.0,2-0,1.0,0.0,1.0,0-1,0.0,4.0,,Colorado vs Louisville,-4.0
2026,Louisville,ACC,11/10,1,22.0,22,20.0,-2.0,Falling,2,2,Surging,7,3,4,0.429,2026-02-10,2,401819580.0,2025-11-16T20:00Z,Clemson,Away,W,65.0,54.0,22.0,99.0,2.0,2.0,,,True,,https://a.espncdn.com/i/teamlogos/ncaa/500/97.png,https://a.espncdn.com/i/teamlogos/ncaa/500/228.png,ACC,LOU,CLEM,c9001f,f56600,2025-11-16,11.0,1.0,No Upset,Ranked vs Unranked,Comfortable (11-20),Comfortable,11-20,3.0,Unranked,ACC,2,2.0,0.0,8.5,17.0,11.0,6.0,0.0,0.0,0.0,0.0,0.0,1.0,6,23,17,#6 – #23,None,,,,,,,,4.0,8.0,3.0,1.0,3-1,0.75,1.0,0.0,1-0,1.0,1.0,0.0,1-0,1.0,2.0,0.0,2-0,1.0,0.0,1.0,0-1,0.0,4.0,,Clemson vs Louisville,-4.0
2026,Louisville,ACC,11/17,2,21.0,21,22.0,1.0,Rising,3,3,Surging,7,3,4,0.429,2026-02-10,2,401817566.0,2025-11-20T01:00Z,Morehead State,Home,W,96.0,49.0,21.0,99.0,2.0,20.0,,,False,,https://a.espncdn.com/i/teamlogos/ncaa/500/97.png,https://a.espncdn.com/i/teamlogos/ncaa/500/2413.png,,LOU,MORE,c9001f,094FA3,2025-11-20,47.0,1.0,No Upset,Ranked vs Unranked,Blowout (20+),Blowout,20+,4.0,Unranked,Ivy League,2,1.0,1.0,18.5,37.0,47.0,-10.0,0.0,0.0,1.0,0.0,1.0,0.0,6,23,17,#6 – #23,None,,,,,,,,5.0,15.8,4.0,1.0,4-1,0.8,1.0,0.0,1-0,1.0,1.0,0.0,1-0,1.0,3.0,0.0,3-0,1.0,0.0,1.0,0-1,0.0,5.0,,Louisville vs Morehead State,-5.0
2026,Louisville,ACC,11/17,2,21.0,21,22.0,1.0,Rising,3,3,Surging,7,3,4,0.429,2026-02-10,2,401811890.0,2025-11-22T19:00Z,Kentucky,Home,L,62.0,72.0,21.0,20.0,2.0,23.0,,,False,,https://a.espncdn.com/i/teamlogos/ncaa/500/97.png,https://a.espncdn.com/i/teamlogos/ncaa/500/96.png,,LOU,UK,c9001f,0033a0,2025-11-22,-10.0,0.0,No Upset,Top 25 Matchup,Close (6-10),Close,6-10,2.0,Top 25,SEC,2,1.0,1.0,18.5,37.0,47.0,-10.0,0.0,0.0,1.0,0.0,1.0,0.0,6,23,17,#6 – #23,None,,,,,,,,6.0,11.5,4.0,2.0,4-2,0.667,1.0,0.0,1-0,1.0,1.0,0.0,1-0,1.0,3.0,1.0,3-1,0.75,0.0,2.0,0-2,0.0,1.0,,Kentucky vs Louisville,1.0
2026,Louisville,ACC,11/24,3,23.0,23,21.0,-2.0,Falling,4,4,Surging,7,3,4,0.429,2026-02-10,2,401817307.0,2025-11-29T20:30Z,East Tennessee State,Neutral,W,88.0,50.0,23.0,99.0,2.0,24.0,,,False,Louisville MTE,https://a.espncdn.com/i/teamlogos/ncaa/500/97.png,https://a.espncdn.com/i/teamlogos/ncaa/500/2193.png,,LOU,ETSU,c9001f,002d61,2025-11-29,38.0,1.0,No Upset,Ranked vs Unranked,Blowout (20+),Blowout,20+,4.0,Unranked,Other,3,3.0,0.0,51.3,154.0,63.0,38.0,0.0,0.0,0.0,0.0,3.0,0.0,6,23,17,#6 – #23,None,,,,,,,,7.0,15.3,5.0,2.0,5-2,0.714,1.0,0.0,1-0,1.0,1.0,0.0,1-0,1.0,3.0,1.0,3-1,0.75,0.0,2.0,0-2,0.0,3.0,,East Tennessee State vs Louisville,-3.0
2026,Louisville,ACC,11/24,3,23.0,23,21.0,-2.0,Falling,4,4,Surging,7,3,4,0.429,2026-02-10,2,401817567.0,2025-11-29T00:00Z,Eastern Illinois,Home,W,91.0,38.0,23.0,99.0,2.0,20.0,,,False,Louisville MTE,https://a.espncdn.com/i/teamlogos/ncaa/500/97.png,https://a.espncdn.com/i/teamlogos/ncaa/500/2197.png,,LOU,EIU,c9001f,000000,2025-11-29,53.0,1.0,No Upset,Ranked vs Unranked,Blowout (20+),Blowout,20+,4.0,Unranked,Ivy League,3,3.0,0.0,51.3,154.0,63.0,38.0,0.0,0.0,0.0,0.0,3.0,0.0,6,23,17,#6 – #23,None,,,,,,,,8.0,20.0,6.0,2.0,6-2,0.75,1.0,0.0,1-0,1.0,1.0,0.0,1-0,1.0,4.0,1.0,4-1,0.8,0.0,2.0,0-2,0.0,3.0,,Eastern Illinois vs Louisville,-3.0
2026,Louisville,ACC,11/24,3,23.0,23,21.0,-2.0,Falling,4,4,Surging,7,3,4,0.429,2026-02-10,2,401817568.0,2025-11-30T19:00Z,Bellarmine,Home,W,100.0,37.0,23.0,99.0,2.0,46.0,,,False,Louisville MTE,https://a.espncdn.com/i/teamlogos/ncaa/500/97.png,https://a.espncdn.com/i/teamlogos/ncaa/500/91.png,,LOU,BELL,c9001f,000000,2025-11-30,63.0,1.0,No Upset,Ranked vs Unranked,Blowout (20+),Blowout,20+,4.0,Unranked,A-10,3,3.0,0.0,51.3,154.0,63.0,38.0,0.0,0.0,0.0,0.0,3.0,0.0,6,23,17,#6 – #23,None,,,,,,,,9.0,24.8,7.0,2.0,7-2,0.778,1.0,0.0,1-0,1.0,1.0,0.0,1-0,1.0,5.0,1.0,5-1,0.833,0.0,2.0,0-2,0.0,3.0,,Bellarmine vs Louisville,-3.0
2026,Louisville,ACC,12/1,4,22.0,22,23.0,1.0,Rising,5,5,Surging,7,3,4,0.429,2026-02-10,2,401806388.0,2025-12-05T00:00Z,South Carolina,Home,L,77.0,79.0,22.0,3.0,2.0,23.0,,,False,ACC/SEC Women's Challenge,https://a.espncdn.com/i/teamlogos/ncaa/500/97.png,https://a.espncdn.com/i/teamlogos/ncaa/500/2579.png,,LOU,SC,c9001f,73000a,2025-12-05,-2.0,0.0,No Upset,Top 25 Matchup,Nail-Biter (≤5),Nail-Biter,≤5,1.0,Top 5,SEC,2,1.0,1.0,24.5,49.0,51.0,-2.0,0.0,0.0,1.0,1.0,1.0,0.0,6,23,17,#6 – #23,None,,,,,,,,10.0,22.1,7.0,3.0,7-3,0.7,1.0,0.0,1-0,1.0,1.0,0.0,1-0,1.0,5.0,2.0,5-2,0.714,0.0,3.0,0-3,0.0,19.0,,Louisville vs South Carolina,19.0
2026,Louisville,ACC,12/1,4,22.0,22,23.0,1.0,Rising,5,5,Surging,7,3,4,0.429,2026-02-10,2,401817569.0,2025-12-07T17:00Z,New Hampshire,Home,W,94.0,43.0,22.0,99.0,2.0,1.0,,,False,,https://a.espncdn.com/i/teamlogos/ncaa/500/97.png,https://a.espncdn.com/i/teamlogos/ncaa/500/160.png,,LOU,UNH,c9001f,004990,2025-12-07,51.0,1.0,No Upset,Ranked vs Unranked,Blowout (20+),Blowout,20+,4.0,Unranked,Other,2,1.0,1.0,24.5,49.0,51.0,-2.0,0.0,0.0,1.0,1.0,1.0,0.0,6,23,17,#6 – #23,None,,,,,,,,11.0,24.7,8.0,3.0,8-3,0.727,1.0,0.0,1-0,1.0,1.0,0.0,1-0,1.0,6.0,2.0,6-2,0.75,0.0,3.0,0-3,0.0,4.0,,Louisville vs New Hampshire,-4.0
2026,Louisville,ACC,12/8,5,22.0,22,22.0,0.0,Stable,6,6,Surging,7,3,4,0.429,2026-02-10,2,401817570.0,2025-12-11T02:00Z,Ball State,Home,W,93.0,62.0,22.0,99.0,2.0,14.0,,,False,,https://a.espncdn.com/i/teamlogos/ncaa/500/97.png,https://a.espncdn.com/i/teamlogos/ncaa/500/2050.png,,LOU,BALL,c9001f,ba0c2f,2025-12-11,31.0,1.0,No Upset,Ranked vs Unranked,Blowout (20+),Blowout,20+,4.0,Unranked,Other,2,2.0,0.0,20.5,41.0,31.0,10.0,0.0,0.0,1.0,0.0,1.0,1.0,6,23,17,#6 – #23,None,,,,,,,,12.0,25.2,9.0,3.0,9-3,0.75,1.0,0.0,1-0,1.0,1.0,0.0,1-0,1.0,7.0,2.0,7-2,0.778,0.0,3.0,0-3,0.0,4.0,,Ball State vs Louisville,-4.0
2026,Louisville,ACC,12/8,5,22.0,22,22.0,0.0,Stable,6,6,Surging,7,3,4,0.429,2026-02-10,2,401819635.0,2025-12-14T21:00Z,UNC,Away,W,76.0,66.0,22.0,12.0,2.0,2.0,,,True,,https://a.espncdn.com/i/teamlogos/ncaa/500/97.png,https://a.espncdn.com/i/teamlogos/ncaa/500/153.png,ACC,LOU,UNC,c9001f,7bafd4,2025-12-14,10.0,1.0,No Upset,Top 25 Matchup,Close (6-10),Close,6-10,2.0,Top 25,ACC,2,2.0,0.0,20.5,41.0,31.0,10.0,0.0,0.0,1.0,0.0,1.0,1.0,6,23,17,#6 – #23,None,,,,,,,,13.0,24.1,10.0,3.0,10-3,0.769,2.0,0.0,2-0,1.0,2.0,0.0,2-0,1.0,7.0,2.0,7-2,0.778,1.0,3.0,1-3,0.25,10.0,,Louisville vs UNC,10.0
2026,Louisville,ACC,12/15,6,16.0,16,22.0,6.0,Rising,7,7,Surging,7,3,4,0.429,2026-02-10,2,401817571.0,2025-12-17T23:00Z,Eastern Kentucky,Home,W,76.0,51.0,16.0,99.0,2.0,46.0,,,False,,https://a.espncdn.com/i/teamlogos/ncaa/500/97.png,https://a.espncdn.com/i/teamlogos/ncaa/500/2198.png,,LOU,EKU,c9001f,660819,2025-12-17,25.0,1.0,No Upset,Ranked vs Unranked,Blowout (20+),Blowout,20+,4.0,Unranked,A-10,2,2.0,0.0,24.5,49.0,25.0,24.0,0.0,0.0,1.0,0.0,2.0,0.0,6,23,17,#6 – #23,None,,,,,,,,14.0,24.1,11.0,3.0,11-3,0.786,2.0,0.0,2-0,1.0,2.0,0.0,2-0,1.0,8.0,2.0,8-2,0.8,1.0,3.0,1-3,0.25,10.0,,Eastern Kentucky vs Louisville,-10.0
2026,Louisville,ACC,12/15,6,16.0,16,22.0,6.0,Rising,7,7,Surging,7,3,4,0.429,2026-02-10,2,401817572.0,2025-12-20T16:00Z,Tennessee,Neutral,W,89.0,65.0,16.0,17.0,2.0,23.0,,,False,Champions Classic,https://a.espncdn.com/i/teamlogos/ncaa/500/97.png,https://a.espncdn.com/i/teamlogos/ncaa/500/2633_ncw.png,,LOU,TENN,c9001f,ff8200,2025-12-20,24.0,1.0,No Upset,Top 25 Matchup,Blowout (20+),Blowout,20+,4.0,Top 25,SEC,2,2.0,0.0,24.5,49.0,25.0,24.0,0.0,0.0,1.0,0.0,2.0,0.0,6,23,17,#6 – #23,None,,,,,,,,15.0,24.1,12.0,3.0,12-3,0.8,2.0,0.0,2-0,1.0,2.0,0.0,2-0,1.0,8.0,2.0,8-2,0.8,2.0,3.0,2-3,0.4,1.0,,Louisville vs Tennessee,-1.0
2026,Louisville,ACC,12/22,7,13.0,13,16.0,3.0,Rising,8,8,Surging,7,3,4,0.429,2026-02-10,2,401819647.0,2026-01-01T19:00Z,SMU,Home,W,91.0,58.0,13.0,99.0,2.0,2.0,,,True,,https://a.espncdn.com/i/teamlogos/ncaa/500/97.png,https://a.espncdn.com/i/teamlogos/ncaa/500/2567.png,ACC,LOU,SMU,c9001f,a80000,2026-01-01,33.0,1.0,No Upset,Ranked vs Unranked,Blowout (20+),Blowout,20+,4.0,Unranked,ACC,2,2.0,0.0,29.0,58.0,33.0,25.0,0.0,0.0,0.0,0.0,2.0,2.0,6,23,17,#6 – #23,None,,,,,,,,16.0,24.7,13.0,3.0,13-3,0.812,3.0,0.0,3-0,1.0,2.0,0.0,2-0,1.0,9.0,2.0,9-2,0.818,2.0,3.0,2-3,0.4,13.0,,Louisville vs SMU,-13.0
2026,Louisville,ACC,12/22,7,13.0,13,16.0,3.0,Rising,8,8,Surging,7,3,4,0.429,2026-02-10,2,401819654.0,2026-01-04T21:00Z,Virginia Tech,Home,W,85.0,60.0,13.0,99.0,2.0,2.0,,,True,,https://a.espncdn.com/i/teamlogos/ncaa/500/97.png,https://a.espncdn.com/i/teamlogos/ncaa/500/259.png,ACC,LOU,VT,c9001f,6a2c3e,2026-01-04,25.0,1.0,No Upset,Ranked vs Unranked,Blowout (20+),Blowout,20+,4.0,Unranked,ACC,2,2.0,0.0,29.0,58.0,33.0,25.0,0.0,0.0,0.0,0.0,2.0,2.0,6,23,17,#6 – #23,None,,,,,,,,17.0,24.7,14.0,3.0,14-3,0.824,4.0,0.0,4-0,1.0,2.0,0.0,2-0,1.0,10.0,2.0,10-2,0.833,2.0,3.0,2-3,0.4,13.0,,Louisville vs Virginia Tech,-13.0
2026,Louisville,ACC,1/5,8,10.0,10,13.0,3.0,Rising,9,9,Surging,7,3,4,0.429,2026-02-10,2,401819657.0,2026-01-08T20:00Z,Miami (FL),Away,W,77.0,68.0,10.0,99.0,2.0,2.0,,,True,,https://a.espncdn.com/i/teamlogos/ncaa/500/97.png,https://a.espncdn.com/i/teamlogos/ncaa/500/2390.png,ACC,LOU,MIA,c9001f,f47423,2026-01-08,9.0,1.0,No Upset,Ranked vs Unranked,Close (6-10),Close,6-10,2.0,Unranked,ACC,2,2.0,0.0,24.5,49.0,40.0,9.0,0.0,0.0,0.0,0.0,1.0,2.0,6,23,17,#6 – #23,None,,,,,,,,18.0,23.8,15.0,3.0,15-3,0.833,5.0,0.0,5-0,1.0,3.0,0.0,3-0,1.0,10.0,2.0,10-2,0.833,2.0,3.0,2-3,0.4,16.0,,Louisville vs Miami (FL),-16.0
2026,Louisville,ACC,1/5,8,10.0,10,13.0,3.0,Rising,9,9,Surging,7,3,4,0.429,2026-02-10,2,401819663.0,2026-01-11T19:00Z,Pittsburgh,Home,W,86.0,46.0,10.0,99.0,2.0,2.0,,,True,,https://a.espncdn.com/i/teamlogos/ncaa/500/97.png,https://a.espncdn.com/i/teamlogos/ncaa/500/221.png,ACC,LOU,PITT,c9001f,003594,2026-01-11,40.0,1.0,No Upset,Ranked vs Unranked,Blowout (20+),Blowout,20+,4.0,Unranked,ACC,2,2.0,0.0,24.5,49.0,40.0,9.0,0.0,0.0,0.0,0.0,1.0,2.0,6,23,17,#6 – #23,None,,,,,,,,19.0,24.7,16.0,3.0,16-3,0.842,6.0,0.0,6-0,1.0,3.0,0.0,3-0,1.0,11.0,2.0,11-2,0.846,2.0,3.0,2-3,0.4,16.0,,Louisville vs Pittsburgh,-16.0
2026,Louisville,ACC,1/12,9,9.0,9,10.0,1.0,Rising,10,10,Surging,7,3,4,0.429,2026-02-10,2,401819668.0,2026-01-15T23:00Z,Notre Dame,Away,W,79.0,66.0,9.0,23.0,2.0,2.0,,,True,,https://a.espncdn.com/i/teamlogos/ncaa/500/97.png,https://a.espncdn.com/i/teamlogos/ncaa/500/87.png,ACC,LOU,ND,c9001f,062340,2026-01-15,13.0,1.0,No Upset,Top 25 Matchup,Comfortable (11-20),Comfortable,11-20,3.0,Top 25,ACC,2,2.0,0.0,10.5,21.0,13.0,8.0,0.0,0.0,1.0,0.0,0.0,2.0,6,23,17,#6 – #23,None,,,,,,,,20.0,24.1,17.0,3.0,17-3,0.85,7.0,0.0,7-0,1.0,4.0,0.0,4-0,1.0,11.0,2.0,11-2,0.846,3.0,3.0,3-3,0.5,14.0,,Louisville vs Notre Dame,-14.0
2026,Louisville,ACC,1/12,9,9.0,9,10.0,1.0,Rising,10,10,Surging,7,3,4,0.429,2026-02-10,2,401819567.0,2026-01-18T18:00Z,NC State,Away,W,88.0,80.0,9.0,99.0,2.0,2.0,,,True,,https://a.espncdn.com/i/teamlogos/ncaa/500/97.png,https://a.espncdn.com/i/teamlogos/ncaa/500/152.png,ACC,LOU,NCSU,c9001f,cc0000,2026-01-18,8.0,1.0,No Upset,Ranked vs Unranked,Close (6-10),Close,6-10,2.0,Unranked,ACC,2,2.0,0.0,10.5,21.0,13.0,8.0,0.0,0.0,1.0,0.0,0.0,2.0,6,23,17,#6 – #23,None,,,,,,,,21.0,23.3,18.0,3.0,18-3,0.857,8.0,0.0,8-0,1.0,5.0,0.0,5-0,1.0,11.0,2.0,11-2,0.846,3.0,3.0,3-3,0.5,17.0,,Louisville vs NC State,-17.0
2026,Louisville,ACC,1/19,10,8.0,8,9.0,1.0,Rising,11,11,Surging,7,3,4,0.429,2026-02-10,2,401819680.0,2026-01-24T16:00Z,Boston College,Home,W,85.0,56.0,8.0,99.0,2.0,2.0,,,True,,https://a.espncdn.com/i/teamlogos/ncaa/500/97.png,https://a.espncdn.com/i/teamlogos/ncaa/500/103.png,ACC,LOU,BC,c9001f,8c2232,2026-01-24,29.0,1.0,No Upset,Ranked vs Unranked,Blowout (20+),Blowout,20+,4.0,Unranked,ACC,1,1.0,0.0,29.0,29.0,29.0,29.0,0.0,0.0,0.0,0.0,1.0,1.0,6,23,17,#6 – #23,None,,,,,,,,22.0,23.6,19.0,3.0,19-3,0.864,9.0,0.0,9-0,1.0,5.0,0.0,5-0,1.0,12.0,2.0,12-2,0.857,3.0,3.0,3-3,0.5,18.0,,Boston College vs Louisville,-18.0
2026,Louisville,ACC,1/26,11,7.0,7,8.0,1.0,Rising,12,12,Surging,7,3,4,0.429,2026-02-10,2,401819621.0,2026-01-30T01:00Z,Stanford,Away,W,84.0,66.0,7.0,99.0,2.0,2.0,,,True,,https://a.espncdn.com/i/teamlogos/ncaa/500/97.png,https://a.espncdn.com/i/teamlogos/ncaa/500/24.png,ACC,LOU,STAN,c9001f,8c1515,2026-01-30,18.0,1.0,No Upset,Ranked vs Unranked,Comfortable (11-20),Comfortable,11-20,3.0,Unranked,ACC,2,2.0,0.0,15.0,30.0,18.0,12.0,0.0,0.0,0.0,0.0,0.0,2.0,6,23,17,#6 – #23,None,,,,,,,,23.0,23.3,20.0,3.0,20-3,0.87,10.0,0.0,10-0,1.0,6.0,0.0,6-0,1.0,12.0,2.0,12-2,0.857,3.0,3.0,3-3,0.5,19.0,,Louisville vs Stanford,-19.0
2026,Louisville,ACC,1/26,11,7.0,7,8.0,1.0,Rising,12,12,Surging,7,3,4,0.429,2026-02-10,2,401819692.0,2026-02-01T19:00Z,California,Away,W,71.0,59.0,7.0,99.0,2.0,2.0,,,True,,https://a.espncdn.com/i/teamlogos/ncaa/500/97.png,https://a.espncdn.com/i/teamlogos/ncaa/500/25.png,ACC,LOU,CAL,c9001f,041e42,2026-02-01,12.0,1.0,No Upset,Ranked vs Unranked,Comfortable (11-20),Comfortable,11-20,3.0,Unranked,ACC,2,2.0,0.0,15.0,30.0,18.0,12.0,0.0,0.0,0.0,0.0,0.0,2.0,6,23,17,#6 – #23,None,,,,,,,,24.0,22.9,21.0,3.0,21-3,0.875,11.0,0.0,11-0,1.0,7.0,0.0,7-0,1.0,12.0,2.0,12-2,0.857,3.0,3.0,3-3,0.5,19.0,,California vs Louisville,-19.0
2026,Louisville,ACC,2/2,12,6.0,6,7.0,1.0,Rising,13,13,Surging,7,3,4,0.429,2026-02-10,2,401819697.0,2026-02-06T00:00Z,Duke,Home,L,58.0,59.0,6.0,17.0,2.0,2.0,,,True,,https://a.espncdn.com/i/teamlogos/ncaa/500/97.png,https://a.espncdn.com/i/teamlogos/ncaa/500/150.png,ACC,LOU,DUKE,c9001f,00539b,2026-02-06,-1.0,0.0,No Upset,Top 25 Matchup,Nail-Biter (≤5),Nail-Biter,≤5,1.0,Top 25,ACC,2,1.0,1.0,9.0,18.0,19.0,-1.0,0.0,0.0,1.0,1.0,0.0,2.0,6,23,17,#6 – #23,None,,,,,,,,25.0,21.9,21.0,4.0,21-4,0.84,11.0,1.0,11-1,0.917,7.0,0.0,7-0,1.0,12.0,3.0,12-3,0.8,3.0,4.0,3-4,0.429,11.0,,Duke vs Louisville,-11.0
2026,Louisville,ACC,2/2,12,6.0,6,7.0,1.0,Rising,13,13,Surging,7,3,4,0.429,2026-02-10,2,401819703.0,2026-02-08T17:00Z,Syracuse,Away,W,84.0,65.0,6.0,99.0,2.0,2.0,,,True,,https://a.espncdn.com/i/teamlogos/ncaa/500/97.png,https://a.espncdn.com/i/teamlogos/ncaa/500/183.png,ACC,LOU,SYR,c9001f,000e54,2026-02-08,19.0,1.0,No Upset,Ranked vs Unranked,Comfortable (11-20),Comfortable,11-20,3.0,Unranked,ACC,2,1.0,1.0,9.0,18.0,19.0,-1.0,0.0,0.0,1.0,1.0,0.0,2.0,6,23,17,#6 – #23,None,,,,,,,,26.0,21.8,22.0,4.0,22-4,0.846,12.0,1.0,12-1,0.923,8.0,0.0,8-0,1.0,12.0,3.0,12-3,0.8,3.0,4.0,3-4,0.429,20.0,,Louisville vs Syracuse,-20.0
2026,Louisville,ACC,2/9,13,9.0,9,6.0,-3.0,Falling,14,14,Surging,7,3,4,0.429,2026-02-10,2,,,,,,,,,,,,,,,,,,,,,,,,,,,,,,,,,,0,,,,,,,,,,,,,6,23,17,#6 – #23,None,,,,,,,,,,,,,,,,,,,,,,,,,,,,,,,,,
2026,Maryland,Big Ten,Pre,0,10.0,10,,,Unknown,1,1,Falling,6,2,4,0.333,2026-02-10,2,401818636.0,2025-11-04T00:00Z,Loyola Maryland,Home,W,80.0,26.0,10.0,99.0,7.0,22.0,,,False,,https://a.espncdn.com/i/teamlogos/ncaa/500/120.png,https://a.espncdn.com/i/teamlogos/ncaa/500/2352.png,,MD,L-MD,ce1126,76a7a0,2025-11-04,54.0,1.0,No Upset,Ranked vs Unranked,Blowout (20+),Blowout,20+,4.0,Unranked,Other,3,3.0,0.0,35.3,106.0,54.0,19.0,0.0,0.0,0.0,0.0,2.0,0.0,7,22,15,#7 – #22,None,,,,,,,,1.0,54.0,1.0,0.0,1-0,1.0,0.0,0.0,0-0,,0.0,0.0,0-0,,1.0,0.0,1-0,1.0,0.0,0.0,0-0,,16.0,,Loyola Maryland vs Maryland,-16.0
2026,Maryland,Big Ten,Pre,0,10.0,10,,,Unknown,1,1,Falling,6,2,4,0.333,2026-02-10,2,401818637.0,2025-11-06T23:00Z,UMBC,Home,W,87.0,54.0,10.0,99.0,7.0,1.0,,,False,,https://a.espncdn.com/i/teamlogos/ncaa/500/120.png,https://a.espncdn.com/i/teamlogos/ncaa/500/2378.png,,MD,UMBC,ce1126,000000,2025-11-06,33.0,1.0,No Upset,Ranked vs Unranked,Blowout (20+),Blowout,20+,4.0,Unranked,Other,3,3.0,0.0,35.3,106.0,54.0,19.0,0.0,0.0,0.0,0.0,2.0,0.0,7,22,15,#7 – #22,None,,,,,,,,2.0,43.5,2.0,0.0,2-0,1.0,0.0,0.0,0-0,,0.0,0.0,0-0,,2.0,0.0,2-0,1.0,0.0,0.0,0-0,,16.0,,Maryland vs UMBC,-16.0
2026,Maryland,Big Ten,Pre,0,10.0,10,,,Unknown,1,1,Falling,6,2,4,0.333,2026-02-10,2,401818638.0,2025-11-09T18:00Z,Georgetown,Home,W,85.0,66.0,10.0,99.0,7.0,4.0,,,False,,https://a.espncdn.com/i/teamlogos/ncaa/500/120.png,https://a.espncdn.com/i/teamlogos/ncaa/500/46.png,,MD,GTWN,ce1126,110E42,2025-11-09,19.0,1.0,No Upset,Ranked vs Unranked,Comfortable (11-20),Comfortable,11-20,3.0,Unranked,Big 12,3,3.0,0.0,35.3,106.0,54.0,19.0,0.0,0.0,0.0,0.0,2.0,0.0,7,22,15,#7 – #22,None,,,,,,,,3.0,35.3,3.0,0.0,3-0,1.0,0.0,0.0,0-0,,0.0,0.0,0-0,,3.0,0.0,3-0,1.0,0.0,0.0,0-0,,16.0,,Georgetown vs Maryland,-16.0
2026,Maryland,Big Ten,11/10,1,9.0,9,10.0,1.0,Rising,2,2,Falling,6,2,4,0.333,2026-02-10,2,401818639.0,2025-11-14T00:00Z,Towson,Home,W,88.0,70.0,9.0,99.0,7.0,10.0,,,False,,https://a.espncdn.com/i/teamlogos/ncaa/500/120.png,https://a.espncdn.com/i/teamlogos/ncaa/500/119.png,,MD,TOW,ce1126,FFC229,2025-11-14,18.0,1.0,No Upset,Ranked vs Unranked,Comfortable (11-20),Comfortable,11-20,3.0,Unranked,Other,2,2.0,0.0,17.0,34.0,18.0,16.0,0.0,0.0,0.0,0.0,0.0,0.0,7,22,15,#7 – #22,None,,,,,,,,4.0,31.0,4.0,0.0,4-0,1.0,0.0,0.0,0-0,,0.0,0.0,0-0,,4.0,0.0,4-0,1.0,0.0,0.0,0-0,,17.0,,Maryland vs Towson,-17.0
2026,Maryland,Big Ten,11/10,1,9.0,9,10.0,1.0,Rising,2,2,Falling,6,2,4,0.333,2026-02-10,2,401818640.0,2025-11-16T18:00Z,Princeton,Home,W,84.0,68.0,9.0,99.0,7.0,12.0,,,False,,https://a.espncdn.com/i/teamlogos/ncaa/500/120.png,https://a.espncdn.com/i/teamlogos/ncaa/500/163.png,,MD,PRIN,ce1126,000000,2025-11-16,16.0,1.0,No Upset,Ranked vs Unranked,Comfortable (11-20),Comfortable,11-20,3.0,Unranked,Other,2,2.0,0.0,17.0,34.0,18.0,16.0,0.0,0.0,0.0,0.0,0.0,0.0,7,22,15,#7 – #22,None,,,,,,,,5.0,28.0,5.0,0.0,5-0,1.0,0.0,0.0,0-0,,0.0,0.0,0-0,,5.0,0.0,5-0,1.0,0.0,0.0,0-0,,17.0,,Maryland vs Princeton,-17.0
2026,Maryland,Big Ten,11/17,2,9.0,9,9.0,0.0,Stable,3,3,Falling,6,2,4,0.333,2026-02-10,2,401818641.0,2025-11-20T23:00Z,Bethune-Cookman,Home,W,95.0,49.0,9.0,99.0,7.0,26.0,,,False,,https://a.espncdn.com/i/teamlogos/ncaa/500/120.png,https://a.espncdn.com/i/teamlogos/ncaa/500/2065.png,,MD,BCU,ce1126,7b1831,2025-11-20,46.0,1.0,No Upset,Ranked vs Unranked,Blowout (20+),Blowout,20+,4.0,Unranked,Other,2,2.0,0.0,34.0,68.0,46.0,22.0,0.0,0.0,0.0,0.0,2.0,0.0,7,22,15,#7 – #22,None,,,,,,,,6.0,31.0,6.0,0.0,6-0,1.0,0.0,0.0,0-0,,0.0,0.0,0-0,,6.0,0.0,6-0,1.0,0.0,0.0,0-0,,17.0,,Bethune-Cookman vs Maryland,-17.0
2026,Maryland,Big Ten,11/17,2,9.0,9,9.0,0.0,Stable,3,3,Falling,6,2,4,0.333,2026-02-10,2,401818642.0,2025-11-23T19:30Z,George Mason,Home,W,84.0,62.0,9.0,99.0,7.0,3.0,,,False,,https://a.espncdn.com/i/teamlogos/ncaa/500/120.png,https://a.espncdn.com/i/teamlogos/ncaa/500/2244.png,,MD,GMU,ce1126,016600,2025-11-23,22.0,1.0,No Upset,Ranked vs Unranked,Blowout (20+),Blowout,20+,4.0,Unranked,Other,2,2.0,0.0,34.0,68.0,46.0,22.0,0.0,0.0,0.0,0.0,2.0,0.0,7,22,15,#7 – #22,None,,,,,,,,7.0,29.7,7.0,0.0,7-0,1.0,0.0,0.0,0-0,,0.0,0.0,0-0,,7.0,0.0,7-0,1.0,0.0,0.0,0-0,,17.0,,George Mason vs Maryland,-17.0
2026,Maryland,Big Ten,11/24,3,7.0,7,9.0,2.0,Rising,4,4,Falling,6,2,4,0.333,2026-02-10,2,401818582.0,2025-11-26T22:30Z,Kentucky,Neutral,W,74.0,66.0,7.0,16.0,7.0,23.0,,,False,Puerto Rico Shootout,https://a.espncdn.com/i/teamlogos/ncaa/500/120.png,https://a.espncdn.com/i/teamlogos/ncaa/500/96.png,,MD,UK,ce1126,0033a0,2025-11-26,8.0,1.0,No Upset,Top 25 Matchup,Close (6-10),Close,6-10,2.0,Top 25,SEC,2,2.0,0.0,32.5,65.0,57.0,8.0,0.0,0.0,1.0,0.0,1.0,0.0,7,22,15,#7 – #22,None,,,,,,,,8.0,27.0,8.0,0.0,8-0,1.0,0.0,0.0,0-0,,0.0,0.0,0-0,,7.0,0.0,7-0,1.0,1.0,0.0,1-0,1.0,9.0,,Kentucky vs Maryland,-9.0
2026,Maryland,Big Ten,11/24,3,7.0,7,9.0,2.0,Rising,4,4,Falling,6,2,4,0.333,2026-02-10,2,401818643.0,2025-11-27T20:00Z,Hofstra,Neutral,W,95.0,38.0,7.0,99.0,7.0,10.0,,,False,Puerto Rico Shootout,https://a.espncdn.com/i/teamlogos/ncaa/500/120.png,https://a.espncdn.com/i/teamlogos/ncaa/500/2275.png,,MD,HOF,ce1126,003594,2025-11-27,57.0,1.0,No Upset,Ranked vs Unranked,Blowout (20+),Blowout,20+,4.0,Unranked,Other,2,2.0,0.0,32.5,65.0,57.0,8.0,0.0,0.0,1.0,0.0,1.0,0.0,7,22,15,#7 – #22,None,,,,,,,,9.0,30.3,9.0,0.0,9-0,1.0,0.0,0.0,0-0,,0.0,0.0,0-0,,7.0,0.0,7-0,1.0,1.0,0.0,1-0,1.0,19.0,,Hofstra vs Maryland,-19.0
2026,Maryland,Big Ten,12/1,4,7.0,7,7.0,0.0,Stable,5,5,Falling,6,2,4,0.333,2026-02-10,2,401813912.0,2025-12-04T00:00Z,Mount St. Mary's,Home,W,92.0,44.0,7.0,99.0,7.0,13.0,,,False,,https://a.espncdn.com/i/teamlogos/ncaa/500/120.png,https://a.espncdn.com/i/teamlogos/ncaa/500/116.png,,MD,MSM,ce1126,005596,2025-12-04,48.0,1.0,No Upset,Ranked vs Unranked,Blowout (20+),Blowout,20+,4.0,Unranked,Other,2,2.0,0.0,24.5,49.0,48.0,1.0,0.0,0.0,0.0,1.0,1.0,1.0,7,22,15,#7 – #22,None,,,,,,,,10.0,32.1,10.0,0.0,10-0,1.0,0.0,0.0,0-0,,0.0,0.0,0-0,,8.0,0.0,8-0,1.0,1.0,0.0,1-0,1.0,19.0,,Maryland vs Mount St. Mary's,-19.0
2026,Maryland,Big Ten,12/1,4,7.0,7,7.0,0.0,Stable,5,5,Falling,6,2,4,0.333,2026-02-10,2,401825222.0,2025-12-07T21:00Z,Minnesota,Away,W,100.0,99.0,7.0,99.0,7.0,7.0,,,True,,https://a.espncdn.com/i/teamlogos/ncaa/500/120.png,https://a.espncdn.com/i/teamlogos/ncaa/500/135.png,Big Ten,MD,MINN,ce1126,5e0a2f,2025-12-07,1.0,1.0,No Upset,Ranked vs Unranked,Nail-Biter (≤5),Nail-Biter,≤5,1.0,Unranked,Big Ten,2,2.0,0.0,24.5,49.0,48.0,1.0,0.0,0.0,0.0,1.0,1.0,1.0,7,22,15,#7 – #22,None,,,,,,,,11.0,29.3,11.0,0.0,11-0,1.0,1.0,0.0,1-0,1.0,1.0,0.0,1-0,1.0,8.0,0.0,8-0,1.0,1.0,0.0,1-0,1.0,19.0,,Maryland vs Minnesota,-19.0
2026,Maryland,Big Ten,12/8,5,7.0,7,7.0,0.0,Stable,6,6,Falling,6,2,4,0.333,2026-02-10,2,401818644.0,2025-12-10T23:00Z,Delaware State,Home,W,91.0,21.0,7.0,99.0,7.0,16.0,,,False,,https://a.espncdn.com/i/teamlogos/ncaa/500/120.png,https://a.espncdn.com/i/teamlogos/ncaa/500/2169.png,,MD,DSU,ce1126,009cdb,2025-12-10,70.0,1.0,No Upset,Ranked vs Unranked,Blowout (20+),Blowout,20+,4.0,Unranked,Other,1,1.0,0.0,70.0,70.0,70.0,70.0,0.0,0.0,0.0,0.0,1.0,0.0,7,22,15,#7 – #22,None,,,,,,,,12.0,32.7,12.0,0.0,12-0,1.0,1.0,0.0,1-0,1.0,1.0,0.0,1-0,1.0,9.0,0.0,9-0,1.0,1.0,0.0,1-0,1.0,19.0,,Delaware State vs Maryland,-19.0
2026,Maryland,Big Ten,12/15,6,7.0,7,7.0,0.0,Stable,7,7,Falling,6,2,4,0.333,2026-02-10,2,401818645.0,2025-12-19T16:00Z,Central Connecticut,Home,W,98.0,30.0,7.0,99.0,7.0,19.0,,,False,,https://a.espncdn.com/i/teamlogos/ncaa/500/120.png,https://a.espncdn.com/i/teamlogos/ncaa/500/2115.png,,MD,CCSU,ce1126,1B49A2,2025-12-19,68.0,1.0,No Upset,Ranked vs Unranked,Blowout (20+),Blowout,20+,4.0,Unranked,Other,1,1.0,0.0,68.0,68.0,68.0,68.0,0.0,0.0,0.0,0.0,1.0,0.0,7,22,15,#7 – #22,None,,,,,,,,13.0,35.4,13.0,0.0,13-0,1.0,1.0,0.0,1-0,1.0,1.0,0.0,1-0,1.0,10.0,0.0,10-0,1.0,1.0,0.0,1-0,1.0,19.0,,Central Connecticut vs Maryland,-19.0
2026,Maryland,Big Ten,12/22,7,7.0,7,7.0,0.0,Stable,8,8,Falling,6,2,4,0.333,2026-02-10,2,401825235.0,2025-12-29T21:00Z,Wisconsin,Home,W,97.0,59.0,7.0,99.0,7.0,7.0,,,True,,https://a.espncdn.com/i/teamlogos/ncaa/500/120.png,https://a.espncdn.com/i/teamlogos/ncaa/500/275.png,Big Ten,MD,WIS,ce1126,a00000,2025-12-29,38.0,1.0,No Upset,Ranked vs Unranked,Blowout (20+),Blowout,20+,4.0,Unranked,Big Ten,3,2.0,1.0,16.7,50.0,38.0,-3.0,1.0,0.0,0.0,1.0,1.0,3.0,7,22,15,#7 – #22,None,,,,,,,,14.0,35.6,14.0,0.0,14-0,1.0,2.0,0.0,2-0,1.0,1.0,0.0,1-0,1.0,11.0,0.0,11-0,1.0,1.0,0.0,1-0,1.0,19.0,,Maryland vs Wisconsin,-19.0
2026,Maryland,Big Ten,12/22,7,7.0,7,7.0,0.0,Stable,8,8,Falling,6,2,4,0.333,2026-02-10,2,401825239.0,2026-01-01T21:00Z,Illinois,Away,L,70.0,73.0,7.0,99.0,7.0,7.0,,,True,,https://a.espncdn.com/i/teamlogos/ncaa/500/120.png,https://a.espncdn.com/i/teamlogos/ncaa/500/356.png,Big Ten,MD,ILL,ce1126,ff5f05,2026-01-01,-3.0,0.0,Upset Loss,Ranked vs Unranked,Nail-Biter (≤5),Nail-Biter,≤5,1.0,Unranked,Big Ten,3,2.0,1.0,16.7,50.0,38.0,-3.0,1.0,0.0,0.0,1.0,1.0,3.0,7,22,15,#7 – #22,None,,,,,,,,15.0,33.0,14.0,1.0,14-1,0.933,2.0,1.0,2-1,0.667,1.0,1.0,1-1,0.5,11.0,0.0,11-0,1.0,1.0,0.0,1-0,1.0,19.0,#7 Maryland lost to Unranked Illinois,Illinois vs Maryland,-19.0
2026,Maryland,Big Ten,12/22,7,7.0,7,7.0,0.0,Stable,8,8,Falling,6,2,4,0.333,2026-02-10,2,401825247.0,2026-01-04T23:00Z,Indiana,Home,W,82.0,67.0,7.0,99.0,7.0,7.0,,,True,,https://a.espncdn.com/i/teamlogos/ncaa/500/120.png,https://a.espncdn.com/i/teamlogos/ncaa/500/84.png,Big Ten,MD,IU,ce1126,970310,2026-01-04,15.0,1.0,No Upset,Ranked vs Unranked,Comfortable (11-20),Comfortable,11-20,3.0,Unranked,Big Ten,3,2.0,1.0,16.7,50.0,38.0,-3.0,1.0,0.0,0.0,1.0,1.0,3.0,7,22,15,#7 – #22,None,,,,,,,,16.0,31.9,15.0,1.0,15-1,0.938,3.0,1.0,3-1,0.75,1.0,1.0,1-1,0.5,12.0,0.0,12-0,1.0,1.0,0.0,1-0,1.0,19.0,,Indiana vs Maryland,-19.0
2026,Maryland,Big Ten,1/5,8,8.0,8,7.0,-1.0,Falling,9,9,Falling,6,2,4,0.333,2026-02-10,2,401825256.0,2026-01-09T00:00Z,Rutgers,Away,W,88.0,41.0,8.0,99.0,7.0,7.0,,,True,,https://a.espncdn.com/i/teamlogos/ncaa/500/120.png,https://a.espncdn.com/i/teamlogos/ncaa/500/164.png,Big Ten,MD,RUTG,ce1126,ce0e2d,2026-01-09,47.0,1.0,No Upset,Ranked vs Unranked,Blowout (20+),Blowout,20+,4.0,Unranked,Big Ten,2,1.0,1.0,17.0,34.0,47.0,-13.0,0.0,0.0,1.0,0.0,1.0,2.0,7,22,15,#7 – #22,None,,,,,,,,17.0,32.8,16.0,1.0,16-1,0.941,4.0,1.0,4-1,0.8,2.0,1.0,2-1,0.667,12.0,0.0,12-0,1.0,1.0,0.0,1-0,1.0,18.0,,Maryland vs Rutgers,-18.0
2026,Maryland,Big Ten,1/5,8,8.0,8,7.0,-1.0,Falling,9,9,Falling,6,2,4,0.333,2026-02-10,2,401825264.0,2026-01-11T21:00Z,Ohio State,Home,L,76.0,89.0,8.0,19.0,7.0,7.0,,,True,,https://a.espncdn.com/i/teamlogos/ncaa/500/120.png,https://a.espncdn.com/i/teamlogos/ncaa/500/194.png,Big Ten,MD,OSU,ce1126,ba0c2f,2026-01-11,-13.0,0.0,No Upset,Top 25 Matchup,Comfortable (11-20),Comfortable,11-20,3.0,Top 25,Big Ten,2,1.0,1.0,17.0,34.0,47.0,-13.0,0.0,0.0,1.0,0.0,1.0,2.0,7,22,15,#7 – #22,None,,,,,,,,18.0,30.2,16.0,2.0,16-2,0.889,4.0,2.0,4-2,0.667,2.0,1.0,2-1,0.667,12.0,1.0,12-1,0.923,1.0,1.0,1-1,0.5,11.0,,Maryland vs Ohio State,-11.0
2026,Maryland,Big Ten,1/12,9,12.0,12,8.0,-4.0,Falling,10,10,Falling,6,2,4,0.333,2026-02-10,2,401825274.0,2026-01-16T02:00Z,USC,Away,W,62.0,55.0,12.0,99.0,7.0,7.0,,,True,,https://a.espncdn.com/i/teamlogos/ncaa/500/120.png,https://a.espncdn.com/i/teamlogos/ncaa/500/30.png,Big Ten,MD,USC,ce1126,9d2235,2026-01-16,7.0,1.0,No Upset,Ranked vs Unranked,Close (6-10),Close,6-10,2.0,Unranked,Big Ten,2,1.0,1.0,-11.5,-23.0,7.0,-30.0,0.0,0.0,1.0,0.0,1.0,2.0,7,22,15,#7 – #22,None,,,,,,,,19.0,29.0,17.0,2.0,17-2,0.895,5.0,2.0,5-2,0.714,3.0,1.0,3-1,0.75,12.0,1.0,12-1,0.923,1.0,1.0,1-1,0.5,14.0,,Maryland vs USC,-14.0
2026,Maryland,Big Ten,1/12,9,12.0,12,8.0,-4.0,Falling,10,10,Falling,6,2,4,0.333,2026-02-10,2,401825278.0,2026-01-18T21:00Z,UCLA,Away,L,67.0,97.0,12.0,3.0,7.0,7.0,,,True,,https://a.espncdn.com/i/teamlogos/ncaa/500/120.png,https://a.espncdn.com/i/teamlogos/ncaa/500/26.png,Big Ten,MD,UCLA,ce1126,2774ae,2026-01-18,-30.0,0.0,No Upset,Top 25 Matchup,Blowout (20+),Blowout,20+,4.0,Top 5,Big Ten,2,1.0,1.0,-11.5,-23.0,7.0,-30.0,0.0,0.0,1.0,0.0,1.0,2.0,7,22,15,#7 – #22,None,,,,,,,,20.0,26.0,17.0,3.0,17-3,0.85,5.0,3.0,5-3,0.625,3.0,2.0,3-2,0.6,12.0,1.0,12-1,0.923,1.0,2.0,1-2,0.333,9.0,,Maryland vs UCLA,9.0
2026,Maryland,Big Ten,1/19,10,15.0,15,12.0,-3.0,Falling,11,11,Falling,6,2,4,0.333,2026-02-10,2,401825290.0,2026-01-22T23:00Z,Iowa,Home,L,78.0,85.0,15.0,10.0,7.0,7.0,,,True,,https://a.espncdn.com/i/teamlogos/ncaa/500/120.png,https://a.espncdn.com/i/teamlogos/ncaa/500/2294.png,Big Ten,MD,IOWA,ce1126,231f20,2026-01-22,-7.0,0.0,No Upset,Top 25 Matchup,Close (6-10),Close,6-10,2.0,Top 10,Big Ten,1,0.0,1.0,-7.0,-7.0,-7.0,-7.0,0.0,0.0,1.0,0.0,0.0,1.0,7,22,15,#7 – #22,None,,,,,,,,21.0,24.5,17.0,4.0,17-4,0.81,5.0,4.0,5-4,0.556,3.0,2.0,3-2,0.6,12.0,2.0,12-2,0.857,1.0,3.0,1-3,0.25,5.0,,Iowa vs Maryland,5.0
2026,Maryland,Big Ten,1/26,11,16.0,16,15.0,-1.0,Falling,12,12,Falling,6,2,4,0.333,2026-02-10,2,401825305.0,2026-01-29T00:00Z,Washington,Home,L,80.0,83.0,16.0,25.0,7.0,7.0,,,True,,https://a.espncdn.com/i/teamlogos/ncaa/500/120.png,https://a.espncdn.com/i/teamlogos/ncaa/500/264.png,Big Ten,MD,WASH,ce1126,33006f,2026-01-29,-3.0,0.0,No Upset,Top 25 Matchup,Nail-Biter (≤5),Nail-Biter,≤5,1.0,Top 25,Big Ten,2,0.0,2.0,-5.0,-10.0,-3.0,-7.0,1.0,0.0,1.0,1.0,0.0,2.0,7,22,15,#7 – #22,None,,,,,,,,22.0,23.2,17.0,5.0,17-5,0.773,5.0,5.0,5-5,0.5,3.0,2.0,3-2,0.6,12.0,3.0,12-3,0.8,1.0,4.0,1-4,0.2,9.0,,Maryland vs Washington,-9.0
2026,Maryland,Big Ten,1/26,11,16.0,16,15.0,-1.0,Falling,12,12,Falling,6,2,4,0.333,2026-02-10,2,401825310.0,2026-01-31T22:00Z,Oregon,Home,L,61.0,68.0,16.0,99.0,7.0,7.0,,,True,,https://a.espncdn.com/i/teamlogos/ncaa/500/120.png,https://a.espncdn.com/i/teamlogos/ncaa/500/2483.png,Big Ten,MD,ORE,ce1126,00934b,2026-01-31,-7.0,0.0,Upset Loss,Ranked vs Unranked,Close (6-10),Close,6-10,2.0,Unranked,Big Ten,2,0.0,2.0,-5.0,-10.0,-3.0,-7.0,1.0,0.0,1.0,1.0,0.0,2.0,7,22,15,#7 – #22,None,,,,,,,,23.0,21.9,17.0,6.0,17-6,0.739,5.0,6.0,5-6,0.455,3.0,2.0,3-2,0.6,12.0,4.0,12-4,0.75,1.0,4.0,1-4,0.2,10.0,#16 Maryland lost to Unranked Oregon,Maryland vs Oregon,-10.0
2026,Maryland,Big Ten,2/2,12,22.0,22,16.0,-6.0,Falling,13,13,Falling,6,2,4,0.333,2026-02-10,2,401825320.0,2026-02-04T23:30Z,Michigan State,Away,W,86.0,70.0,22.0,12.0,7.0,7.0,,,True,,https://a.espncdn.com/i/teamlogos/ncaa/500/120.png,https://a.espncdn.com/i/teamlogos/ncaa/500/127.png,Big Ten,MD,MSU,ce1126,173f35,2026-02-04,16.0,1.0,No Upset,Top 25 Matchup,Comfortable (11-20),Comfortable,11-20,3.0,Top 25,Big Ten,2,2.0,0.0,17.0,34.0,18.0,16.0,0.0,0.0,1.0,0.0,0.0,2.0,7,22,15,#7 – #22,None,,,,,,,,24.0,21.7,18.0,6.0,18-6,0.75,6.0,6.0,6-6,0.5,4.0,2.0,4-2,0.667,12.0,4.0,12-4,0.75,2.0,4.0,2-4,0.333,10.0,,Maryland vs Michigan State,10.0
2026,Maryland,Big Ten,2/2,12,22.0,22,16.0,-6.0,Falling,13,13,Falling,6,2,4,0.333,2026-02-10,2,401825327.0,2026-02-07T19:00Z,Nebraska,Away,W,78.0,60.0,22.0,99.0,7.0,7.0,,,True,,https://a.espncdn.com/i/teamlogos/ncaa/500/120.png,https://a.espncdn.com/i/teamlogos/ncaa/500/158.png,Big Ten,MD,NEB,ce1126,e31937,2026-02-07,18.0,1.0,No Upset,Ranked vs Unranked,Comfortable (11-20),Comfortable,11-20,3.0,Unranked,Big Ten,2,2.0,0.0,17.0,34.0,18.0,16.0,0.0,0.0,1.0,0.0,0.0,2.0,7,22,15,#7 – #22,None,,,,,,,,25.0,21.5,19.0,6.0,19-6,0.76,7.0,6.0,7-6,0.538,5.0,2.0,5-2,0.714,12.0,4.0,12-4,0.75,2.0,4.0,2-4,0.333,4.0,,Maryland vs Nebraska,-4.0
2026,Maryland,Big Ten,2/9,13,20.0,20,22.0,2.0,Rising,14,14,Falling,6,2,4,0.333,2026-02-10,2,,,,,,,,,,,,,,,,,,,,,,,,,,,,,,,,,,0,,,,,,,,,,,,,7,22,15,#7 – #22,None,,,,,,,,,,,,,,,,,,,,,,,,,,,,,,,,,
2026,Michigan,Big Ten,Pre,0,13.0,13,,,Unknown,1,1,Steady,6,3,3,0.5,2026-02-10,2,401813871.0,2025-11-05T00:00Z,Canisius,Home,W,100.0,40.0,13.0,99.0,7.0,13.0,,,False,,https://a.espncdn.com/i/teamlogos/ncaa/500/130.png,https://a.espncdn.com/i/teamlogos/ncaa/500/2099.png,,MICH,CAN,00274c,004a81,2025-11-05,60.0,1.0,No Upset,Ranked vs Unranked,Blowout (20+),Blowout,20+,4.0,Unranked,Other,2,2.0,0.0,44.5,89.0,60.0,29.0,0.0,0.0,0.0,0.0,2.0,0.0,6,14,8,#6 – #14,None,,,,,,,,1.0,60.0,1.0,0.0,1-0,1.0,0.0,0.0,0-0,,0.0,0.0,0-0,,1.0,0.0,1-0,1.0,0.0,0.0,0-0,,13.0,,Canisius vs Michigan,-13.0
2026,Michigan,Big Ten,Pre,0,13.0,13,,,Unknown,1,1,Steady,6,3,3,0.5,2026-02-10,2,401824075.0,2025-11-09T17:00Z,Harvard,Home,W,84.0,55.0,13.0,99.0,7.0,12.0,,,False,,https://a.espncdn.com/i/teamlogos/ncaa/500/130.png,https://a.espncdn.com/i/teamlogos/ncaa/500/108.png,,MICH,HARV,00274c,990000,2025-11-09,29.0,1.0,No Upset,Ranked vs Unranked,Blowout (20+),Blowout,20+,4.0,Unranked,Other,2,2.0,0.0,44.5,89.0,60.0,29.0,0.0,0.0,0.0,0.0,2.0,0.0,6,14,8,#6 – #14,None,,,,,,,,2.0,44.5,2.0,0.0,2-0,1.0,0.0,0.0,0-0,,0.0,0.0,0-0,,2.0,0.0,2-0,1.0,0.0,0.0,0-0,,13.0,,Harvard vs Michigan,-13.0
2026,Michigan,Big Ten,11/10,1,14.0,14,13.0,-1.0,Falling,2,2,Steady,6,3,3,0.5,2026-02-10,2,401825022.0,2025-11-15T21:00Z,Notre Dame,Neutral,W,93.0,54.0,14.0,18.0,7.0,2.0,,,False,Shamrock Classic,https://a.espncdn.com/i/teamlogos/ncaa/500/130.png,https://a.espncdn.com/i/teamlogos/ncaa/500/87.png,,MICH,ND,00274c,062340,2025-11-15,39.0,1.0,No Upset,Top 25 Matchup,Blowout (20+),Blowout,20+,4.0,Top 25,ACC,1,1.0,0.0,39.0,39.0,39.0,39.0,0.0,0.0,1.0,0.0,1.0,0.0,6,14,8,#6 – #14,None,,,,,,,,3.0,42.7,3.0,0.0,3-0,1.0,0.0,0.0,0-0,,0.0,0.0,0-0,,2.0,0.0,2-0,1.0,1.0,0.0,1-0,1.0,4.0,,Michigan vs Notre Dame,-4.0
2026,Michigan,Big Ten,11/17,2,6.0,6,14.0,8.0,Rising,3,3,Steady,6,3,3,0.5,2026-02-10,2,401823693.0,2025-11-19T00:00Z,Binghamton,Home,W,120.0,50.0,6.0,99.0,7.0,1.0,,,False,,https://a.espncdn.com/i/teamlogos/ncaa/500/130.png,https://a.espncdn.com/i/teamlogos/ncaa/500/2066.png,,MICH,BING,00274c,00614A,2025-11-19,70.0,1.0,No Upset,Ranked vs Unranked,Blowout (20+),Blowout,20+,4.0,Unranked,Other,3,2.0,1.0,31.0,93.0,70.0,-3.0,0.0,0.0,1.0,1.0,2.0,0.0,6,14,8,#6 – #14,None,,,,,,,,4.0,49.5,4.0,0.0,4-0,1.0,0.0,0.0,0-0,,0.0,0.0,0-0,,3.0,0.0,3-0,1.0,1.0,0.0,1-0,1.0,20.0,,Binghamton vs Michigan,-20.0
2026,Michigan,Big Ten,11/17,2,6.0,6,14.0,8.0,Rising,3,3,Steady,6,3,3,0.5,2026-02-10,2,401817385.0,2025-11-22T01:00Z,UConn,Neutral,L,69.0,72.0,6.0,1.0,7.0,4.0,,,False,Hall of Fame Women's Showcase,https://a.espncdn.com/i/teamlogos/ncaa/500/130.png,https://a.espncdn.com/i/teamlogos/ncaa/500/41.png,,MICH,CONN,00274c,0c2340,2025-11-22,-3.0,0.0,No Upset,Top 25 Matchup,Nail-Biter (≤5),Nail-Biter,≤5,1.0,Top 5,Big 12,3,2.0,1.0,31.0,93.0,70.0,-3.0,0.0,0.0,1.0,1.0,2.0,0.0,6,14,8,#6 – #14,None,,,,,,,,5.0,39.0,4.0,1.0,4-1,0.8,0.0,0.0,0-0,,0.0,0.0,0-0,,3.0,0.0,3-0,1.0,1.0,1.0,1-1,0.5,5.0,,Michigan vs UConn,5.0
2026,Michigan,Big Ten,11/17,2,6.0,6,14.0,8.0,Rising,3,3,Steady,6,3,3,0.5,2026-02-10,2,401823663.0,2025-11-23T17:00Z,Syracuse,Neutral,W,81.0,55.0,6.0,99.0,7.0,2.0,,,False,Hall of Fame Women's Showcase,https://a.espncdn.com/i/teamlogos/ncaa/500/130.png,https://a.espncdn.com/i/teamlogos/ncaa/500/183.png,,MICH,SYR,00274c,000e54,2025-11-23,26.0,1.0,No Upset,Ranked vs Unranked,Blowout (20+),Blowout,20+,4.0,Unranked,ACC,3,2.0,1.0,31.0,93.0,70.0,-3.0,0.0,0.0,1.0,1.0,2.0,0.0,6,14,8,#6 – #14,None,,,,,,,,6.0,36.8,5.0,1.0,5-1,0.833,0.0,0.0,0-0,,0.0,0.0,0-0,,3.0,0.0,3-0,1.0,1.0,1.0,1-1,0.5,20.0,,Michigan vs Syracuse,-20.0
2026,Michigan,Big Ten,11/24,3,6.0,6,6.0,0.0,Stable,4,4,Steady,6,3,3,0.5,2026-02-10,2,401824763.0,2025-11-26T22:00Z,Detroit Mercy,Away,W,102.0,53.0,6.0,99.0,7.0,45.0,,,False,,https://a.espncdn.com/i/teamlogos/ncaa/500/130.png,https://a.espncdn.com/i/teamlogos/ncaa/500/2174.png,,MICH,DETM,00274c,165b9e,2025-11-26,49.0,1.0,No Upset,Ranked vs Unranked,Blowout (20+),Blowout,20+,4.0,Unranked,Other,1,1.0,0.0,49.0,49.0,49.0,49.0,0.0,0.0,0.0,0.0,1.0,0.0,6,14,8,#6 – #14,None,,,,,,,,7.0,38.6,6.0,1.0,6-1,0.857,0.0,0.0,0-0,,1.0,0.0,1-0,1.0,3.0,0.0,3-0,1.0,1.0,1.0,1-1,0.5,20.0,,Detroit Mercy vs Michigan,-20.0
2026,Michigan,Big Ten,12/1,4,6.0,6,6.0,0.0,Stable,5,5,Steady,6,3,3,0.5,2026-02-10,2,401824221.0,2025-12-04T00:00Z,Central Michigan,Home,W,82.0,40.0,6.0,99.0,7.0,14.0,,,False,,https://a.espncdn.com/i/teamlogos/ncaa/500/130.png,https://a.espncdn.com/i/teamlogos/ncaa/500/2117.png,,MICH,CMU,00274c,4c0027,2025-12-04,42.0,1.0,No Upset,Ranked vs Unranked,Blowout (20+),Blowout,20+,4.0,Unranked,Other,2,2.0,0.0,45.0,90.0,48.0,42.0,0.0,0.0,0.0,0.0,2.0,1.0,6,14,8,#6 – #14,None,,,,,,,,8.0,39.0,7.0,1.0,7-1,0.875,0.0,0.0,0-0,,1.0,0.0,1-0,1.0,4.0,0.0,4-0,1.0,1.0,1.0,1-1,0.5,20.0,,Central Michigan vs Michigan,-20.0
2026,Michigan,Big Ten,12/1,4,6.0,6,6.0,0.0,Stable,5,5,Steady,6,3,3,0.5,2026-02-10,2,401825225.0,2025-12-07T17:00Z,Purdue,Home,W,104.0,56.0,6.0,99.0,7.0,7.0,,,True,,https://a.espncdn.com/i/teamlogos/ncaa/500/130.png,https://a.espncdn.com/i/teamlogos/ncaa/500/2509.png,Big Ten,MICH,PUR,00274c,ceb888,2025-12-07,48.0,1.0,No Upset,Ranked vs Unranked,Blowout (20+),Blowout,20+,4.0,Unranked,Big Ten,2,2.0,0.0,45.0,90.0,48.0,42.0,0.0,0.0,0.0,0.0,2.0,1.0,6,14,8,#6 – #14,None,,,,,,,,9.0,40.0,8.0,1.0,8-1,0.889,1.0,0.0,1-0,1.0,1.0,0.0,1-0,1.0,5.0,0.0,5-0,1.0,1.0,1.0,1-1,0.5,20.0,,Michigan vs Purdue,-20.0
2026,Michigan,Big Ten,12/8,5,6.0,6,6.0,0.0,Stable,6,6,Steady,6,3,3,0.5,2026-02-10,2,401820856.0,2025-12-13T17:00Z,Akron,Home,W,85.0,59.0,6.0,99.0,7.0,14.0,,,False,,https://a.espncdn.com/i/teamlogos/ncaa/500/130.png,https://a.espncdn.com/i/teamlogos/ncaa/500/2006.png,,MICH,AKR,00274c,041e42,2025-12-13,26.0,1.0,No Upset,Ranked vs Unranked,Blowout (20+),Blowout,20+,4.0,Unranked,Other,1,1.0,0.0,26.0,26.0,26.0,26.0,0.0,0.0,0.0,0.0,1.0,0.0,6,14,8,#6 – #14,None,,,,,,,,10.0,38.6,9.0,1.0,9-1,0.9,1.0,0.0,1-0,1.0,1.0,0.0,1-0,1.0,6.0,0.0,6-0,1.0,1.0,1.0,1-1,0.5,20.0,,Akron vs Michigan,-20.0
2026,Michigan,Big Ten,12/15,6,6.0,6,6.0,0.0,Stable,7,7,Steady,6,3,3,0.5,2026-02-10,2,401830362.0,2025-12-21T17:00Z,Oakland,Home,W,97.0,54.0,6.0,99.0,7.0,45.0,,,False,,https://a.espncdn.com/i/teamlogos/ncaa/500/130.png,https://a.espncdn.com/i/teamlogos/ncaa/500/2473.png,,MICH,OAK,00274c,04091c,2025-12-21,43.0,1.0,No Upset,Ranked vs Unranked,Blowout (20+),Blowout,20+,4.0,Unranked,Other,1,1.0,0.0,43.0,43.0,43.0,43.0,0.0,0.0,0.0,0.0,1.0,0.0,6,14,8,#6 – #14,None,,,,,,,,11.0,39.0,10.0,1.0,10-1,0.909,1.0,0.0,1-0,1.0,1.0,0.0,1-0,1.0,7.0,0.0,7-0,1.0,1.0,1.0,1-1,0.5,20.0,,Michigan vs Oakland,-20.0
2026,Michigan,Big Ten,12/22,7,6.0,6,6.0,0.0,Stable,8,8,Steady,6,3,3,0.5,2026-02-10,2,401825232.0,2025-12-30T02:00Z,Oregon,Away,W,92.0,87.0,6.0,99.0,7.0,7.0,,,True,,https://a.espncdn.com/i/teamlogos/ncaa/500/130.png,https://a.espncdn.com/i/teamlogos/ncaa/500/2483.png,Big Ten,MICH,ORE,00274c,00934b,2025-12-30,5.0,1.0,No Upset,Ranked vs Unranked,Nail-Biter (≤5),Nail-Biter,≤5,1.0,Unranked,Big Ten,2,1.0,1.0,-3.5,-7.0,5.0,-12.0,1.0,0.0,0.0,1.0,0.0,2.0,6,14,8,#6 – #14,None,,,,,,,,12.0,36.2,11.0,1.0,11-1,0.917,2.0,0.0,2-0,1.0,2.0,0.0,2-0,1.0,7.0,0.0,7-0,1.0,1.0,1.0,1-1,0.5,20.0,,Michigan vs Oregon,-20.0
2026,Michigan,Big Ten,12/22,7,6.0,6,6.0,0.0,Stable,8,8,Steady,6,3,3,0.5,2026-02-10,2,401825240.0,2026-01-01T23:00Z,Washington,Away,L,52.0,64.0,6.0,99.0,7.0,7.0,,,True,,https://a.espncdn.com/i/teamlogos/ncaa/500/130.png,https://a.espncdn.com/i/teamlogos/ncaa/500/264.png,Big Ten,MICH,WASH,00274c,33006f,2026-01-01,-12.0,0.0,Upset Loss,Ranked vs Unranked,Comfortable (11-20),Comfortable,11-20,3.0,Unranked,Big Ten,2,1.0,1.0,-3.5,-7.0,5.0,-12.0,1.0,0.0,0.0,1.0,0.0,2.0,6,14,8,#6 – #14,None,,,,,,,,13.0,32.5,11.0,2.0,11-2,0.846,2.0,1.0,2-1,0.667,2.0,1.0,2-1,0.667,7.0,0.0,7-0,1.0,1.0,1.0,1-1,0.5,20.0,#6 Michigan lost to Unranked Washington,Michigan vs Washington,-20.0
2026,Michigan,Big Ten,1/5,8,9.0,9,6.0,-3.0,Falling,9,9,Steady,6,3,3,0.5,2026-02-10,2,401825252.0,2026-01-05T23:30Z,Minnesota,Home,W,70.0,60.0,9.0,99.0,7.0,7.0,,,True,,https://a.espncdn.com/i/teamlogos/ncaa/500/130.png,https://a.espncdn.com/i/teamlogos/ncaa/500/135.png,Big Ten,MICH,MINN,00274c,5e0a2f,2026-01-05,10.0,1.0,No Upset,Ranked vs Unranked,Close (6-10),Close,6-10,2.0,Unranked,Big Ten,3,3.0,0.0,25.3,76.0,40.0,10.0,0.0,0.0,0.0,0.0,2.0,3.0,6,14,8,#6 – #14,None,,,,,,,,14.0,30.9,12.0,2.0,12-2,0.857,3.0,1.0,3-1,0.75,2.0,1.0,2-1,0.667,8.0,0.0,8-0,1.0,1.0,1.0,1-1,0.5,17.0,,Michigan vs Minnesota,-17.0
2026,Michigan,Big Ten,1/5,8,9.0,9,6.0,-3.0,Falling,9,9,Steady,6,3,3,0.5,2026-02-10,2,401825257.0,2026-01-08T23:00Z,Penn State,Away,W,105.0,65.0,9.0,99.0,7.0,7.0,,,True,,https://a.espncdn.com/i/teamlogos/ncaa/500/130.png,https://a.espncdn.com/i/teamlogos/ncaa/500/213.png,Big Ten,MICH,PSU,00274c,061440,2026-01-08,40.0,1.0,No Upset,Ranked vs Unranked,Blowout (20+),Blowout,20+,4.0,Unranked,Big Ten,3,3.0,0.0,25.3,76.0,40.0,10.0,0.0,0.0,0.0,0.0,2.0,3.0,6,14,8,#6 – #14,None,,,,,,,,15.0,31.5,13.0,2.0,13-2,0.867,4.0,1.0,4-1,0.8,3.0,1.0,3-1,0.75,8.0,0.0,8-0,1.0,1.0,1.0,1-1,0.5,17.0,,Michigan vs Penn State,-17.0
2026,Michigan,Big Ten,1/5,8,9.0,9,6.0,-3.0,Falling,9,9,Steady,6,3,3,0.5,2026-02-10,2,401825266.0,2026-01-11T19:00Z,Wisconsin,Home,W,86.0,60.0,9.0,99.0,7.0,7.0,,,True,,https://a.espncdn.com/i/teamlogos/ncaa/500/130.png,https://a.espncdn.com/i/teamlogos/ncaa/500/275.png,Big Ten,MICH,WIS,00274c,a00000,2026-01-11,26.0,1.0,No Upset,Ranked vs Unranked,Blowout (20+),Blowout,20+,4.0,Unranked,Big Ten,3,3.0,0.0,25.3,76.0,40.0,10.0,0.0,0.0,0.0,0.0,2.0,3.0,6,14,8,#6 – #14,None,,,,,,,,16.0,31.1,14.0,2.0,14-2,0.875,5.0,1.0,5-1,0.833,3.0,1.0,3-1,0.75,9.0,0.0,9-0,1.0,1.0,1.0,1-1,0.5,17.0,,Michigan vs Wisconsin,-17.0
2026,Michigan,Big Ten,1/12,9,8.0,8,9.0,1.0,Rising,10,10,Steady,6,3,3,0.5,2026-02-10,2,401825273.0,2026-01-16T00:00Z,Illinois,Home,W,85.0,69.0,8.0,25.0,7.0,7.0,,,True,,https://a.espncdn.com/i/teamlogos/ncaa/500/130.png,https://a.espncdn.com/i/teamlogos/ncaa/500/356.png,Big Ten,MICH,ILL,00274c,ff5f05,2026-01-16,16.0,1.0,No Upset,Top 25 Matchup,Comfortable (11-20),Comfortable,11-20,3.0,Top 25,Big Ten,1,1.0,0.0,16.0,16.0,16.0,16.0,0.0,0.0,1.0,0.0,0.0,1.0,6,14,8,#6 – #14,None,,,,,,,,17.0,30.2,15.0,2.0,15-2,0.882,6.0,1.0,6-1,0.857,3.0,1.0,3-1,0.75,10.0,0.0,10-0,1.0,2.0,1.0,2-1,0.667,17.0,,Illinois vs Michigan,-17.0
2026,Michigan,Big Ten,1/19,10,7.0,7,8.0,1.0,Rising,11,11,Steady,6,3,3,0.5,2026-02-10,2,401818615.0,2026-01-19T19:30Z,Vanderbilt,Neutral,L,69.0,72.0,7.0,5.0,7.0,23.0,,,False,Coretta Scott King Classic,https://a.espncdn.com/i/teamlogos/ncaa/500/130.png,https://a.espncdn.com/i/teamlogos/ncaa/500/238.png,,MICH,VAN,00274c,000000,2026-01-19,-3.0,0.0,No Upset,Top 25 Matchup,Nail-Biter (≤5),Nail-Biter,≤5,1.0,Top 5,SEC,3,2.0,1.0,12.3,37.0,34.0,-3.0,0.0,0.0,1.0,1.0,1.0,2.0,6,14,8,#6 – #14,None,,,,,,,,18.0,28.4,15.0,3.0,15-3,0.833,6.0,1.0,6-1,0.857,3.0,1.0,3-1,0.75,10.0,0.0,10-0,1.0,2.0,2.0,2-2,0.5,2.0,,Michigan vs Vanderbilt,2.0
2026,Michigan,Big Ten,1/19,10,7.0,7,8.0,1.0,Rising,11,11,Steady,6,3,3,0.5,2026-02-10,2,401825291.0,2026-01-22T23:00Z,Rutgers,Away,W,94.0,60.0,7.0,99.0,7.0,7.0,,,True,,https://a.espncdn.com/i/teamlogos/ncaa/500/130.png,https://a.espncdn.com/i/teamlogos/ncaa/500/164.png,Big Ten,MICH,RUTG,00274c,ce0e2d,2026-01-22,34.0,1.0,No Upset,Ranked vs Unranked,Blowout (20+),Blowout,20+,4.0,Unranked,Big Ten,3,2.0,1.0,12.3,37.0,34.0,-3.0,0.0,0.0,1.0,1.0,1.0,2.0,6,14,8,#6 – #14,None,,,,,,,,19.0,28.7,16.0,3.0,16-3,0.842,7.0,1.0,7-1,0.875,4.0,1.0,4-1,0.8,10.0,0.0,10-0,1.0,2.0,2.0,2-2,0.5,19.0,,Michigan vs Rutgers,-19.0
2026,Michigan,Big Ten,1/19,10,7.0,7,8.0,1.0,Rising,11,11,Steady,6,3,3,0.5,2026-02-10,2,401825299.0,2026-01-25T19:00Z,USC,Home,W,73.0,67.0,7.0,99.0,7.0,7.0,,,True,,https://a.espncdn.com/i/teamlogos/ncaa/500/130.png,https://a.espncdn.com/i/teamlogos/ncaa/500/30.png,Big Ten,MICH,USC,00274c,9d2235,2026-01-25,6.0,1.0,No Upset,Ranked vs Unranked,Close (6-10),Close,6-10,2.0,Unranked,Big Ten,3,2.0,1.0,12.3,37.0,34.0,-3.0,0.0,0.0,1.0,1.0,1.0,2.0,6,14,8,#6 – #14,None,,,,,,,,20.0,27.6,17.0,3.0,17-3,0.85,8.0,1.0,8-1,0.889,4.0,1.0,4-1,0.8,11.0,0.0,11-0,1.0,2.0,2.0,2-2,0.5,19.0,,Michigan vs USC,-19.0
2026,Michigan,Big Ten,1/26,11,9.0,9,7.0,-2.0,Falling,12,12,Steady,6,3,3,0.5,2026-02-10,2,401825307.0,2026-01-30T00:00Z,Indiana,Away,W,95.0,67.0,9.0,99.0,7.0,7.0,,,True,,https://a.espncdn.com/i/teamlogos/ncaa/500/130.png,https://a.espncdn.com/i/teamlogos/ncaa/500/84.png,Big Ten,MICH,IU,00274c,970310,2026-01-30,28.0,1.0,No Upset,Ranked vs Unranked,Blowout (20+),Blowout,20+,4.0,Unranked,Big Ten,2,2.0,0.0,15.5,31.0,28.0,3.0,0.0,0.0,1.0,1.0,1.0,2.0,6,14,8,#6 – #14,None,,,,,,,,21.0,27.6,18.0,3.0,18-3,0.857,9.0,1.0,9-1,0.9,5.0,1.0,5-1,0.833,11.0,0.0,11-0,1.0,2.0,2.0,2-2,0.5,17.0,,Indiana vs Michigan,-17.0
2026,Michigan,Big Ten,1/26,11,9.0,9,7.0,-2.0,Falling,12,12,Steady,6,3,3,0.5,2026-02-10,2,401825313.0,2026-02-01T17:00Z,Michigan State,Away,W,94.0,91.0,9.0,13.0,7.0,7.0,,,True,,https://a.espncdn.com/i/teamlogos/ncaa/500/130.png,https://a.espncdn.com/i/teamlogos/ncaa/500/127.png,Big Ten,MICH,MSU,00274c,173f35,2026-02-01,3.0,1.0,No Upset,Top 25 Matchup,Nail-Biter (≤5),Nail-Biter,≤5,1.0,Top 25,Big Ten,2,2.0,0.0,15.5,31.0,28.0,3.0,0.0,0.0,1.0,1.0,1.0,2.0,6,14,8,#6 – #14,None,,,,,,,,22.0,26.5,19.0,3.0,19-3,0.864,10.0,1.0,10-1,0.909,6.0,1.0,6-1,0.857,11.0,0.0,11-0,1.0,3.0,2.0,3-2,0.6,4.0,,Michigan vs Michigan State,-4.0
2026,Michigan,Big Ten,2/2,12,8.0,8,9.0,1.0,Rising,13,13,Steady,6,3,3,0.5,2026-02-10,2,401825321.0,2026-02-05T00:00Z,Nebraska,Home,W,88.0,76.0,8.0,99.0,7.0,7.0,,,True,,https://a.espncdn.com/i/teamlogos/ncaa/500/130.png,https://a.espncdn.com/i/teamlogos/ncaa/500/158.png,Big Ten,MICH,NEB,00274c,e31937,2026-02-05,12.0,1.0,No Upset,Ranked vs Unranked,Comfortable (11-20),Comfortable,11-20,3.0,Unranked,Big Ten,2,1.0,1.0,4.5,9.0,12.0,-3.0,0.0,0.0,1.0,1.0,0.0,2.0,6,14,8,#6 – #14,None,,,,,,,,23.0,25.8,20.0,3.0,20-3,0.87,11.0,1.0,11-1,0.917,6.0,1.0,6-1,0.857,12.0,0.0,12-0,1.0,3.0,2.0,3-2,0.6,18.0,,Michigan vs Nebraska,-18.0
2026,Michigan,Big Ten,2/2,12,8.0,8,9.0,1.0,Rising,13,13,Steady,6,3,3,0.5,2026-02-10,2,401825332.0,2026-02-08T20:00Z,UCLA,Home,L,66.0,69.0,8.0,2.0,7.0,7.0,,,True,,https://a.espncdn.com/i/teamlogos/ncaa/500/130.png,https://a.espncdn.com/i/teamlogos/ncaa/500/26.png,Big Ten,MICH,UCLA,00274c,2774ae,2026-02-08,-3.0,0.0,No Upset,Top 25 Matchup,Nail-Biter (≤5),Nail-Biter,≤5,1.0,Top 5,Big Ten,2,1.0,1.0,4.5,9.0,12.0,-3.0,0.0,0.0,1.0,1.0,0.0,2.0,6,14,8,#6 – #14,None,,,,,,,,24.0,24.6,20.0,4.0,20-4,0.833,11.0,2.0,11-2,0.846,6.0,1.0,6-1,0.857,12.0,1.0,12-1,0.923,3.0,3.0,3-3,0.5,6.0,,Michigan vs UCLA,6.0
2026,Michigan,Big Ten,2/9,13,7.0,7,8.0,1.0,Rising,14,14,Steady,6,3,3,0.5,2026-02-10,2,,,,,,,,,,,,,,,,,,,,,,,,,,,,,,,,,,0,,,,,,,,,,,,,6,14,8,#6 – #14,None,,,,,,,,,,,,,,,,,,,,,,,,,,,,,,,,,
2026,Michigan State,Big Ten,Pre,0,23.0,23,,,Unknown,1,1,Surging,6,3,3,0.5,2026-02-10,2,401825822.0,2025-11-04T23:30Z,Mercyhurst,Home,W,125.0,39.0,23.0,99.0,7.0,19.0,,,False,,https://a.espncdn.com/i/teamlogos/ncaa/500/127.png,https://a.espncdn.com/i/teamlogos/ncaa/500/2385.png,,MSU,MERC,173f35,000000,2025-11-04,86.0,1.0,No Upset,Ranked vs Unranked,Blowout (20+),Blowout,20+,4.0,Unranked,Other,2,2.0,0.0,59.0,118.0,86.0,32.0,0.0,0.0,0.0,0.0,2.0,0.0,12,25,13,#12 – #25,None,,,,,,,,1.0,86.0,1.0,0.0,1-0,1.0,0.0,0.0,0-0,,0.0,0.0,0-0,,1.0,0.0,1-0,1.0,0.0,0.0,0-0,,3.0,,Mercyhurst vs Michigan State,-3.0
2026,Michigan State,Big Ten,Pre,0,23.0,23,,,Unknown,1,1,Surging,6,3,3,0.5,2026-02-10,2,401825977.0,2025-11-09T19:00Z,Eastern Michigan,Home,W,92.0,60.0,23.0,99.0,7.0,14.0,,,False,,https://a.espncdn.com/i/teamlogos/ncaa/500/127.png,https://a.espncdn.com/i/teamlogos/ncaa/500/2199.png,,MSU,EMU,173f35,006938,2025-11-09,32.0,1.0,No Upset,Ranked vs Unranked,Blowout (20+),Blowout,20+,4.0,Unranked,Other,2,2.0,0.0,59.0,118.0,86.0,32.0,0.0,0.0,0.0,0.0,2.0,0.0,12,25,13,#12 – #25,None,,,,,,,,2.0,59.0,2.0,0.0,2-0,1.0,0.0,0.0,0-0,,0.0,0.0,0-0,,2.0,0.0,2-0,1.0,0.0,0.0,0-0,,3.0,,Eastern Michigan vs Michigan State,-3.0
2026,Michigan State,Big Ten,11/10,1,24.0,24,23.0,-1.0,Falling,2,2,Surging,6,3,3,0.5,2026-02-10,2,401825978.0,2025-11-12T23:30Z,Youngstown State,Home,W,96.0,52.0,24.0,99.0,7.0,45.0,,,False,,https://a.espncdn.com/i/teamlogos/ncaa/500/127.png,https://a.espncdn.com/i/teamlogos/ncaa/500/2754.png,,MSU,YSU,173f35,E51937,2025-11-12,44.0,1.0,No Upset,Ranked vs Unranked,Blowout (20+),Blowout,20+,4.0,Unranked,Other,2,2.0,0.0,49.0,98.0,54.0,44.0,0.0,0.0,0.0,0.0,2.0,0.0,12,25,13,#12 – #25,None,,,,,,,,3.0,54.0,3.0,0.0,3-0,1.0,0.0,0.0,0-0,,0.0,0.0,0-0,,3.0,0.0,3-0,1.0,0.0,0.0,0-0,,2.0,,Michigan State vs Youngstown State,-2.0
2026,Michigan State,Big Ten,11/10,1,24.0,24,23.0,-1.0,Falling,2,2,Surging,6,3,3,0.5,2026-02-10,2,401825979.0,2025-11-16T19:00Z,Western Michigan,Home,W,98.0,44.0,24.0,99.0,7.0,14.0,,,False,,https://a.espncdn.com/i/teamlogos/ncaa/500/127.png,https://a.espncdn.com/i/teamlogos/ncaa/500/2711.png,,MSU,WMU,173f35,532e1f,2025-11-16,54.0,1.0,No Upset,Ranked vs Unranked,Blowout (20+),Blowout,20+,4.0,Unranked,Other,2,2.0,0.0,49.0,98.0,54.0,44.0,0.0,0.0,0.0,0.0,2.0,0.0,12,25,13,#12 – #25,None,,,,,,,,4.0,54.0,4.0,0.0,4-0,1.0,0.0,0.0,0-0,,0.0,0.0,0-0,,4.0,0.0,4-0,1.0,0.0,0.0,0-0,,2.0,,Michigan State vs Western Michigan,-2.0
2026,Michigan State,Big Ten,11/17,2,22.0,22,24.0,2.0,Rising,3,3,Surging,6,3,3,0.5,2026-02-10,2,401825980.0,2025-11-20T23:30Z,Eastern Illinois,Home,W,101.0,53.0,22.0,99.0,7.0,20.0,,,False,,https://a.espncdn.com/i/teamlogos/ncaa/500/127.png,https://a.espncdn.com/i/teamlogos/ncaa/500/2197.png,,MSU,EIU,173f35,000000,2025-11-20,48.0,1.0,No Upset,Ranked vs Unranked,Blowout (20+),Blowout,20+,4.0,Unranked,Ivy League,2,2.0,0.0,54.5,109.0,61.0,48.0,0.0,0.0,0.0,0.0,2.0,0.0,12,25,13,#12 – #25,None,,,,,,,,5.0,52.8,5.0,0.0,5-0,1.0,0.0,0.0,0-0,,0.0,0.0,0-0,,5.0,0.0,5-0,1.0,0.0,0.0,0-0,,4.0,,Eastern Illinois vs Michigan State,-4.0
2026,Michigan State,Big Ten,11/17,2,22.0,22,24.0,2.0,Rising,3,3,Surging,6,3,3,0.5,2026-02-10,2,401825981.0,2025-11-23T19:00Z,Oakland,Home,W,102.0,41.0,22.0,99.0,7.0,45.0,,,False,,https://a.espncdn.com/i/teamlogos/ncaa/500/127.png,https://a.espncdn.com/i/teamlogos/ncaa/500/2473.png,,MSU,OAK,173f35,04091c,2025-11-23,61.0,1.0,No Upset,Ranked vs Unranked,Blowout (20+),Blowout,20+,4.0,Unranked,Other,2,2.0,0.0,54.5,109.0,61.0,48.0,0.0,0.0,0.0,0.0,2.0,0.0,12,25,13,#12 – #25,None,,,,,,,,6.0,54.2,6.0,0.0,6-0,1.0,0.0,0.0,0-0,,0.0,0.0,0-0,,6.0,0.0,6-0,1.0,0.0,0.0,0-0,,4.0,,Michigan State vs Oakland,-4.0
2026,Michigan State,Big Ten,11/24,3,20.0,20,22.0,2.0,Rising,4,4,Surging,6,3,3,0.5,2026-02-10,2,401824459.0,2025-11-28T23:30Z,Temple,Neutral,W,85.0,50.0,20.0,99.0,7.0,62.0,,,False,Baha Mar Nassau Championship - Junkanoo Division,https://a.espncdn.com/i/teamlogos/ncaa/500/127.png,https://a.espncdn.com/i/teamlogos/ncaa/500/218.png,,MSU,TEM,173f35,a41e35,2025-11-28,35.0,1.0,No Upset,Ranked vs Unranked,Blowout (20+),Blowout,20+,4.0,Unranked,Other,2,2.0,0.0,21.5,43.0,35.0,8.0,0.0,0.0,0.0,0.0,1.0,0.0,12,25,13,#12 – #25,None,,,,,,,,7.0,51.4,7.0,0.0,7-0,1.0,0.0,0.0,0-0,,0.0,0.0,0-0,,6.0,0.0,6-0,1.0,0.0,0.0,0-0,,6.0,,Michigan State vs Temple,-6.0
2026,Michigan State,Big Ten,11/24,3,20.0,20,22.0,2.0,Rising,4,4,Surging,6,3,3,0.5,2026-02-10,2,401824463.0,2025-11-30T23:30Z,Clemson,Neutral,W,72.0,64.0,20.0,99.0,7.0,2.0,,,False,Baha Mar Nassau Championship - Junkanoo Division - Championship,https://a.espncdn.com/i/teamlogos/ncaa/500/127.png,https://a.espncdn.com/i/teamlogos/ncaa/500/228.png,,MSU,CLEM,173f35,f56600,2025-11-30,8.0,1.0,No Upset,Ranked vs Unranked,Close (6-10),Close,6-10,2.0,Unranked,ACC,2,2.0,0.0,21.5,43.0,35.0,8.0,0.0,0.0,0.0,0.0,1.0,0.0,12,25,13,#12 – #25,None,,,,,,,,8.0,46.0,8.0,0.0,8-0,1.0,0.0,0.0,0-0,,0.0,0.0,0-0,,6.0,0.0,6-0,1.0,0.0,0.0,0-0,,6.0,,Clemson vs Michigan State,-6.0
2026,Michigan State,Big Ten,12/1,4,20.0,20,20.0,0.0,Stable,5,5,Surging,6,3,3,0.5,2026-02-10,2,401825223.0,2025-12-07T23:00Z,Wisconsin,Away,L,64.0,78.0,20.0,99.0,7.0,7.0,,,True,,https://a.espncdn.com/i/teamlogos/ncaa/500/127.png,https://a.espncdn.com/i/teamlogos/ncaa/500/275.png,Big Ten,MSU,WIS,173f35,a00000,2025-12-07,-14.0,0.0,Upset Loss,Ranked vs Unranked,Comfortable (11-20),Comfortable,11-20,3.0,Unranked,Big Ten,1,0.0,1.0,-14.0,-14.0,-14.0,-14.0,1.0,0.0,0.0,0.0,0.0,1.0,12,25,13,#12 – #25,None,,,,,,,,9.0,39.3,8.0,1.0,8-1,0.889,0.0,1.0,0-1,0.0,0.0,1.0,0-1,0.0,6.0,0.0,6-0,1.0,0.0,0.0,0-0,,6.0,#20 Michigan State lost to Unranked Wisconsin,Michigan State vs Wisconsin,-6.0
2026,Michigan State,Big Ten,12/8,5,25.0,25,20.0,-5.0,Falling,6,6,Surging,6,3,3,0.5,2026-02-10,2,401822233.0,2025-12-14T22:30Z,DePaul,Away,W,90.0,46.0,25.0,99.0,7.0,4.0,,,False,,https://a.espncdn.com/i/teamlogos/ncaa/500/127.png,https://a.espncdn.com/i/teamlogos/ncaa/500/305.png,,MSU,DEP,173f35,2d649c,2025-12-14,44.0,1.0,No Upset,Ranked vs Unranked,Blowout (20+),Blowout,20+,4.0,Unranked,Big 12,1,1.0,0.0,44.0,44.0,44.0,44.0,0.0,0.0,0.0,0.0,1.0,0.0,12,25,13,#12 – #25,None,,,,,,,,10.0,39.8,9.0,1.0,9-1,0.9,0.0,1.0,0-1,0.0,1.0,1.0,1-1,0.5,6.0,0.0,6-0,1.0,0.0,0.0,0-0,,1.0,,DePaul vs Michigan State,-1.0
2026,Michigan State,Big Ten,12/15,6,24.0,24,25.0,1.0,Rising,7,7,Surging,6,3,3,0.5,2026-02-10,2,401825983.0,2025-12-21T22:00Z,Indiana State,Neutral,W,115.0,66.0,24.0,99.0,7.0,18.0,,,False,Cherokee Invitational,https://a.espncdn.com/i/teamlogos/ncaa/500/127.png,https://a.espncdn.com/i/teamlogos/ncaa/500/282.png,,MSU,INST,173f35,00669a,2025-12-21,49.0,1.0,No Upset,Ranked vs Unranked,Blowout (20+),Blowout,20+,4.0,Unranked,Other,1,1.0,0.0,49.0,49.0,49.0,49.0,0.0,0.0,0.0,0.0,1.0,0.0,12,25,13,#12 – #25,None,,,,,,,,11.0,40.6,10.0,1.0,10-1,0.909,0.0,1.0,0-1,0.0,1.0,1.0,1-1,0.5,6.0,0.0,6-0,1.0,0.0,0.0,0-0,,2.0,,Indiana State vs Michigan State,-2.0
2026,Michigan State,Big Ten,12/22,7,24.0,24,24.0,0.0,Stable,8,8,Surging,6,3,3,0.5,2026-02-10,2,401831295.0,2025-12-23T00:30Z,Ole Miss,Neutral,W,66.0,49.0,24.0,15.0,7.0,23.0,,,False,Cherokee Invitational,https://a.espncdn.com/i/teamlogos/ncaa/500/127.png,https://a.espncdn.com/i/teamlogos/ncaa/500/145.png,,MSU,MISS,173f35,13294b,2025-12-23,17.0,1.0,No Upset,Top 25 Matchup,Comfortable (11-20),Comfortable,11-20,3.0,Top 25,SEC,4,4.0,0.0,12.2,49.0,20.0,6.0,0.0,0.0,1.0,0.0,0.0,3.0,12,25,13,#12 – #25,None,,,,,,,,12.0,38.7,11.0,1.0,11-1,0.917,0.0,1.0,0-1,0.0,1.0,1.0,1-1,0.5,6.0,0.0,6-0,1.0,1.0,0.0,1-0,1.0,9.0,,Michigan State vs Ole Miss,9.0
2026,Michigan State,Big Ten,12/22,7,24.0,24,24.0,0.0,Stable,8,8,Surging,6,3,3,0.5,2026-02-10,2,401825230.0,2025-12-28T19:00Z,Rutgers,Home,W,70.0,64.0,24.0,99.0,7.0,7.0,,,True,,https://a.espncdn.com/i/teamlogos/ncaa/500/127.png,https://a.espncdn.com/i/teamlogos/ncaa/500/164.png,Big Ten,MSU,RUTG,173f35,ce0e2d,2025-12-28,6.0,1.0,No Upset,Ranked vs Unranked,Close (6-10),Close,6-10,2.0,Unranked,Big Ten,4,4.0,0.0,12.2,49.0,20.0,6.0,0.0,0.0,1.0,0.0,0.0,3.0,12,25,13,#12 – #25,None,,,,,,,,13.0,36.2,12.0,1.0,12-1,0.923,1.0,1.0,1-1,0.5,1.0,1.0,1-1,0.5,7.0,0.0,7-0,1.0,1.0,0.0,1-0,1.0,2.0,,Michigan State vs Rutgers,-2.0
2026,Michigan State,Big Ten,12/22,7,24.0,24,24.0,0.0,Stable,8,8,Surging,6,3,3,0.5,2026-02-10,2,401825241.0,2026-01-01T17:00Z,Indiana,Away,W,80.0,60.0,24.0,99.0,7.0,7.0,,,True,,https://a.espncdn.com/i/teamlogos/ncaa/500/127.png,https://a.espncdn.com/i/teamlogos/ncaa/500/84.png,Big Ten,MSU,IU,173f35,970310,2026-01-01,20.0,1.0,No Upset,Ranked vs Unranked,Comfortable (11-20),Comfortable,11-20,3.0,Unranked,Big Ten,4,4.0,0.0,12.2,49.0,20.0,6.0,0.0,0.0,1.0,0.0,0.0,3.0,12,25,13,#12 – #25,None,,,,,,,,14.0,35.0,13.0,1.0,13-1,0.929,2.0,1.0,2-1,0.667,2.0,1.0,2-1,0.667,7.0,0.0,7-0,1.0,1.0,0.0,1-0,1.0,2.0,,Indiana vs Michigan State,-2.0
2026,Michigan State,Big Ten,12/22,7,24.0,24,24.0,0.0,Stable,8,8,Surging,6,3,3,0.5,2026-02-10,2,401825246.0,2026-01-04T17:00Z,Illinois,Home,W,81.0,75.0,24.0,99.0,7.0,7.0,,,True,,https://a.espncdn.com/i/teamlogos/ncaa/500/127.png,https://a.espncdn.com/i/teamlogos/ncaa/500/356.png,Big Ten,MSU,ILL,173f35,ff5f05,2026-01-04,6.0,1.0,No Upset,Ranked vs Unranked,Close (6-10),Close,6-10,2.0,Unranked,Big Ten,4,4.0,0.0,12.2,49.0,20.0,6.0,0.0,0.0,1.0,0.0,0.0,3.0,12,25,13,#12 – #25,None,,,,,,,,15.0,33.1,14.0,1.0,14-1,0.933,3.0,1.0,3-1,0.75,2.0,1.0,2-1,0.667,8.0,0.0,8-0,1.0,1.0,0.0,1-0,1.0,2.0,,Illinois vs Michigan State,-2.0
2026,Michigan State,Big Ten,1/5,8,15.0,15,24.0,9.0,Rising,9,9,Surging,6,3,3,0.5,2026-02-10,2,401825258.0,2026-01-09T02:00Z,Washington,Away,W,82.0,67.0,15.0,23.0,7.0,7.0,,,True,,https://a.espncdn.com/i/teamlogos/ncaa/500/127.png,https://a.espncdn.com/i/teamlogos/ncaa/500/264.png,Big Ten,MSU,WASH,173f35,33006f,2026-01-09,15.0,1.0,No Upset,Top 25 Matchup,Comfortable (11-20),Comfortable,11-20,3.0,Top 25,Big Ten,2,2.0,0.0,9.5,19.0,15.0,4.0,0.0,0.0,1.0,1.0,0.0,2.0,12,25,13,#12 – #25,None,,,,,,,,16.0,31.9,15.0,1.0,15-1,0.938,4.0,1.0,4-1,0.8,3.0,1.0,3-1,0.75,8.0,0.0,8-0,1.0,2.0,0.0,2-0,1.0,8.0,,Michigan State vs Washington,-8.0
2026,Michigan State,Big Ten,1/5,8,15.0,15,24.0,9.0,Rising,9,9,Surging,6,3,3,0.5,2026-02-10,2,401825263.0,2026-01-11T22:00Z,Oregon,Away,W,85.0,81.0,15.0,99.0,7.0,7.0,,,True,,https://a.espncdn.com/i/teamlogos/ncaa/500/127.png,https://a.espncdn.com/i/teamlogos/ncaa/500/2483.png,Big Ten,MSU,ORE,173f35,00934b,2026-01-11,4.0,1.0,No Upset,Ranked vs Unranked,Nail-Biter (≤5),Nail-Biter,≤5,1.0,Unranked,Big Ten,2,2.0,0.0,9.5,19.0,15.0,4.0,0.0,0.0,1.0,1.0,0.0,2.0,12,25,13,#12 – #25,None,,,,,,,,17.0,30.3,16.0,1.0,16-1,0.941,5.0,1.0,5-1,0.833,4.0,1.0,4-1,0.8,8.0,0.0,8-0,1.0,2.0,0.0,2-0,1.0,11.0,,Michigan State vs Oregon,-11.0
2026,Michigan State,Big Ten,1/12,9,15.0,15,15.0,0.0,Stable,10,10,Surging,6,3,3,0.5,2026-02-10,2,401825275.0,2026-01-16T00:00Z,Nebraska,Home,W,73.0,71.0,15.0,24.0,7.0,7.0,,,True,,https://a.espncdn.com/i/teamlogos/ncaa/500/127.png,https://a.espncdn.com/i/teamlogos/ncaa/500/158.png,Big Ten,MSU,NEB,173f35,e31937,2026-01-16,2.0,1.0,No Upset,Top 25 Matchup,Nail-Biter (≤5),Nail-Biter,≤5,1.0,Top 25,Big Ten,1,1.0,0.0,2.0,2.0,2.0,2.0,0.0,0.0,1.0,1.0,0.0,1.0,12,25,13,#12 – #25,None,,,,,,,,18.0,28.7,17.0,1.0,17-1,0.944,6.0,1.0,6-1,0.857,4.0,1.0,4-1,0.8,9.0,0.0,9-0,1.0,3.0,0.0,3-0,1.0,9.0,,Michigan State vs Nebraska,-9.0
2026,Michigan State,Big Ten,1/19,10,13.0,13,15.0,2.0,Rising,11,11,Surging,6,3,3,0.5,2026-02-10,2,401825279.0,2026-01-19T01:00Z,Iowa,Away,L,68.0,75.0,15.0,11.0,7.0,7.0,,,True,,https://a.espncdn.com/i/teamlogos/ncaa/500/127.png,https://a.espncdn.com/i/teamlogos/ncaa/500/2294.png,Big Ten,MSU,IOWA,173f35,231f20,2026-01-19,-7.0,0.0,No Upset,Top 25 Matchup,Close (6-10),Close,6-10,2.0,Top 25,Big Ten,2,1.0,1.0,-0.5,-1.0,6.0,-7.0,0.0,0.0,1.0,0.0,0.0,2.0,12,25,13,#12 – #25,None,,,,,,,,19.0,26.8,17.0,2.0,17-2,0.895,6.0,2.0,6-2,0.75,4.0,2.0,4-2,0.667,9.0,0.0,9-0,1.0,3.0,1.0,3-1,0.75,4.0,,Iowa vs Michigan State,4.0
2026,Michigan State,Big Ten,1/19,10,13.0,13,15.0,2.0,Rising,11,11,Surging,6,3,3,0.5,2026-02-10,2,401825292.0,2026-01-23T01:00Z,USC,Home,W,74.0,68.0,13.0,99.0,7.0,7.0,,,True,,https://a.espncdn.com/i/teamlogos/ncaa/500/127.png,https://a.espncdn.com/i/teamlogos/ncaa/500/30.png,Big Ten,MSU,USC,173f35,9d2235,2026-01-23,6.0,1.0,No Upset,Ranked vs Unranked,Close (6-10),Close,6-10,2.0,Unranked,Big Ten,2,1.0,1.0,-0.5,-1.0,6.0,-7.0,0.0,0.0,1.0,0.0,0.0,2.0,12,25,13,#12 – #25,None,,,,,,,,20.0,25.8,18.0,2.0,18-2,0.9,7.0,2.0,7-2,0.778,4.0,2.0,4-2,0.667,10.0,0.0,10-0,1.0,3.0,1.0,3-1,0.75,13.0,,Michigan State vs USC,-13.0
2026,Michigan State,Big Ten,1/26,11,13.0,13,13.0,0.0,Stable,12,12,Surging,6,3,3,0.5,2026-02-10,2,401825309.0,2026-01-29T23:00Z,Purdue,Away,W,86.0,65.0,13.0,99.0,7.0,7.0,,,True,,https://a.espncdn.com/i/teamlogos/ncaa/500/127.png,https://a.espncdn.com/i/teamlogos/ncaa/500/2509.png,Big Ten,MSU,PUR,173f35,ceb888,2026-01-29,21.0,1.0,No Upset,Ranked vs Unranked,Blowout (20+),Blowout,20+,4.0,Unranked,Big Ten,2,1.0,1.0,9.0,18.0,21.0,-3.0,0.0,0.0,1.0,1.0,1.0,2.0,12,25,13,#12 – #25,None,,,,,,,,21.0,25.6,19.0,2.0,19-2,0.905,8.0,2.0,8-2,0.8,5.0,2.0,5-2,0.714,10.0,0.0,10-0,1.0,3.0,1.0,3-1,0.75,13.0,,Michigan State vs Purdue,-13.0
2026,Michigan State,Big Ten,1/26,11,13.0,13,13.0,0.0,Stable,12,12,Surging,6,3,3,0.5,2026-02-10,2,401825313.0,2026-02-01T17:00Z,Michigan,Home,L,91.0,94.0,13.0,9.0,7.0,7.0,,,True,,https://a.espncdn.com/i/teamlogos/ncaa/500/127.png,https://a.espncdn.com/i/teamlogos/ncaa/500/130.png,Big Ten,MSU,MICH,173f35,00274c,2026-02-01,-3.0,0.0,No Upset,Top 25 Matchup,Nail-Biter (≤5),Nail-Biter,≤5,1.0,Top 10,Big Ten,2,1.0,1.0,9.0,18.0,21.0,-3.0,0.0,0.0,1.0,1.0,1.0,2.0,12,25,13,#12 – #25,None,,,,,,,,22.0,24.3,19.0,3.0,19-3,0.864,8.0,3.0,8-3,0.727,5.0,2.0,5-2,0.714,10.0,1.0,10-1,0.909,3.0,2.0,3-2,0.6,4.0,,Michigan vs Michigan State,4.0
2026,Michigan State,Big Ten,2/2,12,12.0,12,13.0,1.0,Rising,13,13,Surging,6,3,3,0.5,2026-02-10,2,401825320.0,2026-02-04T23:30Z,Maryland,Home,L,70.0,86.0,12.0,22.0,7.0,7.0,,,True,,https://a.espncdn.com/i/teamlogos/ncaa/500/127.png,https://a.espncdn.com/i/teamlogos/ncaa/500/120.png,Big Ten,MSU,MD,173f35,ce1126,2026-02-04,-16.0,0.0,No Upset,Top 25 Matchup,Comfortable (11-20),Comfortable,11-20,3.0,Top 25,Big Ten,2,1.0,1.0,-2.5,-5.0,11.0,-16.0,0.0,0.0,1.0,0.0,0.0,2.0,12,25,13,#12 – #25,None,,,,,,,,23.0,22.5,19.0,4.0,19-4,0.826,8.0,4.0,8-4,0.667,5.0,2.0,5-2,0.714,10.0,2.0,10-2,0.833,3.0,3.0,3-3,0.5,10.0,,Maryland vs Michigan State,-10.0
2026,Michigan State,Big Ten,2/2,12,12.0,12,13.0,1.0,Rising,13,13,Surging,6,3,3,0.5,2026-02-10,2,401825328.0,2026-02-07T18:00Z,Penn State,Away,W,81.0,70.0,12.0,99.0,7.0,7.0,,,True,,https://a.espncdn.com/i/teamlogos/ncaa/500/127.png,https://a.espncdn.com/i/teamlogos/ncaa/500/213.png,Big Ten,MSU,PSU,173f35,061440,2026-02-07,11.0,1.0,No Upset,Ranked vs Unranked,Comfortable (11-20),Comfortable,11-20,3.0,Unranked,Big Ten,2,1.0,1.0,-2.5,-5.0,11.0,-16.0,0.0,0.0,1.0,0.0,0.0,2.0,12,25,13,#12 – #25,None,,,,,,,,24.0,22.0,20.0,4.0,20-4,0.833,9.0,4.0,9-4,0.692,6.0,2.0,6-2,0.75,10.0,2.0,10-2,0.833,3.0,3.0,3-3,0.5,14.0,,Michigan State vs Penn State,-14.0
2026,Michigan State,Big Ten,2/9,13,13.0,13,12.0,-1.0,Falling,14,14,Surging,6,3,3,0.5,2026-02-10,2,,,,,,,,,,,,,,,,,,,,,,,,,,,,,,,,,,0,,,,,,,,,,,,,12,25,13,#12 – #25,None,,,,,,,,,,,,,,,,,,,,,,,,,,,,,,,,,
2026,NC State,ACC,Pre,0,9.0,9,,,Unknown,1,1,Unranked,6,1,5,0.167,2026-02-10,2,401817573.0,2025-11-04T21:00Z,Tennessee,Neutral,W,80.0,77.0,9.0,8.0,2.0,23.0,,,False,Ro Greensboro Invitational,https://a.espncdn.com/i/teamlogos/ncaa/500/152.png,https://a.espncdn.com/i/teamlogos/ncaa/500/2633_ncw.png,,NCSU,TENN,cc0000,ff8200,2025-11-04,3.0,1.0,No Upset,Top 25 Matchup,Nail-Biter (≤5),Nail-Biter,≤5,1.0,Top 10,SEC,2,1.0,1.0,1.0,2.0,3.0,-1.0,0.0,0.0,2.0,2.0,0.0,0.0,9,25,16,#9 – #25,None,,,,,,,,1.0,3.0,1.0,0.0,1-0,1.0,0.0,0.0,0-0,,0.0,0.0,0-0,,0.0,0.0,0-0,,1.0,0.0,1-0,1.0,1.0,,NC State vs Tennessee,1.0
2026,NC State,ACC,Pre,0,9.0,9,,,Unknown,1,1,Unranked,6,1,5,0.167,2026-02-10,2,401817574.0,2025-11-09T20:00Z,USC,Neutral,L,68.0,69.0,9.0,18.0,2.0,7.0,,,False,Ally Tipoff,https://a.espncdn.com/i/teamlogos/ncaa/500/152.png,https://a.espncdn.com/i/teamlogos/ncaa/500/30.png,,NCSU,USC,cc0000,9d2235,2025-11-09,-1.0,0.0,No Upset,Top 25 Matchup,Nail-Biter (≤5),Nail-Biter,≤5,1.0,Top 25,Big Ten,2,1.0,1.0,1.0,2.0,3.0,-1.0,0.0,0.0,2.0,2.0,0.0,0.0,9,25,16,#9 – #25,None,,,,,,,,2.0,1.0,1.0,1.0,1-1,0.5,0.0,0.0,0-0,,0.0,0.0,0-0,,0.0,0.0,0-0,,1.0,1.0,1-1,0.5,9.0,,NC State vs USC,-9.0
2026,NC State,ACC,11/10,1,10.0,10,9.0,-1.0,Falling,2,2,Unranked,6,1,5,0.167,2026-02-10,2,401817575.0,2025-11-12T00:00Z,Maine,Home,W,66.0,47.0,10.0,99.0,2.0,1.0,,,False,,https://a.espncdn.com/i/teamlogos/ncaa/500/152.png,https://a.espncdn.com/i/teamlogos/ncaa/500/311.png,,NCSU,ME,cc0000,127dbe,2025-11-12,19.0,1.0,No Upset,Ranked vs Unranked,Comfortable (11-20),Comfortable,11-20,3.0,Unranked,Other,2,1.0,1.0,4.5,9.0,19.0,-10.0,0.0,0.0,1.0,0.0,0.0,0.0,9,25,16,#9 – #25,None,,,,,,,,3.0,7.0,2.0,1.0,2-1,0.667,0.0,0.0,0-0,,0.0,0.0,0-0,,1.0,0.0,1-0,1.0,1.0,1.0,1-1,0.5,16.0,,Maine vs NC State,-16.0
2026,NC State,ACC,11/10,1,10.0,10,9.0,-1.0,Falling,2,2,Unranked,6,1,5,0.167,2026-02-10,2,401817576.0,2025-11-16T18:00Z,TCU,Home,L,59.0,69.0,10.0,17.0,2.0,8.0,,,False,,https://a.espncdn.com/i/teamlogos/ncaa/500/152.png,https://a.espncdn.com/i/teamlogos/ncaa/500/2628.png,,NCSU,TCU,cc0000,4d1979,2025-11-16,-10.0,0.0,No Upset,Top 25 Matchup,Close (6-10),Close,6-10,2.0,Top 25,Big East,2,1.0,1.0,4.5,9.0,19.0,-10.0,0.0,0.0,1.0,0.0,0.0,0.0,9,25,16,#9 – #25,None,,,,,,,,4.0,2.8,2.0,2.0,2-2,0.5,0.0,0.0,0-0,,0.0,0.0,0-0,,1.0,1.0,1-1,0.5,1.0,2.0,1-2,0.333,7.0,,NC State vs TCU,-7.0
2026,NC State,ACC,11/17,2,16.0,16,10.0,-6.0,Falling,3,3,Unranked,6,1,5,0.167,2026-02-10,2,401817577.0,2025-11-19T23:00Z,Coastal Carolina,Home,W,71.0,58.0,16.0,99.0,2.0,27.0,,,False,,https://a.espncdn.com/i/teamlogos/ncaa/500/152.png,https://a.espncdn.com/i/teamlogos/ncaa/500/324.png,,NCSU,CCU,cc0000,006f71,2025-11-19,13.0,1.0,No Upset,Ranked vs Unranked,Comfortable (11-20),Comfortable,11-20,3.0,Unranked,Other,2,1.0,1.0,4.0,8.0,13.0,-5.0,1.0,0.0,0.0,1.0,0.0,0.0,9,25,16,#9 – #25,None,,,,,,,,5.0,4.8,3.0,2.0,3-2,0.6,0.0,0.0,0-0,,0.0,0.0,0-0,,2.0,1.0,2-1,0.667,1.0,2.0,1-2,0.333,10.0,,Coastal Carolina vs NC State,-10.0
2026,NC State,ACC,11/17,2,16.0,16,10.0,-6.0,Falling,3,3,Unranked,6,1,5,0.167,2026-02-10,2,401817578.0,2025-11-23T19:00Z,Rhode Island,Home,L,63.0,68.0,16.0,99.0,2.0,3.0,,,False,,https://a.espncdn.com/i/teamlogos/ncaa/500/152.png,https://a.espncdn.com/i/teamlogos/ncaa/500/227.png,,NCSU,URI,cc0000,091f3f,2025-11-23,-5.0,0.0,Upset Loss,Ranked vs Unranked,Nail-Biter (≤5),Nail-Biter,≤5,1.0,Unranked,Other,2,1.0,1.0,4.0,8.0,13.0,-5.0,1.0,0.0,0.0,1.0,0.0,0.0,9,25,16,#9 – #25,None,,,,,,,,6.0,3.2,3.0,3.0,3-3,0.5,0.0,0.0,0-0,,0.0,0.0,0-0,,2.0,2.0,2-2,0.5,1.0,2.0,1-2,0.333,10.0,#16 NC State lost to Unranked Rhode Island,NC State vs Rhode Island,-10.0
2026,NC State,ACC,11/24,3,25.0,25,16.0,-9.0,Falling,4,4,Unranked,6,1,5,0.167,2026-02-10,2,401817826.0,2025-11-27T21:00Z,Green Bay,Neutral,W,79.0,67.0,25.0,99.0,2.0,45.0,,,False,Cancun Challenge - Yucatan Division,https://a.espncdn.com/i/teamlogos/ncaa/500/152.png,https://a.espncdn.com/i/teamlogos/ncaa/500/2739.png,,NCSU,GB,cc0000,006633,2025-11-27,12.0,1.0,No Upset,Ranked vs Unranked,Comfortable (11-20),Comfortable,11-20,3.0,Unranked,Other,2,2.0,0.0,33.0,66.0,54.0,12.0,0.0,0.0,0.0,0.0,1.0,0.0,9,25,16,#9 – #25,None,,,,,,,,7.0,4.4,4.0,3.0,4-3,0.571,0.0,0.0,0-0,,0.0,0.0,0-0,,2.0,2.0,2-2,0.5,1.0,2.0,1-2,0.333,1.0,,Green Bay vs NC State,-1.0
2026,NC State,ACC,11/24,3,25.0,25,16.0,-9.0,Falling,4,4,Unranked,6,1,5,0.167,2026-02-10,2,401817831.0,2025-11-28T21:00Z,Southern Miss,Neutral,W,110.0,56.0,25.0,99.0,2.0,27.0,,,False,Cancun Challenge - Yucatan Division,https://a.espncdn.com/i/teamlogos/ncaa/500/152.png,https://a.espncdn.com/i/teamlogos/ncaa/500/2572.png,,NCSU,USM,cc0000,ffc72c,2025-11-28,54.0,1.0,No Upset,Ranked vs Unranked,Blowout (20+),Blowout,20+,4.0,Unranked,Other,2,2.0,0.0,33.0,66.0,54.0,12.0,0.0,0.0,0.0,0.0,1.0,0.0,9,25,16,#9 – #25,None,,,,,,,,8.0,10.6,5.0,3.0,5-3,0.625,0.0,0.0,0-0,,0.0,0.0,0-0,,2.0,2.0,2-2,0.5,1.0,2.0,1-2,0.333,1.0,,NC State vs Southern Miss,-1.0
2026,NC State,ACC,12/1,4,,26,25.0,-1.0,Dropped,4,0,Unranked,6,1,5,0.167,2026-02-10,2,401806382.0,2025-12-04T00:15Z,Oklahoma,Away,L,98.0,103.0,99.0,9.0,2.0,23.0,,,False,ACC/SEC Women's Challenge,https://a.espncdn.com/i/teamlogos/ncaa/500/152.png,https://a.espncdn.com/i/teamlogos/ncaa/500/201.png,,NCSU,OU,cc0000,990000,2025-12-04,-5.0,0.0,No Upset,Ranked vs Unranked,Nail-Biter (≤5),Nail-Biter,≤5,1.0,Top 10,SEC,2,1.0,1.0,1.5,3.0,8.0,-5.0,0.0,0.0,0.0,1.0,0.0,0.0,9,25,16,#9 – #25,Exited,Southern Miss,W,110.0,56.0,2025-11-28,54.0,Neutral,9.0,8.9,5.0,4.0,5-4,0.556,0.0,0.0,0-0,,0.0,1.0,0-1,0.0,2.0,2.0,2-2,0.5,1.0,3.0,1-3,0.25,17.0,,NC State vs Oklahoma,17.0
2026,NC State,ACC,12/1,4,,26,25.0,-1.0,Dropped,4,0,Unranked,6,1,5,0.167,2026-02-10,2,401817579.0,2025-12-07T19:00Z,Seton Hall,Home,W,61.0,53.0,99.0,99.0,2.0,4.0,,,False,,https://a.espncdn.com/i/teamlogos/ncaa/500/152.png,https://a.espncdn.com/i/teamlogos/ncaa/500/2550.png,,NCSU,HALL,cc0000,0857B1,2025-12-07,8.0,1.0,No Upset,Unranked Matchup,Close (6-10),Close,6-10,2.0,Unranked,Big 12,2,1.0,1.0,1.5,3.0,8.0,-5.0,0.0,0.0,0.0,1.0,0.0,0.0,9,25,16,#9 – #25,Exited,Southern Miss,W,110.0,56.0,2025-11-28,54.0,Neutral,10.0,8.8,6.0,4.0,6-4,0.6,0.0,0.0,0-0,,0.0,1.0,0-1,0.0,3.0,2.0,3-2,0.6,1.0,3.0,1-3,0.25,0.0,,NC State vs Seton Hall,0.0
2026,NC State,ACC,12/8,5,,26,26.0,0.0,Unranked,4,0,Unranked,6,1,5,0.167,2026-02-10,2,401819560.0,2025-12-14T19:00Z,Miami (FL),Away,W,87.0,61.0,99.0,99.0,2.0,2.0,,,True,,https://a.espncdn.com/i/teamlogos/ncaa/500/152.png,https://a.espncdn.com/i/teamlogos/ncaa/500/2390.png,ACC,NCSU,MIA,cc0000,f47423,2025-12-14,26.0,1.0,No Upset,Unranked Matchup,Blowout (20+),Blowout,20+,4.0,Unranked,ACC,1,1.0,0.0,26.0,26.0,26.0,26.0,0.0,0.0,0.0,0.0,1.0,1.0,9,25,16,#9 – #25,None,,,,,,,,11.0,10.4,7.0,4.0,7-4,0.636,1.0,0.0,1-0,1.0,1.0,1.0,1-1,0.5,3.0,2.0,3-2,0.6,1.0,3.0,1-3,0.25,0.0,,Miami (FL) vs NC State,0.0
2026,NC State,ACC,12/15,6,,26,26.0,0.0,Unranked,4,0,Unranked,6,1,5,0.167,2026-02-10,2,401819561.0,2025-12-19T00:00Z,Georgia Tech,Home,W,87.0,58.0,99.0,99.0,2.0,2.0,,,True,,https://a.espncdn.com/i/teamlogos/ncaa/500/152.png,https://a.espncdn.com/i/teamlogos/ncaa/500/59.png,ACC,NCSU,GT,cc0000,b3a369,2025-12-19,29.0,1.0,No Upset,Unranked Matchup,Blowout (20+),Blowout,20+,4.0,Unranked,ACC,2,2.0,0.0,19.0,38.0,29.0,9.0,0.0,0.0,0.0,0.0,1.0,1.0,9,25,16,#9 – #25,None,,,,,,,,12.0,11.9,8.0,4.0,8-4,0.667,2.0,0.0,2-0,1.0,1.0,1.0,1-1,0.5,4.0,2.0,4-2,0.667,1.0,3.0,1-3,0.25,0.0,,Georgia Tech vs NC State,0.0
2026,NC State,ACC,12/15,6,,26,26.0,0.0,Unranked,4,0,Unranked,6,1,5,0.167,2026-02-10,2,401817580.0,2025-12-21T17:00Z,Davidson,Away,W,68.0,59.0,99.0,99.0,2.0,3.0,,,False,,https://a.espncdn.com/i/teamlogos/ncaa/500/152.png,https://a.espncdn.com/i/teamlogos/ncaa/500/2166.png,,NCSU,DAV,cc0000,000000,2025-12-21,9.0,1.0,No Upset,Unranked Matchup,Close (6-10),Close,6-10,2.0,Unranked,Other,2,2.0,0.0,19.0,38.0,29.0,9.0,0.0,0.0,0.0,0.0,1.0,1.0,9,25,16,#9 – #25,None,,,,,,,,13.0,11.7,9.0,4.0,9-4,0.692,2.0,0.0,2-0,1.0,2.0,1.0,2-1,0.667,4.0,2.0,4-2,0.667,1.0,3.0,1-3,0.25,0.0,,Davidson vs NC State,0.0
2026,NC State,ACC,12/22,7,,26,26.0,0.0,Unranked,4,0,Unranked,6,1,5,0.167,2026-02-10,2,401819562.0,2026-01-01T19:00Z,Stanford,Home,W,74.0,46.0,99.0,99.0,2.0,2.0,,,True,,https://a.espncdn.com/i/teamlogos/ncaa/500/152.png,https://a.espncdn.com/i/teamlogos/ncaa/500/24.png,ACC,NCSU,STAN,cc0000,8c1515,2026-01-01,28.0,1.0,No Upset,Unranked Matchup,Blowout (20+),Blowout,20+,4.0,Unranked,ACC,2,2.0,0.0,19.5,39.0,28.0,11.0,0.0,0.0,0.0,0.0,1.0,2.0,9,25,16,#9 – #25,None,,,,,,,,14.0,12.9,10.0,4.0,10-4,0.714,3.0,0.0,3-0,1.0,2.0,1.0,2-1,0.667,5.0,2.0,5-2,0.714,1.0,3.0,1-3,0.25,0.0,,NC State vs Stanford,0.0
2026,NC State,ACC,12/22,7,,26,26.0,0.0,Unranked,4,0,Unranked,6,1,5,0.167,2026-02-10,2,401819563.0,2026-01-04T19:00Z,California,Home,W,71.0,60.0,99.0,99.0,2.0,2.0,,,True,,https://a.espncdn.com/i/teamlogos/ncaa/500/152.png,https://a.espncdn.com/i/teamlogos/ncaa/500/25.png,ACC,NCSU,CAL,cc0000,041e42,2026-01-04,11.0,1.0,No Upset,Unranked Matchup,Comfortable (11-20),Comfortable,11-20,3.0,Unranked,ACC,2,2.0,0.0,19.5,39.0,28.0,11.0,0.0,0.0,0.0,0.0,1.0,2.0,9,25,16,#9 – #25,None,,,,,,,,15.0,12.7,11.0,4.0,11-4,0.733,4.0,0.0,4-0,1.0,2.0,1.0,2-1,0.667,6.0,2.0,6-2,0.75,1.0,3.0,1-3,0.25,0.0,,California vs NC State,0.0
2026,NC State,ACC,1/5,8,,26,26.0,0.0,Unranked,4,0,Unranked,6,1,5,0.167,2026-02-10,2,401819564.0,2026-01-09T01:00Z,Clemson,Away,L,65.0,75.0,99.0,99.0,2.0,2.0,,,True,,https://a.espncdn.com/i/teamlogos/ncaa/500/152.png,https://a.espncdn.com/i/teamlogos/ncaa/500/228.png,ACC,NCSU,CLEM,cc0000,f56600,2026-01-09,-10.0,0.0,No Upset,Unranked Matchup,Close (6-10),Close,6-10,2.0,Unranked,ACC,2,1.0,1.0,13.5,27.0,37.0,-10.0,0.0,0.0,0.0,0.0,1.0,2.0,9,25,16,#9 – #25,None,,,,,,,,16.0,11.3,11.0,5.0,11-5,0.688,4.0,1.0,4-1,0.8,2.0,2.0,2-2,0.5,6.0,2.0,6-2,0.75,1.0,3.0,1-3,0.25,0.0,,Clemson vs NC State,0.0
2026,NC State,ACC,1/5,8,,26,26.0,0.0,Unranked,4,0,Unranked,6,1,5,0.167,2026-02-10,2,401819565.0,2026-01-11T23:00Z,SMU,Home,W,91.0,54.0,99.0,99.0,2.0,2.0,,,True,,https://a.espncdn.com/i/teamlogos/ncaa/500/152.png,https://a.espncdn.com/i/teamlogos/ncaa/500/2567.png,ACC,NCSU,SMU,cc0000,a80000,2026-01-11,37.0,1.0,No Upset,Unranked Matchup,Blowout (20+),Blowout,20+,4.0,Unranked,ACC,2,1.0,1.0,13.5,27.0,37.0,-10.0,0.0,0.0,0.0,0.0,1.0,2.0,9,25,16,#9 – #25,None,,,,,,,,17.0,12.8,12.0,5.0,12-5,0.706,5.0,1.0,5-1,0.833,2.0,2.0,2-2,0.5,7.0,2.0,7-2,0.778,1.0,3.0,1-3,0.25,0.0,,NC State vs SMU,0.0
2026,NC State,ACC,1/12,9,,26,26.0,0.0,Unranked,4,0,Unranked,6,1,5,0.167,2026-02-10,2,401819566.0,2026-01-15T23:00Z,Wake Forest,Away,W,95.0,77.0,99.0,99.0,2.0,2.0,,,True,,https://a.espncdn.com/i/teamlogos/ncaa/500/152.png,https://a.espncdn.com/i/teamlogos/ncaa/500/154.png,ACC,NCSU,WAKE,cc0000,ceb888,2026-01-15,18.0,1.0,No Upset,Unranked Matchup,Comfortable (11-20),Comfortable,11-20,3.0,Unranked,ACC,2,1.0,1.0,5.0,10.0,18.0,-8.0,0.0,0.0,0.0,0.0,0.0,2.0,9,25,16,#9 – #25,None,,,,,,,,18.0,13.1,13.0,5.0,13-5,0.722,6.0,1.0,6-1,0.857,3.0,2.0,3-2,0.6,7.0,2.0,7-2,0.778,1.0,3.0,1-3,0.25,0.0,,NC State vs Wake Forest,0.0
2026,NC State,ACC,1/12,9,,26,26.0,0.0,Unranked,4,0,Unranked,6,1,5,0.167,2026-02-10,2,401819567.0,2026-01-18T18:00Z,Louisville,Home,L,80.0,88.0,99.0,9.0,2.0,2.0,,,True,,https://a.espncdn.com/i/teamlogos/ncaa/500/152.png,https://a.espncdn.com/i/teamlogos/ncaa/500/97.png,ACC,NCSU,LOU,cc0000,c9001f,2026-01-18,-8.0,0.0,No Upset,Ranked vs Unranked,Close (6-10),Close,6-10,2.0,Top 10,ACC,2,1.0,1.0,5.0,10.0,18.0,-8.0,0.0,0.0,0.0,0.0,0.0,2.0,9,25,16,#9 – #25,None,,,,,,,,19.0,12.0,13.0,6.0,13-6,0.684,6.0,2.0,6-2,0.75,3.0,2.0,3-2,0.6,7.0,3.0,7-3,0.7,1.0,4.0,1-4,0.2,17.0,,Louisville vs NC State,17.0
2026,NC State,ACC,1/19,10,,26,26.0,0.0,Unranked,4,0,Unranked,6,1,5,0.167,2026-02-10,2,401819568.0,2026-01-24T20:00Z,Virginia,Away,W,78.0,76.0,99.0,99.0,2.0,2.0,,,True,,https://a.espncdn.com/i/teamlogos/ncaa/500/152.png,https://a.espncdn.com/i/teamlogos/ncaa/500/258.png,ACC,NCSU,UVA,cc0000,f84c1e,2026-01-24,2.0,1.0,No Upset,Unranked Matchup,Nail-Biter (≤5),Nail-Biter,≤5,1.0,Unranked,ACC,1,1.0,0.0,2.0,2.0,2.0,2.0,0.0,0.0,0.0,1.0,0.0,1.0,9,25,16,#9 – #25,None,,,,,,,,20.0,11.5,14.0,6.0,14-6,0.7,7.0,2.0,7-2,0.778,4.0,2.0,4-2,0.667,7.0,3.0,7-3,0.7,1.0,4.0,1-4,0.2,0.0,,NC State vs Virginia,0.0
2026,NC State,ACC,1/26,11,,26,26.0,0.0,Unranked,4,0,Unranked,6,1,5,0.167,2026-02-10,2,401819569.0,2026-01-29T23:00Z,Boston College,Away,W,106.0,84.0,99.0,99.0,2.0,2.0,,,True,,https://a.espncdn.com/i/teamlogos/ncaa/500/152.png,https://a.espncdn.com/i/teamlogos/ncaa/500/103.png,ACC,NCSU,BC,cc0000,8c2232,2026-01-29,22.0,1.0,No Upset,Unranked Matchup,Blowout (20+),Blowout,20+,4.0,Unranked,ACC,1,1.0,0.0,22.0,22.0,22.0,22.0,0.0,0.0,0.0,0.0,1.0,1.0,9,25,16,#9 – #25,None,,,,,,,,21.0,12.0,15.0,6.0,15-6,0.714,8.0,2.0,8-2,0.8,5.0,2.0,5-2,0.714,7.0,3.0,7-3,0.7,1.0,4.0,1-4,0.2,0.0,,Boston College vs NC State,0.0
2026,NC State,ACC,2/2,12,,26,26.0,0.0,Unranked,4,0,Unranked,6,1,5,0.167,2026-02-10,2,401819570.0,2026-02-02T23:00Z,UNC,Home,L,59.0,61.0,99.0,25.0,2.0,2.0,,,True,,https://a.espncdn.com/i/teamlogos/ncaa/500/152.png,https://a.espncdn.com/i/teamlogos/ncaa/500/153.png,ACC,NCSU,UNC,cc0000,7bafd4,2026-02-02,-2.0,0.0,No Upset,Ranked vs Unranked,Nail-Biter (≤5),Nail-Biter,≤5,1.0,Top 25,ACC,3,2.0,1.0,15.3,46.0,28.0,-2.0,0.0,0.0,0.0,1.0,1.0,3.0,9,25,16,#9 – #25,None,,,,,,,,22.0,11.4,15.0,7.0,15-7,0.682,8.0,3.0,8-3,0.727,5.0,2.0,5-2,0.714,7.0,4.0,7-4,0.636,1.0,5.0,1-5,0.167,1.0,,NC State vs UNC,1.0
2026,NC State,ACC,2/2,12,,26,26.0,0.0,Unranked,4,0,Unranked,6,1,5,0.167,2026-02-10,2,401819571.0,2026-02-06T01:00Z,Florida State,Home,W,83.0,55.0,99.0,99.0,2.0,2.0,,,True,Play4Kay,https://a.espncdn.com/i/teamlogos/ncaa/500/152.png,https://a.espncdn.com/i/teamlogos/ncaa/500/52.png,ACC,NCSU,FSU,cc0000,782f40,2026-02-06,28.0,1.0,No Upset,Unranked Matchup,Blowout (20+),Blowout,20+,4.0,Unranked,ACC,3,2.0,1.0,15.3,46.0,28.0,-2.0,0.0,0.0,0.0,1.0,1.0,3.0,9,25,16,#9 – #25,None,,,,,,,,23.0,12.1,16.0,7.0,16-7,0.696,9.0,3.0,9-3,0.75,5.0,2.0,5-2,0.714,8.0,4.0,8-4,0.667,1.0,5.0,1-5,0.167,0.0,,Florida State vs NC State,0.0
2026,NC State,ACC,2/2,12,,26,26.0,0.0,Unranked,4,0,Unranked,6,1,5,0.167,2026-02-10,2,401819572.0,2026-02-08T17:00Z,Virginia Tech,Away,W,82.0,62.0,99.0,99.0,2.0,2.0,,,True,Play4Kay,https://a.espncdn.com/i/teamlogos/ncaa/500/152.png,https://a.espncdn.com/i/teamlogos/ncaa/500/259.png,ACC,NCSU,VT,cc0000,6a2c3e,2026-02-08,20.0,1.0,No Upset,Unranked Matchup,Comfortable (11-20),Comfortable,11-20,3.0,Unranked,ACC,3,2.0,1.0,15.3,46.0,28.0,-2.0,0.0,0.0,0.0,1.0,1.0,3.0,9,25,16,#9 – #25,None,,,,,,,,24.0,12.4,17.0,7.0,17-7,0.708,10.0,3.0,10-3,0.769,6.0,2.0,6-2,0.75,8.0,4.0,8-4,0.667,1.0,5.0,1-5,0.167,0.0,,NC State vs Virginia Tech,0.0
2026,NC State,ACC,2/9,13,,26,26.0,0.0,Unranked,4,0,Unranked,6,1,5,0.167,2026-02-10,2,,,,,,,,,,,,,,,,,,,,,,,,,,,,,,,,,,0,,,,,,,,,,,,,9,25,16,#9 – #25,None,,,,,,,,,,,,,,,,,,,,,,,,,,,,,,,,,
2026,Nebraska,Big Ten,Pre,0,,26,,,Unknown,0,0,Steady,7,0,7,0.0,2026-02-10,2,401818646.0,2025-11-03T18:00Z,Northwestern State,Home,W,103.0,46.0,99.0,99.0,7.0,25.0,,,False,,https://a.espncdn.com/i/teamlogos/ncaa/500/158.png,https://a.espncdn.com/i/teamlogos/ncaa/500/2466.png,,NEB,NWST,e31937,492F91,2025-11-03,57.0,1.0,No Upset,Unranked Matchup,Blowout (20+),Blowout,20+,4.0,Unranked,Other,2,2.0,0.0,45.5,91.0,57.0,34.0,0.0,0.0,0.0,0.0,2.0,0.0,20,25,5,#20 – #25,None,,,,,,,,1.0,57.0,1.0,0.0,1-0,1.0,0.0,0.0,0-0,,0.0,0.0,0-0,,1.0,0.0,1-0,1.0,0.0,0.0,0-0,,0.0,,Nebraska vs Northwestern State,0.0
2026,Nebraska,Big Ten,Pre,0,,26,,,Unknown,0,0,Steady,7,0,7,0.0,2026-02-10,2,401818647.0,2025-11-08T23:00Z,Samford,Home,W,80.0,46.0,99.0,99.0,7.0,24.0,,,False,,https://a.espncdn.com/i/teamlogos/ncaa/500/158.png,https://a.espncdn.com/i/teamlogos/ncaa/500/2535.png,,NEB,SAM,e31937,005485,2025-11-08,34.0,1.0,No Upset,Unranked Matchup,Blowout (20+),Blowout,20+,4.0,Unranked,Other,2,2.0,0.0,45.5,91.0,57.0,34.0,0.0,0.0,0.0,0.0,2.0,0.0,20,25,5,#20 – #25,None,,,,,,,,2.0,45.5,2.0,0.0,2-0,1.0,0.0,0.0,0-0,,0.0,0.0,0-0,,2.0,0.0,2-0,1.0,0.0,0.0,0-0,,0.0,,Nebraska vs Samford,0.0
2026,Nebraska,Big Ten,11/10,1,,26,26.0,0.0,Unranked,0,0,Steady,7,0,7,0.0,2026-02-10,2,401818648.0,2025-11-13T02:00Z,Creighton,Home,W,84.0,50.0,99.0,99.0,7.0,4.0,,,False,,https://a.espncdn.com/i/teamlogos/ncaa/500/158.png,https://a.espncdn.com/i/teamlogos/ncaa/500/156.png,,NEB,CREI,e31937,005ca9,2025-11-13,34.0,1.0,No Upset,Unranked Matchup,Blowout (20+),Blowout,20+,4.0,Unranked,Big 12,2,2.0,0.0,23.0,46.0,34.0,12.0,0.0,0.0,0.0,0.0,1.0,0.0,20,25,5,#20 – #25,None,,,,,,,,3.0,41.7,3.0,0.0,3-0,1.0,0.0,0.0,0-0,,0.0,0.0,0-0,,3.0,0.0,3-0,1.0,0.0,0.0,0-0,,0.0,,Creighton vs Nebraska,0.0
2026,Nebraska,Big Ten,11/10,1,,26,26.0,0.0,Unranked,0,0,Steady,7,0,7,0.0,2026-02-10,2,401818649.0,2025-11-16T18:00Z,North Dakota State,Neutral,W,82.0,70.0,99.0,99.0,7.0,47.0,,,False,,https://a.espncdn.com/i/teamlogos/ncaa/500/158.png,https://a.espncdn.com/i/teamlogos/ncaa/500/2449.png,,NEB,NDSU,e31937,01402A,2025-11-16,12.0,1.0,No Upset,Unranked Matchup,Comfortable (11-20),Comfortable,11-20,3.0,Unranked,Other,2,2.0,0.0,23.0,46.0,34.0,12.0,0.0,0.0,0.0,0.0,1.0,0.0,20,25,5,#20 – #25,None,,,,,,,,4.0,34.2,4.0,0.0,4-0,1.0,0.0,0.0,0-0,,0.0,0.0,0-0,,3.0,0.0,3-0,1.0,0.0,0.0,0-0,,0.0,,Nebraska vs North Dakota State,0.0
2026,Nebraska,Big Ten,11/17,2,,26,26.0,0.0,Unranked,0,0,Steady,7,0,7,0.0,2026-02-10,2,401818650.0,2025-11-20T01:00Z,Oral Roberts,Home,W,103.0,58.0,99.0,99.0,7.0,47.0,,,False,,https://a.espncdn.com/i/teamlogos/ncaa/500/158.png,https://a.espncdn.com/i/teamlogos/ncaa/500/198.png,,NEB,ORU,e31937,002462,2025-11-20,45.0,1.0,No Upset,Unranked Matchup,Blowout (20+),Blowout,20+,4.0,Unranked,Other,1,1.0,0.0,45.0,45.0,45.0,45.0,0.0,0.0,0.0,0.0,1.0,0.0,20,25,5,#20 – #25,None,,,,,,,,5.0,36.4,5.0,0.0,5-0,1.0,0.0,0.0,0-0,,0.0,0.0,0-0,,4.0,0.0,4-0,1.0,0.0,0.0,0-0,,0.0,,Nebraska vs Oral Roberts,0.0
2026,Nebraska,Big Ten,11/24,3,,26,26.0,0.0,Unranked,0,0,Steady,7,0,7,0.0,2026-02-10,2,401818651.0,2025-11-24T23:00Z,Purdue Fort Wayne,Neutral,W,80.0,57.0,99.0,99.0,7.0,45.0,,,False,Emerald Coast Classic - Beach Bracket,https://a.espncdn.com/i/teamlogos/ncaa/500/158.png,https://a.espncdn.com/i/teamlogos/ncaa/500/2870.png,,NEB,PFW,e31937,cfb991,2025-11-24,23.0,1.0,No Upset,Unranked Matchup,Blowout (20+),Blowout,20+,4.0,Unranked,Other,2,2.0,0.0,16.0,32.0,23.0,9.0,0.0,0.0,0.0,0.0,1.0,0.0,20,25,5,#20 – #25,None,,,,,,,,6.0,34.2,6.0,0.0,6-0,1.0,0.0,0.0,0-0,,0.0,0.0,0-0,,4.0,0.0,4-0,1.0,0.0,0.0,0-0,,0.0,,Nebraska vs Purdue Fort Wayne,0.0
2026,Nebraska,Big Ten,11/24,3,,26,26.0,0.0,Unranked,0,0,Steady,7,0,7,0.0,2026-02-10,2,401830958.0,2025-11-26T01:30Z,Virginia,Neutral,W,91.0,82.0,99.0,99.0,7.0,2.0,,,False,Emerald Coast Classic - Beach Bracket - Championship,https://a.espncdn.com/i/teamlogos/ncaa/500/158.png,https://a.espncdn.com/i/teamlogos/ncaa/500/258.png,,NEB,UVA,e31937,f84c1e,2025-11-26,9.0,1.0,No Upset,Unranked Matchup,Close (6-10),Close,6-10,2.0,Unranked,ACC,2,2.0,0.0,16.0,32.0,23.0,9.0,0.0,0.0,0.0,0.0,1.0,0.0,20,25,5,#20 – #25,None,,,,,,,,7.0,30.6,7.0,0.0,7-0,1.0,0.0,0.0,0-0,,0.0,0.0,0-0,,4.0,0.0,4-0,1.0,0.0,0.0,0-0,,0.0,,Nebraska vs Virginia,0.0
2026,Nebraska,Big Ten,12/1,4,,26,26.0,0.0,Unranked,0,0,Steady,7,0,7,0.0,2026-02-10,2,401818652.0,2025-12-04T01:00Z,Bradley,Home,W,92.0,53.0,99.0,99.0,7.0,18.0,,,False,,https://a.espncdn.com/i/teamlogos/ncaa/500/158.png,https://a.espncdn.com/i/teamlogos/ncaa/500/71.png,,NEB,BRAD,e31937,b70002,2025-12-04,39.0,1.0,No Upset,Unranked Matchup,Blowout (20+),Blowout,20+,4.0,Unranked,Other,2,2.0,0.0,28.5,57.0,39.0,18.0,0.0,0.0,0.0,0.0,1.0,1.0,20,25,5,#20 – #25,None,,,,,,,,8.0,31.6,8.0,0.0,8-0,1.0,0.0,0.0,0-0,,0.0,0.0,0-0,,5.0,0.0,5-0,1.0,0.0,0.0,0-0,,0.0,,Bradley vs Nebraska,0.0
2026,Nebraska,Big Ten,12/1,4,,26,26.0,0.0,Unranked,0,0,Steady,7,0,7,0.0,2026-02-10,2,401825221.0,2025-12-06T18:00Z,Penn State,Away,W,101.0,83.0,99.0,99.0,7.0,7.0,,,True,,https://a.espncdn.com/i/teamlogos/ncaa/500/158.png,https://a.espncdn.com/i/teamlogos/ncaa/500/213.png,Big Ten,NEB,PSU,e31937,061440,2025-12-06,18.0,1.0,No Upset,Unranked Matchup,Comfortable (11-20),Comfortable,11-20,3.0,Unranked,Big Ten,2,2.0,0.0,28.5,57.0,39.0,18.0,0.0,0.0,0.0,0.0,1.0,1.0,20,25,5,#20 – #25,None,,,,,,,,9.0,30.1,9.0,0.0,9-0,1.0,1.0,0.0,1-0,1.0,1.0,0.0,1-0,1.0,5.0,0.0,5-0,1.0,0.0,0.0,0-0,,0.0,,Nebraska vs Penn State,0.0
2026,Nebraska,Big Ten,12/8,5,24.0,24,26.0,2.0,New,1,1,Steady,7,0,7,0.0,2026-02-10,2,401818653.0,2025-12-10T01:00Z,Omaha,Home,W,87.0,35.0,24.0,99.0,7.0,47.0,,,False,,https://a.espncdn.com/i/teamlogos/ncaa/500/158.png,https://a.espncdn.com/i/teamlogos/ncaa/500/2437.png,,NEB,OMA,e31937,e3193e,2025-12-10,52.0,1.0,No Upset,Ranked vs Unranked,Blowout (20+),Blowout,20+,4.0,Unranked,Other,2,2.0,0.0,46.5,93.0,52.0,41.0,0.0,0.0,0.0,0.0,2.0,0.0,20,25,5,#20 – #25,Entered,Penn State,W,101.0,83.0,2025-12-06,18.0,Away,10.0,32.3,10.0,0.0,10-0,1.0,1.0,0.0,1-0,1.0,1.0,0.0,1-0,1.0,6.0,0.0,6-0,1.0,0.0,0.0,0-0,,2.0,,Nebraska vs Omaha,-2.0
2026,Nebraska,Big Ten,12/8,5,24.0,24,26.0,2.0,New,1,1,Steady,7,0,7,0.0,2026-02-10,2,401818654.0,2025-12-14T17:00Z,Illinois State,Home,W,85.0,44.0,24.0,99.0,7.0,18.0,,,False,,https://a.espncdn.com/i/teamlogos/ncaa/500/158.png,https://a.espncdn.com/i/teamlogos/ncaa/500/2287.png,,NEB,ILST,e31937,CE1126,2025-12-14,41.0,1.0,No Upset,Ranked vs Unranked,Blowout (20+),Blowout,20+,4.0,Unranked,Other,2,2.0,0.0,46.5,93.0,52.0,41.0,0.0,0.0,0.0,0.0,2.0,0.0,20,25,5,#20 – #25,Entered,Penn State,W,101.0,83.0,2025-12-06,18.0,Away,11.0,33.1,11.0,0.0,11-0,1.0,1.0,0.0,1-0,1.0,1.0,0.0,1-0,1.0,7.0,0.0,7-0,1.0,0.0,0.0,0-0,,2.0,,Illinois State vs Nebraska,-2.0
2026,Nebraska,Big Ten,12/15,6,23.0,23,24.0,1.0,Rising,2,2,Steady,7,0,7,0.0,2026-02-10,2,401818655.0,2025-12-21T17:00Z,California Baptist,Home,W,87.0,56.0,23.0,99.0,7.0,30.0,,,False,,https://a.espncdn.com/i/teamlogos/ncaa/500/158.png,https://a.espncdn.com/i/teamlogos/ncaa/500/2856.png,,NEB,CBU,e31937,000000,2025-12-21,31.0,1.0,No Upset,Ranked vs Unranked,Blowout (20+),Blowout,20+,4.0,Unranked,Other,1,1.0,0.0,31.0,31.0,31.0,31.0,0.0,0.0,0.0,0.0,1.0,0.0,20,25,5,#20 – #25,None,,,,,,,,12.0,32.9,12.0,0.0,12-0,1.0,1.0,0.0,1-0,1.0,1.0,0.0,1-0,1.0,8.0,0.0,8-0,1.0,0.0,0.0,0-0,,3.0,,California Baptist vs Nebraska,-3.0
2026,Nebraska,Big Ten,12/22,7,20.0,20,23.0,3.0,Rising,3,3,Steady,7,0,7,0.0,2026-02-10,2,401825236.0,2025-12-29T20:00Z,USC,Home,L,66.0,74.0,20.0,17.0,7.0,7.0,,,True,,https://a.espncdn.com/i/teamlogos/ncaa/500/158.png,https://a.espncdn.com/i/teamlogos/ncaa/500/30.png,Big Ten,NEB,USC,e31937,9d2235,2025-12-29,-8.0,0.0,No Upset,Top 25 Matchup,Close (6-10),Close,6-10,2.0,Top 25,Big Ten,3,1.0,2.0,-0.7,-2.0,16.0,-10.0,0.0,0.0,2.0,0.0,0.0,3.0,20,25,5,#20 – #25,None,,,,,,,,13.0,29.8,12.0,1.0,12-1,0.923,1.0,1.0,1-1,0.5,1.0,0.0,1-0,1.0,8.0,1.0,8-1,0.889,0.0,1.0,0-1,0.0,3.0,,Nebraska vs USC,3.0
2026,Nebraska,Big Ten,12/22,7,20.0,20,23.0,3.0,Rising,3,3,Steady,7,0,7,0.0,2026-02-10,2,401825242.0,2026-01-01T19:00Z,Iowa,Away,L,76.0,86.0,20.0,14.0,7.0,7.0,,,True,,https://a.espncdn.com/i/teamlogos/ncaa/500/158.png,https://a.espncdn.com/i/teamlogos/ncaa/500/2294.png,Big Ten,NEB,IOWA,e31937,231f20,2026-01-01,-10.0,0.0,No Upset,Top 25 Matchup,Close (6-10),Close,6-10,2.0,Top 25,Big Ten,3,1.0,2.0,-0.7,-2.0,16.0,-10.0,0.0,0.0,2.0,0.0,0.0,3.0,20,25,5,#20 – #25,None,,,,,,,,14.0,26.9,12.0,2.0,12-2,0.857,1.0,2.0,1-2,0.333,1.0,1.0,1-1,0.5,8.0,1.0,8-1,0.889,0.0,2.0,0-2,0.0,6.0,,Iowa vs Nebraska,6.0
2026,Nebraska,Big Ten,12/22,7,20.0,20,23.0,3.0,Rising,3,3,Steady,7,0,7,0.0,2026-02-10,2,401825249.0,2026-01-04T20:00Z,Purdue,Home,W,78.0,62.0,20.0,99.0,7.0,7.0,,,True,,https://a.espncdn.com/i/teamlogos/ncaa/500/158.png,https://a.espncdn.com/i/teamlogos/ncaa/500/2509.png,Big Ten,NEB,PUR,e31937,ceb888,2026-01-04,16.0,1.0,No Upset,Ranked vs Unranked,Comfortable (11-20),Comfortable,11-20,3.0,Unranked,Big Ten,3,1.0,2.0,-0.7,-2.0,16.0,-10.0,0.0,0.0,2.0,0.0,0.0,3.0,20,25,5,#20 – #25,None,,,,,,,,15.0,26.2,13.0,2.0,13-2,0.867,2.0,2.0,2-2,0.5,1.0,1.0,1-1,0.5,9.0,1.0,9-1,0.9,0.0,2.0,0-2,0.0,6.0,,Nebraska vs Purdue,-6.0
2026,Nebraska,Big Ten,1/5,8,25.0,25,20.0,-5.0,Falling,4,4,Steady,7,0,7,0.0,2026-02-10,2,401825255.0,2026-01-09T01:00Z,Indiana,Home,W,78.0,73.0,25.0,99.0,7.0,7.0,,,True,,https://a.espncdn.com/i/teamlogos/ncaa/500/158.png,https://a.espncdn.com/i/teamlogos/ncaa/500/84.png,Big Ten,NEB,IU,e31937,970310,2026-01-09,5.0,1.0,No Upset,Ranked vs Unranked,Nail-Biter (≤5),Nail-Biter,≤5,1.0,Unranked,Big Ten,1,1.0,0.0,5.0,5.0,5.0,5.0,0.0,0.0,0.0,1.0,0.0,1.0,20,25,5,#20 – #25,None,,,,,,,,16.0,24.9,14.0,2.0,14-2,0.875,3.0,2.0,3-2,0.6,1.0,1.0,1-1,0.5,10.0,1.0,10-1,0.909,0.0,2.0,0-2,0.0,1.0,,Indiana vs Nebraska,-1.0
2026,Nebraska,Big Ten,1/12,9,24.0,24,25.0,1.0,Rising,5,5,Steady,7,0,7,0.0,2026-02-10,2,401825267.0,2026-01-12T00:00Z,UCLA,Home,L,61.0,83.0,25.0,4.0,7.0,7.0,,,True,,https://a.espncdn.com/i/teamlogos/ncaa/500/158.png,https://a.espncdn.com/i/teamlogos/ncaa/500/26.png,Big Ten,NEB,UCLA,e31937,2774ae,2026-01-12,-22.0,0.0,No Upset,Top 25 Matchup,Blowout (20+),Blowout,20+,4.0,Top 5,Big Ten,2,0.0,2.0,-12.0,-24.0,-2.0,-22.0,0.0,0.0,2.0,1.0,1.0,2.0,20,25,5,#20 – #25,None,,,,,,,,17.0,22.1,14.0,3.0,14-3,0.824,3.0,3.0,3-3,0.5,1.0,1.0,1-1,0.5,10.0,2.0,10-2,0.833,0.0,3.0,0-3,0.0,21.0,,Nebraska vs UCLA,21.0
2026,Nebraska,Big Ten,1/12,9,24.0,24,25.0,1.0,Rising,5,5,Steady,7,0,7,0.0,2026-02-10,2,401825275.0,2026-01-16T00:00Z,Michigan State,Away,L,71.0,73.0,24.0,15.0,7.0,7.0,,,True,,https://a.espncdn.com/i/teamlogos/ncaa/500/158.png,https://a.espncdn.com/i/teamlogos/ncaa/500/127.png,Big Ten,NEB,MSU,e31937,173f35,2026-01-16,-2.0,0.0,No Upset,Top 25 Matchup,Nail-Biter (≤5),Nail-Biter,≤5,1.0,Top 25,Big Ten,2,0.0,2.0,-12.0,-24.0,-2.0,-22.0,0.0,0.0,2.0,1.0,1.0,2.0,20,25,5,#20 – #25,None,,,,,,,,18.0,20.8,14.0,4.0,14-4,0.778,3.0,4.0,3-4,0.429,1.0,2.0,1-2,0.333,10.0,2.0,10-2,0.833,0.0,4.0,0-4,0.0,9.0,,Michigan State vs Nebraska,9.0
2026,Nebraska,Big Ten,1/19,10,24.0,24,24.0,0.0,Stable,6,6,Steady,7,0,7,0.0,2026-02-10,2,401825286.0,2026-01-22T00:30Z,Wisconsin,Away,L,60.0,63.0,24.0,99.0,7.0,7.0,,,True,,https://a.espncdn.com/i/teamlogos/ncaa/500/158.png,https://a.espncdn.com/i/teamlogos/ncaa/500/275.png,Big Ten,NEB,WIS,e31937,a00000,2026-01-22,-3.0,0.0,Upset Loss,Ranked vs Unranked,Nail-Biter (≤5),Nail-Biter,≤5,1.0,Unranked,Big Ten,2,1.0,1.0,1.5,3.0,6.0,-3.0,1.0,0.0,0.0,1.0,0.0,2.0,20,25,5,#20 – #25,None,,,,,,,,19.0,19.5,14.0,5.0,14-5,0.737,3.0,5.0,3-5,0.375,1.0,3.0,1-3,0.25,10.0,2.0,10-2,0.833,0.0,4.0,0-4,0.0,2.0,#24 Nebraska lost to Unranked Wisconsin,Nebraska vs Wisconsin,-2.0
2026,Nebraska,Big Ten,1/19,10,24.0,24,24.0,0.0,Stable,6,6,Steady,7,0,7,0.0,2026-02-10,2,401825293.0,2026-01-24T19:00Z,Illinois,Home,W,81.0,75.0,24.0,99.0,7.0,7.0,,,True,,https://a.espncdn.com/i/teamlogos/ncaa/500/158.png,https://a.espncdn.com/i/teamlogos/ncaa/500/356.png,Big Ten,NEB,ILL,e31937,ff5f05,2026-01-24,6.0,1.0,No Upset,Ranked vs Unranked,Close (6-10),Close,6-10,2.0,Unranked,Big Ten,2,1.0,1.0,1.5,3.0,6.0,-3.0,1.0,0.0,0.0,1.0,0.0,2.0,20,25,5,#20 – #25,None,,,,,,,,20.0,18.8,15.0,5.0,15-5,0.75,4.0,5.0,4-5,0.444,1.0,3.0,1-3,0.25,11.0,2.0,11-2,0.846,0.0,4.0,0-4,0.0,2.0,,Illinois vs Nebraska,-2.0
2026,Nebraska,Big Ten,1/26,11,,26,24.0,-2.0,Dropped,6,0,Steady,7,0,7,0.0,2026-02-10,2,401825302.0,2026-01-29T01:00Z,Northwestern,Home,W,89.0,73.0,99.0,99.0,7.0,7.0,,,True,,https://a.espncdn.com/i/teamlogos/ncaa/500/158.png,https://a.espncdn.com/i/teamlogos/ncaa/500/77.png,Big Ten,NEB,NU,e31937,492f92,2026-01-29,16.0,1.0,No Upset,Unranked Matchup,Comfortable (11-20),Comfortable,11-20,3.0,Unranked,Big Ten,2,1.0,1.0,-1.5,-3.0,16.0,-19.0,0.0,0.0,0.0,0.0,0.0,2.0,20,25,5,#20 – #25,Exited,Wisconsin,L,60.0,63.0,2026-01-22,-3.0,Away,21.0,18.7,16.0,5.0,16-5,0.762,5.0,5.0,5-5,0.5,1.0,3.0,1-3,0.25,12.0,2.0,12-2,0.857,0.0,4.0,0-4,0.0,0.0,,Nebraska vs Northwestern,0.0
2026,Nebraska,Big Ten,1/26,11,,26,24.0,-2.0,Dropped,6,0,Steady,7,0,7,0.0,2026-02-10,2,401825314.0,2026-02-01T23:00Z,Ohio State,Away,L,71.0,90.0,99.0,11.0,7.0,7.0,,,True,,https://a.espncdn.com/i/teamlogos/ncaa/500/158.png,https://a.espncdn.com/i/teamlogos/ncaa/500/194.png,Big Ten,NEB,OSU,e31937,ba0c2f,2026-02-01,-19.0,0.0,No Upset,Ranked vs Unranked,Comfortable (11-20),Comfortable,11-20,3.0,Top 25,Big Ten,2,1.0,1.0,-1.5,-3.0,16.0,-19.0,0.0,0.0,0.0,0.0,0.0,2.0,20,25,5,#20 – #25,Exited,Wisconsin,L,60.0,63.0,2026-01-22,-3.0,Away,22.0,17.0,16.0,6.0,16-6,0.727,5.0,6.0,5-6,0.455,1.0,4.0,1-4,0.2,12.0,2.0,12-2,0.857,0.0,5.0,0-5,0.0,15.0,,Nebraska vs Ohio State,15.0
2026,Nebraska,Big Ten,2/2,12,,26,26.0,0.0,Unranked,6,0,Steady,7,0,7,0.0,2026-02-10,2,401825321.0,2026-02-05T00:00Z,Michigan,Away,L,76.0,88.0,99.0,8.0,7.0,7.0,,,True,,https://a.espncdn.com/i/teamlogos/ncaa/500/158.png,https://a.espncdn.com/i/teamlogos/ncaa/500/130.png,Big Ten,NEB,MICH,e31937,00274c,2026-02-05,-12.0,0.0,No Upset,Ranked vs Unranked,Comfortable (11-20),Comfortable,11-20,3.0,Top 10,Big Ten,2,0.0,2.0,-15.0,-30.0,-12.0,-18.0,0.0,0.0,0.0,0.0,0.0,2.0,20,25,5,#20 – #25,None,,,,,,,,23.0,15.7,16.0,7.0,16-7,0.696,5.0,7.0,5-7,0.417,1.0,5.0,1-5,0.167,12.0,2.0,12-2,0.857,0.0,6.0,0-6,0.0,18.0,,Michigan vs Nebraska,18.0
2026,Nebraska,Big Ten,2/2,12,,26,26.0,0.0,Unranked,6,0,Steady,7,0,7,0.0,2026-02-10,2,401825327.0,2026-02-07T19:00Z,Maryland,Home,L,60.0,78.0,99.0,22.0,7.0,7.0,,,True,,https://a.espncdn.com/i/teamlogos/ncaa/500/158.png,https://a.espncdn.com/i/teamlogos/ncaa/500/120.png,Big Ten,NEB,MD,e31937,ce1126,2026-02-07,-18.0,0.0,No Upset,Ranked vs Unranked,Comfortable (11-20),Comfortable,11-20,3.0,Top 25,Big Ten,2,0.0,2.0,-15.0,-30.0,-12.0,-18.0,0.0,0.0,0.0,0.0,0.0,2.0,20,25,5,#20 – #25,None,,,,,,,,24.0,14.3,16.0,8.0,16-8,0.667,5.0,8.0,5-8,0.385,1.0,5.0,1-5,0.167,12.0,3.0,12-3,0.8,0.0,7.0,0-7,0.0,4.0,,Maryland vs Nebraska,4.0
2026,Nebraska,Big Ten,2/9,13,,26,26.0,0.0,Unranked,6,0,Steady,7,0,7,0.0,2026-02-10,2,,,,,,,,,,,,,,,,,,,,,,,,,,,,,,,,,,0,,,,,,,,,,,,,20,25,5,#20 – #25,None,,,,,,,,,,,,,,,,,,,,,,,,,,,,,,,,,
2026,Notre Dame,ACC,Pre,0,15.0,15,,,Unknown,1,1,Falling,6,2,4,0.333,2026-02-10,2,401812420.0,2025-11-06T00:00Z,Fairleigh Dickinson,Home,W,98.0,52.0,15.0,99.0,2.0,19.0,,,False,,https://a.espncdn.com/i/teamlogos/ncaa/500/87.png,https://a.espncdn.com/i/teamlogos/ncaa/500/161.png,,ND,FDU,062340,72293c,2025-11-06,46.0,1.0,No Upset,Ranked vs Unranked,Blowout (20+),Blowout,20+,4.0,Unranked,Other,2,2.0,0.0,52.0,104.0,58.0,46.0,0.0,0.0,0.0,0.0,2.0,0.0,15,24,9,#15 – #24,None,,,,,,,,1.0,46.0,1.0,0.0,1-0,1.0,0.0,0.0,0-0,,0.0,0.0,0-0,,1.0,0.0,1-0,1.0,0.0,0.0,0-0,,11.0,,Fairleigh Dickinson vs Notre Dame,-11.0
2026,Notre Dame,ACC,Pre,0,15.0,15,,,Unknown,1,1,Falling,6,2,4,0.333,2026-02-10,2,401824232.0,2025-11-09T20:00Z,Chicago State,Home,W,116.0,58.0,15.0,99.0,2.0,19.0,,,False,,https://a.espncdn.com/i/teamlogos/ncaa/500/87.png,https://a.espncdn.com/i/teamlogos/ncaa/500/2130.png,,ND,CHST,062340,006700,2025-11-09,58.0,1.0,No Upset,Ranked vs Unranked,Blowout (20+),Blowout,20+,4.0,Unranked,Other,2,2.0,0.0,52.0,104.0,58.0,46.0,0.0,0.0,0.0,0.0,2.0,0.0,15,24,9,#15 – #24,None,,,,,,,,2.0,52.0,2.0,0.0,2-0,1.0,0.0,0.0,0-0,,0.0,0.0,0-0,,2.0,0.0,2-0,1.0,0.0,0.0,0-0,,11.0,,Chicago State vs Notre Dame,-11.0
2026,Notre Dame,ACC,11/10,1,18.0,18,15.0,-3.0,Falling,2,2,Falling,6,2,4,0.333,2026-02-10,2,401820850.0,2025-11-13T00:00Z,Akron,Home,W,85.0,58.0,18.0,99.0,2.0,14.0,,,False,,https://a.espncdn.com/i/teamlogos/ncaa/500/87.png,https://a.espncdn.com/i/teamlogos/ncaa/500/2006.png,,ND,AKR,062340,041e42,2025-11-13,27.0,1.0,No Upset,Ranked vs Unranked,Blowout (20+),Blowout,20+,4.0,Unranked,Other,2,1.0,1.0,-6.0,-12.0,27.0,-39.0,0.0,0.0,1.0,0.0,2.0,0.0,15,24,9,#15 – #24,None,,,,,,,,3.0,43.7,3.0,0.0,3-0,1.0,0.0,0.0,0-0,,0.0,0.0,0-0,,3.0,0.0,3-0,1.0,0.0,0.0,0-0,,8.0,,Akron vs Notre Dame,-8.0
2026,Notre Dame,ACC,11/10,1,18.0,18,15.0,-3.0,Falling,2,2,Falling,6,2,4,0.333,2026-02-10,2,401825022.0,2025-11-15T21:00Z,Michigan,Neutral,L,54.0,93.0,18.0,14.0,2.0,7.0,,,False,Shamrock Classic,https://a.espncdn.com/i/teamlogos/ncaa/500/87.png,https://a.espncdn.com/i/teamlogos/ncaa/500/130.png,,ND,MICH,062340,00274c,2025-11-15,-39.0,0.0,No Upset,Top 25 Matchup,Blowout (20+),Blowout,20+,4.0,Top 25,Big Ten,2,1.0,1.0,-6.0,-12.0,27.0,-39.0,0.0,0.0,1.0,0.0,2.0,0.0,15,24,9,#15 – #24,None,,,,,,,,4.0,23.0,3.0,1.0,3-1,0.75,0.0,0.0,0-0,,0.0,0.0,0-0,,3.0,0.0,3-0,1.0,0.0,1.0,0-1,0.0,4.0,,Michigan vs Notre Dame,4.0
2026,Notre Dame,ACC,11/17,2,24.0,24,18.0,-6.0,Falling,3,3,Falling,6,2,4,0.333,2026-02-10,2,401825023.0,2025-11-21T23:00Z,USC,Home,W,61.0,59.0,24.0,11.0,2.0,7.0,,,False,,https://a.espncdn.com/i/teamlogos/ncaa/500/87.png,https://a.espncdn.com/i/teamlogos/ncaa/500/30.png,,ND,USC,062340,9d2235,2025-11-21,2.0,1.0,No Upset,Top 25 Matchup,Nail-Biter (≤5),Nail-Biter,≤5,1.0,Top 25,Big Ten,1,1.0,0.0,2.0,2.0,2.0,2.0,0.0,0.0,1.0,1.0,0.0,0.0,15,24,9,#15 – #24,None,,,,,,,,5.0,18.8,4.0,1.0,4-1,0.8,0.0,0.0,0-0,,0.0,0.0,0-0,,4.0,0.0,4-0,1.0,1.0,1.0,1-1,0.5,13.0,,Notre Dame vs USC,13.0
2026,Notre Dame,ACC,11/24,3,19.0,19,24.0,5.0,Rising,4,4,Falling,6,2,4,0.333,2026-02-10,2,401824220.0,2025-11-25T02:00Z,Central Michigan,Home,W,83.0,51.0,19.0,99.0,2.0,14.0,,,False,,https://a.espncdn.com/i/teamlogos/ncaa/500/87.png,https://a.espncdn.com/i/teamlogos/ncaa/500/2117.png,,ND,CMU,062340,4c0027,2025-11-25,32.0,1.0,No Upset,Ranked vs Unranked,Blowout (20+),Blowout,20+,4.0,Unranked,Other,1,1.0,0.0,32.0,32.0,32.0,32.0,0.0,0.0,0.0,0.0,1.0,0.0,15,24,9,#15 – #24,None,,,,,,,,6.0,21.0,5.0,1.0,5-1,0.833,0.0,0.0,0-0,,0.0,0.0,0-0,,5.0,0.0,5-0,1.0,1.0,1.0,1-1,0.5,7.0,,Central Michigan vs Notre Dame,-7.0
2026,Notre Dame,ACC,12/1,4,18.0,18,19.0,1.0,Rising,5,5,Falling,6,2,4,0.333,2026-02-10,2,401806390.0,2025-12-05T02:00Z,Ole Miss,Away,L,62.0,69.0,18.0,13.0,2.0,23.0,,,False,ACC/SEC Women's Challenge,https://a.espncdn.com/i/teamlogos/ncaa/500/87.png,https://a.espncdn.com/i/teamlogos/ncaa/500/145.png,,ND,MISS,062340,13294b,2025-12-05,-7.0,0.0,No Upset,Top 25 Matchup,Close (6-10),Close,6-10,2.0,Top 25,SEC,2,1.0,1.0,14.0,28.0,35.0,-7.0,0.0,0.0,1.0,0.0,1.0,1.0,15,24,9,#15 – #24,None,,,,,,,,7.0,17.0,5.0,2.0,5-2,0.714,0.0,0.0,0-0,,0.0,1.0,0-1,0.0,5.0,0.0,5-0,1.0,1.0,2.0,1-2,0.333,5.0,,Notre Dame vs Ole Miss,5.0
2026,Notre Dame,ACC,12/1,4,18.0,18,19.0,1.0,Rising,5,5,Falling,6,2,4,0.333,2026-02-10,2,401819631.0,2025-12-07T19:00Z,Florida State,Away,W,93.0,58.0,18.0,99.0,2.0,2.0,,,True,,https://a.espncdn.com/i/teamlogos/ncaa/500/87.png,https://a.espncdn.com/i/teamlogos/ncaa/500/52.png,ACC,ND,FSU,062340,782f40,2025-12-07,35.0,1.0,No Upset,Ranked vs Unranked,Blowout (20+),Blowout,20+,4.0,Unranked,ACC,2,1.0,1.0,14.0,28.0,35.0,-7.0,0.0,0.0,1.0,0.0,1.0,1.0,15,24,9,#15 – #24,None,,,,,,,,8.0,19.2,6.0,2.0,6-2,0.75,1.0,0.0,1-0,1.0,1.0,1.0,1-1,0.5,5.0,0.0,5-0,1.0,1.0,2.0,1-2,0.333,8.0,,Florida State vs Notre Dame,-8.0
2026,Notre Dame,ACC,12/8,5,19.0,19,18.0,-1.0,Falling,6,6,Falling,6,2,4,0.333,2026-02-10,2,401825024.0,2025-12-12T00:00Z,Morehead State,Home,W,97.0,48.0,19.0,99.0,2.0,20.0,,,False,,https://a.espncdn.com/i/teamlogos/ncaa/500/87.png,https://a.espncdn.com/i/teamlogos/ncaa/500/2413.png,,ND,MORE,062340,094FA3,2025-12-12,49.0,1.0,No Upset,Ranked vs Unranked,Blowout (20+),Blowout,20+,4.0,Unranked,Ivy League,2,2.0,0.0,31.0,62.0,49.0,13.0,0.0,0.0,0.0,0.0,1.0,0.0,15,24,9,#15 – #24,None,,,,,,,,9.0,22.6,7.0,2.0,7-2,0.778,1.0,0.0,1-0,1.0,1.0,1.0,1-1,0.5,6.0,0.0,6-0,1.0,1.0,2.0,1-2,0.333,7.0,,Morehead State vs Notre Dame,-7.0
2026,Notre Dame,ACC,12/8,5,19.0,19,18.0,-1.0,Falling,6,6,Falling,6,2,4,0.333,2026-02-10,2,401825025.0,2025-12-14T21:00Z,James Madison,Away,W,78.0,65.0,19.0,99.0,2.0,27.0,,,False,,https://a.espncdn.com/i/teamlogos/ncaa/500/87.png,https://a.espncdn.com/i/teamlogos/ncaa/500/256.png,,ND,JMU,062340,450084,2025-12-14,13.0,1.0,No Upset,Ranked vs Unranked,Comfortable (11-20),Comfortable,11-20,3.0,Unranked,Other,2,2.0,0.0,31.0,62.0,49.0,13.0,0.0,0.0,0.0,0.0,1.0,0.0,15,24,9,#15 – #24,None,,,,,,,,10.0,21.6,8.0,2.0,8-2,0.8,1.0,0.0,1-0,1.0,2.0,1.0,2-1,0.667,6.0,0.0,6-0,1.0,1.0,2.0,1-2,0.333,7.0,,James Madison vs Notre Dame,-7.0
2026,Notre Dame,ACC,12/15,6,20.0,20,19.0,-1.0,Falling,7,7,Falling,6,2,4,0.333,2026-02-10,2,,,,,,,,,,,,,,,,,,,,,,,,,,,,,,,,,,0,,,,,,,,,,,,,15,24,9,#15 – #24,None,,,,,,,,,,,,,,,,,,,,,,,,,,,,,,,,,
2026,Notre Dame,ACC,12/22,7,18.0,18,20.0,2.0,Rising,8,8,Falling,6,2,4,0.333,2026-02-10,2,401830898.0,2025-12-22T00:00Z,Bellarmine,Home,W,110.0,38.0,20.0,99.0,2.0,46.0,,,False,,https://a.espncdn.com/i/teamlogos/ncaa/500/87.png,https://a.espncdn.com/i/teamlogos/ncaa/500/91.png,,ND,BELL,062340,000000,2025-12-22,72.0,1.0,No Upset,Ranked vs Unranked,Blowout (20+),Blowout,20+,4.0,Unranked,A-10,4,2.0,2.0,22.0,88.0,72.0,-14.0,2.0,0.0,0.0,1.0,2.0,3.0,15,24,9,#15 – #24,None,,,,,,,,11.0,26.2,9.0,2.0,9-2,0.818,1.0,0.0,1-0,1.0,2.0,1.0,2-1,0.667,7.0,0.0,7-0,1.0,1.0,2.0,1-2,0.333,6.0,,Bellarmine vs Notre Dame,-6.0
2026,Notre Dame,ACC,12/22,7,18.0,18,20.0,2.0,Rising,8,8,Falling,6,2,4,0.333,2026-02-10,2,401819640.0,2025-12-29T23:00Z,Pittsburgh,Home,W,94.0,59.0,18.0,99.0,2.0,2.0,,,True,,https://a.espncdn.com/i/teamlogos/ncaa/500/87.png,https://a.espncdn.com/i/teamlogos/ncaa/500/221.png,ACC,ND,PITT,062340,003594,2025-12-29,35.0,1.0,No Upset,Ranked vs Unranked,Blowout (20+),Blowout,20+,4.0,Unranked,ACC,4,2.0,2.0,22.0,88.0,72.0,-14.0,2.0,0.0,0.0,1.0,2.0,3.0,15,24,9,#15 – #24,None,,,,,,,,12.0,26.9,10.0,2.0,10-2,0.833,2.0,0.0,2-0,1.0,2.0,1.0,2-1,0.667,8.0,0.0,8-0,1.0,1.0,2.0,1-2,0.333,8.0,,Notre Dame vs Pittsburgh,-8.0
2026,Notre Dame,ACC,12/22,7,18.0,18,20.0,2.0,Rising,8,8,Falling,6,2,4,0.333,2026-02-10,2,401819646.0,2026-01-01T21:00Z,Georgia Tech,Away,L,90.0,95.0,18.0,99.0,2.0,2.0,,,True,,https://a.espncdn.com/i/teamlogos/ncaa/500/87.png,https://a.espncdn.com/i/teamlogos/ncaa/500/59.png,ACC,ND,GT,062340,b3a369,2026-01-01,-5.0,0.0,Upset Loss,Ranked vs Unranked,Nail-Biter (≤5),Nail-Biter,≤5,1.0,Unranked,ACC,4,2.0,2.0,22.0,88.0,72.0,-14.0,2.0,0.0,0.0,1.0,2.0,3.0,15,24,9,#15 – #24,None,,,,,,,,13.0,24.5,10.0,3.0,10-3,0.769,2.0,1.0,2-1,0.667,2.0,2.0,2-2,0.5,8.0,0.0,8-0,1.0,1.0,2.0,1-2,0.333,8.0,#18 Notre Dame lost to Unranked Georgia Tech,Georgia Tech vs Notre Dame,-8.0
2026,Notre Dame,ACC,12/22,7,18.0,18,20.0,2.0,Rising,8,8,Falling,6,2,4,0.333,2026-02-10,2,401819650.0,2026-01-04T17:00Z,Duke,Away,L,68.0,82.0,18.0,99.0,2.0,2.0,,,True,,https://a.espncdn.com/i/teamlogos/ncaa/500/87.png,https://a.espncdn.com/i/teamlogos/ncaa/500/150.png,ACC,ND,DUKE,062340,00539b,2026-01-04,-14.0,0.0,Upset Loss,Ranked vs Unranked,Comfortable (11-20),Comfortable,11-20,3.0,Unranked,ACC,4,2.0,2.0,22.0,88.0,72.0,-14.0,2.0,0.0,0.0,1.0,2.0,3.0,15,24,9,#15 – #24,None,,,,,,,,14.0,21.7,10.0,4.0,10-4,0.714,2.0,2.0,2-2,0.5,2.0,3.0,2-3,0.4,8.0,0.0,8-0,1.0,1.0,2.0,1-2,0.333,8.0,#18 Notre Dame lost to Unranked Duke,Duke vs Notre Dame,-8.0
2026,Notre Dame,ACC,1/5,8,,26,18.0,-8.0,Dropped,8,0,Falling,6,2,4,0.333,2026-02-10,2,401819655.0,2026-01-08T23:00Z,Boston College,Home,W,94.0,60.0,99.0,99.0,2.0,2.0,,,True,,https://a.espncdn.com/i/teamlogos/ncaa/500/87.png,https://a.espncdn.com/i/teamlogos/ncaa/500/103.png,ACC,ND,BC,062340,8c2232,2026-01-08,34.0,1.0,No Upset,Unranked Matchup,Blowout (20+),Blowout,20+,4.0,Unranked,ACC,2,2.0,0.0,28.5,57.0,34.0,23.0,0.0,1.0,0.0,0.0,2.0,2.0,15,24,9,#15 – #24,Exited,Duke,L,68.0,82.0,2026-01-04,-14.0,Away,15.0,22.5,11.0,4.0,11-4,0.733,3.0,2.0,3-2,0.6,2.0,3.0,2-3,0.4,9.0,0.0,9-0,1.0,1.0,2.0,1-2,0.333,0.0,,Boston College vs Notre Dame,0.0
2026,Notre Dame,ACC,1/5,8,,26,18.0,-8.0,Dropped,8,0,Falling,6,2,4,0.333,2026-02-10,2,401819662.0,2026-01-11T18:00Z,UNC,Home,W,73.0,50.0,99.0,22.0,2.0,2.0,,,True,,https://a.espncdn.com/i/teamlogos/ncaa/500/87.png,https://a.espncdn.com/i/teamlogos/ncaa/500/153.png,ACC,ND,UNC,062340,7bafd4,2026-01-11,23.0,1.0,Upset Win,Ranked vs Unranked,Blowout (20+),Blowout,20+,4.0,Top 25,ACC,2,2.0,0.0,28.5,57.0,34.0,23.0,0.0,1.0,0.0,0.0,2.0,2.0,15,24,9,#15 – #24,Exited,Duke,L,68.0,82.0,2026-01-04,-14.0,Away,16.0,22.6,12.0,4.0,12-4,0.75,4.0,2.0,4-2,0.667,2.0,3.0,2-3,0.4,10.0,0.0,10-0,1.0,2.0,2.0,2-2,0.5,4.0,Unranked Notre Dame beat #22 UNC,Notre Dame vs UNC,4.0
2026,Notre Dame,ACC,1/12,9,23.0,23,26.0,3.0,New,9,1,Falling,6,2,4,0.333,2026-02-10,2,401819668.0,2026-01-15T23:00Z,Louisville,Home,L,66.0,79.0,23.0,9.0,2.0,2.0,,,True,,https://a.espncdn.com/i/teamlogos/ncaa/500/87.png,https://a.espncdn.com/i/teamlogos/ncaa/500/97.png,ACC,ND,LOU,062340,c9001f,2026-01-15,-13.0,0.0,No Upset,Top 25 Matchup,Comfortable (11-20),Comfortable,11-20,3.0,Top 10,ACC,1,0.0,1.0,-13.0,-13.0,-13.0,-13.0,0.0,0.0,1.0,0.0,0.0,1.0,15,24,9,#15 – #24,Entered,UNC,W,73.0,50.0,2026-01-11,23.0,Home,17.0,20.5,12.0,5.0,12-5,0.706,4.0,3.0,4-3,0.571,2.0,3.0,2-3,0.4,10.0,1.0,10-1,0.909,2.0,3.0,2-3,0.4,14.0,,Louisville vs Notre Dame,14.0
2026,Notre Dame,ACC,1/19,10,,26,23.0,-3.0,Dropped,9,0,Falling,6,2,4,0.333,2026-02-10,2,401817390.0,2026-01-19T22:00Z,UConn,Away,L,47.0,85.0,99.0,1.0,2.0,4.0,,,False,,https://a.espncdn.com/i/teamlogos/ncaa/500/87.png,https://a.espncdn.com/i/teamlogos/ncaa/500/41.png,,ND,CONN,062340,0c2340,2026-01-19,-38.0,0.0,No Upset,Ranked vs Unranked,Blowout (20+),Blowout,20+,4.0,Top 5,Big 12,3,1.0,2.0,-12.3,-37.0,8.0,-38.0,0.0,0.0,0.0,0.0,1.0,2.0,15,24,9,#15 – #24,Exited,Louisville,L,66.0,79.0,2026-01-15,-13.0,Home,18.0,17.2,12.0,6.0,12-6,0.667,4.0,3.0,4-3,0.571,2.0,4.0,2-4,0.333,10.0,1.0,10-1,0.909,2.0,4.0,2-4,0.333,25.0,,Notre Dame vs UConn,25.0
2026,Notre Dame,ACC,1/19,10,,26,23.0,-3.0,Dropped,9,0,Falling,6,2,4,0.333,2026-02-10,2,401819677.0,2026-01-22T23:00Z,Miami (FL),Home,W,74.0,66.0,99.0,99.0,2.0,2.0,,,True,,https://a.espncdn.com/i/teamlogos/ncaa/500/87.png,https://a.espncdn.com/i/teamlogos/ncaa/500/2390.png,ACC,ND,MIA,062340,f47423,2026-01-22,8.0,1.0,No Upset,Unranked Matchup,Close (6-10),Close,6-10,2.0,Unranked,ACC,3,1.0,2.0,-12.3,-37.0,8.0,-38.0,0.0,0.0,0.0,0.0,1.0,2.0,15,24,9,#15 – #24,Exited,Louisville,L,66.0,79.0,2026-01-15,-13.0,Home,19.0,16.7,13.0,6.0,13-6,0.684,5.0,3.0,5-3,0.625,2.0,4.0,2-4,0.333,11.0,1.0,11-1,0.917,2.0,4.0,2-4,0.333,0.0,,Miami (FL) vs Notre Dame,0.0
2026,Notre Dame,ACC,1/19,10,,26,23.0,-3.0,Dropped,9,0,Falling,6,2,4,0.333,2026-02-10,2,401819593.0,2026-01-25T20:00Z,Clemson,Home,L,58.0,65.0,99.0,99.0,2.0,2.0,,,True,,https://a.espncdn.com/i/teamlogos/ncaa/500/87.png,https://a.espncdn.com/i/teamlogos/ncaa/500/228.png,ACC,ND,CLEM,062340,f56600,2026-01-25,-7.0,0.0,No Upset,Unranked Matchup,Close (6-10),Close,6-10,2.0,Unranked,ACC,3,1.0,2.0,-12.3,-37.0,8.0,-38.0,0.0,0.0,0.0,0.0,1.0,2.0,15,24,9,#15 – #24,Exited,Louisville,L,66.0,79.0,2026-01-15,-13.0,Home,20.0,15.6,13.0,7.0,13-7,0.65,5.0,4.0,5-4,0.556,2.0,4.0,2-4,0.333,11.0,2.0,11-2,0.846,2.0,4.0,2-4,0.333,0.0,,Clemson vs Notre Dame,0.0
2026,Notre Dame,ACC,1/26,11,,26,26.0,0.0,Unranked,9,0,Falling,6,2,4,0.333,2026-02-10,2,401819688.0,2026-01-30T03:00Z,California,Away,L,69.0,80.0,99.0,99.0,2.0,2.0,,,True,,https://a.espncdn.com/i/teamlogos/ncaa/500/87.png,https://a.espncdn.com/i/teamlogos/ncaa/500/25.png,ACC,ND,CAL,062340,041e42,2026-01-30,-11.0,0.0,No Upset,Unranked Matchup,Comfortable (11-20),Comfortable,11-20,3.0,Unranked,ACC,2,1.0,1.0,0.5,1.0,12.0,-11.0,0.0,0.0,0.0,0.0,0.0,2.0,15,24,9,#15 – #24,None,,,,,,,,21.0,14.3,13.0,8.0,13-8,0.619,5.0,5.0,5-5,0.5,2.0,5.0,2-5,0.286,11.0,2.0,11-2,0.846,2.0,4.0,2-4,0.333,0.0,,California vs Notre Dame,0.0
2026,Notre Dame,ACC,1/26,11,,26,26.0,0.0,Unranked,9,0,Falling,6,2,4,0.333,2026-02-10,2,401819622.0,2026-02-01T21:00Z,Stanford,Away,W,78.0,66.0,99.0,99.0,2.0,2.0,,,True,,https://a.espncdn.com/i/teamlogos/ncaa/500/87.png,https://a.espncdn.com/i/teamlogos/ncaa/500/24.png,ACC,ND,STAN,062340,8c1515,2026-02-01,12.0,1.0,No Upset,Unranked Matchup,Comfortable (11-20),Comfortable,11-20,3.0,Unranked,ACC,2,1.0,1.0,0.5,1.0,12.0,-11.0,0.0,0.0,0.0,0.0,0.0,2.0,15,24,9,#15 – #24,None,,,,,,,,22.0,14.2,14.0,8.0,14-8,0.636,6.0,5.0,6-5,0.545,3.0,5.0,3-5,0.375,11.0,2.0,11-2,0.846,2.0,4.0,2-4,0.333,0.0,,Notre Dame vs Stanford,0.0
2026,Notre Dame,ACC,2/2,12,,26,26.0,0.0,Unranked,9,0,Falling,6,2,4,0.333,2026-02-10,2,401819700.0,2026-02-06T00:00Z,Virginia Tech,Home,W,80.0,70.0,99.0,99.0,2.0,2.0,,,True,,https://a.espncdn.com/i/teamlogos/ncaa/500/87.png,https://a.espncdn.com/i/teamlogos/ncaa/500/259.png,ACC,ND,VT,062340,6a2c3e,2026-02-06,10.0,1.0,No Upset,Unranked Matchup,Close (6-10),Close,6-10,2.0,Unranked,ACC,2,1.0,1.0,-0.5,-1.0,10.0,-11.0,0.0,0.0,0.0,0.0,0.0,2.0,15,24,9,#15 – #24,None,,,,,,,,23.0,14.0,15.0,8.0,15-8,0.652,7.0,5.0,7-5,0.583,3.0,5.0,3-5,0.375,12.0,2.0,12-2,0.857,2.0,4.0,2-4,0.333,0.0,,Notre Dame vs Virginia Tech,0.0
2026,Notre Dame,ACC,2/2,12,,26,26.0,0.0,Unranked,9,0,Falling,6,2,4,0.333,2026-02-10,2,401819706.0,2026-02-08T19:00Z,Virginia,Away,L,70.0,81.0,99.0,99.0,2.0,2.0,,,True,,https://a.espncdn.com/i/teamlogos/ncaa/500/87.png,https://a.espncdn.com/i/teamlogos/ncaa/500/258.png,ACC,ND,UVA,062340,f84c1e,2026-02-08,-11.0,0.0,No Upset,Unranked Matchup,Comfortable (11-20),Comfortable,11-20,3.0,Unranked,ACC,2,1.0,1.0,-0.5,-1.0,10.0,-11.0,0.0,0.0,0.0,0.0,0.0,2.0,15,24,9,#15 – #24,None,,,,,,,,24.0,13.0,15.0,9.0,15-9,0.625,7.0,6.0,7-6,0.538,3.0,6.0,3-6,0.333,12.0,2.0,12-2,0.857,2.0,4.0,2-4,0.333,0.0,,Notre Dame vs Virginia,0.0
2026,Notre Dame,ACC,2/9,13,,26,26.0,0.0,Unranked,9,0,Falling,6,2,4,0.333,2026-02-10,2,,,,,,,,,,,,,,,,,,,,,,,,,,,,,,,,,,0,,,,,,,,,,,,,15,24,9,#15 – #24,None,,,,,,,,,,,,,,,,,,,,,,,,,,,,,,,,,
2026,Ohio State,Big Ten,Pre,0,,26,,,Unknown,0,0,Surging,7,4,3,0.571,2026-02-10,2,401818667.0,2025-11-09T18:00Z,Coppin State,Home,W,88.0,59.0,99.0,99.0,7.0,16.0,,,False,,https://a.espncdn.com/i/teamlogos/ncaa/500/194.png,https://a.espncdn.com/i/teamlogos/ncaa/500/2154.png,,OSU,COPP,ba0c2f,2e3192,2025-11-09,29.0,1.0,No Upset,Unranked Matchup,Blowout (20+),Blowout,20+,4.0,Unranked,Other,1,1.0,0.0,29.0,29.0,29.0,29.0,0.0,0.0,0.0,0.0,1.0,0.0,8,23,15,#8 – #23,None,,,,,,,,1.0,29.0,1.0,0.0,1-0,1.0,0.0,0.0,0-0,,0.0,0.0,0-0,,1.0,0.0,1-0,1.0,0.0,0.0,0-0,,0.0,,Coppin State vs Ohio State,0.0
2026,Ohio State,Big Ten,11/10,1,,26,26.0,0.0,Unranked,0,0,Surging,7,4,3,0.571,2026-02-10,2,401818668.0,2025-11-13T23:30Z,Bellarmine,Home,W,90.0,33.0,99.0,99.0,7.0,46.0,,,False,,https://a.espncdn.com/i/teamlogos/ncaa/500/194.png,https://a.espncdn.com/i/teamlogos/ncaa/500/91.png,,OSU,BELL,ba0c2f,000000,2025-11-13,57.0,1.0,No Upset,Unranked Matchup,Blowout (20+),Blowout,20+,4.0,Unranked,A-10,2,1.0,1.0,12.5,25.0,57.0,-32.0,0.0,0.0,0.0,0.0,2.0,0.0,8,23,15,#8 – #23,None,,,,,,,,2.0,43.0,2.0,0.0,2-0,1.0,0.0,0.0,0-0,,0.0,0.0,0-0,,2.0,0.0,2-0,1.0,0.0,0.0,0-0,,0.0,,Bellarmine vs Ohio State,0.0
2026,Ohio State,Big Ten,11/10,1,,26,26.0,0.0,Unranked,0,0,Surging,7,4,3,0.571,2026-02-10,2,401817384.0,2025-11-16T17:00Z,UConn,Away,L,68.0,100.0,99.0,1.0,7.0,4.0,,,False,,https://a.espncdn.com/i/teamlogos/ncaa/500/194.png,https://a.espncdn.com/i/teamlogos/ncaa/500/41.png,,OSU,CONN,ba0c2f,0c2340,2025-11-16,-32.0,0.0,No Upset,Ranked vs Unranked,Blowout (20+),Blowout,20+,4.0,Top 5,Big 12,2,1.0,1.0,12.5,25.0,57.0,-32.0,0.0,0.0,0.0,0.0,2.0,0.0,8,23,15,#8 – #23,None,,,,,,,,3.0,18.0,2.0,1.0,2-1,0.667,0.0,0.0,0-0,,0.0,1.0,0-1,0.0,2.0,0.0,2-0,1.0,0.0,1.0,0-1,0.0,25.0,,Ohio State vs UConn,25.0
2026,Ohio State,Big Ten,11/17,2,,26,26.0,0.0,Unranked,0,0,Surging,7,4,3,0.571,2026-02-10,2,401818669.0,2025-11-19T23:30Z,Kent State,Home,W,88.0,68.0,99.0,99.0,7.0,14.0,,,False,,https://a.espncdn.com/i/teamlogos/ncaa/500/194.png,https://a.espncdn.com/i/teamlogos/ncaa/500/2309.png,,OSU,KENT,ba0c2f,002664,2025-11-19,20.0,1.0,No Upset,Unranked Matchup,Comfortable (11-20),Comfortable,11-20,3.0,Unranked,Other,1,1.0,0.0,20.0,20.0,20.0,20.0,0.0,0.0,0.0,0.0,0.0,0.0,8,23,15,#8 – #23,None,,,,,,,,4.0,18.5,3.0,1.0,3-1,0.75,0.0,0.0,0-0,,0.0,1.0,0-1,0.0,3.0,0.0,3-0,1.0,0.0,1.0,0-1,0.0,0.0,,Kent State vs Ohio State,0.0
2026,Ohio State,Big Ten,11/24,3,,26,26.0,0.0,Unranked,0,0,Surging,7,4,3,0.571,2026-02-10,2,401823597.0,2025-11-24T16:00Z,Belmont,Neutral,W,68.0,56.0,99.0,99.0,7.0,18.0,,,False,Baha Mar Pink Flamingo Championship - Goombay Division,https://a.espncdn.com/i/teamlogos/ncaa/500/194.png,https://a.espncdn.com/i/teamlogos/ncaa/500/2057.png,,OSU,BEL,ba0c2f,182142,2025-11-24,12.0,1.0,No Upset,Unranked Matchup,Comfortable (11-20),Comfortable,11-20,3.0,Unranked,Other,3,3.0,0.0,37.3,112.0,98.0,2.0,0.0,1.0,0.0,1.0,1.0,0.0,8,23,15,#8 – #23,None,,,,,,,,5.0,17.2,4.0,1.0,4-1,0.8,0.0,0.0,0-0,,0.0,1.0,0-1,0.0,3.0,0.0,3-0,1.0,0.0,1.0,0-1,0.0,0.0,,Belmont vs Ohio State,0.0
2026,Ohio State,Big Ten,11/24,3,,26,26.0,0.0,Unranked,0,0,Surging,7,4,3,0.571,2026-02-10,2,401823632.0,2025-11-26T18:30Z,West Virginia,Neutral,W,83.0,81.0,99.0,21.0,7.0,8.0,,,False,Baha Mar Pink Flamingo Championship - Goombay Division - Championship,https://a.espncdn.com/i/teamlogos/ncaa/500/194.png,https://a.espncdn.com/i/teamlogos/ncaa/500/277.png,,OSU,WVU,ba0c2f,eaaa00,2025-11-26,2.0,1.0,Upset Win,Ranked vs Unranked,Nail-Biter (≤5),Nail-Biter,≤5,1.0,Top 25,Big East,3,3.0,0.0,37.3,112.0,98.0,2.0,0.0,1.0,0.0,1.0,1.0,0.0,8,23,15,#8 – #23,None,,,,,,,,6.0,14.7,5.0,1.0,5-1,0.833,0.0,0.0,0-0,,0.0,1.0,0-1,0.0,3.0,0.0,3-0,1.0,1.0,1.0,1-1,0.5,5.0,Unranked Ohio State beat #21 West Virginia,Ohio State vs West Virginia,5.0
2026,Ohio State,Big Ten,11/24,3,,26,26.0,0.0,Unranked,0,0,Surging,7,4,3,0.571,2026-02-10,2,401813853.0,2025-11-30T18:00Z,Niagara,Home,W,130.0,32.0,99.0,99.0,7.0,13.0,,,False,,https://a.espncdn.com/i/teamlogos/ncaa/500/194.png,https://a.espncdn.com/i/teamlogos/ncaa/500/315.png,,OSU,NIA,ba0c2f,69207E,2025-11-30,98.0,1.0,No Upset,Unranked Matchup,Blowout (20+),Blowout,20+,4.0,Unranked,Other,3,3.0,0.0,37.3,112.0,98.0,2.0,0.0,1.0,0.0,1.0,1.0,0.0,8,23,15,#8 – #23,None,,,,,,,,7.0,26.6,6.0,1.0,6-1,0.857,0.0,0.0,0-0,,0.0,1.0,0-1,0.0,4.0,0.0,4-0,1.0,1.0,1.0,1-1,0.5,0.0,,Niagara vs Ohio State,0.0
2026,Ohio State,Big Ten,12/1,4,23.0,23,26.0,3.0,New,1,1,Surging,7,4,3,0.571,2026-02-10,2,401825224.0,2025-12-07T19:00Z,Northwestern,Away,W,79.0,70.0,23.0,99.0,7.0,7.0,,,True,,https://a.espncdn.com/i/teamlogos/ncaa/500/194.png,https://a.espncdn.com/i/teamlogos/ncaa/500/77.png,Big Ten,OSU,NU,ba0c2f,492f92,2025-12-07,9.0,1.0,No Upset,Ranked vs Unranked,Close (6-10),Close,6-10,2.0,Unranked,Big Ten,1,1.0,0.0,9.0,9.0,9.0,9.0,0.0,0.0,0.0,0.0,0.0,1.0,8,23,15,#8 – #23,Entered,Niagara,W,130.0,32.0,2025-11-30,98.0,Home,8.0,24.4,7.0,1.0,7-1,0.875,1.0,0.0,1-0,1.0,1.0,1.0,1-1,0.5,4.0,0.0,4-0,1.0,1.0,1.0,1-1,0.5,3.0,,Northwestern vs Ohio State,-3.0
2026,Ohio State,Big Ten,12/8,5,21.0,21,23.0,2.0,Rising,2,2,Surging,7,4,3,0.571,2026-02-10,2,401818670.0,2025-12-11T23:30Z,Northern Kentucky,Home,W,94.0,62.0,21.0,99.0,7.0,45.0,,,False,,https://a.espncdn.com/i/teamlogos/ncaa/500/194.png,https://a.espncdn.com/i/teamlogos/ncaa/500/94.png,,OSU,NKU,ba0c2f,ffc82e,2025-12-11,32.0,1.0,No Upset,Ranked vs Unranked,Blowout (20+),Blowout,20+,4.0,Unranked,Other,2,2.0,0.0,28.5,57.0,32.0,25.0,0.0,0.0,0.0,0.0,2.0,0.0,8,23,15,#8 – #23,None,,,,,,,,9.0,25.2,8.0,1.0,8-1,0.889,1.0,0.0,1-0,1.0,1.0,1.0,1-1,0.5,5.0,0.0,5-0,1.0,1.0,1.0,1-1,0.5,5.0,,Northern Kentucky vs Ohio State,-5.0
2026,Ohio State,Big Ten,12/8,5,21.0,21,23.0,2.0,Rising,2,2,Surging,7,4,3,0.571,2026-02-10,2,401813228.0,2025-12-14T18:00Z,Toledo,Home,W,85.0,60.0,21.0,99.0,7.0,14.0,,,False,,https://a.espncdn.com/i/teamlogos/ncaa/500/194.png,https://a.espncdn.com/i/teamlogos/ncaa/500/2649.png,,OSU,TOL,ba0c2f,0b2240,2025-12-14,25.0,1.0,No Upset,Ranked vs Unranked,Blowout (20+),Blowout,20+,4.0,Unranked,Other,2,2.0,0.0,28.5,57.0,32.0,25.0,0.0,0.0,0.0,0.0,2.0,0.0,8,23,15,#8 – #23,None,,,,,,,,10.0,25.2,9.0,1.0,9-1,0.9,1.0,0.0,1-0,1.0,1.0,1.0,1-1,0.5,6.0,0.0,6-0,1.0,1.0,1.0,1-1,0.5,5.0,,Ohio State vs Toledo,-5.0
2026,Ohio State,Big Ten,12/15,6,21.0,21,21.0,0.0,Stable,3,3,Surging,7,4,3,0.571,2026-02-10,2,401818671.0,2025-12-18T23:30Z,Norfolk State,Home,W,79.0,45.0,21.0,99.0,7.0,16.0,,,False,,https://a.espncdn.com/i/teamlogos/ncaa/500/194.png,https://a.espncdn.com/i/teamlogos/ncaa/500/2450.png,,OSU,NORF,ba0c2f,0c8968,2025-12-18,34.0,1.0,No Upset,Ranked vs Unranked,Blowout (20+),Blowout,20+,4.0,Unranked,Other,1,1.0,0.0,34.0,34.0,34.0,34.0,0.0,0.0,0.0,0.0,1.0,0.0,8,23,15,#8 – #23,None,,,,,,,,11.0,26.0,10.0,1.0,10-1,0.909,1.0,0.0,1-0,1.0,1.0,1.0,1-1,0.5,7.0,0.0,7-0,1.0,1.0,1.0,1-1,0.5,5.0,,Norfolk State vs Ohio State,-5.0
2026,Ohio State,Big Ten,12/22,7,19.0,19,21.0,2.0,Rising,4,4,Surging,7,4,3,0.571,2026-02-10,2,401818672.0,2025-12-22T23:30Z,Western Michigan,Home,W,95.0,47.0,19.0,99.0,7.0,14.0,,,False,,https://a.espncdn.com/i/teamlogos/ncaa/500/194.png,https://a.espncdn.com/i/teamlogos/ncaa/500/2711.png,,OSU,WMU,ba0c2f,532e1f,2025-12-22,48.0,1.0,No Upset,Ranked vs Unranked,Blowout (20+),Blowout,20+,4.0,Unranked,Other,4,3.0,1.0,22.5,90.0,48.0,-7.0,0.0,0.0,1.0,0.0,3.0,3.0,8,23,15,#8 – #23,None,,,,,,,,12.0,27.8,11.0,1.0,11-1,0.917,1.0,0.0,1-0,1.0,1.0,1.0,1-1,0.5,8.0,0.0,8-0,1.0,1.0,1.0,1-1,0.5,7.0,,Ohio State vs Western Michigan,-7.0
2026,Ohio State,Big Ten,12/22,7,19.0,19,21.0,2.0,Rising,4,4,Surging,7,4,3,0.571,2026-02-10,2,401825231.0,2025-12-28T19:00Z,UCLA,Home,L,75.0,82.0,19.0,4.0,7.0,7.0,,,True,,https://a.espncdn.com/i/teamlogos/ncaa/500/194.png,https://a.espncdn.com/i/teamlogos/ncaa/500/26.png,Big Ten,OSU,UCLA,ba0c2f,2774ae,2025-12-28,-7.0,0.0,No Upset,Top 25 Matchup,Close (6-10),Close,6-10,2.0,Top 5,Big Ten,4,3.0,1.0,22.5,90.0,48.0,-7.0,0.0,0.0,1.0,0.0,3.0,3.0,8,23,15,#8 – #23,None,,,,,,,,13.0,25.2,11.0,2.0,11-2,0.846,1.0,1.0,1-1,0.5,1.0,1.0,1-1,0.5,8.0,1.0,8-1,0.889,1.0,2.0,1-2,0.333,15.0,,Ohio State vs UCLA,15.0
2026,Ohio State,Big Ten,12/22,7,19.0,19,21.0,2.0,Rising,4,4,Surging,7,4,3,0.571,2026-02-10,2,401825237.0,2025-12-31T17:30Z,Purdue,Away,W,83.0,56.0,19.0,99.0,7.0,7.0,,,True,,https://a.espncdn.com/i/teamlogos/ncaa/500/194.png,https://a.espncdn.com/i/teamlogos/ncaa/500/2509.png,Big Ten,OSU,PUR,ba0c2f,ceb888,2025-12-31,27.0,1.0,No Upset,Ranked vs Unranked,Blowout (20+),Blowout,20+,4.0,Unranked,Big Ten,4,3.0,1.0,22.5,90.0,48.0,-7.0,0.0,0.0,1.0,0.0,3.0,3.0,8,23,15,#8 – #23,None,,,,,,,,14.0,25.3,12.0,2.0,12-2,0.857,2.0,1.0,2-1,0.667,2.0,1.0,2-1,0.667,8.0,1.0,8-1,0.889,1.0,2.0,1-2,0.333,7.0,,Ohio State vs Purdue,-7.0
2026,Ohio State,Big Ten,12/22,7,19.0,19,21.0,2.0,Rising,4,4,Surging,7,4,3,0.571,2026-02-10,2,401825250.0,2026-01-04T19:00Z,Rutgers,Home,W,71.0,49.0,19.0,99.0,7.0,7.0,,,True,,https://a.espncdn.com/i/teamlogos/ncaa/500/194.png,https://a.espncdn.com/i/teamlogos/ncaa/500/164.png,Big Ten,OSU,RUTG,ba0c2f,ce0e2d,2026-01-04,22.0,1.0,No Upset,Ranked vs Unranked,Blowout (20+),Blowout,20+,4.0,Unranked,Big Ten,4,3.0,1.0,22.5,90.0,48.0,-7.0,0.0,0.0,1.0,0.0,3.0,3.0,8,23,15,#8 – #23,None,,,,,,,,15.0,25.1,13.0,2.0,13-2,0.867,3.0,1.0,3-1,0.75,2.0,1.0,2-1,0.667,9.0,1.0,9-1,0.9,1.0,2.0,1-2,0.333,7.0,,Ohio State vs Rutgers,-7.0
2026,Ohio State,Big Ten,1/5,8,19.0,19,19.0,0.0,Stable,5,5,Surging,7,4,3,0.571,2026-02-10,2,401825254.0,2026-01-08T00:00Z,Illinois,Away,W,78.0,69.0,19.0,99.0,7.0,7.0,,,True,,https://a.espncdn.com/i/teamlogos/ncaa/500/194.png,https://a.espncdn.com/i/teamlogos/ncaa/500/356.png,Big Ten,OSU,ILL,ba0c2f,ff5f05,2026-01-08,9.0,1.0,No Upset,Ranked vs Unranked,Close (6-10),Close,6-10,2.0,Unranked,Big Ten,2,2.0,0.0,11.0,22.0,13.0,9.0,0.0,0.0,1.0,0.0,0.0,2.0,8,23,15,#8 – #23,None,,,,,,,,16.0,24.1,14.0,2.0,14-2,0.875,4.0,1.0,4-1,0.8,3.0,1.0,3-1,0.75,9.0,1.0,9-1,0.9,1.0,2.0,1-2,0.333,7.0,,Illinois vs Ohio State,-7.0
2026,Ohio State,Big Ten,1/5,8,19.0,19,19.0,0.0,Stable,5,5,Surging,7,4,3,0.571,2026-02-10,2,401825264.0,2026-01-11T21:00Z,Maryland,Away,W,89.0,76.0,19.0,8.0,7.0,7.0,,,True,,https://a.espncdn.com/i/teamlogos/ncaa/500/194.png,https://a.espncdn.com/i/teamlogos/ncaa/500/120.png,Big Ten,OSU,MD,ba0c2f,ce1126,2026-01-11,13.0,1.0,No Upset,Top 25 Matchup,Comfortable (11-20),Comfortable,11-20,3.0,Top 10,Big Ten,2,2.0,0.0,11.0,22.0,13.0,9.0,0.0,0.0,1.0,0.0,0.0,2.0,8,23,15,#8 – #23,None,,,,,,,,17.0,23.4,15.0,2.0,15-2,0.882,5.0,1.0,5-1,0.833,4.0,1.0,4-1,0.8,9.0,1.0,9-1,0.9,2.0,2.0,2-2,0.5,11.0,,Maryland vs Ohio State,11.0
2026,Ohio State,Big Ten,1/12,9,14.0,14,19.0,5.0,Rising,6,6,Surging,7,4,3,0.571,2026-02-10,2,401825270.0,2026-01-14T23:30Z,Penn State,Home,W,108.0,84.0,14.0,99.0,7.0,7.0,,,True,,https://a.espncdn.com/i/teamlogos/ncaa/500/194.png,https://a.espncdn.com/i/teamlogos/ncaa/500/213.png,Big Ten,OSU,PSU,ba0c2f,061440,2026-01-14,24.0,1.0,No Upset,Ranked vs Unranked,Blowout (20+),Blowout,20+,4.0,Unranked,Big Ten,1,1.0,0.0,24.0,24.0,24.0,24.0,0.0,0.0,0.0,0.0,1.0,1.0,8,23,15,#8 – #23,None,,,,,,,,18.0,23.4,16.0,2.0,16-2,0.889,6.0,1.0,6-1,0.857,4.0,1.0,4-1,0.8,10.0,1.0,10-1,0.909,2.0,2.0,2-2,0.5,12.0,,Ohio State vs Penn State,-12.0
2026,Ohio State,Big Ten,1/19,10,12.0,12,14.0,2.0,Rising,7,7,Surging,7,4,3,0.571,2026-02-10,2,401818673.0,2026-01-19T17:00Z,TCU,Neutral,W,71.0,69.0,12.0,9.0,7.0,8.0,,,False,Coretta Scott King Classic,https://a.espncdn.com/i/teamlogos/ncaa/500/194.png,https://a.espncdn.com/i/teamlogos/ncaa/500/2628.png,,OSU,TCU,ba0c2f,4d1979,2026-01-19,2.0,1.0,No Upset,Top 25 Matchup,Nail-Biter (≤5),Nail-Biter,≤5,1.0,Top 10,Big East,3,2.0,1.0,-1.7,-5.0,14.0,-21.0,0.0,0.0,2.0,1.0,1.0,2.0,8,23,15,#8 – #23,None,,,,,,,,19.0,22.3,17.0,2.0,17-2,0.895,6.0,1.0,6-1,0.857,4.0,1.0,4-1,0.8,10.0,1.0,10-1,0.909,3.0,2.0,3-2,0.6,3.0,,Ohio State vs TCU,3.0
2026,Ohio State,Big Ten,1/19,10,12.0,12,14.0,2.0,Rising,7,7,Surging,7,4,3,0.571,2026-02-10,2,401825289.0,2026-01-23T01:00Z,Indiana,Home,W,81.0,67.0,12.0,99.0,7.0,7.0,,,True,,https://a.espncdn.com/i/teamlogos/ncaa/500/194.png,https://a.espncdn.com/i/teamlogos/ncaa/500/84.png,Big Ten,OSU,IU,ba0c2f,970310,2026-01-23,14.0,1.0,No Upset,Ranked vs Unranked,Comfortable (11-20),Comfortable,11-20,3.0,Unranked,Big Ten,3,2.0,1.0,-1.7,-5.0,14.0,-21.0,0.0,0.0,2.0,1.0,1.0,2.0,8,23,15,#8 – #23,None,,,,,,,,20.0,21.9,18.0,2.0,18-2,0.9,7.0,1.0,7-1,0.875,4.0,1.0,4-1,0.8,11.0,1.0,11-1,0.917,3.0,2.0,3-2,0.6,14.0,,Indiana vs Ohio State,-14.0
2026,Ohio State,Big Ten,1/19,10,12.0,12,14.0,2.0,Rising,7,7,Surging,7,4,3,0.571,2026-02-10,2,401825296.0,2026-01-25T19:00Z,Iowa,Away,L,70.0,91.0,12.0,10.0,7.0,7.0,,,True,,https://a.espncdn.com/i/teamlogos/ncaa/500/194.png,https://a.espncdn.com/i/teamlogos/ncaa/500/2294.png,Big Ten,OSU,IOWA,ba0c2f,231f20,2026-01-25,-21.0,0.0,No Upset,Top 25 Matchup,Blowout (20+),Blowout,20+,4.0,Top 10,Big Ten,3,2.0,1.0,-1.7,-5.0,14.0,-21.0,0.0,0.0,2.0,1.0,1.0,2.0,8,23,15,#8 – #23,None,,,,,,,,21.0,19.9,18.0,3.0,18-3,0.857,7.0,2.0,7-2,0.778,4.0,2.0,4-2,0.667,11.0,1.0,11-1,0.917,3.0,3.0,3-3,0.5,2.0,,Iowa vs Ohio State,2.0
2026,Ohio State,Big Ten,1/26,11,11.0,11,12.0,1.0,Rising,8,8,Surging,7,4,3,0.571,2026-02-10,2,401825308.0,2026-01-30T01:00Z,Wisconsin,Home,W,81.0,58.0,11.0,99.0,7.0,7.0,,,True,,https://a.espncdn.com/i/teamlogos/ncaa/500/194.png,https://a.espncdn.com/i/teamlogos/ncaa/500/275.png,Big Ten,OSU,WIS,ba0c2f,a00000,2026-01-30,23.0,1.0,No Upset,Ranked vs Unranked,Blowout (20+),Blowout,20+,4.0,Unranked,Big Ten,2,2.0,0.0,21.0,42.0,23.0,19.0,0.0,0.0,0.0,0.0,1.0,2.0,8,23,15,#8 – #23,None,,,,,,,,22.0,20.0,19.0,3.0,19-3,0.864,8.0,2.0,8-2,0.8,4.0,2.0,4-2,0.667,12.0,1.0,12-1,0.923,3.0,3.0,3-3,0.5,15.0,,Ohio State vs Wisconsin,-15.0
2026,Ohio State,Big Ten,1/26,11,11.0,11,12.0,1.0,Rising,8,8,Surging,7,4,3,0.571,2026-02-10,2,401825314.0,2026-02-01T23:00Z,Nebraska,Home,W,90.0,71.0,11.0,99.0,7.0,7.0,,,True,,https://a.espncdn.com/i/teamlogos/ncaa/500/194.png,https://a.espncdn.com/i/teamlogos/ncaa/500/158.png,Big Ten,OSU,NEB,ba0c2f,e31937,2026-02-01,19.0,1.0,No Upset,Ranked vs Unranked,Comfortable (11-20),Comfortable,11-20,3.0,Unranked,Big Ten,2,2.0,0.0,21.0,42.0,23.0,19.0,0.0,0.0,0.0,0.0,1.0,2.0,8,23,15,#8 – #23,None,,,,,,,,23.0,20.0,20.0,3.0,20-3,0.87,9.0,2.0,9-2,0.818,4.0,2.0,4-2,0.667,13.0,1.0,13-1,0.929,3.0,3.0,3-3,0.5,15.0,,Nebraska vs Ohio State,-15.0
2026,Ohio State,Big Ten,2/2,12,9.0,9,11.0,2.0,Rising,9,9,Surging,7,4,3,0.571,2026-02-10,2,401825325.0,2026-02-06T02:00Z,Washington,Away,W,70.0,60.0,9.0,24.0,7.0,7.0,,,True,,https://a.espncdn.com/i/teamlogos/ncaa/500/194.png,https://a.espncdn.com/i/teamlogos/ncaa/500/264.png,Big Ten,OSU,WASH,ba0c2f,33006f,2026-02-06,10.0,1.0,No Upset,Top 25 Matchup,Close (6-10),Close,6-10,2.0,Top 25,Big Ten,2,2.0,0.0,13.0,26.0,16.0,10.0,0.0,0.0,1.0,0.0,0.0,2.0,8,23,15,#8 – #23,None,,,,,,,,24.0,19.5,21.0,3.0,21-3,0.875,10.0,2.0,10-2,0.833,5.0,2.0,5-2,0.714,13.0,1.0,13-1,0.929,4.0,3.0,4-3,0.571,15.0,,Ohio State vs Washington,-15.0
2026,Ohio State,Big Ten,2/2,12,9.0,9,11.0,2.0,Rising,9,9,Surging,7,4,3,0.571,2026-02-10,2,401825330.0,2026-02-08T20:00Z,Oregon,Away,W,80.0,64.0,9.0,99.0,7.0,7.0,,,True,,https://a.espncdn.com/i/teamlogos/ncaa/500/194.png,https://a.espncdn.com/i/teamlogos/ncaa/500/2483.png,Big Ten,OSU,ORE,ba0c2f,00934b,2026-02-08,16.0,1.0,No Upset,Ranked vs Unranked,Comfortable (11-20),Comfortable,11-20,3.0,Unranked,Big Ten,2,2.0,0.0,13.0,26.0,16.0,10.0,0.0,0.0,1.0,0.0,0.0,2.0,8,23,15,#8 – #23,None,,,,,,,,25.0,19.4,22.0,3.0,22-3,0.88,11.0,2.0,11-2,0.846,6.0,2.0,6-2,0.75,13.0,1.0,13-1,0.929,4.0,3.0,4-3,0.571,17.0,,Ohio State vs Oregon,-17.0
2026,Ohio State,Big Ten,2/9,13,8.0,8,9.0,1.0,Rising,10,10,Surging,7,4,3,0.571,2026-02-10,2,,,,,,,,,,,,,,,,,,,,,,,,,,,,,,,,,,0,,,,,,,,,,,,,8,23,15,#8 – #23,None,,,,,,,,,,,,,,,,,,,,,,,,,,,,,,,,,
2026,Oklahoma,SEC,Pre,0,6.0,6,,,Unknown,1,1,Falling,8,2,6,0.25,2026-02-10,2,401827851.0,2025-11-03T22:30Z,Belmont,Home,W,84.0,67.0,6.0,99.0,23.0,18.0,,,False,,https://a.espncdn.com/i/teamlogos/ncaa/500/201.png,https://a.espncdn.com/i/teamlogos/ncaa/500/2057.png,,OU,BEL,990000,182142,2025-11-03,17.0,1.0,No Upset,Ranked vs Unranked,Comfortable (11-20),Comfortable,11-20,3.0,Unranked,Other,1,1.0,0.0,17.0,17.0,17.0,17.0,0.0,0.0,0.0,0.0,0.0,0.0,5,16,11,#5 – #16,None,,,,,,,,1.0,17.0,1.0,0.0,1-0,1.0,0.0,0.0,0-0,,0.0,0.0,0-0,,1.0,0.0,1-0,1.0,0.0,0.0,0-0,,20.0,,Belmont vs Oklahoma,-20.0
2026,Oklahoma,SEC,11/10,1,6.0,6,6.0,0.0,Stable,2,2,Falling,8,2,6,0.25,2026-02-10,2,401830623.0,2025-11-11T03:30Z,UCLA,Neutral,L,59.0,73.0,6.0,3.0,23.0,7.0,,,False,,https://a.espncdn.com/i/teamlogos/ncaa/500/201.png,https://a.espncdn.com/i/teamlogos/ncaa/500/26.png,,OU,UCLA,990000,2774ae,2025-11-11,-14.0,0.0,No Upset,Top 25 Matchup,Comfortable (11-20),Comfortable,11-20,3.0,Top 5,Big Ten,4,3.0,1.0,26.2,105.0,63.0,-14.0,0.0,0.0,1.0,0.0,3.0,0.0,5,16,11,#5 – #16,None,,,,,,,,2.0,1.5,1.0,1.0,1-1,0.5,0.0,0.0,0-0,,0.0,0.0,0-0,,1.0,0.0,1-0,1.0,0.0,1.0,0-1,0.0,3.0,,Oklahoma vs UCLA,3.0
2026,Oklahoma,SEC,11/10,1,6.0,6,6.0,0.0,Stable,2,2,Falling,8,2,6,0.25,2026-02-10,2,401827241.0,2025-11-13T02:00Z,Kansas City,Home,W,89.0,61.0,6.0,99.0,23.0,47.0,,,False,,https://a.espncdn.com/i/teamlogos/ncaa/500/201.png,https://a.espncdn.com/i/teamlogos/ncaa/500/140.png,,OU,KC,990000,004b87,2025-11-13,28.0,1.0,No Upset,Ranked vs Unranked,Blowout (20+),Blowout,20+,4.0,Unranked,Other,4,3.0,1.0,26.2,105.0,63.0,-14.0,0.0,0.0,1.0,0.0,3.0,0.0,5,16,11,#5 – #16,None,,,,,,,,3.0,10.3,2.0,1.0,2-1,0.667,0.0,0.0,0-0,,0.0,0.0,0-0,,2.0,0.0,2-0,1.0,0.0,1.0,0-1,0.0,20.0,,Kansas City vs Oklahoma,-20.0
2026,Oklahoma,SEC,11/10,1,6.0,6,6.0,0.0,Stable,2,2,Falling,8,2,6,0.25,2026-02-10,2,401825132.0,2025-11-14T16:30Z,North Alabama,Home,W,89.0,61.0,6.0,99.0,23.0,46.0,,,False,,https://a.espncdn.com/i/teamlogos/ncaa/500/201.png,https://a.espncdn.com/i/teamlogos/ncaa/500/2453.png,,OU,UNA,990000,000000,2025-11-14,28.0,1.0,No Upset,Ranked vs Unranked,Blowout (20+),Blowout,20+,4.0,Unranked,A-10,4,3.0,1.0,26.2,105.0,63.0,-14.0,0.0,0.0,1.0,0.0,3.0,0.0,5,16,11,#5 – #16,None,,,,,,,,4.0,14.8,3.0,1.0,3-1,0.75,0.0,0.0,0-0,,0.0,0.0,0-0,,3.0,0.0,3-0,1.0,0.0,1.0,0-1,0.0,20.0,,North Alabama vs Oklahoma,-20.0
2026,Oklahoma,SEC,11/10,1,6.0,6,6.0,0.0,Stable,2,2,Falling,8,2,6,0.25,2026-02-10,2,401827467.0,2025-11-16T20:30Z,Western Carolina,Away,W,95.0,32.0,6.0,99.0,23.0,24.0,,,False,,https://a.espncdn.com/i/teamlogos/ncaa/500/201.png,https://a.espncdn.com/i/teamlogos/ncaa/500/2717.png,,OU,WCU,990000,492F91,2025-11-16,63.0,1.0,No Upset,Ranked vs Unranked,Blowout (20+),Blowout,20+,4.0,Unranked,Other,4,3.0,1.0,26.2,105.0,63.0,-14.0,0.0,0.0,1.0,0.0,3.0,0.0,5,16,11,#5 – #16,None,,,,,,,,5.0,24.4,4.0,1.0,4-1,0.8,0.0,0.0,0-0,,1.0,0.0,1-0,1.0,3.0,0.0,3-0,1.0,0.0,1.0,0-1,0.0,20.0,,Oklahoma vs Western Carolina,-20.0
2026,Oklahoma,SEC,11/17,2,8.0,8,6.0,-2.0,Falling,3,3,Falling,8,2,6,0.25,2026-02-10,2,401830624.0,2025-11-20T00:00Z,East Texas A&M,Home,W,112.0,59.0,8.0,99.0,23.0,25.0,,,False,,https://a.espncdn.com/i/teamlogos/ncaa/500/201.png,https://a.espncdn.com/i/teamlogos/ncaa/500/2837.png,,OU,ETAM,990000,000000,2025-11-20,53.0,1.0,No Upset,Ranked vs Unranked,Blowout (20+),Blowout,20+,4.0,Unranked,Other,1,1.0,0.0,53.0,53.0,53.0,53.0,0.0,0.0,0.0,0.0,1.0,0.0,5,16,11,#5 – #16,None,,,,,,,,6.0,29.2,5.0,1.0,5-1,0.833,0.0,0.0,0-0,,1.0,0.0,1-0,1.0,4.0,0.0,4-0,1.0,0.0,1.0,0-1,0.0,18.0,,East Texas A&M vs Oklahoma,-18.0
2026,Oklahoma,SEC,11/24,3,9.0,9,8.0,-1.0,Falling,4,4,Falling,8,2,6,0.25,2026-02-10,2,401822287.0,2025-11-28T23:30Z,Coppin State,Neutral,W,100.0,46.0,9.0,99.0,23.0,16.0,,,False,Coconut Hoops - Great Egret Division,https://a.espncdn.com/i/teamlogos/ncaa/500/201.png,https://a.espncdn.com/i/teamlogos/ncaa/500/2154.png,,OU,COPP,990000,2e3192,2025-11-28,54.0,1.0,No Upset,Ranked vs Unranked,Blowout (20+),Blowout,20+,4.0,Unranked,Other,2,2.0,0.0,36.0,72.0,54.0,18.0,0.0,0.0,0.0,0.0,1.0,0.0,5,16,11,#5 – #16,None,,,,,,,,7.0,32.7,6.0,1.0,6-1,0.857,0.0,0.0,0-0,,1.0,0.0,1-0,1.0,4.0,0.0,4-0,1.0,0.0,1.0,0-1,0.0,17.0,,Coppin State vs Oklahoma,-17.0
2026,Oklahoma,SEC,11/24,3,9.0,9,8.0,-1.0,Falling,4,4,Falling,8,2,6,0.25,2026-02-10,2,401830923.0,2025-11-30T23:30Z,Florida State,Neutral,W,109.0,91.0,9.0,99.0,23.0,2.0,,,False,Coconut Hoops - Great Egret Division - Championship,https://a.espncdn.com/i/teamlogos/ncaa/500/201.png,https://a.espncdn.com/i/teamlogos/ncaa/500/52.png,,OU,FSU,990000,782f40,2025-11-30,18.0,1.0,No Upset,Ranked vs Unranked,Comfortable (11-20),Comfortable,11-20,3.0,Unranked,ACC,2,2.0,0.0,36.0,72.0,54.0,18.0,0.0,0.0,0.0,0.0,1.0,0.0,5,16,11,#5 – #16,None,,,,,,,,8.0,30.9,7.0,1.0,7-1,0.875,0.0,0.0,0-0,,1.0,0.0,1-0,1.0,4.0,0.0,4-0,1.0,0.0,1.0,0-1,0.0,17.0,,Florida State vs Oklahoma,-17.0
2026,Oklahoma,SEC,12/1,4,9.0,9,9.0,0.0,Stable,5,5,Falling,8,2,6,0.25,2026-02-10,2,401806382.0,2025-12-04T00:15Z,NC State,Home,W,103.0,98.0,9.0,99.0,23.0,2.0,,,False,ACC/SEC Women's Challenge,https://a.espncdn.com/i/teamlogos/ncaa/500/201.png,https://a.espncdn.com/i/teamlogos/ncaa/500/152.png,,OU,NCSU,990000,cc0000,2025-12-04,5.0,1.0,No Upset,Ranked vs Unranked,Nail-Biter (≤5),Nail-Biter,≤5,1.0,Unranked,ACC,2,2.0,0.0,29.0,58.0,53.0,5.0,0.0,0.0,0.0,1.0,1.0,0.0,5,16,11,#5 – #16,None,,,,,,,,9.0,28.0,8.0,1.0,8-1,0.889,0.0,0.0,0-0,,1.0,0.0,1-0,1.0,5.0,0.0,5-0,1.0,0.0,1.0,0-1,0.0,17.0,,NC State vs Oklahoma,-17.0
2026,Oklahoma,SEC,12/1,4,9.0,9,9.0,0.0,Stable,5,5,Falling,8,2,6,0.25,2026-02-10,2,401827764.0,2025-12-07T19:00Z,Maryland Eastern Shore,Home,W,90.0,37.0,9.0,99.0,23.0,16.0,,,False,,https://a.espncdn.com/i/teamlogos/ncaa/500/201.png,https://a.espncdn.com/i/teamlogos/ncaa/500/2379.png,,OU,UMES,990000,5c2301,2025-12-07,53.0,1.0,No Upset,Ranked vs Unranked,Blowout (20+),Blowout,20+,4.0,Unranked,Other,2,2.0,0.0,29.0,58.0,53.0,5.0,0.0,0.0,0.0,1.0,1.0,0.0,5,16,11,#5 – #16,None,,,,,,,,10.0,30.5,9.0,1.0,9-1,0.9,0.0,0.0,0-0,,1.0,0.0,1-0,1.0,6.0,0.0,6-0,1.0,0.0,1.0,0-1,0.0,17.0,,Maryland Eastern Shore vs Oklahoma,-17.0
2026,Oklahoma,SEC,12/8,5,9.0,9,9.0,0.0,Stable,6,6,Falling,8,2,6,0.25,2026-02-10,2,401829552.0,2025-12-12T00:00Z,Little Rock,Home,W,103.0,48.0,9.0,99.0,23.0,20.0,,,False,,https://a.espncdn.com/i/teamlogos/ncaa/500/201.png,https://a.espncdn.com/i/teamlogos/ncaa/500/2031.png,,OU,LR,990000,AD0000,2025-12-12,55.0,1.0,No Upset,Ranked vs Unranked,Blowout (20+),Blowout,20+,4.0,Unranked,Ivy League,2,2.0,0.0,38.5,77.0,55.0,22.0,0.0,0.0,1.0,0.0,2.0,0.0,5,16,11,#5 – #16,None,,,,,,,,11.0,32.7,10.0,1.0,10-1,0.909,0.0,0.0,0-0,,1.0,0.0,1-0,1.0,7.0,0.0,7-0,1.0,0.0,1.0,0-1,0.0,17.0,,Little Rock vs Oklahoma,-17.0
2026,Oklahoma,SEC,12/8,5,9.0,9,9.0,0.0,Stable,6,6,Falling,8,2,6,0.25,2026-02-10,2,401824194.0,2025-12-13T21:07Z,Oklahoma State,Neutral,W,92.0,70.0,9.0,23.0,23.0,8.0,,,False,,https://a.espncdn.com/i/teamlogos/ncaa/500/201.png,https://a.espncdn.com/i/teamlogos/ncaa/500/197.png,,OU,OKST,990000,fe5c00,2025-12-13,22.0,1.0,No Upset,Top 25 Matchup,Blowout (20+),Blowout,20+,4.0,Top 25,Big East,2,2.0,0.0,38.5,77.0,55.0,22.0,0.0,0.0,1.0,0.0,2.0,0.0,5,16,11,#5 – #16,None,,,,,,,,12.0,31.8,11.0,1.0,11-1,0.917,0.0,0.0,0-0,,1.0,0.0,1-0,1.0,7.0,0.0,7-0,1.0,1.0,1.0,1-1,0.5,14.0,,Oklahoma vs Oklahoma State,-14.0
2026,Oklahoma,SEC,12/15,6,8.0,8,9.0,1.0,Rising,7,7,Falling,8,2,6,0.25,2026-02-10,2,,,,,,,,,,,,,,,,,,,,,,,,,,,,,,,,,,0,,,,,,,,,,,,,5,16,11,#5 – #16,None,,,,,,,,,,,,,,,,,,,,,,,,,,,,,,,,,
2026,Oklahoma,SEC,12/22,7,8.0,8,8.0,0.0,Stable,8,8,Falling,8,2,6,0.25,2026-02-10,2,401824051.0,2025-12-22T18:00Z,North Carolina Central,Home,W,126.0,54.0,8.0,99.0,23.0,16.0,,,False,,https://a.espncdn.com/i/teamlogos/ncaa/500/201.png,https://a.espncdn.com/i/teamlogos/ncaa/500/2428.png,,OU,NCCU,990000,880023,2025-12-22,72.0,1.0,No Upset,Ranked vs Unranked,Blowout (20+),Blowout,20+,4.0,Unranked,Other,3,3.0,0.0,47.3,142.0,72.0,22.0,0.0,0.0,0.0,0.0,3.0,2.0,5,16,11,#5 – #16,None,,,,,,,,13.0,34.9,12.0,1.0,12-1,0.923,0.0,0.0,0-0,,1.0,0.0,1-0,1.0,8.0,0.0,8-0,1.0,1.0,1.0,1-1,0.5,18.0,,North Carolina Central vs Oklahoma,-18.0
2026,Oklahoma,SEC,12/22,7,8.0,8,8.0,0.0,Stable,8,8,Falling,8,2,6,0.25,2026-02-10,2,401807536.0,2026-01-02T01:00Z,Texas A&M,Away,W,72.0,50.0,8.0,99.0,23.0,23.0,,,True,,https://a.espncdn.com/i/teamlogos/ncaa/500/201.png,https://a.espncdn.com/i/teamlogos/ncaa/500/245.png,SEC,OU,TA&M,990000,500000,2026-01-02,22.0,1.0,No Upset,Ranked vs Unranked,Blowout (20+),Blowout,20+,4.0,Unranked,SEC,3,3.0,0.0,47.3,142.0,72.0,22.0,0.0,0.0,0.0,0.0,3.0,2.0,5,16,11,#5 – #16,None,,,,,,,,14.0,34.0,13.0,1.0,13-1,0.929,1.0,0.0,1-0,1.0,2.0,0.0,2-0,1.0,8.0,0.0,8-0,1.0,1.0,1.0,1-1,0.5,18.0,,Oklahoma vs Texas A&M,-18.0
2026,Oklahoma,SEC,12/22,7,8.0,8,8.0,0.0,Stable,8,8,Falling,8,2,6,0.25,2026-02-10,2,401807544.0,2026-01-04T20:00Z,Mississippi State,Home,W,95.0,47.0,8.0,99.0,23.0,23.0,,,True,,https://a.espncdn.com/i/teamlogos/ncaa/500/201.png,https://a.espncdn.com/i/teamlogos/ncaa/500/344.png,SEC,OU,MSST,990000,5d1725,2026-01-04,48.0,1.0,No Upset,Ranked vs Unranked,Blowout (20+),Blowout,20+,4.0,Unranked,SEC,3,3.0,0.0,47.3,142.0,72.0,22.0,0.0,0.0,0.0,0.0,3.0,2.0,5,16,11,#5 – #16,None,,,,,,,,15.0,34.9,14.0,1.0,14-1,0.933,2.0,0.0,2-0,1.0,2.0,0.0,2-0,1.0,9.0,0.0,9-0,1.0,1.0,1.0,1-1,0.5,18.0,,Mississippi State vs Oklahoma,-18.0
2026,Oklahoma,SEC,1/5,8,5.0,5,8.0,3.0,Rising,9,9,Falling,8,2,6,0.25,2026-02-10,2,401807547.0,2026-01-09T00:00Z,Ole Miss,Home,L,69.0,74.0,5.0,18.0,23.0,23.0,,,True,,https://a.espncdn.com/i/teamlogos/ncaa/500/201.png,https://a.espncdn.com/i/teamlogos/ncaa/500/145.png,SEC,OU,MISS,990000,13294b,2026-01-09,-5.0,0.0,No Upset,Top 25 Matchup,Nail-Biter (≤5),Nail-Biter,≤5,1.0,Top 25,SEC,2,0.0,2.0,-5.5,-11.0,-5.0,-6.0,0.0,0.0,2.0,1.0,0.0,2.0,5,16,11,#5 – #16,None,,,,,,,,16.0,32.4,14.0,2.0,14-2,0.875,2.0,1.0,2-1,0.667,2.0,0.0,2-0,1.0,9.0,1.0,9-1,0.9,1.0,2.0,1-2,0.333,13.0,,Oklahoma vs Ole Miss,-13.0
2026,Oklahoma,SEC,1/5,8,5.0,5,8.0,3.0,Rising,9,9,Falling,8,2,6,0.25,2026-02-10,2,401807557.0,2026-01-11T21:00Z,Kentucky,Away,L,57.0,63.0,5.0,6.0,23.0,23.0,,,True,We Back Pat,https://a.espncdn.com/i/teamlogos/ncaa/500/201.png,https://a.espncdn.com/i/teamlogos/ncaa/500/96.png,SEC,OU,UK,990000,0033a0,2026-01-11,-6.0,0.0,No Upset,Top 25 Matchup,Close (6-10),Close,6-10,2.0,Top 10,SEC,2,0.0,2.0,-5.5,-11.0,-5.0,-6.0,0.0,0.0,2.0,1.0,0.0,2.0,5,16,11,#5 – #16,None,,,,,,,,17.0,30.2,14.0,3.0,14-3,0.824,2.0,2.0,2-2,0.5,2.0,1.0,2-1,0.667,9.0,1.0,9-1,0.9,1.0,3.0,1-3,0.25,1.0,,Kentucky vs Oklahoma,-1.0
2026,Oklahoma,SEC,1/12,9,13.0,13,5.0,-8.0,Falling,10,10,Falling,8,2,6,0.25,2026-02-10,2,401807569.0,2026-01-18T20:00Z,LSU,Home,L,72.0,91.0,13.0,6.0,23.0,23.0,,,True,We Back Pat,https://a.espncdn.com/i/teamlogos/ncaa/500/201.png,https://a.espncdn.com/i/teamlogos/ncaa/500/99.png,SEC,OU,LSU,990000,461d76,2026-01-18,-19.0,0.0,No Upset,Top 25 Matchup,Comfortable (11-20),Comfortable,11-20,3.0,Top 10,SEC,1,0.0,1.0,-19.0,-19.0,-19.0,-19.0,0.0,0.0,1.0,0.0,0.0,1.0,5,16,11,#5 – #16,None,,,,,,,,18.0,27.4,14.0,4.0,14-4,0.778,2.0,3.0,2-3,0.4,2.0,1.0,2-1,0.667,9.0,2.0,9-2,0.818,1.0,4.0,1-4,0.2,7.0,,LSU vs Oklahoma,7.0
2026,Oklahoma,SEC,1/19,10,16.0,16,13.0,-3.0,Falling,11,11,Falling,8,2,6,0.25,2026-02-10,2,401807577.0,2026-01-23T00:30Z,South Carolina,Home,W,94.0,82.0,16.0,2.0,23.0,23.0,,,True,,https://a.espncdn.com/i/teamlogos/ncaa/500/201.png,https://a.espncdn.com/i/teamlogos/ncaa/500/2579.png,SEC,OU,SC,990000,73000a,2026-01-23,12.0,1.0,No Upset,Top 25 Matchup,Comfortable (11-20),Comfortable,11-20,3.0,Top 5,SEC,2,2.0,0.0,9.5,19.0,12.0,7.0,0.0,0.0,1.0,0.0,0.0,2.0,5,16,11,#5 – #16,None,,,,,,,,19.0,26.6,15.0,4.0,15-4,0.789,3.0,3.0,3-3,0.5,2.0,1.0,2-1,0.667,10.0,2.0,10-2,0.833,2.0,4.0,2-4,0.333,14.0,,Oklahoma vs South Carolina,14.0
2026,Oklahoma,SEC,1/19,10,16.0,16,13.0,-3.0,Falling,11,11,Falling,8,2,6,0.25,2026-02-10,2,401807580.0,2026-01-25T19:00Z,Auburn,Away,W,72.0,65.0,16.0,99.0,23.0,23.0,,,True,,https://a.espncdn.com/i/teamlogos/ncaa/500/201.png,https://a.espncdn.com/i/teamlogos/ncaa/500/2.png,SEC,OU,AUB,990000,002b5c,2026-01-25,7.0,1.0,No Upset,Ranked vs Unranked,Close (6-10),Close,6-10,2.0,Unranked,SEC,2,2.0,0.0,9.5,19.0,12.0,7.0,0.0,0.0,1.0,0.0,0.0,2.0,5,16,11,#5 – #16,None,,,,,,,,20.0,25.6,16.0,4.0,16-4,0.8,4.0,3.0,4-3,0.571,3.0,1.0,3-1,0.75,10.0,2.0,10-2,0.833,2.0,4.0,2-4,0.333,10.0,,Auburn vs Oklahoma,-10.0
2026,Oklahoma,SEC,1/26,11,10.0,10,16.0,6.0,Rising,12,12,Falling,8,2,6,0.25,2026-02-10,2,401807591.0,2026-01-30T00:00Z,Texas A&M,Home,W,85.0,58.0,10.0,99.0,23.0,23.0,,,True,,https://a.espncdn.com/i/teamlogos/ncaa/500/201.png,https://a.espncdn.com/i/teamlogos/ncaa/500/245.png,SEC,OU,TA&M,990000,500000,2026-01-30,27.0,1.0,No Upset,Ranked vs Unranked,Blowout (20+),Blowout,20+,4.0,Unranked,SEC,2,1.0,1.0,9.5,19.0,27.0,-8.0,0.0,0.0,1.0,0.0,1.0,2.0,5,16,11,#5 – #16,None,,,,,,,,21.0,25.7,17.0,4.0,17-4,0.81,5.0,3.0,5-3,0.625,3.0,1.0,3-1,0.75,11.0,2.0,11-2,0.846,2.0,4.0,2-4,0.333,16.0,,Oklahoma vs Texas A&M,-16.0
2026,Oklahoma,SEC,1/26,11,10.0,10,16.0,6.0,Rising,12,12,Falling,8,2,6,0.25,2026-02-10,2,401807597.0,2026-02-01T20:00Z,Texas,Away,L,70.0,78.0,10.0,4.0,23.0,23.0,,,True,,https://a.espncdn.com/i/teamlogos/ncaa/500/201.png,https://a.espncdn.com/i/teamlogos/ncaa/500/251.png,SEC,OU,TEX,990000,af5c37,2026-02-01,-8.0,0.0,No Upset,Top 25 Matchup,Close (6-10),Close,6-10,2.0,Top 5,SEC,2,1.0,1.0,9.5,19.0,27.0,-8.0,0.0,0.0,1.0,0.0,1.0,2.0,5,16,11,#5 – #16,None,,,,,,,,22.0,24.2,17.0,5.0,17-5,0.773,5.0,4.0,5-4,0.556,3.0,2.0,3-2,0.6,11.0,2.0,11-2,0.846,2.0,5.0,2-5,0.286,6.0,,Oklahoma vs Texas,6.0
2026,Oklahoma,SEC,2/2,12,11.0,11,10.0,-1.0,Falling,13,13,Falling,8,2,6,0.25,2026-02-10,2,,,,,,,,,,,,,,,,,,,,,,,,,,,,,,,,,,0,,,,,,,,,,,,,5,16,11,#5 – #16,None,,,,,,,,,,,,,,,,,,,,,,,,,,,,,,,,,
2026,Oklahoma,SEC,2/9,13,10.0,10,11.0,1.0,Rising,14,14,Falling,8,2,6,0.25,2026-02-10,2,,,,,,,,,,,,,,,,,,,,,,,,,,,,,,,,,,0,,,,,,,,,,,,,5,16,11,#5 – #16,None,,,,,,,,,,,,,,,,,,,,,,,,,,,,,,,,,
2026,Oklahoma State,Big 12,Pre,0,22.0,22,,,Unknown,1,1,Unranked,4,1,3,0.25,2026-02-10,2,401807941.0,2025-11-04T00:30Z,New Orleans,Home,W,109.0,48.0,22.0,99.0,8.0,25.0,,,False,,https://a.espncdn.com/i/teamlogos/ncaa/500/197.png,https://a.espncdn.com/i/teamlogos/ncaa/500/2443.png,,OKST,UNO,fe5c00,005da6,2025-11-04,61.0,1.0,No Upset,Ranked vs Unranked,Blowout (20+),Blowout,20+,4.0,Unranked,Other,4,4.0,0.0,54.8,219.0,70.0,38.0,0.0,0.0,0.0,0.0,4.0,0.0,18,24,6,#18 – #24,None,,,,,,,,1.0,61.0,1.0,0.0,1-0,1.0,0.0,0.0,0-0,,0.0,0.0,0-0,,1.0,0.0,1-0,1.0,0.0,0.0,0-0,,4.0,,New Orleans vs Oklahoma State,-4.0
2026,Oklahoma State,Big 12,Pre,0,22.0,22,,,Unknown,1,1,Unranked,4,1,3,0.25,2026-02-10,2,401824188.0,2025-11-06T00:30Z,East Texas A&M,Home,W,97.0,59.0,22.0,99.0,8.0,25.0,,,False,,https://a.espncdn.com/i/teamlogos/ncaa/500/197.png,https://a.espncdn.com/i/teamlogos/ncaa/500/2837.png,,OKST,ETAM,fe5c00,000000,2025-11-06,38.0,1.0,No Upset,Ranked vs Unranked,Blowout (20+),Blowout,20+,4.0,Unranked,Other,4,4.0,0.0,54.8,219.0,70.0,38.0,0.0,0.0,0.0,0.0,4.0,0.0,18,24,6,#18 – #24,None,,,,,,,,2.0,49.5,2.0,0.0,2-0,1.0,0.0,0.0,0-0,,0.0,0.0,0-0,,2.0,0.0,2-0,1.0,0.0,0.0,0-0,,4.0,,East Texas A&M vs Oklahoma State,-4.0
2026,Oklahoma State,Big 12,Pre,0,22.0,22,,,Unknown,1,1,Unranked,4,1,3,0.25,2026-02-10,2,401824189.0,2025-11-07T00:30Z,Langston,Home,W,105.0,35.0,22.0,99.0,8.0,,,,False,,https://a.espncdn.com/i/teamlogos/ncaa/500/197.png,,,OKST,LNGT,fe5c00,000000,2025-11-07,70.0,1.0,No Upset,Ranked vs Unranked,Blowout (20+),Blowout,20+,4.0,Unranked,Other,4,4.0,0.0,54.8,219.0,70.0,38.0,0.0,0.0,0.0,0.0,4.0,0.0,18,24,6,#18 – #24,None,,,,,,,,3.0,56.3,3.0,0.0,3-0,1.0,0.0,0.0,0-0,,0.0,0.0,0-0,,3.0,0.0,3-0,1.0,0.0,0.0,0-0,,4.0,,Langston vs Oklahoma State,-4.0
2026,Oklahoma State,Big 12,Pre,0,22.0,22,,,Unknown,1,1,Unranked,4,1,3,0.25,2026-02-10,2,401824190.0,2025-11-09T23:00Z,Oral Roberts,Home,W,112.0,62.0,22.0,99.0,8.0,47.0,,,False,,https://a.espncdn.com/i/teamlogos/ncaa/500/197.png,https://a.espncdn.com/i/teamlogos/ncaa/500/198.png,,OKST,ORU,fe5c00,002462,2025-11-09,50.0,1.0,No Upset,Ranked vs Unranked,Blowout (20+),Blowout,20+,4.0,Unranked,Other,4,4.0,0.0,54.8,219.0,70.0,38.0,0.0,0.0,0.0,0.0,4.0,0.0,18,24,6,#18 – #24,None,,,,,,,,4.0,54.8,4.0,0.0,4-0,1.0,0.0,0.0,0-0,,0.0,0.0,0-0,,4.0,0.0,4-0,1.0,0.0,0.0,0-0,,4.0,,Oklahoma State vs Oral Roberts,-4.0
2026,Oklahoma State,Big 12,11/10,1,20.0,20,22.0,2.0,Rising,2,2,Unranked,4,1,3,0.25,2026-02-10,2,401824191.0,2025-11-11T17:00Z,Prairie View A&M,Home,W,105.0,55.0,20.0,99.0,8.0,26.0,,,False,,https://a.espncdn.com/i/teamlogos/ncaa/500/197.png,https://a.espncdn.com/i/teamlogos/ncaa/500/2504.png,,OKST,PV,fe5c00,582c83,2025-11-11,50.0,1.0,No Upset,Ranked vs Unranked,Blowout (20+),Blowout,20+,4.0,Unranked,Other,1,1.0,0.0,50.0,50.0,50.0,50.0,0.0,0.0,0.0,0.0,1.0,0.0,18,24,6,#18 – #24,None,,,,,,,,5.0,53.8,5.0,0.0,5-0,1.0,0.0,0.0,0-0,,0.0,0.0,0-0,,5.0,0.0,5-0,1.0,0.0,0.0,0-0,,6.0,,Oklahoma State vs Prairie View A&M,-6.0
2026,Oklahoma State,Big 12,11/17,2,18.0,18,20.0,2.0,Rising,3,3,Unranked,4,1,3,0.25,2026-02-10,2,401817395.0,2025-11-20T00:00Z,St. John's,Away,L,67.0,74.0,18.0,99.0,8.0,4.0,,,False,,https://a.espncdn.com/i/teamlogos/ncaa/500/197.png,https://a.espncdn.com/i/teamlogos/ncaa/500/2599.png,,OKST,SJU,fe5c00,d10000,2025-11-20,-7.0,0.0,Upset Loss,Ranked vs Unranked,Close (6-10),Close,6-10,2.0,Unranked,Big 12,1,0.0,1.0,-7.0,-7.0,-7.0,-7.0,1.0,0.0,0.0,0.0,0.0,0.0,18,24,6,#18 – #24,None,,,,,,,,6.0,43.7,5.0,1.0,5-1,0.833,0.0,0.0,0-0,,0.0,1.0,0-1,0.0,5.0,0.0,5-0,1.0,0.0,0.0,0-0,,8.0,#18 Oklahoma State lost to Unranked St. John's,Oklahoma State vs St. John's,-8.0
2026,Oklahoma State,Big 12,11/24,3,24.0,24,18.0,-6.0,Falling,4,4,Unranked,4,1,3,0.25,2026-02-10,2,401820511.0,2025-11-25T00:30Z,Texas A&M-Corpus Christi,Home,W,98.0,45.0,24.0,99.0,8.0,25.0,,,False,,https://a.espncdn.com/i/teamlogos/ncaa/500/197.png,https://a.espncdn.com/i/teamlogos/ncaa/500/357.png,,OKST,AMCC,fe5c00,0067c5,2025-11-25,53.0,1.0,No Upset,Ranked vs Unranked,Blowout (20+),Blowout,20+,4.0,Unranked,Other,3,3.0,0.0,21.7,65.0,53.0,3.0,0.0,0.0,0.0,1.0,1.0,0.0,18,24,6,#18 – #24,None,,,,,,,,7.0,45.0,6.0,1.0,6-1,0.857,0.0,0.0,0-0,,0.0,1.0,0-1,0.0,6.0,0.0,6-0,1.0,0.0,0.0,0-0,,2.0,,Oklahoma State vs Texas A&M-Corpus Christi,-2.0
2026,Oklahoma State,Big 12,11/24,3,24.0,24,18.0,-6.0,Falling,4,4,Unranked,4,1,3,0.25,2026-02-10,2,401804834.0,2025-11-28T16:00Z,Charlotte,Neutral,W,74.0,65.0,24.0,99.0,8.0,62.0,,,False,Cayman Islands Classic,https://a.espncdn.com/i/teamlogos/ncaa/500/197.png,https://a.espncdn.com/i/teamlogos/ncaa/500/2429.png,,OKST,CLT,fe5c00,005035,2025-11-28,9.0,1.0,No Upset,Ranked vs Unranked,Close (6-10),Close,6-10,2.0,Unranked,Other,3,3.0,0.0,21.7,65.0,53.0,3.0,0.0,0.0,0.0,1.0,1.0,0.0,18,24,6,#18 – #24,None,,,,,,,,8.0,40.5,7.0,1.0,7-1,0.875,0.0,0.0,0-0,,0.0,1.0,0-1,0.0,6.0,0.0,6-0,1.0,0.0,0.0,0-0,,2.0,,Charlotte vs Oklahoma State,-2.0
2026,Oklahoma State,Big 12,11/24,3,24.0,24,18.0,-6.0,Falling,4,4,Unranked,4,1,3,0.25,2026-02-10,2,401804838.0,2025-11-29T16:00Z,Miami (FL),Neutral,W,87.0,84.0,24.0,99.0,8.0,2.0,,,False,Cayman Islands Classic,https://a.espncdn.com/i/teamlogos/ncaa/500/197.png,https://a.espncdn.com/i/teamlogos/ncaa/500/2390.png,,OKST,MIA,fe5c00,f47423,2025-11-29,3.0,1.0,No Upset,Ranked vs Unranked,Nail-Biter (≤5),Nail-Biter,≤5,1.0,Unranked,ACC,3,3.0,0.0,21.7,65.0,53.0,3.0,0.0,0.0,0.0,1.0,1.0,0.0,18,24,6,#18 – #24,None,,,,,,,,9.0,36.3,8.0,1.0,8-1,0.889,0.0,0.0,0-0,,0.0,1.0,0-1,0.0,6.0,0.0,6-0,1.0,0.0,0.0,0-0,,2.0,,Miami (FL) vs Oklahoma State,-2.0
2026,Oklahoma State,Big 12,12/1,4,24.0,24,24.0,0.0,Stable,5,5,Unranked,4,1,3,0.25,2026-02-10,2,401824192.0,2025-12-04T00:00Z,North Texas,Away,W,73.0,55.0,24.0,99.0,8.0,62.0,,,False,,https://a.espncdn.com/i/teamlogos/ncaa/500/197.png,https://a.espncdn.com/i/teamlogos/ncaa/500/249.png,,OKST,UNT,fe5c00,068f33,2025-12-04,18.0,1.0,No Upset,Ranked vs Unranked,Comfortable (11-20),Comfortable,11-20,3.0,Unranked,Other,2,2.0,0.0,52.5,105.0,87.0,18.0,0.0,0.0,0.0,0.0,1.0,0.0,18,24,6,#18 – #24,None,,,,,,,,10.0,34.5,9.0,1.0,9-1,0.9,0.0,0.0,0-0,,1.0,1.0,1-1,0.5,6.0,0.0,6-0,1.0,0.0,0.0,0-0,,2.0,,North Texas vs Oklahoma State,-2.0
2026,Oklahoma State,Big 12,12/1,4,24.0,24,24.0,0.0,Stable,5,5,Unranked,4,1,3,0.25,2026-02-10,2,401824193.0,2025-12-06T20:00Z,Mississippi Valley State,Home,W,133.0,46.0,24.0,99.0,8.0,26.0,,,False,,https://a.espncdn.com/i/teamlogos/ncaa/500/197.png,https://a.espncdn.com/i/teamlogos/ncaa/500/2400.png,,OKST,MVSU,fe5c00,005328,2025-12-06,87.0,1.0,No Upset,Ranked vs Unranked,Blowout (20+),Blowout,20+,4.0,Unranked,Other,2,2.0,0.0,52.5,105.0,87.0,18.0,0.0,0.0,0.0,0.0,1.0,0.0,18,24,6,#18 – #24,None,,,,,,,,11.0,39.3,10.0,1.0,10-1,0.909,0.0,0.0,0-0,,1.0,1.0,1-1,0.5,7.0,0.0,7-0,1.0,0.0,0.0,0-0,,2.0,,Mississippi Valley State vs Oklahoma State,-2.0
2026,Oklahoma State,Big 12,12/8,5,23.0,23,24.0,1.0,Rising,6,6,Unranked,4,1,3,0.25,2026-02-10,2,401824194.0,2025-12-13T21:07Z,Oklahoma,Neutral,L,70.0,92.0,23.0,9.0,8.0,23.0,,,False,,https://a.espncdn.com/i/teamlogos/ncaa/500/197.png,https://a.espncdn.com/i/teamlogos/ncaa/500/201.png,,OKST,OU,fe5c00,990000,2025-12-13,-22.0,0.0,No Upset,Top 25 Matchup,Blowout (20+),Blowout,20+,4.0,Top 10,SEC,1,0.0,1.0,-22.0,-22.0,-22.0,-22.0,0.0,0.0,1.0,0.0,1.0,0.0,18,24,6,#18 – #24,None,,,,,,,,12.0,34.2,10.0,2.0,10-2,0.833,0.0,0.0,0-0,,1.0,1.0,1-1,0.5,7.0,0.0,7-0,1.0,0.0,1.0,0-1,0.0,14.0,,Oklahoma vs Oklahoma State,14.0
2026,Oklahoma State,Big 12,12/15,6,,26,23.0,-3.0,Dropped,6,0,Unranked,4,1,3,0.25,2026-02-10,2,401824195.0,2025-12-16T00:30Z,Tulsa,Home,W,90.0,58.0,99.0,99.0,8.0,62.0,,,False,,https://a.espncdn.com/i/teamlogos/ncaa/500/197.png,https://a.espncdn.com/i/teamlogos/ncaa/500/202.png,,OKST,TLSA,fe5c00,003595,2025-12-16,32.0,1.0,No Upset,Unranked Matchup,Blowout (20+),Blowout,20+,4.0,Unranked,Other,2,2.0,0.0,30.0,60.0,32.0,28.0,0.0,0.0,0.0,0.0,2.0,1.0,18,24,6,#18 – #24,Exited,Oklahoma,L,70.0,92.0,2025-12-13,-22.0,Neutral,13.0,34.0,11.0,2.0,11-2,0.846,0.0,0.0,0-0,,1.0,1.0,1-1,0.5,8.0,0.0,8-0,1.0,0.0,1.0,0-1,0.0,0.0,,Oklahoma State vs Tulsa,0.0
2026,Oklahoma State,Big 12,12/15,6,,26,23.0,-3.0,Dropped,6,0,Unranked,4,1,3,0.25,2026-02-10,2,401827293.0,2025-12-21T19:00Z,Cincinnati,Away,W,91.0,63.0,99.0,99.0,8.0,8.0,,,True,,https://a.espncdn.com/i/teamlogos/ncaa/500/197.png,https://a.espncdn.com/i/teamlogos/ncaa/500/2132.png,Big 12,OKST,CIN,fe5c00,000000,2025-12-21,28.0,1.0,No Upset,Unranked Matchup,Blowout (20+),Blowout,20+,4.0,Unranked,Big East,2,2.0,0.0,30.0,60.0,32.0,28.0,0.0,0.0,0.0,0.0,2.0,1.0,18,24,6,#18 – #24,Exited,Oklahoma,L,70.0,92.0,2025-12-13,-22.0,Neutral,14.0,33.6,12.0,2.0,12-2,0.857,1.0,0.0,1-0,1.0,2.0,1.0,2-1,0.667,8.0,0.0,8-0,1.0,0.0,1.0,0-1,0.0,0.0,,Cincinnati vs Oklahoma State,0.0
2026,Oklahoma State,Big 12,12/22,7,,26,26.0,0.0,Unranked,6,0,Unranked,4,1,3,0.25,2026-02-10,2,401827301.0,2025-12-31T20:00Z,Baylor,Home,L,68.0,77.0,99.0,22.0,8.0,8.0,,,True,,https://a.espncdn.com/i/teamlogos/ncaa/500/197.png,https://a.espncdn.com/i/teamlogos/ncaa/500/239.png,Big 12,OKST,BAY,fe5c00,154734,2025-12-31,-9.0,0.0,No Upset,Ranked vs Unranked,Close (6-10),Close,6-10,2.0,Top 25,Big East,2,1.0,1.0,11.0,22.0,31.0,-9.0,0.0,0.0,0.0,0.0,1.0,2.0,18,24,6,#18 – #24,None,,,,,,,,15.0,30.7,12.0,3.0,12-3,0.8,1.0,1.0,1-1,0.5,2.0,1.0,2-1,0.667,8.0,1.0,8-1,0.889,0.0,2.0,0-2,0.0,4.0,,Baylor vs Oklahoma State,4.0
2026,Oklahoma State,Big 12,12/22,7,,26,26.0,0.0,Unranked,6,0,Unranked,4,1,3,0.25,2026-02-10,2,401827307.0,2026-01-03T21:00Z,Houston,Home,W,83.0,52.0,99.0,99.0,8.0,8.0,,,True,,https://a.espncdn.com/i/teamlogos/ncaa/500/197.png,https://a.espncdn.com/i/teamlogos/ncaa/500/248.png,Big 12,OKST,HOU,fe5c00,c8102e,2026-01-03,31.0,1.0,No Upset,Unranked Matchup,Blowout (20+),Blowout,20+,4.0,Unranked,Big East,2,1.0,1.0,11.0,22.0,31.0,-9.0,0.0,0.0,0.0,0.0,1.0,2.0,18,24,6,#18 – #24,None,,,,,,,,16.0,30.8,13.0,3.0,13-3,0.812,2.0,1.0,2-1,0.667,2.0,1.0,2-1,0.667,9.0,1.0,9-1,0.9,0.0,2.0,0-2,0.0,0.0,,Houston vs Oklahoma State,0.0
2026,Oklahoma State,Big 12,1/5,8,,26,26.0,0.0,Unranked,6,0,Unranked,4,1,3,0.25,2026-02-10,2,401827318.0,2026-01-08T00:30Z,TCU,Away,L,61.0,69.0,99.0,13.0,8.0,8.0,,,True,,https://a.espncdn.com/i/teamlogos/ncaa/500/197.png,https://a.espncdn.com/i/teamlogos/ncaa/500/2628.png,Big 12,OKST,TCU,fe5c00,4d1979,2026-01-08,-8.0,0.0,No Upset,Ranked vs Unranked,Close (6-10),Close,6-10,2.0,Top 25,Big East,2,1.0,1.0,-0.5,-1.0,7.0,-8.0,0.0,0.0,0.0,0.0,0.0,2.0,18,24,6,#18 – #24,None,,,,,,,,17.0,28.5,13.0,4.0,13-4,0.765,2.0,2.0,2-2,0.5,2.0,2.0,2-2,0.5,9.0,1.0,9-1,0.9,0.0,3.0,0-3,0.0,13.0,,Oklahoma State vs TCU,13.0
2026,Oklahoma State,Big 12,1/5,8,,26,26.0,0.0,Unranked,6,0,Unranked,4,1,3,0.25,2026-02-10,2,401827327.0,2026-01-11T19:00Z,Colorado,Home,W,63.0,56.0,99.0,99.0,8.0,8.0,,,True,,https://a.espncdn.com/i/teamlogos/ncaa/500/197.png,https://a.espncdn.com/i/teamlogos/ncaa/500/38.png,Big 12,OKST,COLO,fe5c00,cfb87c,2026-01-11,7.0,1.0,No Upset,Unranked Matchup,Close (6-10),Close,6-10,2.0,Unranked,Big East,2,1.0,1.0,-0.5,-1.0,7.0,-8.0,0.0,0.0,0.0,0.0,0.0,2.0,18,24,6,#18 – #24,None,,,,,,,,18.0,27.3,14.0,4.0,14-4,0.778,3.0,2.0,3-2,0.6,2.0,2.0,2-2,0.5,10.0,1.0,10-1,0.909,0.0,3.0,0-3,0.0,0.0,,Colorado vs Oklahoma State,0.0
2026,Oklahoma State,Big 12,1/12,9,,26,26.0,0.0,Unranked,6,0,Unranked,4,1,3,0.25,2026-02-10,2,401827332.0,2026-01-15T00:30Z,Kansas,Away,W,85.0,76.0,99.0,99.0,8.0,8.0,,,True,,https://a.espncdn.com/i/teamlogos/ncaa/500/197.png,https://a.espncdn.com/i/teamlogos/ncaa/500/2305.png,Big 12,OKST,KU,fe5c00,0051ba,2026-01-15,9.0,1.0,No Upset,Unranked Matchup,Close (6-10),Close,6-10,2.0,Unranked,Big East,2,2.0,0.0,18.5,37.0,28.0,9.0,0.0,1.0,0.0,0.0,1.0,2.0,18,24,6,#18 – #24,None,,,,,,,,19.0,26.3,15.0,4.0,15-4,0.789,4.0,2.0,4-2,0.667,3.0,2.0,3-2,0.6,10.0,1.0,10-1,0.909,0.0,3.0,0-3,0.0,0.0,,Kansas vs Oklahoma State,0.0
2026,Oklahoma State,Big 12,1/12,9,,26,26.0,0.0,Unranked,6,0,Unranked,4,1,3,0.25,2026-02-10,2,401827342.0,2026-01-18T18:00Z,Iowa State,Home,W,86.0,58.0,99.0,19.0,8.0,8.0,,,True,,https://a.espncdn.com/i/teamlogos/ncaa/500/197.png,https://a.espncdn.com/i/teamlogos/ncaa/500/66.png,Big 12,OKST,ISU,fe5c00,ae192d,2026-01-18,28.0,1.0,Upset Win,Ranked vs Unranked,Blowout (20+),Blowout,20+,4.0,Top 25,Big East,2,2.0,0.0,18.5,37.0,28.0,9.0,0.0,1.0,0.0,0.0,1.0,2.0,18,24,6,#18 – #24,None,,,,,,,,20.0,26.4,16.0,4.0,16-4,0.8,5.0,2.0,5-2,0.714,3.0,2.0,3-2,0.6,11.0,1.0,11-1,0.917,1.0,3.0,1-3,0.25,7.0,Unranked Oklahoma State beat #19 Iowa State,Iowa State vs Oklahoma State,7.0
2026,Oklahoma State,Big 12,1/19,10,,26,26.0,0.0,Unranked,6,0,Unranked,4,1,3,0.25,2026-02-10,2,401827355.0,2026-01-25T20:00Z,Colorado,Away,L,65.0,79.0,99.0,99.0,8.0,8.0,,,True,,https://a.espncdn.com/i/teamlogos/ncaa/500/197.png,https://a.espncdn.com/i/teamlogos/ncaa/500/38.png,Big 12,OKST,COLO,fe5c00,cfb87c,2026-01-25,-14.0,0.0,No Upset,Unranked Matchup,Comfortable (11-20),Comfortable,11-20,3.0,Unranked,Big East,1,0.0,1.0,-14.0,-14.0,-14.0,-14.0,0.0,0.0,0.0,0.0,0.0,1.0,18,24,6,#18 – #24,None,,,,,,,,21.0,24.5,16.0,5.0,16-5,0.762,5.0,3.0,5-3,0.625,3.0,3.0,3-3,0.5,11.0,1.0,11-1,0.917,1.0,3.0,1-3,0.25,0.0,,Colorado vs Oklahoma State,0.0
2026,Oklahoma State,Big 12,1/26,11,,26,26.0,0.0,Unranked,6,0,Unranked,4,1,3,0.25,2026-02-10,2,401827359.0,2026-01-29T00:30Z,BYU,Home,W,67.0,51.0,99.0,99.0,8.0,8.0,,,True,,https://a.espncdn.com/i/teamlogos/ncaa/500/197.png,https://a.espncdn.com/i/teamlogos/ncaa/500/252.png,Big 12,OKST,BYU,fe5c00,0047ba,2026-01-29,16.0,1.0,No Upset,Unranked Matchup,Comfortable (11-20),Comfortable,11-20,3.0,Unranked,Big East,2,2.0,0.0,17.5,35.0,19.0,16.0,0.0,0.0,0.0,0.0,0.0,2.0,18,24,6,#18 – #24,None,,,,,,,,22.0,24.1,17.0,5.0,17-5,0.773,6.0,3.0,6-3,0.667,3.0,3.0,3-3,0.5,12.0,1.0,12-1,0.923,1.0,3.0,1-3,0.25,0.0,,BYU vs Oklahoma State,0.0
2026,Oklahoma State,Big 12,1/26,11,,26,26.0,0.0,Unranked,6,0,Unranked,4,1,3,0.25,2026-02-10,2,401827365.0,2026-02-01T21:00Z,Arizona,Away,W,88.0,69.0,99.0,99.0,8.0,8.0,,,True,,https://a.espncdn.com/i/teamlogos/ncaa/500/197.png,https://a.espncdn.com/i/teamlogos/ncaa/500/12.png,Big 12,OKST,ARIZ,fe5c00,cc0033,2026-02-01,19.0,1.0,No Upset,Unranked Matchup,Comfortable (11-20),Comfortable,11-20,3.0,Unranked,Big East,2,2.0,0.0,17.5,35.0,19.0,16.0,0.0,0.0,0.0,0.0,0.0,2.0,18,24,6,#18 – #24,None,,,,,,,,23.0,23.9,18.0,5.0,18-5,0.783,7.0,3.0,7-3,0.7,4.0,3.0,4-3,0.571,12.0,1.0,12-1,0.923,1.0,3.0,1-3,0.25,0.0,,Arizona vs Oklahoma State,0.0
2026,Oklahoma State,Big 12,2/2,12,,26,26.0,0.0,Unranked,6,0,Unranked,4,1,3,0.25,2026-02-10,2,401827372.0,2026-02-05T01:30Z,Arizona State,Away,L,69.0,74.0,99.0,99.0,8.0,8.0,,,True,,https://a.espncdn.com/i/teamlogos/ncaa/500/197.png,https://a.espncdn.com/i/teamlogos/ncaa/500/9.png,Big 12,OKST,ASU,fe5c00,ffc627,2026-02-05,-5.0,0.0,No Upset,Unranked Matchup,Nail-Biter (≤5),Nail-Biter,≤5,1.0,Unranked,Big East,2,1.0,1.0,9.0,18.0,23.0,-5.0,0.0,0.0,0.0,1.0,1.0,2.0,18,24,6,#18 – #24,None,,,,,,,,24.0,22.7,18.0,6.0,18-6,0.75,7.0,4.0,7-4,0.636,4.0,4.0,4-4,0.5,12.0,1.0,12-1,0.923,1.0,3.0,1-3,0.25,0.0,,Arizona State vs Oklahoma State,0.0
2026,Oklahoma State,Big 12,2/2,12,,26,26.0,0.0,Unranked,6,0,Unranked,4,1,3,0.25,2026-02-10,2,401827382.0,2026-02-07T19:00Z,UCF,Home,W,81.0,58.0,99.0,99.0,8.0,8.0,,,True,,https://a.espncdn.com/i/teamlogos/ncaa/500/197.png,https://a.espncdn.com/i/teamlogos/ncaa/500/2116.png,Big 12,OKST,UCF,fe5c00,000000,2026-02-07,23.0,1.0,No Upset,Unranked Matchup,Blowout (20+),Blowout,20+,4.0,Unranked,Big East,2,1.0,1.0,9.0,18.0,23.0,-5.0,0.0,0.0,0.0,1.0,1.0,2.0,18,24,6,#18 – #24,None,,,,,,,,25.0,22.7,19.0,6.0,19-6,0.76,8.0,4.0,8-4,0.667,4.0,4.0,4-4,0.5,13.0,1.0,13-1,0.929,1.0,3.0,1-3,0.25,0.0,,Oklahoma State vs UCF,0.0
2026,Oklahoma State,Big 12,2/9,13,,26,26.0,0.0,Unranked,6,0,Unranked,4,1,3,0.25,2026-02-10,2,,,,,,,,,,,,,,,,,,,,,,,,,,,,,,,,,,0,,,,,,,,,,,,,18,24,6,#18 – #24,None,,,,,,,,,,,,,,,,,,,,,,,,,,,,,,,,,
2026,Ole Miss,SEC,Pre,0,12.0,12,,,Unknown,1,1,Steady,6,3,3,0.5,2026-02-10,2,401827820.0,2025-11-03T17:00Z,Norfolk State,Home,W,87.0,46.0,12.0,99.0,23.0,16.0,,,False,,https://a.espncdn.com/i/teamlogos/ncaa/500/145.png,https://a.espncdn.com/i/teamlogos/ncaa/500/2450.png,,MISS,NORF,13294b,0c8968,2025-11-03,41.0,1.0,No Upset,Ranked vs Unranked,Blowout (20+),Blowout,20+,4.0,Unranked,Other,2,2.0,0.0,40.0,80.0,41.0,39.0,0.0,0.0,0.0,0.0,2.0,0.0,12,18,6,#12 – #18,None,,,,,,,,1.0,41.0,1.0,0.0,1-0,1.0,0.0,0.0,0-0,,0.0,0.0,0-0,,1.0,0.0,1-0,1.0,0.0,0.0,0-0,,14.0,,Norfolk State vs Ole Miss,-14.0
2026,Ole Miss,SEC,Pre,0,12.0,12,,,Unknown,1,1,Steady,6,3,3,0.5,2026-02-10,2,401824256.0,2025-11-08T01:00Z,Alabama A&M,Away,W,84.0,45.0,12.0,99.0,23.0,26.0,,,False,,https://a.espncdn.com/i/teamlogos/ncaa/500/145.png,https://a.espncdn.com/i/teamlogos/ncaa/500/2010.png,,MISS,AAMU,13294b,790000,2025-11-08,39.0,1.0,No Upset,Ranked vs Unranked,Blowout (20+),Blowout,20+,4.0,Unranked,Other,2,2.0,0.0,40.0,80.0,41.0,39.0,0.0,0.0,0.0,0.0,2.0,0.0,12,18,6,#12 – #18,None,,,,,,,,2.0,40.0,2.0,0.0,2-0,1.0,0.0,0.0,0-0,,1.0,0.0,1-0,1.0,1.0,0.0,1-0,1.0,0.0,0.0,0-0,,14.0,,Alabama A&M vs Ole Miss,-14.0
2026,Ole Miss,SEC,11/10,1,13.0,13,12.0,-1.0,Falling,2,2,Steady,6,3,3,0.5,2026-02-10,2,401827919.0,2025-11-13T00:00Z,Southern,Home,W,94.0,44.0,13.0,99.0,23.0,26.0,,,False,,https://a.espncdn.com/i/teamlogos/ncaa/500/145.png,https://a.espncdn.com/i/teamlogos/ncaa/500/2582.png,,MISS,SOU,13294b,004B97,2025-11-13,50.0,1.0,No Upset,Ranked vs Unranked,Blowout (20+),Blowout,20+,4.0,Unranked,Other,1,1.0,0.0,50.0,50.0,50.0,50.0,0.0,0.0,0.0,0.0,1.0,0.0,12,18,6,#12 – #18,None,,,,,,,,3.0,43.3,3.0,0.0,3-0,1.0,0.0,0.0,0-0,,1.0,0.0,1-0,1.0,2.0,0.0,2-0,1.0,0.0,0.0,0-0,,13.0,,Ole Miss vs Southern,-13.0
2026,Ole Miss,SEC,11/17,2,13.0,13,13.0,0.0,Stable,3,3,Steady,6,3,3,0.5,2026-02-10,2,401825059.0,2025-11-19T01:00Z,Memphis,Away,W,73.0,64.0,13.0,99.0,23.0,62.0,,,False,,https://a.espncdn.com/i/teamlogos/ncaa/500/145.png,https://a.espncdn.com/i/teamlogos/ncaa/500/235.png,,MISS,MEM,13294b,004991,2025-11-19,9.0,1.0,No Upset,Ranked vs Unranked,Close (6-10),Close,6-10,2.0,Unranked,Other,1,1.0,0.0,9.0,9.0,9.0,9.0,0.0,0.0,0.0,0.0,0.0,0.0,12,18,6,#12 – #18,None,,,,,,,,4.0,34.8,4.0,0.0,4-0,1.0,0.0,0.0,0-0,,2.0,0.0,2-0,1.0,2.0,0.0,2-0,1.0,0.0,0.0,0-0,,13.0,,Memphis vs Ole Miss,-13.0
2026,Ole Miss,SEC,11/24,3,13.0,13,13.0,0.0,Stable,4,4,Steady,6,3,3,0.5,2026-02-10,2,401824973.0,2025-11-25T00:00Z,Longwood,Home,W,102.0,50.0,13.0,99.0,23.0,6.0,,,False,,https://a.espncdn.com/i/teamlogos/ncaa/500/145.png,https://a.espncdn.com/i/teamlogos/ncaa/500/2344.png,,MISS,LONG,13294b,003273,2025-11-25,52.0,1.0,No Upset,Ranked vs Unranked,Blowout (20+),Blowout,20+,4.0,Unranked,Other,3,3.0,0.0,25.0,75.0,52.0,9.0,0.0,0.0,0.0,0.0,1.0,0.0,12,18,6,#12 – #18,None,,,,,,,,5.0,38.2,5.0,0.0,5-0,1.0,0.0,0.0,0-0,,2.0,0.0,2-0,1.0,3.0,0.0,3-0,1.0,0.0,0.0,0-0,,13.0,,Longwood vs Ole Miss,-13.0
2026,Ole Miss,SEC,11/24,3,13.0,13,13.0,0.0,Stable,4,4,Steady,6,3,3,0.5,2026-02-10,2,401827924.0,2025-11-28T21:00Z,Wisconsin,Neutral,W,65.0,56.0,13.0,99.0,23.0,7.0,,,False,Daytona Beach Classic,https://a.espncdn.com/i/teamlogos/ncaa/500/145.png,https://a.espncdn.com/i/teamlogos/ncaa/500/275.png,,MISS,WIS,13294b,a00000,2025-11-28,9.0,1.0,No Upset,Ranked vs Unranked,Close (6-10),Close,6-10,2.0,Unranked,Big Ten,3,3.0,0.0,25.0,75.0,52.0,9.0,0.0,0.0,0.0,0.0,1.0,0.0,12,18,6,#12 – #18,None,,,,,,,,6.0,33.3,6.0,0.0,6-0,1.0,0.0,0.0,0-0,,2.0,0.0,2-0,1.0,3.0,0.0,3-0,1.0,0.0,0.0,0-0,,13.0,,Ole Miss vs Wisconsin,-13.0
2026,Ole Miss,SEC,11/24,3,13.0,13,13.0,0.0,Stable,4,4,Steady,6,3,3,0.5,2026-02-10,2,401824919.0,2025-11-29T21:00Z,George Mason,Neutral,W,81.0,67.0,13.0,99.0,23.0,3.0,,,False,Daytona Beach Classic,https://a.espncdn.com/i/teamlogos/ncaa/500/145.png,https://a.espncdn.com/i/teamlogos/ncaa/500/2244.png,,MISS,GMU,13294b,016600,2025-11-29,14.0,1.0,No Upset,Ranked vs Unranked,Comfortable (11-20),Comfortable,11-20,3.0,Unranked,Other,3,3.0,0.0,25.0,75.0,52.0,9.0,0.0,0.0,0.0,0.0,1.0,0.0,12,18,6,#12 – #18,None,,,,,,,,7.0,30.6,7.0,0.0,7-0,1.0,0.0,0.0,0-0,,2.0,0.0,2-0,1.0,3.0,0.0,3-0,1.0,0.0,0.0,0-0,,13.0,,George Mason vs Ole Miss,-13.0
2026,Ole Miss,SEC,12/1,4,13.0,13,13.0,0.0,Stable,5,5,Steady,6,3,3,0.5,2026-02-10,2,401806390.0,2025-12-05T02:00Z,Notre Dame,Home,W,69.0,62.0,13.0,18.0,23.0,2.0,,,False,ACC/SEC Women's Challenge,https://a.espncdn.com/i/teamlogos/ncaa/500/145.png,https://a.espncdn.com/i/teamlogos/ncaa/500/87.png,,MISS,ND,13294b,062340,2025-12-05,7.0,1.0,No Upset,Top 25 Matchup,Close (6-10),Close,6-10,2.0,Top 25,ACC,2,1.0,1.0,3.0,6.0,7.0,-1.0,1.0,0.0,1.0,1.0,0.0,0.0,12,18,6,#12 – #18,None,,,,,,,,8.0,27.6,8.0,0.0,8-0,1.0,0.0,0.0,0-0,,2.0,0.0,2-0,1.0,4.0,0.0,4-0,1.0,1.0,0.0,1-0,1.0,5.0,,Notre Dame vs Ole Miss,-5.0
2026,Ole Miss,SEC,12/1,4,13.0,13,13.0,0.0,Stable,5,5,Steady,6,3,3,0.5,2026-02-10,2,401822863.0,2025-12-07T20:00Z,Kansas State,Neutral,L,60.0,61.0,13.0,99.0,23.0,8.0,,,False,,https://a.espncdn.com/i/teamlogos/ncaa/500/145.png,https://a.espncdn.com/i/teamlogos/ncaa/500/2306.png,,MISS,KSU,13294b,330a57,2025-12-07,-1.0,0.0,Upset Loss,Ranked vs Unranked,Nail-Biter (≤5),Nail-Biter,≤5,1.0,Unranked,Big East,2,1.0,1.0,3.0,6.0,7.0,-1.0,1.0,0.0,1.0,1.0,0.0,0.0,12,18,6,#12 – #18,None,,,,,,,,9.0,24.4,8.0,1.0,8-1,0.889,0.0,0.0,0-0,,2.0,0.0,2-0,1.0,4.0,0.0,4-0,1.0,1.0,0.0,1-0,1.0,13.0,#13 Ole Miss lost to Unranked Kansas State,Kansas State vs Ole Miss,-13.0
2026,Ole Miss,SEC,12/8,5,17.0,17,13.0,-4.0,Falling,6,6,Steady,6,3,3,0.5,2026-02-10,2,401827456.0,2025-12-13T18:00Z,Wofford,Home,W,86.0,52.0,17.0,99.0,23.0,24.0,,,False,,https://a.espncdn.com/i/teamlogos/ncaa/500/145.png,https://a.espncdn.com/i/teamlogos/ncaa/500/2747.png,,MISS,WOF,13294b,533B24,2025-12-13,34.0,1.0,No Upset,Ranked vs Unranked,Blowout (20+),Blowout,20+,4.0,Unranked,Other,2,2.0,0.0,46.5,93.0,59.0,34.0,0.0,0.0,0.0,0.0,2.0,0.0,12,18,6,#12 – #18,None,,,,,,,,10.0,25.4,9.0,1.0,9-1,0.9,0.0,0.0,0-0,,2.0,0.0,2-0,1.0,5.0,0.0,5-0,1.0,1.0,0.0,1-0,1.0,9.0,,Ole Miss vs Wofford,-9.0
2026,Ole Miss,SEC,12/8,5,17.0,17,13.0,-4.0,Falling,6,6,Steady,6,3,3,0.5,2026-02-10,2,401827923.0,2025-12-14T20:00Z,South Carolina State,Home,W,91.0,32.0,17.0,99.0,23.0,16.0,,,False,,https://a.espncdn.com/i/teamlogos/ncaa/500/145.png,https://a.espncdn.com/i/teamlogos/ncaa/500/2569.png,,MISS,SCST,13294b,7d1315,2025-12-14,59.0,1.0,No Upset,Ranked vs Unranked,Blowout (20+),Blowout,20+,4.0,Unranked,Other,2,2.0,0.0,46.5,93.0,59.0,34.0,0.0,0.0,0.0,0.0,2.0,0.0,12,18,6,#12 – #18,None,,,,,,,,11.0,28.5,10.0,1.0,10-1,0.909,0.0,0.0,0-0,,2.0,0.0,2-0,1.0,6.0,0.0,6-0,1.0,1.0,0.0,1-0,1.0,9.0,,Ole Miss vs South Carolina State,-9.0
2026,Ole Miss,SEC,12/15,6,14.0,14,17.0,3.0,Rising,7,7,Steady,6,3,3,0.5,2026-02-10,2,401827922.0,2025-12-17T22:00Z,Mississippi Valley State,Home,W,102.0,34.0,14.0,99.0,23.0,26.0,,,False,,https://a.espncdn.com/i/teamlogos/ncaa/500/145.png,https://a.espncdn.com/i/teamlogos/ncaa/500/2400.png,,MISS,MVSU,13294b,005328,2025-12-17,68.0,1.0,No Upset,Ranked vs Unranked,Blowout (20+),Blowout,20+,4.0,Unranked,Other,1,1.0,0.0,68.0,68.0,68.0,68.0,0.0,0.0,0.0,0.0,1.0,0.0,12,18,6,#12 – #18,None,,,,,,,,12.0,31.8,11.0,1.0,11-1,0.917,0.0,0.0,0-0,,2.0,0.0,2-0,1.0,7.0,0.0,7-0,1.0,1.0,0.0,1-0,1.0,12.0,,Mississippi Valley State vs Ole Miss,-12.0
2026,Ole Miss,SEC,12/22,7,15.0,15,14.0,-1.0,Falling,8,8,Steady,6,3,3,0.5,2026-02-10,2,401827921.0,2025-12-22T00:30Z,Old Dominion,Neutral,W,86.0,57.0,14.0,99.0,23.0,27.0,,,False,Cherokee Invitational,https://a.espncdn.com/i/teamlogos/ncaa/500/145.png,https://a.espncdn.com/i/teamlogos/ncaa/500/295.png,,MISS,ODU,13294b,003768,2025-12-22,29.0,1.0,No Upset,Ranked vs Unranked,Blowout (20+),Blowout,20+,4.0,Unranked,Other,5,3.0,2.0,9.2,46.0,29.0,-17.0,0.0,0.0,2.0,1.0,1.0,2.0,12,18,6,#12 – #18,None,,,,,,,,13.0,31.5,12.0,1.0,12-1,0.923,0.0,0.0,0-0,,2.0,0.0,2-0,1.0,7.0,0.0,7-0,1.0,1.0,0.0,1-0,1.0,12.0,,Old Dominion vs Ole Miss,-12.0
2026,Ole Miss,SEC,12/22,7,15.0,15,14.0,-1.0,Falling,8,8,Steady,6,3,3,0.5,2026-02-10,2,401831295.0,2025-12-23T00:30Z,Michigan State,Neutral,L,49.0,66.0,15.0,24.0,23.0,7.0,,,False,Cherokee Invitational,https://a.espncdn.com/i/teamlogos/ncaa/500/145.png,https://a.espncdn.com/i/teamlogos/ncaa/500/127.png,,MISS,MSU,13294b,173f35,2025-12-23,-17.0,0.0,No Upset,Top 25 Matchup,Comfortable (11-20),Comfortable,11-20,3.0,Top 25,Big Ten,5,3.0,2.0,9.2,46.0,29.0,-17.0,0.0,0.0,2.0,1.0,1.0,2.0,12,18,6,#12 – #18,None,,,,,,,,14.0,28.1,12.0,2.0,12-2,0.857,0.0,0.0,0-0,,2.0,0.0,2-0,1.0,7.0,0.0,7-0,1.0,1.0,1.0,1-1,0.5,9.0,,Michigan State vs Ole Miss,-9.0
2026,Ole Miss,SEC,12/22,7,15.0,15,14.0,-1.0,Falling,8,8,Steady,6,3,3,0.5,2026-02-10,2,401827920.0,2025-12-28T20:00Z,Alcorn State,Home,W,64.0,44.0,15.0,99.0,23.0,26.0,,,False,,https://a.espncdn.com/i/teamlogos/ncaa/500/145.png,https://a.espncdn.com/i/teamlogos/ncaa/500/2016.png,,MISS,ALCN,13294b,4b0058,2025-12-28,20.0,1.0,No Upset,Ranked vs Unranked,Comfortable (11-20),Comfortable,11-20,3.0,Unranked,Other,5,3.0,2.0,9.2,46.0,29.0,-17.0,0.0,0.0,2.0,1.0,1.0,2.0,12,18,6,#12 – #18,None,,,,,,,,15.0,27.5,13.0,2.0,13-2,0.867,0.0,0.0,0-0,,2.0,0.0,2-0,1.0,8.0,0.0,8-0,1.0,1.0,1.0,1-1,0.5,11.0,,Alcorn State vs Ole Miss,-11.0
2026,Ole Miss,SEC,12/22,7,15.0,15,14.0,-1.0,Falling,8,8,Steady,6,3,3,0.5,2026-02-10,2,401807533.0,2026-01-01T20:00Z,Georgia,Home,W,79.0,62.0,15.0,99.0,23.0,23.0,,,True,,https://a.espncdn.com/i/teamlogos/ncaa/500/145.png,https://a.espncdn.com/i/teamlogos/ncaa/500/61.png,SEC,MISS,UGA,13294b,ba0c2f,2026-01-01,17.0,1.0,No Upset,Ranked vs Unranked,Comfortable (11-20),Comfortable,11-20,3.0,Unranked,SEC,5,3.0,2.0,9.2,46.0,29.0,-17.0,0.0,0.0,2.0,1.0,1.0,2.0,12,18,6,#12 – #18,None,,,,,,,,16.0,26.9,14.0,2.0,14-2,0.875,1.0,0.0,1-0,1.0,2.0,0.0,2-0,1.0,9.0,0.0,9-0,1.0,1.0,1.0,1-1,0.5,11.0,,Georgia vs Ole Miss,-11.0
2026,Ole Miss,SEC,12/22,7,15.0,15,14.0,-1.0,Falling,8,8,Steady,6,3,3,0.5,2026-02-10,2,401807539.0,2026-01-04T20:00Z,Texas,Away,L,64.0,67.0,15.0,2.0,23.0,23.0,,,True,,https://a.espncdn.com/i/teamlogos/ncaa/500/145.png,https://a.espncdn.com/i/teamlogos/ncaa/500/251.png,SEC,MISS,TEX,13294b,af5c37,2026-01-04,-3.0,0.0,No Upset,Top 25 Matchup,Nail-Biter (≤5),Nail-Biter,≤5,1.0,Top 5,SEC,5,3.0,2.0,9.2,46.0,29.0,-17.0,0.0,0.0,2.0,1.0,1.0,2.0,12,18,6,#12 – #18,None,,,,,,,,17.0,25.1,14.0,3.0,14-3,0.824,1.0,1.0,1-1,0.5,2.0,1.0,2-1,0.667,9.0,0.0,9-0,1.0,1.0,2.0,1-2,0.333,13.0,,Ole Miss vs Texas,13.0
2026,Ole Miss,SEC,1/5,8,18.0,18,15.0,-3.0,Falling,9,9,Steady,6,3,3,0.5,2026-02-10,2,401807547.0,2026-01-09T00:00Z,Oklahoma,Away,W,74.0,69.0,18.0,5.0,23.0,23.0,,,True,,https://a.espncdn.com/i/teamlogos/ncaa/500/145.png,https://a.espncdn.com/i/teamlogos/ncaa/500/201.png,SEC,MISS,OU,13294b,990000,2026-01-09,5.0,1.0,No Upset,Top 25 Matchup,Nail-Biter (≤5),Nail-Biter,≤5,1.0,Top 5,SEC,2,2.0,0.0,15.0,30.0,25.0,5.0,0.0,0.0,1.0,1.0,1.0,2.0,12,18,6,#12 – #18,None,,,,,,,,18.0,24.0,15.0,3.0,15-3,0.833,2.0,1.0,2-1,0.667,3.0,1.0,3-1,0.75,9.0,0.0,9-0,1.0,2.0,2.0,2-2,0.5,13.0,,Oklahoma vs Ole Miss,13.0
2026,Ole Miss,SEC,1/5,8,18.0,18,15.0,-3.0,Falling,9,9,Steady,6,3,3,0.5,2026-02-10,2,401807559.0,2026-01-11T23:00Z,Mississippi State,Home,W,93.0,68.0,18.0,99.0,23.0,23.0,,,True,We Back Pat,https://a.espncdn.com/i/teamlogos/ncaa/500/145.png,https://a.espncdn.com/i/teamlogos/ncaa/500/344.png,SEC,MISS,MSST,13294b,5d1725,2026-01-11,25.0,1.0,No Upset,Ranked vs Unranked,Blowout (20+),Blowout,20+,4.0,Unranked,SEC,2,2.0,0.0,15.0,30.0,25.0,5.0,0.0,0.0,1.0,1.0,1.0,2.0,12,18,6,#12 – #18,None,,,,,,,,19.0,24.1,16.0,3.0,16-3,0.842,3.0,1.0,3-1,0.75,3.0,1.0,3-1,0.75,10.0,0.0,10-0,1.0,2.0,2.0,2-2,0.5,8.0,,Mississippi State vs Ole Miss,-8.0
2026,Ole Miss,SEC,1/12,9,16.0,16,18.0,2.0,Rising,10,10,Steady,6,3,3,0.5,2026-02-10,2,401807567.0,2026-01-18T17:00Z,Georgia,Away,L,59.0,82.0,16.0,99.0,23.0,23.0,,,True,We Back Pat,https://a.espncdn.com/i/teamlogos/ncaa/500/145.png,https://a.espncdn.com/i/teamlogos/ncaa/500/61.png,SEC,MISS,UGA,13294b,ba0c2f,2026-01-18,-23.0,0.0,Upset Loss,Ranked vs Unranked,Blowout (20+),Blowout,20+,4.0,Unranked,SEC,1,0.0,1.0,-23.0,-23.0,-23.0,-23.0,1.0,0.0,0.0,0.0,1.0,1.0,12,18,6,#12 – #18,None,,,,,,,,20.0,21.7,16.0,4.0,16-4,0.8,3.0,2.0,3-2,0.6,3.0,2.0,3-2,0.6,10.0,0.0,10-0,1.0,2.0,2.0,2-2,0.5,10.0,#16 Ole Miss lost to Unranked Georgia,Georgia vs Ole Miss,-10.0
2026,Ole Miss,SEC,1/19,10,18.0,18,16.0,-2.0,Falling,11,11,Steady,6,3,3,0.5,2026-02-10,2,401807573.0,2026-01-23T00:30Z,Missouri,Away,W,82.0,61.0,18.0,99.0,23.0,23.0,,,True,,https://a.espncdn.com/i/teamlogos/ncaa/500/145.png,https://a.espncdn.com/i/teamlogos/ncaa/500/142.png,SEC,MISS,MIZ,13294b,f1b82d,2026-01-23,21.0,1.0,No Upset,Ranked vs Unranked,Blowout (20+),Blowout,20+,4.0,Unranked,SEC,1,1.0,0.0,21.0,21.0,21.0,21.0,0.0,0.0,0.0,0.0,1.0,1.0,12,18,6,#12 – #18,None,,,,,,,,21.0,21.7,17.0,4.0,17-4,0.81,4.0,2.0,4-2,0.667,4.0,2.0,4-2,0.667,10.0,0.0,10-0,1.0,2.0,2.0,2-2,0.5,8.0,,Missouri vs Ole Miss,-8.0
2026,Ole Miss,SEC,1/26,11,17.0,17,18.0,1.0,Rising,12,12,Steady,6,3,3,0.5,2026-02-10,2,401807587.0,2026-01-30T20:00Z,Vanderbilt,Neutral,W,83.0,75.0,17.0,5.0,23.0,23.0,,,True,,https://a.espncdn.com/i/teamlogos/ncaa/500/145.png,https://a.espncdn.com/i/teamlogos/ncaa/500/238.png,SEC,MISS,VAN,13294b,000000,2026-01-30,8.0,1.0,No Upset,Top 25 Matchup,Close (6-10),Close,6-10,2.0,Top 5,SEC,1,1.0,0.0,8.0,8.0,8.0,8.0,0.0,0.0,1.0,0.0,0.0,1.0,12,18,6,#12 – #18,None,,,,,,,,22.0,21.0,18.0,4.0,18-4,0.818,5.0,2.0,5-2,0.714,4.0,2.0,4-2,0.667,10.0,0.0,10-0,1.0,3.0,2.0,3-2,0.6,12.0,,Ole Miss vs Vanderbilt,12.0
2026,Ole Miss,SEC,2/2,12,13.0,13,17.0,4.0,Rising,13,13,Steady,6,3,3,0.5,2026-02-10,2,401807594.0,2026-02-03T00:00Z,Auburn,Neutral,W,71.0,45.0,13.0,99.0,23.0,23.0,,,True,,https://a.espncdn.com/i/teamlogos/ncaa/500/145.png,https://a.espncdn.com/i/teamlogos/ncaa/500/2.png,SEC,MISS,AUB,13294b,002b5c,2026-02-03,26.0,1.0,No Upset,Ranked vs Unranked,Blowout (20+),Blowout,20+,4.0,Unranked,SEC,2,1.0,1.0,12.5,25.0,26.0,-1.0,0.0,0.0,1.0,1.0,1.0,2.0,12,18,6,#12 – #18,None,,,,,,,,23.0,21.3,19.0,4.0,19-4,0.826,6.0,2.0,6-2,0.75,4.0,2.0,4-2,0.667,10.0,0.0,10-0,1.0,3.0,2.0,3-2,0.6,13.0,,Auburn vs Ole Miss,-13.0
2026,Ole Miss,SEC,2/2,12,13.0,13,17.0,4.0,Rising,13,13,Steady,6,3,3,0.5,2026-02-10,2,401807603.0,2026-02-06T02:00Z,Alabama,Away,L,63.0,64.0,13.0,21.0,23.0,23.0,,,True,Play4Kay,https://a.espncdn.com/i/teamlogos/ncaa/500/145.png,https://a.espncdn.com/i/teamlogos/ncaa/500/333.png,SEC,MISS,ALA,13294b,9e1b32,2026-02-06,-1.0,0.0,No Upset,Top 25 Matchup,Nail-Biter (≤5),Nail-Biter,≤5,1.0,Top 25,SEC,2,1.0,1.0,12.5,25.0,26.0,-1.0,0.0,0.0,1.0,1.0,1.0,2.0,12,18,6,#12 – #18,None,,,,,,,,24.0,20.3,19.0,5.0,19-5,0.792,6.0,3.0,6-3,0.667,4.0,3.0,4-3,0.571,10.0,0.0,10-0,1.0,3.0,3.0,3-3,0.5,8.0,,Alabama vs Ole Miss,-8.0
2026,Ole Miss,SEC,2/9,13,14.0,14,13.0,-1.0,Falling,14,14,Steady,6,3,3,0.5,2026-02-10,2,,,,,,,,,,,,,,,,,,,,,,,,,,,,,,,,,,0,,,,,,,,,,,,,12,18,6,#12 – #18,None,,,,,,,,,,,,,,,,,,,,,,,,,,,,,,,,,
2026,Princeton,Ivy,Pre,0,,26,,,Unknown,0,0,Surging,1,0,1,0.0,2026-02-10,2,401812928.0,2025-11-09T19:00Z,Georgia Tech,Away,W,67.0,61.0,99.0,99.0,12.0,2.0,,,False,,https://a.espncdn.com/i/teamlogos/ncaa/500/163.png,https://a.espncdn.com/i/teamlogos/ncaa/500/59.png,,PRIN,GT,000000,b3a369,2025-11-09,6.0,1.0,No Upset,Unranked Matchup,Close (6-10),Close,6-10,2.0,Unranked,ACC,1,1.0,0.0,6.0,6.0,6.0,6.0,0.0,0.0,0.0,0.0,0.0,0.0,19,25,6,#19 – #25,None,,,,,,,,1.0,6.0,1.0,0.0,1-0,1.0,0.0,0.0,0-0,,1.0,0.0,1-0,1.0,0.0,0.0,0-0,,0.0,0.0,0-0,,0.0,,Georgia Tech vs Princeton,0.0
2026,Princeton,Ivy,11/10,1,,26,26.0,0.0,Unranked,0,0,Surging,1,0,1,0.0,2026-02-10,2,401825727.0,2025-11-13T00:00Z,Villanova,Away,W,73.0,68.0,99.0,99.0,12.0,4.0,,,False,,https://a.espncdn.com/i/teamlogos/ncaa/500/163.png,https://a.espncdn.com/i/teamlogos/ncaa/500/222.png,,PRIN,VILL,000000,00205b,2025-11-13,5.0,1.0,No Upset,Unranked Matchup,Nail-Biter (≤5),Nail-Biter,≤5,1.0,Unranked,Big 12,2,1.0,1.0,-5.5,-11.0,5.0,-16.0,0.0,0.0,0.0,1.0,0.0,0.0,19,25,6,#19 – #25,None,,,,,,,,2.0,5.5,2.0,0.0,2-0,1.0,0.0,0.0,0-0,,2.0,0.0,2-0,1.0,0.0,0.0,0-0,,0.0,0.0,0-0,,0.0,,Princeton vs Villanova,0.0
2026,Princeton,Ivy,11/10,1,,26,26.0,0.0,Unranked,0,0,Surging,1,0,1,0.0,2026-02-10,2,401818640.0,2025-11-16T18:00Z,Maryland,Away,L,68.0,84.0,99.0,9.0,12.0,7.0,,,False,,https://a.espncdn.com/i/teamlogos/ncaa/500/163.png,https://a.espncdn.com/i/teamlogos/ncaa/500/120.png,,PRIN,MD,000000,ce1126,2025-11-16,-16.0,0.0,No Upset,Ranked vs Unranked,Comfortable (11-20),Comfortable,11-20,3.0,Top 10,Big Ten,2,1.0,1.0,-5.5,-11.0,5.0,-16.0,0.0,0.0,0.0,1.0,0.0,0.0,19,25,6,#19 – #25,None,,,,,,,,3.0,-1.7,2.0,1.0,2-1,0.667,0.0,0.0,0-0,,2.0,1.0,2-1,0.667,0.0,0.0,0-0,,0.0,1.0,0-1,0.0,17.0,,Maryland vs Princeton,17.0
2026,Princeton,Ivy,11/17,2,,26,26.0,0.0,Unranked,0,0,Surging,1,0,1,0.0,2026-02-10,2,401827784.0,2025-11-20T00:00Z,Rice,Home,W,69.0,56.0,99.0,99.0,12.0,62.0,,,False,,https://a.espncdn.com/i/teamlogos/ncaa/500/163.png,https://a.espncdn.com/i/teamlogos/ncaa/500/242.png,,PRIN,RICE,000000,00205b,2025-11-20,13.0,1.0,No Upset,Unranked Matchup,Comfortable (11-20),Comfortable,11-20,3.0,Unranked,Other,3,3.0,0.0,13.0,39.0,19.0,7.0,0.0,0.0,0.0,0.0,0.0,0.0,19,25,6,#19 – #25,None,,,,,,,,4.0,2.0,3.0,1.0,3-1,0.75,0.0,0.0,0-0,,2.0,1.0,2-1,0.667,1.0,0.0,1-0,1.0,0.0,1.0,0-1,0.0,0.0,,Princeton vs Rice,0.0
2026,Princeton,Ivy,11/17,2,,26,26.0,0.0,Unranked,0,0,Surging,1,0,1,0.0,2026-02-10,2,401826669.0,2025-11-22T18:00Z,Penn State,Neutral,W,100.0,93.0,99.0,99.0,12.0,7.0,,,False,Battle 4 Atlantis,https://a.espncdn.com/i/teamlogos/ncaa/500/163.png,https://a.espncdn.com/i/teamlogos/ncaa/500/213.png,,PRIN,PSU,000000,061440,2025-11-22,7.0,1.0,No Upset,Unranked Matchup,Close (6-10),Close,6-10,2.0,Unranked,Big Ten,3,3.0,0.0,13.0,39.0,19.0,7.0,0.0,0.0,0.0,0.0,0.0,0.0,19,25,6,#19 – #25,None,,,,,,,,5.0,3.0,4.0,1.0,4-1,0.8,0.0,0.0,0-0,,2.0,1.0,2-1,0.667,1.0,0.0,1-0,1.0,0.0,1.0,0-1,0.0,0.0,,Penn State vs Princeton,0.0
2026,Princeton,Ivy,11/17,2,,26,26.0,0.0,Unranked,0,0,Surging,1,0,1,0.0,2026-02-10,2,401827785.0,2025-11-23T17:00Z,Maryland Eastern Shore,Neutral,W,81.0,62.0,99.0,99.0,12.0,16.0,,,False,Battle 4 Atlantis,https://a.espncdn.com/i/teamlogos/ncaa/500/163.png,https://a.espncdn.com/i/teamlogos/ncaa/500/2379.png,,PRIN,UMES,000000,5c2301,2025-11-23,19.0,1.0,No Upset,Unranked Matchup,Comfortable (11-20),Comfortable,11-20,3.0,Unranked,Other,3,3.0,0.0,13.0,39.0,19.0,7.0,0.0,0.0,0.0,0.0,0.0,0.0,19,25,6,#19 – #25,None,,,,,,,,6.0,5.7,5.0,1.0,5-1,0.833,0.0,0.0,0-0,,2.0,1.0,2-1,0.667,1.0,0.0,1-0,1.0,0.0,1.0,0-1,0.0,0.0,,Maryland Eastern Shore vs Princeton,0.0
2026,Princeton,Ivy,11/24,3,,26,26.0,0.0,Unranked,0,0,Surging,1,0,1,0.0,2026-02-10,2,401825006.0,2025-11-26T18:00Z,Rhode Island,Away,W,67.0,59.0,99.0,99.0,12.0,3.0,,,False,,https://a.espncdn.com/i/teamlogos/ncaa/500/163.png,https://a.espncdn.com/i/teamlogos/ncaa/500/227.png,,PRIN,URI,000000,091f3f,2025-11-26,8.0,1.0,No Upset,Unranked Matchup,Close (6-10),Close,6-10,2.0,Unranked,Other,2,2.0,0.0,19.0,38.0,30.0,8.0,0.0,0.0,0.0,0.0,1.0,0.0,19,25,6,#19 – #25,None,,,,,,,,7.0,6.0,6.0,1.0,6-1,0.857,0.0,0.0,0-0,,3.0,1.0,3-1,0.75,1.0,0.0,1-0,1.0,0.0,1.0,0-1,0.0,0.0,,Princeton vs Rhode Island,0.0
2026,Princeton,Ivy,11/24,3,,26,26.0,0.0,Unranked,0,0,Surging,1,0,1,0.0,2026-02-10,2,401822231.0,2025-11-30T18:00Z,DePaul,Home,W,71.0,41.0,99.0,99.0,12.0,4.0,,,False,,https://a.espncdn.com/i/teamlogos/ncaa/500/163.png,https://a.espncdn.com/i/teamlogos/ncaa/500/305.png,,PRIN,DEP,000000,2d649c,2025-11-30,30.0,1.0,No Upset,Unranked Matchup,Blowout (20+),Blowout,20+,4.0,Unranked,Big 12,2,2.0,0.0,19.0,38.0,30.0,8.0,0.0,0.0,0.0,0.0,1.0,0.0,19,25,6,#19 – #25,None,,,,,,,,8.0,9.0,7.0,1.0,7-1,0.875,0.0,0.0,0-0,,3.0,1.0,3-1,0.75,2.0,0.0,2-0,1.0,0.0,1.0,0-1,0.0,0.0,,DePaul vs Princeton,0.0
2026,Princeton,Ivy,12/1,4,,26,26.0,0.0,Unranked,0,0,Surging,1,0,1,0.0,2026-02-10,2,401825724.0,2025-12-03T00:00Z,Seton Hall,Home,W,82.0,78.0,99.0,99.0,12.0,4.0,,,False,,https://a.espncdn.com/i/teamlogos/ncaa/500/163.png,https://a.espncdn.com/i/teamlogos/ncaa/500/2550.png,,PRIN,HALL,000000,0857B1,2025-12-03,4.0,1.0,No Upset,Unranked Matchup,Nail-Biter (≤5),Nail-Biter,≤5,1.0,Unranked,Big 12,2,2.0,0.0,8.0,16.0,12.0,4.0,0.0,0.0,0.0,1.0,0.0,0.0,19,25,6,#19 – #25,None,,,,,,,,9.0,8.4,8.0,1.0,8-1,0.889,0.0,0.0,0-0,,3.0,1.0,3-1,0.75,3.0,0.0,3-0,1.0,0.0,1.0,0-1,0.0,0.0,,Princeton vs Seton Hall,0.0
2026,Princeton,Ivy,12/1,4,,26,26.0,0.0,Unranked,0,0,Surging,1,0,1,0.0,2026-02-10,2,401827786.0,2025-12-06T19:00Z,Belmont,Away,W,70.0,58.0,99.0,99.0,12.0,18.0,,,False,,https://a.espncdn.com/i/teamlogos/ncaa/500/163.png,https://a.espncdn.com/i/teamlogos/ncaa/500/2057.png,,PRIN,BEL,000000,182142,2025-12-06,12.0,1.0,No Upset,Unranked Matchup,Comfortable (11-20),Comfortable,11-20,3.0,Unranked,Other,2,2.0,0.0,8.0,16.0,12.0,4.0,0.0,0.0,0.0,1.0,0.0,0.0,19,25,6,#19 – #25,None,,,,,,,,10.0,8.8,9.0,1.0,9-1,0.9,0.0,0.0,0-0,,4.0,1.0,4-1,0.8,3.0,0.0,3-0,1.0,0.0,1.0,0-1,0.0,0.0,,Belmont vs Princeton,0.0
2026,Princeton,Ivy,12/8,5,,26,26.0,0.0,Unranked,0,0,Surging,1,0,1,0.0,2026-02-10,2,401813745.0,2025-12-11T00:30Z,Rutgers,Home,W,81.0,63.0,99.0,99.0,12.0,7.0,,,False,,https://a.espncdn.com/i/teamlogos/ncaa/500/163.png,https://a.espncdn.com/i/teamlogos/ncaa/500/164.png,,PRIN,RUTG,000000,ce0e2d,2025-12-11,18.0,1.0,No Upset,Unranked Matchup,Comfortable (11-20),Comfortable,11-20,3.0,Unranked,Big Ten,1,1.0,0.0,18.0,18.0,18.0,18.0,0.0,0.0,0.0,0.0,0.0,0.0,19,25,6,#19 – #25,None,,,,,,,,11.0,9.6,10.0,1.0,10-1,0.909,0.0,0.0,0-0,,4.0,1.0,4-1,0.8,4.0,0.0,4-0,1.0,0.0,1.0,0-1,0.0,0.0,,Princeton vs Rutgers,0.0
2026,Princeton,Ivy,12/15,6,25.0,25,26.0,1.0,New,1,1,Surging,1,0,1,0.0,2026-02-10,2,401824920.0,2025-12-20T18:00Z,George Mason,Away,W,71.0,69.0,25.0,99.0,12.0,3.0,,,False,,https://a.espncdn.com/i/teamlogos/ncaa/500/163.png,https://a.espncdn.com/i/teamlogos/ncaa/500/2244.png,,PRIN,GMU,000000,016600,2025-12-20,2.0,1.0,No Upset,Ranked vs Unranked,Nail-Biter (≤5),Nail-Biter,≤5,1.0,Unranked,Other,1,1.0,0.0,2.0,2.0,2.0,2.0,0.0,0.0,0.0,1.0,0.0,0.0,19,25,6,#19 – #25,Entered,Rutgers,W,81.0,63.0,2025-12-11,18.0,Home,12.0,9.0,11.0,1.0,11-1,0.917,0.0,0.0,0-0,,5.0,1.0,5-1,0.833,4.0,0.0,4-0,1.0,0.0,1.0,0-1,0.0,1.0,,George Mason vs Princeton,-1.0
2026,Princeton,Ivy,12/22,7,25.0,25,25.0,0.0,Stable,2,2,Surging,1,0,1,0.0,2026-02-10,2,401825081.0,2025-12-22T16:30Z,Temple,Home,W,87.0,77.0,25.0,99.0,12.0,62.0,,,False,,https://a.espncdn.com/i/teamlogos/ncaa/500/163.png,https://a.espncdn.com/i/teamlogos/ncaa/500/218.png,,PRIN,TEM,000000,a41e35,2025-12-22,10.0,1.0,No Upset,Ranked vs Unranked,Close (6-10),Close,6-10,2.0,Unranked,Other,2,2.0,0.0,8.0,16.0,10.0,6.0,0.0,0.0,0.0,0.0,0.0,1.0,19,25,6,#19 – #25,None,,,,,,,,13.0,9.1,12.0,1.0,12-1,0.923,0.0,0.0,0-0,,5.0,1.0,5-1,0.833,5.0,0.0,5-0,1.0,0.0,1.0,0-1,0.0,1.0,,Princeton vs Temple,-1.0
2026,Princeton,Ivy,12/22,7,25.0,25,25.0,0.0,Stable,2,2,Surging,1,0,1,0.0,2026-02-10,2,401825809.0,2026-01-03T19:00Z,Pennsylvania,Away,W,74.0,68.0,25.0,99.0,12.0,12.0,,,True,,https://a.espncdn.com/i/teamlogos/ncaa/500/163.png,https://a.espncdn.com/i/teamlogos/ncaa/500/219.png,Ivy,PRIN,PENN,000000,082A74,2026-01-03,6.0,1.0,No Upset,Ranked vs Unranked,Close (6-10),Close,6-10,2.0,Unranked,Other,2,2.0,0.0,8.0,16.0,10.0,6.0,0.0,0.0,0.0,0.0,0.0,1.0,19,25,6,#19 – #25,None,,,,,,,,14.0,8.9,13.0,1.0,13-1,0.929,1.0,0.0,1-0,1.0,6.0,1.0,6-1,0.857,5.0,0.0,5-0,1.0,0.0,1.0,0-1,0.0,1.0,,Pennsylvania vs Princeton,-1.0
2026,Princeton,Ivy,1/5,8,24.0,24,25.0,1.0,Rising,3,3,Surging,1,0,1,0.0,2026-02-10,2,401824104.0,2026-01-10T19:00Z,Yale,Away,W,76.0,50.0,24.0,99.0,12.0,12.0,,,True,,https://a.espncdn.com/i/teamlogos/ncaa/500/163.png,https://a.espncdn.com/i/teamlogos/ncaa/500/43.png,Ivy,PRIN,YALE,000000,004a81,2026-01-10,26.0,1.0,No Upset,Ranked vs Unranked,Blowout (20+),Blowout,20+,4.0,Unranked,Other,1,1.0,0.0,26.0,26.0,26.0,26.0,0.0,0.0,0.0,0.0,1.0,1.0,19,25,6,#19 – #25,None,,,,,,,,15.0,10.0,14.0,1.0,14-1,0.933,2.0,0.0,2-0,1.0,7.0,1.0,7-1,0.875,5.0,0.0,5-0,1.0,0.0,1.0,0-1,0.0,2.0,,Princeton vs Yale,-2.0
2026,Princeton,Ivy,1/12,9,22.0,22,24.0,2.0,Rising,4,4,Surging,1,0,1,0.0,2026-02-10,2,401827934.0,2026-01-17T19:00Z,Dartmouth,Home,W,69.0,41.0,22.0,99.0,12.0,12.0,,,True,,https://a.espncdn.com/i/teamlogos/ncaa/500/163.png,https://a.espncdn.com/i/teamlogos/ncaa/500/159.png,Ivy,PRIN,DART,000000,005730,2026-01-17,28.0,1.0,No Upset,Ranked vs Unranked,Blowout (20+),Blowout,20+,4.0,Unranked,Other,1,1.0,0.0,28.0,28.0,28.0,28.0,0.0,0.0,0.0,0.0,1.0,1.0,19,25,6,#19 – #25,None,,,,,,,,16.0,11.1,15.0,1.0,15-1,0.938,3.0,0.0,3-0,1.0,7.0,1.0,7-1,0.875,6.0,0.0,6-0,1.0,0.0,1.0,0-1,0.0,4.0,,Dartmouth vs Princeton,-4.0
2026,Princeton,Ivy,1/19,10,20.0,20,22.0,2.0,Rising,5,5,Surging,1,0,1,0.0,2026-02-10,2,401824081.0,2026-01-19T19:00Z,Harvard,Home,W,82.0,79.0,20.0,99.0,12.0,12.0,,,True,,https://a.espncdn.com/i/teamlogos/ncaa/500/163.png,https://a.espncdn.com/i/teamlogos/ncaa/500/108.png,Ivy,PRIN,HARV,000000,990000,2026-01-19,3.0,1.0,No Upset,Ranked vs Unranked,Nail-Biter (≤5),Nail-Biter,≤5,1.0,Unranked,Other,2,2.0,0.0,6.0,12.0,9.0,3.0,0.0,0.0,0.0,1.0,0.0,2.0,19,25,6,#19 – #25,None,,,,,,,,17.0,10.6,16.0,1.0,16-1,0.941,4.0,0.0,4-0,1.0,7.0,1.0,7-1,0.875,7.0,0.0,7-0,1.0,0.0,1.0,0-1,0.0,6.0,,Harvard vs Princeton,-6.0
2026,Princeton,Ivy,1/19,10,20.0,20,22.0,2.0,Rising,5,5,Surging,1,0,1,0.0,2026-02-10,2,401823141.0,2026-01-24T17:00Z,Brown,Away,W,58.0,49.0,20.0,99.0,12.0,12.0,,,True,,https://a.espncdn.com/i/teamlogos/ncaa/500/163.png,https://a.espncdn.com/i/teamlogos/ncaa/500/225.png,Ivy,PRIN,BRWN,000000,411e09,2026-01-24,9.0,1.0,No Upset,Ranked vs Unranked,Close (6-10),Close,6-10,2.0,Unranked,Other,2,2.0,0.0,6.0,12.0,9.0,3.0,0.0,0.0,0.0,1.0,0.0,2.0,19,25,6,#19 – #25,None,,,,,,,,18.0,10.6,17.0,1.0,17-1,0.944,5.0,0.0,5-0,1.0,8.0,1.0,8-1,0.889,7.0,0.0,7-0,1.0,0.0,1.0,0-1,0.0,6.0,,Brown vs Princeton,-6.0
2026,Princeton,Ivy,1/26,11,19.0,19,20.0,1.0,Rising,6,6,Surging,1,0,1,0.0,2026-02-10,2,401823205.0,2026-01-30T23:00Z,Columbia,Home,L,67.0,73.0,19.0,99.0,12.0,12.0,,,True,,https://a.espncdn.com/i/teamlogos/ncaa/500/163.png,https://a.espncdn.com/i/teamlogos/ncaa/500/171.png,Ivy,PRIN,COLU,000000,7ba4db,2026-01-30,-6.0,0.0,Upset Loss,Ranked vs Unranked,Close (6-10),Close,6-10,2.0,Unranked,Other,2,1.0,1.0,2.5,5.0,11.0,-6.0,1.0,0.0,0.0,0.0,0.0,2.0,19,25,6,#19 – #25,None,,,,,,,,19.0,9.7,17.0,2.0,17-2,0.895,5.0,1.0,5-1,0.833,8.0,1.0,8-1,0.889,7.0,1.0,7-1,0.875,0.0,1.0,0-1,0.0,7.0,#19 Princeton lost to Unranked Columbia,Columbia vs Princeton,-7.0
2026,Princeton,Ivy,1/26,11,19.0,19,20.0,1.0,Rising,6,6,Surging,1,0,1,0.0,2026-02-10,2,401823249.0,2026-01-31T22:00Z,Cornell,Home,W,72.0,61.0,19.0,99.0,12.0,12.0,,,True,,https://a.espncdn.com/i/teamlogos/ncaa/500/163.png,https://a.espncdn.com/i/teamlogos/ncaa/500/172.png,Ivy,PRIN,COR,000000,b31b1b,2026-01-31,11.0,1.0,No Upset,Ranked vs Unranked,Comfortable (11-20),Comfortable,11-20,3.0,Unranked,Other,2,1.0,1.0,2.5,5.0,11.0,-6.0,1.0,0.0,0.0,0.0,0.0,2.0,19,25,6,#19 – #25,None,,,,,,,,20.0,9.8,18.0,2.0,18-2,0.9,6.0,1.0,6-1,0.857,8.0,1.0,8-1,0.889,8.0,1.0,8-1,0.889,0.0,1.0,0-1,0.0,7.0,,Cornell vs Princeton,-7.0
2026,Princeton,Ivy,2/2,12,23.0,23,19.0,-4.0,Falling,7,7,Surging,1,0,1,0.0,2026-02-10,2,401825811.0,2026-02-07T00:00Z,Pennsylvania,Home,W,69.0,50.0,23.0,99.0,12.0,12.0,,,True,,https://a.espncdn.com/i/teamlogos/ncaa/500/163.png,https://a.espncdn.com/i/teamlogos/ncaa/500/219.png,Ivy,PRIN,PENN,000000,082A74,2026-02-07,19.0,1.0,No Upset,Ranked vs Unranked,Comfortable (11-20),Comfortable,11-20,3.0,Unranked,Other,1,1.0,0.0,19.0,19.0,19.0,19.0,0.0,0.0,0.0,0.0,0.0,1.0,19,25,6,#19 – #25,None,,,,,,,,21.0,10.2,19.0,2.0,19-2,0.905,7.0,1.0,7-1,0.875,8.0,1.0,8-1,0.889,9.0,1.0,9-1,0.9,0.0,1.0,0-1,0.0,3.0,,Pennsylvania vs Princeton,-3.0
2026,Princeton,Ivy,2/9,13,24.0,24,23.0,-1.0,Falling,8,8,Surging,1,0,1,0.0,2026-02-10,2,,,,,,,,,,,,,,,,,,,,,,,,,,,,,,,,,,0,,,,,,,,,,,,,19,25,6,#19 – #25,None,,,,,,,,,,,,,,,,,,,,,,,,,,,,,,,,,
2026,Richmond,A-10,Pre,0,24.0,24,,,Unknown,1,1,Unranked,2,0,2,0.0,2026-02-10,2,401813906.0,2025-11-04T23:00Z,Mount St. Mary's,Home,W,83.0,49.0,24.0,99.0,3.0,13.0,,,False,,https://a.espncdn.com/i/teamlogos/ncaa/500/257.png,https://a.espncdn.com/i/teamlogos/ncaa/500/116.png,,RICH,MSM,9e0712,005596,2025-11-04,34.0,1.0,No Upset,Ranked vs Unranked,Blowout (20+),Blowout,20+,4.0,Unranked,Other,2,1.0,1.0,2.5,5.0,34.0,-29.0,0.0,0.0,1.0,0.0,2.0,0.0,24,24,0,#24 – #24,None,,,,,,,,1.0,34.0,1.0,0.0,1-0,1.0,0.0,0.0,0-0,,0.0,0.0,0-0,,1.0,0.0,1-0,1.0,0.0,0.0,0-0,,2.0,,Mount St. Mary's vs Richmond,-2.0
2026,Richmond,A-10,Pre,0,24.0,24,,,Unknown,1,1,Unranked,2,0,2,0.0,2026-02-10,2,401818596.0,2025-11-08T01:00Z,Texas,Away,L,56.0,85.0,24.0,4.0,3.0,23.0,,,False,,https://a.espncdn.com/i/teamlogos/ncaa/500/257.png,https://a.espncdn.com/i/teamlogos/ncaa/500/251.png,,RICH,TEX,9e0712,af5c37,2025-11-08,-29.0,0.0,No Upset,Top 25 Matchup,Blowout (20+),Blowout,20+,4.0,Top 5,SEC,2,1.0,1.0,2.5,5.0,34.0,-29.0,0.0,0.0,1.0,0.0,2.0,0.0,24,24,0,#24 – #24,None,,,,,,,,2.0,2.5,1.0,1.0,1-1,0.5,0.0,0.0,0-0,,0.0,1.0,0-1,0.0,1.0,0.0,1-0,1.0,0.0,1.0,0-1,0.0,20.0,,Richmond vs Texas,20.0
2026,Richmond,A-10,11/10,1,,26,24.0,-2.0,Dropped,1,0,Unranked,2,0,2,0.0,2026-02-10,2,401820309.0,2025-11-13T00:00Z,William & Mary,Away,W,84.0,58.0,99.0,99.0,3.0,10.0,,,False,,https://a.espncdn.com/i/teamlogos/ncaa/500/257.png,https://a.espncdn.com/i/teamlogos/ncaa/500/2729.png,,RICH,W&M,9e0712,115740,2025-11-13,26.0,1.0,No Upset,Unranked Matchup,Blowout (20+),Blowout,20+,4.0,Unranked,Other,2,2.0,0.0,18.0,36.0,26.0,10.0,0.0,0.0,0.0,0.0,1.0,0.0,24,24,0,#24 – #24,Exited,Texas,L,56.0,85.0,2025-11-08,-29.0,Away,3.0,10.3,2.0,1.0,2-1,0.667,0.0,0.0,0-0,,1.0,1.0,1-1,0.5,1.0,0.0,1-0,1.0,0.0,1.0,0-1,0.0,0.0,,Richmond vs William & Mary,0.0
2026,Richmond,A-10,11/10,1,,26,24.0,-2.0,Dropped,1,0,Unranked,2,0,2,0.0,2026-02-10,2,401823194.0,2025-11-16T00:00Z,Columbia,Away,W,77.0,67.0,99.0,99.0,3.0,12.0,,,False,,https://a.espncdn.com/i/teamlogos/ncaa/500/257.png,https://a.espncdn.com/i/teamlogos/ncaa/500/171.png,,RICH,COLU,9e0712,7ba4db,2025-11-16,10.0,1.0,No Upset,Unranked Matchup,Close (6-10),Close,6-10,2.0,Unranked,Other,2,2.0,0.0,18.0,36.0,26.0,10.0,0.0,0.0,0.0,0.0,1.0,0.0,24,24,0,#24 – #24,Exited,Texas,L,56.0,85.0,2025-11-08,-29.0,Away,4.0,10.2,3.0,1.0,3-1,0.75,0.0,0.0,0-0,,2.0,1.0,2-1,0.667,1.0,0.0,1-0,1.0,0.0,1.0,0-1,0.0,0.0,,Columbia vs Richmond,0.0
2026,Richmond,A-10,11/17,2,,26,26.0,0.0,Unranked,1,0,Unranked,2,0,2,0.0,2026-02-10,2,401824156.0,2025-11-18T23:00Z,Temple,Home,W,72.0,57.0,99.0,99.0,3.0,62.0,,,False,,https://a.espncdn.com/i/teamlogos/ncaa/500/257.png,https://a.espncdn.com/i/teamlogos/ncaa/500/218.png,,RICH,TEM,9e0712,a41e35,2025-11-18,15.0,1.0,No Upset,Unranked Matchup,Comfortable (11-20),Comfortable,11-20,3.0,Unranked,Other,2,2.0,0.0,14.0,28.0,15.0,13.0,0.0,0.0,0.0,0.0,0.0,0.0,24,24,0,#24 – #24,None,,,,,,,,5.0,11.2,4.0,1.0,4-1,0.8,0.0,0.0,0-0,,2.0,1.0,2-1,0.667,2.0,0.0,2-0,1.0,0.0,1.0,0-1,0.0,0.0,,Richmond vs Temple,0.0
2026,Richmond,A-10,11/17,2,,26,26.0,0.0,Unranked,1,0,Unranked,2,0,2,0.0,2026-02-10,2,401823060.0,2025-11-23T19:00Z,Navy,Home,W,69.0,56.0,99.0,99.0,3.0,22.0,,,False,,https://a.espncdn.com/i/teamlogos/ncaa/500/257.png,https://a.espncdn.com/i/teamlogos/ncaa/500/2426.png,,RICH,NAVY,9e0712,00225b,2025-11-23,13.0,1.0,No Upset,Unranked Matchup,Comfortable (11-20),Comfortable,11-20,3.0,Unranked,Other,2,2.0,0.0,14.0,28.0,15.0,13.0,0.0,0.0,0.0,0.0,0.0,0.0,24,24,0,#24 – #24,None,,,,,,,,6.0,11.5,5.0,1.0,5-1,0.833,0.0,0.0,0-0,,2.0,1.0,2-1,0.667,3.0,0.0,3-0,1.0,0.0,1.0,0-1,0.0,0.0,,Navy vs Richmond,0.0
2026,Richmond,A-10,11/24,3,,26,26.0,0.0,Unranked,1,0,Unranked,2,0,2,0.0,2026-02-10,2,401817828.0,2025-11-28T02:00Z,TCU,Neutral,L,52.0,68.0,99.0,8.0,3.0,8.0,,,False,Cancun Challenge - Yucatan Division,https://a.espncdn.com/i/teamlogos/ncaa/500/257.png,https://a.espncdn.com/i/teamlogos/ncaa/500/2628.png,,RICH,TCU,9e0712,4d1979,2025-11-28,-16.0,0.0,No Upset,Ranked vs Unranked,Comfortable (11-20),Comfortable,11-20,3.0,Top 10,Big East,2,1.0,1.0,0.5,1.0,17.0,-16.0,0.0,0.0,0.0,0.0,0.0,0.0,24,24,0,#24 – #24,None,,,,,,,,7.0,7.6,5.0,2.0,5-2,0.714,0.0,0.0,0-0,,2.0,1.0,2-1,0.667,3.0,0.0,3-0,1.0,0.0,2.0,0-2,0.0,18.0,,Richmond vs TCU,18.0
2026,Richmond,A-10,11/24,3,,26,26.0,0.0,Unranked,1,0,Unranked,2,0,2,0.0,2026-02-10,2,401817833.0,2025-11-29T02:00Z,Green Bay,Neutral,W,76.0,59.0,99.0,99.0,3.0,45.0,,,False,Cancun Challenge - Yucatan Division,https://a.espncdn.com/i/teamlogos/ncaa/500/257.png,https://a.espncdn.com/i/teamlogos/ncaa/500/2739.png,,RICH,GB,9e0712,006633,2025-11-29,17.0,1.0,No Upset,Unranked Matchup,Comfortable (11-20),Comfortable,11-20,3.0,Unranked,Other,2,1.0,1.0,0.5,1.0,17.0,-16.0,0.0,0.0,0.0,0.0,0.0,0.0,24,24,0,#24 – #24,None,,,,,,,,8.0,8.8,6.0,2.0,6-2,0.75,0.0,0.0,0-0,,2.0,1.0,2-1,0.667,3.0,0.0,3-0,1.0,0.0,2.0,0-2,0.0,0.0,,Green Bay vs Richmond,0.0
2026,Richmond,A-10,12/1,4,,26,26.0,0.0,Unranked,1,0,Unranked,2,0,2,0.0,2026-02-10,2,401829020.0,2025-12-03T23:00Z,Loyola Chicago,Home,W,69.0,46.0,99.0,99.0,3.0,3.0,,,True,,https://a.espncdn.com/i/teamlogos/ncaa/500/257.png,https://a.espncdn.com/i/teamlogos/ncaa/500/2350.png,A-10,RICH,LUC,9e0712,9d1244,2025-12-03,23.0,1.0,No Upset,Unranked Matchup,Blowout (20+),Blowout,20+,4.0,Unranked,Other,2,1.0,1.0,1.5,3.0,23.0,-20.0,0.0,0.0,0.0,0.0,1.0,1.0,24,24,0,#24 – #24,None,,,,,,,,9.0,10.3,7.0,2.0,7-2,0.778,1.0,0.0,1-0,1.0,2.0,1.0,2-1,0.667,4.0,0.0,4-0,1.0,0.0,2.0,0-2,0.0,0.0,,Loyola Chicago vs Richmond,0.0
2026,Richmond,A-10,12/1,4,,26,26.0,0.0,Unranked,1,0,Unranked,2,0,2,0.0,2026-02-10,2,401819761.0,2025-12-07T19:00Z,Fairfield,Home,L,73.0,93.0,99.0,99.0,3.0,13.0,,,False,,https://a.espncdn.com/i/teamlogos/ncaa/500/257.png,https://a.espncdn.com/i/teamlogos/ncaa/500/2217.png,,RICH,FAIR,9e0712,000000,2025-12-07,-20.0,0.0,No Upset,Unranked Matchup,Comfortable (11-20),Comfortable,11-20,3.0,Unranked,Other,2,1.0,1.0,1.5,3.0,23.0,-20.0,0.0,0.0,0.0,0.0,1.0,1.0,24,24,0,#24 – #24,None,,,,,,,,10.0,7.3,7.0,3.0,7-3,0.7,1.0,0.0,1-0,1.0,2.0,1.0,2-1,0.667,4.0,1.0,4-1,0.8,0.0,2.0,0-2,0.0,0.0,,Fairfield vs Richmond,0.0
2026,Richmond,A-10,12/8,5,,26,26.0,0.0,Unranked,1,0,Unranked,2,0,2,0.0,2026-02-10,2,401824157.0,2025-12-13T19:00Z,Liberty,Away,W,76.0,61.0,99.0,99.0,3.0,11.0,,,False,,https://a.espncdn.com/i/teamlogos/ncaa/500/257.png,https://a.espncdn.com/i/teamlogos/ncaa/500/2335.png,,RICH,LIB,9e0712,0a254e,2025-12-13,15.0,1.0,No Upset,Unranked Matchup,Comfortable (11-20),Comfortable,11-20,3.0,Unranked,Other,1,1.0,0.0,15.0,15.0,15.0,15.0,0.0,0.0,0.0,0.0,0.0,0.0,24,24,0,#24 – #24,None,,,,,,,,11.0,8.0,8.0,3.0,8-3,0.727,1.0,0.0,1-0,1.0,3.0,1.0,3-1,0.75,4.0,1.0,4-1,0.8,0.0,2.0,0-2,0.0,0.0,,Liberty vs Richmond,0.0
2026,Richmond,A-10,12/15,6,,26,26.0,0.0,Unranked,1,0,Unranked,2,0,2,0.0,2026-02-10,2,401824158.0,2025-12-16T16:00Z,Bethune-Cookman,Home,W,81.0,45.0,99.0,99.0,3.0,26.0,,,False,,https://a.espncdn.com/i/teamlogos/ncaa/500/257.png,https://a.espncdn.com/i/teamlogos/ncaa/500/2065.png,,RICH,BCU,9e0712,7b1831,2025-12-16,36.0,1.0,No Upset,Unranked Matchup,Blowout (20+),Blowout,20+,4.0,Unranked,Other,3,3.0,0.0,22.0,66.0,36.0,14.0,0.0,0.0,0.0,0.0,1.0,0.0,24,24,0,#24 – #24,None,,,,,,,,12.0,10.3,9.0,3.0,9-3,0.75,1.0,0.0,1-0,1.0,3.0,1.0,3-1,0.75,5.0,1.0,5-1,0.833,0.0,2.0,0-2,0.0,0.0,,Bethune-Cookman vs Richmond,0.0
2026,Richmond,A-10,12/15,6,,26,26.0,0.0,Unranked,1,0,Unranked,2,0,2,0.0,2026-02-10,2,401824159.0,2025-12-20T18:00Z,Alabama A&M,Neutral,W,72.0,58.0,99.0,99.0,3.0,26.0,,,False,4 Tha Culture Holiday Classic,https://a.espncdn.com/i/teamlogos/ncaa/500/257.png,https://a.espncdn.com/i/teamlogos/ncaa/500/2010.png,,RICH,AAMU,9e0712,790000,2025-12-20,14.0,1.0,No Upset,Unranked Matchup,Comfortable (11-20),Comfortable,11-20,3.0,Unranked,Other,3,3.0,0.0,22.0,66.0,36.0,14.0,0.0,0.0,0.0,0.0,1.0,0.0,24,24,0,#24 – #24,None,,,,,,,,13.0,10.6,10.0,3.0,10-3,0.769,1.0,0.0,1-0,1.0,3.0,1.0,3-1,0.75,5.0,1.0,5-1,0.833,0.0,2.0,0-2,0.0,0.0,,Alabama A&M vs Richmond,0.0
2026,Richmond,A-10,12/15,6,,26,26.0,0.0,Unranked,1,0,Unranked,2,0,2,0.0,2026-02-10,2,401824160.0,2025-12-21T19:30Z,Penn State,Neutral,W,70.0,54.0,99.0,99.0,3.0,7.0,,,False,4 Tha Culture Holiday Classic,https://a.espncdn.com/i/teamlogos/ncaa/500/257.png,https://a.espncdn.com/i/teamlogos/ncaa/500/213.png,,RICH,PSU,9e0712,061440,2025-12-21,16.0,1.0,No Upset,Unranked Matchup,Comfortable (11-20),Comfortable,11-20,3.0,Unranked,Big Ten,3,3.0,0.0,22.0,66.0,36.0,14.0,0.0,0.0,0.0,0.0,1.0,0.0,24,24,0,#24 – #24,None,,,,,,,,14.0,11.0,11.0,3.0,11-3,0.786,1.0,0.0,1-0,1.0,3.0,1.0,3-1,0.75,5.0,1.0,5-1,0.833,0.0,2.0,0-2,0.0,0.0,,Penn State vs Richmond,0.0
2026,Richmond,A-10,12/22,7,,26,26.0,0.0,Unranked,1,0,Unranked,2,0,2,0.0,2026-02-10,2,401829029.0,2025-12-30T23:00Z,Rhode Island,Away,L,61.0,73.0,99.0,99.0,3.0,3.0,,,True,,https://a.espncdn.com/i/teamlogos/ncaa/500/257.png,https://a.espncdn.com/i/teamlogos/ncaa/500/227.png,A-10,RICH,URI,9e0712,091f3f,2025-12-30,-12.0,0.0,No Upset,Unranked Matchup,Comfortable (11-20),Comfortable,11-20,3.0,Unranked,Other,2,1.0,1.0,4.0,8.0,20.0,-12.0,0.0,0.0,0.0,0.0,0.0,2.0,24,24,0,#24 – #24,None,,,,,,,,15.0,9.5,11.0,4.0,11-4,0.733,1.0,1.0,1-1,0.5,3.0,2.0,3-2,0.6,5.0,1.0,5-1,0.833,0.0,2.0,0-2,0.0,0.0,,Rhode Island vs Richmond,0.0
2026,Richmond,A-10,12/22,7,,26,26.0,0.0,Unranked,1,0,Unranked,2,0,2,0.0,2026-02-10,2,401829055.0,2026-01-03T20:00Z,St. Bonaventure,Away,W,80.0,60.0,99.0,99.0,3.0,3.0,,,True,,https://a.espncdn.com/i/teamlogos/ncaa/500/257.png,https://a.espncdn.com/i/teamlogos/ncaa/500/179.png,A-10,RICH,SBU,9e0712,70261D,2026-01-03,20.0,1.0,No Upset,Unranked Matchup,Comfortable (11-20),Comfortable,11-20,3.0,Unranked,Other,2,1.0,1.0,4.0,8.0,20.0,-12.0,0.0,0.0,0.0,0.0,0.0,2.0,24,24,0,#24 – #24,None,,,,,,,,16.0,10.1,12.0,4.0,12-4,0.75,2.0,1.0,2-1,0.667,4.0,2.0,4-2,0.667,5.0,1.0,5-1,0.833,0.0,2.0,0-2,0.0,0.0,,Richmond vs St. Bonaventure,0.0
2026,Richmond,A-10,1/5,8,,26,26.0,0.0,Unranked,1,0,Unranked,2,0,2,0.0,2026-02-10,2,401829058.0,2026-01-07T23:00Z,Fordham,Home,W,84.0,65.0,99.0,99.0,3.0,3.0,,,True,,https://a.espncdn.com/i/teamlogos/ncaa/500/257.png,https://a.espncdn.com/i/teamlogos/ncaa/500/2230.png,A-10,RICH,FOR,9e0712,830032,2026-01-07,19.0,1.0,No Upset,Unranked Matchup,Comfortable (11-20),Comfortable,11-20,3.0,Unranked,Other,2,2.0,0.0,13.0,26.0,19.0,7.0,0.0,0.0,0.0,0.0,0.0,2.0,24,24,0,#24 – #24,None,,,,,,,,17.0,10.6,13.0,4.0,13-4,0.765,3.0,1.0,3-1,0.75,4.0,2.0,4-2,0.667,6.0,1.0,6-1,0.857,0.0,2.0,0-2,0.0,0.0,,Fordham vs Richmond,0.0
2026,Richmond,A-10,1/5,8,,26,26.0,0.0,Unranked,1,0,Unranked,2,0,2,0.0,2026-02-10,2,401829065.0,2026-01-10T23:00Z,Davidson,Home,W,91.0,84.0,99.0,99.0,3.0,3.0,,,True,,https://a.espncdn.com/i/teamlogos/ncaa/500/257.png,https://a.espncdn.com/i/teamlogos/ncaa/500/2166.png,A-10,RICH,DAV,9e0712,000000,2026-01-10,7.0,1.0,No Upset,Unranked Matchup,Close (6-10),Close,6-10,2.0,Unranked,Other,2,2.0,0.0,13.0,26.0,19.0,7.0,0.0,0.0,0.0,0.0,0.0,2.0,24,24,0,#24 – #24,None,,,,,,,,18.0,10.4,14.0,4.0,14-4,0.778,4.0,1.0,4-1,0.8,4.0,2.0,4-2,0.667,7.0,1.0,7-1,0.875,0.0,2.0,0-2,0.0,0.0,,Davidson vs Richmond,0.0
2026,Richmond,A-10,1/12,9,,26,26.0,0.0,Unranked,1,0,Unranked,2,0,2,0.0,2026-02-10,2,401829072.0,2026-01-15T00:00Z,Dayton,Away,W,85.0,67.0,99.0,99.0,3.0,3.0,,,True,,https://a.espncdn.com/i/teamlogos/ncaa/500/257.png,https://a.espncdn.com/i/teamlogos/ncaa/500/2168.png,A-10,RICH,DAY,9e0712,004B8D,2026-01-15,18.0,1.0,No Upset,Unranked Matchup,Comfortable (11-20),Comfortable,11-20,3.0,Unranked,Other,2,2.0,0.0,24.0,48.0,30.0,18.0,0.0,0.0,0.0,0.0,1.0,2.0,24,24,0,#24 – #24,None,,,,,,,,19.0,10.8,15.0,4.0,15-4,0.789,5.0,1.0,5-1,0.833,5.0,2.0,5-2,0.714,7.0,1.0,7-1,0.875,0.0,2.0,0-2,0.0,0.0,,Dayton vs Richmond,0.0
2026,Richmond,A-10,1/12,9,,26,26.0,0.0,Unranked,1,0,Unranked,2,0,2,0.0,2026-02-10,2,401829085.0,2026-01-18T17:00Z,VCU,Home,W,77.0,47.0,99.0,99.0,3.0,3.0,,,True,,https://a.espncdn.com/i/teamlogos/ncaa/500/257.png,https://a.espncdn.com/i/teamlogos/ncaa/500/2670.png,A-10,RICH,VCU,9e0712,ffaf00,2026-01-18,30.0,1.0,No Upset,Unranked Matchup,Blowout (20+),Blowout,20+,4.0,Unranked,Other,2,2.0,0.0,24.0,48.0,30.0,18.0,0.0,0.0,0.0,0.0,1.0,2.0,24,24,0,#24 – #24,None,,,,,,,,20.0,11.8,16.0,4.0,16-4,0.8,6.0,1.0,6-1,0.857,5.0,2.0,5-2,0.714,8.0,1.0,8-1,0.889,0.0,2.0,0-2,0.0,0.0,,Richmond vs VCU,0.0
2026,Richmond,A-10,1/19,10,,26,26.0,0.0,Unranked,1,0,Unranked,2,0,2,0.0,2026-02-10,2,,,,,,,,,,,,,,,,,,,,,,,,,,,,,,,,,,0,,,,,,,,,,,,,24,24,0,#24 – #24,None,,,,,,,,,,,,,,,,,,,,,,,,,,,,,,,,,
2026,Richmond,A-10,1/26,11,,26,26.0,0.0,Unranked,1,0,Unranked,2,0,2,0.0,2026-02-10,2,401829099.0,2026-01-28T23:00Z,Duquesne,Home,W,86.0,55.0,99.0,99.0,3.0,3.0,,,True,,https://a.espncdn.com/i/teamlogos/ncaa/500/257.png,https://a.espncdn.com/i/teamlogos/ncaa/500/2184.png,A-10,RICH,DUQ,9e0712,002D62,2026-01-28,31.0,1.0,No Upset,Unranked Matchup,Blowout (20+),Blowout,20+,4.0,Unranked,Other,2,2.0,0.0,21.5,43.0,31.0,12.0,0.0,0.0,0.0,0.0,1.0,2.0,24,24,0,#24 – #24,None,,,,,,,,21.0,12.7,17.0,4.0,17-4,0.81,7.0,1.0,7-1,0.875,5.0,2.0,5-2,0.714,9.0,1.0,9-1,0.9,0.0,2.0,0-2,0.0,0.0,,Duquesne vs Richmond,0.0
2026,Richmond,A-10,1/26,11,,26,26.0,0.0,Unranked,1,0,Unranked,2,0,2,0.0,2026-02-10,2,401829111.0,2026-02-01T17:00Z,VCU,Away,W,77.0,65.0,99.0,99.0,3.0,3.0,,,True,,https://a.espncdn.com/i/teamlogos/ncaa/500/257.png,https://a.espncdn.com/i/teamlogos/ncaa/500/2670.png,A-10,RICH,VCU,9e0712,ffaf00,2026-02-01,12.0,1.0,No Upset,Unranked Matchup,Comfortable (11-20),Comfortable,11-20,3.0,Unranked,Other,2,2.0,0.0,21.5,43.0,31.0,12.0,0.0,0.0,0.0,0.0,1.0,2.0,24,24,0,#24 – #24,None,,,,,,,,22.0,12.7,18.0,4.0,18-4,0.818,8.0,1.0,8-1,0.889,6.0,2.0,6-2,0.75,9.0,1.0,9-1,0.9,0.0,2.0,0-2,0.0,0.0,,Richmond vs VCU,0.0
2026,Richmond,A-10,2/2,12,,26,26.0,0.0,Unranked,1,0,Unranked,2,0,2,0.0,2026-02-10,2,401829115.0,2026-02-05T01:00Z,Saint Louis,Away,W,92.0,44.0,99.0,99.0,3.0,3.0,,,True,,https://a.espncdn.com/i/teamlogos/ncaa/500/257.png,https://a.espncdn.com/i/teamlogos/ncaa/500/139.png,A-10,RICH,SLU,9e0712,00539C,2026-02-05,48.0,1.0,No Upset,Unranked Matchup,Blowout (20+),Blowout,20+,4.0,Unranked,Other,2,2.0,0.0,31.0,62.0,48.0,14.0,0.0,0.0,0.0,0.0,1.0,2.0,24,24,0,#24 – #24,None,,,,,,,,23.0,14.2,19.0,4.0,19-4,0.826,9.0,1.0,9-1,0.9,7.0,2.0,7-2,0.778,9.0,1.0,9-1,0.9,0.0,2.0,0-2,0.0,0.0,,Richmond vs Saint Louis,0.0
2026,Richmond,A-10,2/2,12,,26,26.0,0.0,Unranked,1,0,Unranked,2,0,2,0.0,2026-02-10,2,401829120.0,2026-02-07T23:00Z,George Mason,Home,W,71.0,57.0,99.0,99.0,3.0,3.0,,,True,,https://a.espncdn.com/i/teamlogos/ncaa/500/257.png,https://a.espncdn.com/i/teamlogos/ncaa/500/2244.png,A-10,RICH,GMU,9e0712,016600,2026-02-07,14.0,1.0,No Upset,Unranked Matchup,Comfortable (11-20),Comfortable,11-20,3.0,Unranked,Other,2,2.0,0.0,31.0,62.0,48.0,14.0,0.0,0.0,0.0,0.0,1.0,2.0,24,24,0,#24 – #24,None,,,,,,,,24.0,14.2,20.0,4.0,20-4,0.833,10.0,1.0,10-1,0.909,7.0,2.0,7-2,0.778,10.0,1.0,10-1,0.909,0.0,2.0,0-2,0.0,0.0,,George Mason vs Richmond,0.0
2026,Richmond,A-10,2/9,13,,26,26.0,0.0,Unranked,1,0,Unranked,2,0,2,0.0,2026-02-10,2,,,,,,,,,,,,,,,,,,,,,,,,,,,,,,,,,,0,,,,,,,,,,,,,24,24,0,#24 – #24,None,,,,,,,,,,,,,,,,,,,,,,,,,,,,,,,,,
2026,South Carolina,SEC,Pre,0,2.0,2,,,Unknown,1,1,Elite Lock,7,5,2,0.714,2026-02-10,2,401811123.0,2025-11-04T00:00Z,Grand Canyon,Home,W,94.0,54.0,2.0,99.0,23.0,44.0,,,False,,https://a.espncdn.com/i/teamlogos/ncaa/500/2579.png,https://a.espncdn.com/i/teamlogos/ncaa/500/2253.png,,SC,GCU,73000a,522398,2025-11-04,40.0,1.0,No Upset,Ranked vs Unranked,Blowout (20+),Blowout,20+,4.0,Unranked,Other,2,2.0,0.0,53.5,107.0,67.0,40.0,0.0,0.0,0.0,0.0,2.0,0.0,2,3,1,#2 – #3,None,,,,,,,,1.0,40.0,1.0,0.0,1-0,1.0,0.0,0.0,0-0,,0.0,0.0,0-0,,1.0,0.0,1-0,1.0,0.0,0.0,0-0,,24.0,,Grand Canyon vs South Carolina,-24.0
2026,South Carolina,SEC,Pre,0,2.0,2,,,Unknown,1,1,Elite Lock,7,5,2,0.714,2026-02-10,2,401811124.0,2025-11-08T00:00Z,Bowling Green,Home,W,114.0,47.0,2.0,99.0,23.0,14.0,,,False,,https://a.espncdn.com/i/teamlogos/ncaa/500/2579.png,https://a.espncdn.com/i/teamlogos/ncaa/500/189.png,,SC,BGSU,73000a,fd5000,2025-11-08,67.0,1.0,No Upset,Ranked vs Unranked,Blowout (20+),Blowout,20+,4.0,Unranked,Other,2,2.0,0.0,53.5,107.0,67.0,40.0,0.0,0.0,0.0,0.0,2.0,0.0,2,3,1,#2 – #3,None,,,,,,,,2.0,53.5,2.0,0.0,2-0,1.0,0.0,0.0,0-0,,0.0,0.0,0-0,,2.0,0.0,2-0,1.0,0.0,0.0,0-0,,24.0,,Bowling Green vs South Carolina,-24.0
2026,South Carolina,SEC,11/10,1,2.0,2,2.0,0.0,Stable,2,2,Elite Lock,7,5,2,0.714,2026-02-10,2,401811125.0,2025-11-11T23:00Z,Clemson,Home,W,65.0,37.0,2.0,99.0,23.0,2.0,,,False,,https://a.espncdn.com/i/teamlogos/ncaa/500/2579.png,https://a.espncdn.com/i/teamlogos/ncaa/500/228.png,,SC,CLEM,73000a,f56600,2025-11-11,28.0,1.0,No Upset,Ranked vs Unranked,Blowout (20+),Blowout,20+,4.0,Unranked,ACC,2,2.0,0.0,22.5,45.0,28.0,17.0,0.0,0.0,1.0,0.0,1.0,0.0,2,3,1,#2 – #3,None,,,,,,,,3.0,45.0,3.0,0.0,3-0,1.0,0.0,0.0,0-0,,0.0,0.0,0-0,,3.0,0.0,3-0,1.0,0.0,0.0,0-0,,24.0,,Clemson vs South Carolina,-24.0
2026,South Carolina,SEC,11/10,1,2.0,2,2.0,0.0,Stable,2,2,Elite Lock,7,5,2,0.714,2026-02-10,2,401811126.0,2025-11-16T02:15Z,USC,Neutral,W,69.0,52.0,2.0,8.0,23.0,7.0,,,False,,https://a.espncdn.com/i/teamlogos/ncaa/500/2579.png,https://a.espncdn.com/i/teamlogos/ncaa/500/30.png,,SC,USC,73000a,9d2235,2025-11-16,17.0,1.0,No Upset,Top 25 Matchup,Comfortable (11-20),Comfortable,11-20,3.0,Top 10,Big Ten,2,2.0,0.0,22.5,45.0,28.0,17.0,0.0,0.0,1.0,0.0,1.0,0.0,2,3,1,#2 – #3,None,,,,,,,,4.0,38.0,4.0,0.0,4-0,1.0,0.0,0.0,0-0,,0.0,0.0,0-0,,3.0,0.0,3-0,1.0,1.0,0.0,1-0,1.0,6.0,,South Carolina vs USC,-6.0
2026,South Carolina,SEC,11/17,2,2.0,2,2.0,0.0,Stable,3,3,Elite Lock,7,5,2,0.714,2026-02-10,2,401811127.0,2025-11-20T00:00Z,Winthrop,Home,W,106.0,56.0,2.0,99.0,23.0,6.0,,,False,,https://a.espncdn.com/i/teamlogos/ncaa/500/2579.png,https://a.espncdn.com/i/teamlogos/ncaa/500/2737.png,,SC,WIN,73000a,9e0b0e,2025-11-20,50.0,1.0,No Upset,Ranked vs Unranked,Blowout (20+),Blowout,20+,4.0,Unranked,Other,2,2.0,0.0,61.0,122.0,72.0,50.0,0.0,0.0,0.0,0.0,2.0,0.0,2,3,1,#2 – #3,None,,,,,,,,5.0,40.4,5.0,0.0,5-0,1.0,0.0,0.0,0-0,,0.0,0.0,0-0,,4.0,0.0,4-0,1.0,1.0,0.0,1-0,1.0,24.0,,South Carolina vs Winthrop,-24.0
2026,South Carolina,SEC,11/17,2,2.0,2,2.0,0.0,Stable,3,3,Elite Lock,7,5,2,0.714,2026-02-10,2,401811128.0,2025-11-23T19:00Z,Queens University,Home,W,121.0,49.0,2.0,99.0,23.0,46.0,,,False,,https://a.espncdn.com/i/teamlogos/ncaa/500/2579.png,https://a.espncdn.com/i/teamlogos/ncaa/500/2511.png,,SC,QUC,73000a,000000,2025-11-23,72.0,1.0,No Upset,Ranked vs Unranked,Blowout (20+),Blowout,20+,4.0,Unranked,A-10,2,2.0,0.0,61.0,122.0,72.0,50.0,0.0,0.0,0.0,0.0,2.0,0.0,2,3,1,#2 – #3,None,,,,,,,,6.0,45.7,6.0,0.0,6-0,1.0,0.0,0.0,0-0,,0.0,0.0,0-0,,5.0,0.0,5-0,1.0,1.0,0.0,1-0,1.0,24.0,,Queens University vs South Carolina,-24.0
2026,South Carolina,SEC,11/24,3,2.0,2,2.0,0.0,Stable,4,4,Elite Lock,7,5,2,0.714,2026-02-10,2,401811129.0,2025-11-26T21:30Z,Duke,Neutral,W,83.0,66.0,2.0,99.0,23.0,2.0,,,False,Players Era Championship,https://a.espncdn.com/i/teamlogos/ncaa/500/2579.png,https://a.espncdn.com/i/teamlogos/ncaa/500/150.png,,SC,DUKE,73000a,00539b,2025-11-26,17.0,1.0,No Upset,Ranked vs Unranked,Comfortable (11-20),Comfortable,11-20,3.0,Unranked,ACC,2,1.0,1.0,7.5,15.0,17.0,-2.0,0.0,0.0,1.0,1.0,0.0,1.0,2,3,1,#2 – #3,None,,,,,,,,7.0,41.6,7.0,0.0,7-0,1.0,0.0,0.0,0-0,,0.0,0.0,0-0,,5.0,0.0,5-0,1.0,1.0,0.0,1-0,1.0,24.0,,Duke vs South Carolina,-24.0
2026,South Carolina,SEC,11/24,3,2.0,2,2.0,0.0,Stable,4,4,Elite Lock,7,5,2,0.714,2026-02-10,2,401831263.0,2025-11-28T01:00Z,Texas,Neutral,L,64.0,66.0,2.0,4.0,23.0,23.0,,,True,Players Era Championship - Championship,https://a.espncdn.com/i/teamlogos/ncaa/500/2579.png,https://a.espncdn.com/i/teamlogos/ncaa/500/251.png,SEC,SC,TEX,73000a,af5c37,2025-11-28,-2.0,0.0,No Upset,Top 25 Matchup,Nail-Biter (≤5),Nail-Biter,≤5,1.0,Top 5,SEC,2,1.0,1.0,7.5,15.0,17.0,-2.0,0.0,0.0,1.0,1.0,0.0,1.0,2,3,1,#2 – #3,None,,,,,,,,8.0,36.1,7.0,1.0,7-1,0.875,0.0,1.0,0-1,0.0,0.0,0.0,0-0,,5.0,0.0,5-0,1.0,1.0,1.0,1-1,0.5,2.0,,South Carolina vs Texas,-2.0
2026,South Carolina,SEC,12/1,4,3.0,3,2.0,-1.0,Falling,5,5,Elite Lock,7,5,2,0.714,2026-02-10,2,401806388.0,2025-12-05T00:00Z,Louisville,Away,W,79.0,77.0,3.0,22.0,23.0,2.0,,,False,ACC/SEC Women's Challenge,https://a.espncdn.com/i/teamlogos/ncaa/500/2579.png,https://a.espncdn.com/i/teamlogos/ncaa/500/97.png,,SC,LOU,73000a,c9001f,2025-12-05,2.0,1.0,No Upset,Top 25 Matchup,Nail-Biter (≤5),Nail-Biter,≤5,1.0,Top 25,ACC,2,2.0,0.0,33.0,66.0,64.0,2.0,0.0,0.0,1.0,1.0,1.0,0.0,2,3,1,#2 – #3,None,,,,,,,,9.0,32.3,8.0,1.0,8-1,0.889,0.0,1.0,0-1,0.0,1.0,0.0,1-0,1.0,5.0,0.0,5-0,1.0,2.0,1.0,2-1,0.667,19.0,,Louisville vs South Carolina,-19.0
2026,South Carolina,SEC,12/1,4,3.0,3,2.0,-1.0,Falling,5,5,Elite Lock,7,5,2,0.714,2026-02-10,2,401811130.0,2025-12-07T17:00Z,North Carolina Central,Home,W,106.0,42.0,3.0,99.0,23.0,16.0,,,False,,https://a.espncdn.com/i/teamlogos/ncaa/500/2579.png,https://a.espncdn.com/i/teamlogos/ncaa/500/2428.png,,SC,NCCU,73000a,880023,2025-12-07,64.0,1.0,No Upset,Ranked vs Unranked,Blowout (20+),Blowout,20+,4.0,Unranked,Other,2,2.0,0.0,33.0,66.0,64.0,2.0,0.0,0.0,1.0,1.0,1.0,0.0,2,3,1,#2 – #3,None,,,,,,,,10.0,35.5,9.0,1.0,9-1,0.9,0.0,1.0,0-1,0.0,1.0,0.0,1-0,1.0,6.0,0.0,6-0,1.0,2.0,1.0,2-1,0.667,23.0,,North Carolina Central vs South Carolina,-23.0
2026,South Carolina,SEC,12/8,5,3.0,3,3.0,0.0,Stable,6,6,Elite Lock,7,5,2,0.714,2026-02-10,2,401811131.0,2025-12-14T20:30Z,Penn State,Home,W,95.0,55.0,3.0,99.0,23.0,7.0,,,False,,https://a.espncdn.com/i/teamlogos/ncaa/500/2579.png,https://a.espncdn.com/i/teamlogos/ncaa/500/213.png,,SC,PSU,73000a,061440,2025-12-14,40.0,1.0,No Upset,Ranked vs Unranked,Blowout (20+),Blowout,20+,4.0,Unranked,Big Ten,1,1.0,0.0,40.0,40.0,40.0,40.0,0.0,0.0,0.0,0.0,1.0,0.0,2,3,1,#2 – #3,None,,,,,,,,11.0,35.9,10.0,1.0,10-1,0.909,0.0,1.0,0-1,0.0,1.0,0.0,1-0,1.0,7.0,0.0,7-0,1.0,2.0,1.0,2-1,0.667,23.0,,Penn State vs South Carolina,-23.0
2026,South Carolina,SEC,12/15,6,3.0,3,3.0,0.0,Stable,7,7,Elite Lock,7,5,2,0.714,2026-02-10,2,401811132.0,2025-12-19T00:00Z,South Florida,Away,W,103.0,44.0,3.0,99.0,23.0,62.0,,,False,,https://a.espncdn.com/i/teamlogos/ncaa/500/2579.png,https://a.espncdn.com/i/teamlogos/ncaa/500/58.png,,SC,USF,73000a,006747,2025-12-19,59.0,1.0,No Upset,Ranked vs Unranked,Blowout (20+),Blowout,20+,4.0,Unranked,Other,2,2.0,0.0,60.5,121.0,62.0,59.0,0.0,0.0,0.0,0.0,2.0,0.0,2,3,1,#2 – #3,None,,,,,,,,12.0,37.8,11.0,1.0,11-1,0.917,0.0,1.0,0-1,0.0,2.0,0.0,2-0,1.0,7.0,0.0,7-0,1.0,2.0,1.0,2-1,0.667,23.0,,South Carolina vs South Florida,-23.0
2026,South Carolina,SEC,12/15,6,3.0,3,3.0,0.0,Stable,7,7,Elite Lock,7,5,2,0.714,2026-02-10,2,401811133.0,2025-12-20T19:00Z,Florida Gulf Coast,Away,W,105.0,43.0,3.0,99.0,23.0,46.0,,,False,,https://a.espncdn.com/i/teamlogos/ncaa/500/2579.png,https://a.espncdn.com/i/teamlogos/ncaa/500/526.png,,SC,FGCU,73000a,00885a,2025-12-20,62.0,1.0,No Upset,Ranked vs Unranked,Blowout (20+),Blowout,20+,4.0,Unranked,A-10,2,2.0,0.0,60.5,121.0,62.0,59.0,0.0,0.0,0.0,0.0,2.0,0.0,2,3,1,#2 – #3,None,,,,,,,,13.0,39.7,12.0,1.0,12-1,0.923,0.0,1.0,0-1,0.0,3.0,0.0,3-0,1.0,7.0,0.0,7-0,1.0,2.0,1.0,2-1,0.667,23.0,,Florida Gulf Coast vs South Carolina,-23.0
2026,South Carolina,SEC,12/22,7,3.0,3,3.0,0.0,Stable,8,8,Elite Lock,7,5,2,0.714,2026-02-10,2,401811134.0,2025-12-28T17:00Z,Providence,Home,W,96.0,55.0,3.0,99.0,23.0,4.0,,,False,,https://a.espncdn.com/i/teamlogos/ncaa/500/2579.png,https://a.espncdn.com/i/teamlogos/ncaa/500/2507.png,,SC,PROV,73000a,000000,2025-12-28,41.0,1.0,No Upset,Ranked vs Unranked,Blowout (20+),Blowout,20+,4.0,Unranked,Big 12,3,3.0,0.0,26.0,78.0,41.0,11.0,0.0,0.0,0.0,0.0,2.0,2.0,2,3,1,#2 – #3,None,,,,,,,,14.0,39.8,13.0,1.0,13-1,0.929,0.0,1.0,0-1,0.0,3.0,0.0,3-0,1.0,8.0,0.0,8-0,1.0,2.0,1.0,2-1,0.667,23.0,,Providence vs South Carolina,-23.0
2026,South Carolina,SEC,12/22,7,3.0,3,3.0,0.0,Stable,8,8,Elite Lock,7,5,2,0.714,2026-02-10,2,401807509.0,2026-01-01T19:00Z,Alabama,Home,W,83.0,57.0,3.0,99.0,23.0,23.0,,,True,,https://a.espncdn.com/i/teamlogos/ncaa/500/2579.png,https://a.espncdn.com/i/teamlogos/ncaa/500/333.png,SEC,SC,ALA,73000a,9e1b32,2026-01-01,26.0,1.0,No Upset,Ranked vs Unranked,Blowout (20+),Blowout,20+,4.0,Unranked,SEC,3,3.0,0.0,26.0,78.0,41.0,11.0,0.0,0.0,0.0,0.0,2.0,2.0,2,3,1,#2 – #3,None,,,,,,,,15.0,38.9,14.0,1.0,14-1,0.933,1.0,1.0,1-1,0.5,3.0,0.0,3-0,1.0,9.0,0.0,9-0,1.0,2.0,1.0,2-1,0.667,23.0,,Alabama vs South Carolina,-23.0
2026,South Carolina,SEC,12/22,7,3.0,3,3.0,0.0,Stable,8,8,Elite Lock,7,5,2,0.714,2026-02-10,2,401807542.0,2026-01-04T19:00Z,Florida,Away,W,74.0,63.0,3.0,99.0,23.0,23.0,,,True,,https://a.espncdn.com/i/teamlogos/ncaa/500/2579.png,https://a.espncdn.com/i/teamlogos/ncaa/500/57.png,SEC,SC,FLA,73000a,0021a5,2026-01-04,11.0,1.0,No Upset,Ranked vs Unranked,Comfortable (11-20),Comfortable,11-20,3.0,Unranked,SEC,3,3.0,0.0,26.0,78.0,41.0,11.0,0.0,0.0,0.0,0.0,2.0,2.0,2,3,1,#2 – #3,None,,,,,,,,16.0,37.1,15.0,1.0,15-1,0.938,2.0,1.0,2-1,0.667,4.0,0.0,4-0,1.0,9.0,0.0,9-0,1.0,2.0,1.0,2-1,0.667,23.0,,Florida vs South Carolina,-23.0
2026,South Carolina,SEC,1/5,8,3.0,3,3.0,0.0,Stable,9,9,Elite Lock,7,5,2,0.714,2026-02-10,2,401807551.0,2026-01-09T00:30Z,Arkansas,Away,W,93.0,58.0,3.0,99.0,23.0,23.0,,,True,,https://a.espncdn.com/i/teamlogos/ncaa/500/2579.png,https://a.espncdn.com/i/teamlogos/ncaa/500/8.png,SEC,SC,ARK,73000a,a32136,2026-01-09,35.0,1.0,No Upset,Ranked vs Unranked,Blowout (20+),Blowout,20+,4.0,Unranked,SEC,2,2.0,0.0,28.5,57.0,35.0,22.0,0.0,0.0,0.0,0.0,2.0,2.0,2,3,1,#2 – #3,None,,,,,,,,17.0,37.0,16.0,1.0,16-1,0.941,3.0,1.0,3-1,0.75,5.0,0.0,5-0,1.0,9.0,0.0,9-0,1.0,2.0,1.0,2-1,0.667,23.0,,Arkansas vs South Carolina,-23.0
2026,South Carolina,SEC,1/5,8,3.0,3,3.0,0.0,Stable,9,9,Elite Lock,7,5,2,0.714,2026-02-10,2,401807556.0,2026-01-11T19:00Z,Georgia,Home,W,65.0,43.0,3.0,99.0,23.0,23.0,,,True,We Back Pat,https://a.espncdn.com/i/teamlogos/ncaa/500/2579.png,https://a.espncdn.com/i/teamlogos/ncaa/500/61.png,SEC,SC,UGA,73000a,ba0c2f,2026-01-11,22.0,1.0,No Upset,Ranked vs Unranked,Blowout (20+),Blowout,20+,4.0,Unranked,SEC,2,2.0,0.0,28.5,57.0,35.0,22.0,0.0,0.0,0.0,0.0,2.0,2.0,2,3,1,#2 – #3,None,,,,,,,,18.0,36.2,17.0,1.0,17-1,0.944,4.0,1.0,4-1,0.8,5.0,0.0,5-0,1.0,10.0,0.0,10-0,1.0,2.0,1.0,2-1,0.667,23.0,,Georgia vs South Carolina,-23.0
2026,South Carolina,SEC,1/12,9,2.0,2,3.0,1.0,Rising,10,10,Elite Lock,7,5,2,0.714,2026-02-10,2,401807565.0,2026-01-16T00:00Z,Texas,Home,W,68.0,65.0,2.0,4.0,23.0,23.0,,,True,,https://a.espncdn.com/i/teamlogos/ncaa/500/2579.png,https://a.espncdn.com/i/teamlogos/ncaa/500/251.png,SEC,SC,TEX,73000a,af5c37,2026-01-16,3.0,1.0,No Upset,Top 25 Matchup,Nail-Biter (≤5),Nail-Biter,≤5,1.0,Top 5,SEC,2,2.0,0.0,22.5,45.0,42.0,3.0,0.0,0.0,1.0,1.0,1.0,1.0,2,3,1,#2 – #3,None,,,,,,,,19.0,34.4,18.0,1.0,18-1,0.947,5.0,1.0,5-1,0.833,5.0,0.0,5-0,1.0,11.0,0.0,11-0,1.0,3.0,1.0,3-1,0.75,2.0,,South Carolina vs Texas,-2.0
2026,South Carolina,SEC,1/12,9,2.0,2,3.0,1.0,Rising,10,10,Elite Lock,7,5,2,0.714,2026-02-10,2,401811135.0,2026-01-18T17:00Z,Coppin State,Away,W,90.0,48.0,2.0,99.0,23.0,16.0,,,False,,https://a.espncdn.com/i/teamlogos/ncaa/500/2579.png,https://a.espncdn.com/i/teamlogos/ncaa/500/2154.png,,SC,COPP,73000a,2e3192,2026-01-18,42.0,1.0,No Upset,Ranked vs Unranked,Blowout (20+),Blowout,20+,4.0,Unranked,Other,2,2.0,0.0,22.5,45.0,42.0,3.0,0.0,0.0,1.0,1.0,1.0,1.0,2,3,1,#2 – #3,None,,,,,,,,20.0,34.8,19.0,1.0,19-1,0.95,5.0,1.0,5-1,0.833,6.0,0.0,6-0,1.0,11.0,0.0,11-0,1.0,3.0,1.0,3-1,0.75,24.0,,Coppin State vs South Carolina,-24.0
2026,South Carolina,SEC,1/19,10,2.0,2,2.0,0.0,Stable,11,11,Elite Lock,7,5,2,0.714,2026-02-10,2,401807577.0,2026-01-23T00:30Z,Oklahoma,Away,L,82.0,94.0,2.0,16.0,23.0,23.0,,,True,,https://a.espncdn.com/i/teamlogos/ncaa/500/2579.png,https://a.espncdn.com/i/teamlogos/ncaa/500/201.png,SEC,SC,OU,73000a,990000,2026-01-23,-12.0,0.0,No Upset,Top 25 Matchup,Comfortable (11-20),Comfortable,11-20,3.0,Top 25,SEC,2,1.0,1.0,8.5,17.0,29.0,-12.0,0.0,0.0,2.0,0.0,1.0,2.0,2,3,1,#2 – #3,None,,,,,,,,21.0,32.6,19.0,2.0,19-2,0.905,5.0,2.0,5-2,0.714,6.0,1.0,6-1,0.857,11.0,0.0,11-0,1.0,3.0,2.0,3-2,0.6,14.0,,Oklahoma vs South Carolina,-14.0
2026,South Carolina,SEC,1/19,10,2.0,2,2.0,0.0,Stable,11,11,Elite Lock,7,5,2,0.714,2026-02-10,2,401807578.0,2026-01-25T20:00Z,Vanderbilt,Home,W,103.0,74.0,2.0,5.0,23.0,23.0,,,True,,https://a.espncdn.com/i/teamlogos/ncaa/500/2579.png,https://a.espncdn.com/i/teamlogos/ncaa/500/238.png,SEC,SC,VAN,73000a,000000,2026-01-25,29.0,1.0,No Upset,Top 25 Matchup,Blowout (20+),Blowout,20+,4.0,Top 5,SEC,2,1.0,1.0,8.5,17.0,29.0,-12.0,0.0,0.0,2.0,0.0,1.0,2.0,2,3,1,#2 – #3,None,,,,,,,,22.0,32.4,20.0,2.0,20-2,0.909,6.0,2.0,6-2,0.75,6.0,1.0,6-1,0.857,12.0,0.0,12-0,1.0,4.0,2.0,4-2,0.667,3.0,,South Carolina vs Vanderbilt,-3.0
2026,South Carolina,SEC,1/26,11,3.0,3,2.0,-1.0,Falling,12,12,Elite Lock,7,5,2,0.714,2026-02-10,2,401807590.0,2026-01-30T02:00Z,Auburn,Away,W,81.0,51.0,3.0,99.0,23.0,23.0,,,True,,https://a.espncdn.com/i/teamlogos/ncaa/500/2579.png,https://a.espncdn.com/i/teamlogos/ncaa/500/2.png,SEC,SC,AUB,73000a,002b5c,2026-01-30,30.0,1.0,No Upset,Ranked vs Unranked,Blowout (20+),Blowout,20+,4.0,Unranked,SEC,1,1.0,0.0,30.0,30.0,30.0,30.0,0.0,0.0,0.0,0.0,1.0,1.0,2,3,1,#2 – #3,None,,,,,,,,23.0,32.3,21.0,2.0,21-2,0.913,7.0,2.0,7-2,0.778,7.0,1.0,7-1,0.875,12.0,0.0,12-0,1.0,4.0,2.0,4-2,0.667,23.0,,Auburn vs South Carolina,-23.0
2026,South Carolina,SEC,2/2,12,3.0,3,3.0,0.0,Stable,13,13,Elite Lock,7,5,2,0.714,2026-02-10,2,401807599.0,2026-02-03T01:00Z,Texas A&M,Away,W,71.0,56.0,3.0,99.0,23.0,23.0,,,True,,https://a.espncdn.com/i/teamlogos/ncaa/500/2579.png,https://a.espncdn.com/i/teamlogos/ncaa/500/245.png,SEC,SC,TA&M,73000a,500000,2026-02-03,15.0,1.0,No Upset,Ranked vs Unranked,Comfortable (11-20),Comfortable,11-20,3.0,Unranked,SEC,3,3.0,0.0,33.7,101.0,43.0,15.0,0.0,0.0,1.0,0.0,2.0,3.0,2,3,1,#2 – #3,None,,,,,,,,24.0,31.6,22.0,2.0,22-2,0.917,8.0,2.0,8-2,0.8,8.0,1.0,8-1,0.889,12.0,0.0,12-0,1.0,4.0,2.0,4-2,0.667,23.0,,South Carolina vs Texas A&M,-23.0
2026,South Carolina,SEC,2/2,12,3.0,3,3.0,0.0,Stable,13,13,Elite Lock,7,5,2,0.714,2026-02-10,2,401807606.0,2026-02-05T23:30Z,Mississippi State,Home,W,88.0,45.0,3.0,99.0,23.0,23.0,,,True,Play4Kay,https://a.espncdn.com/i/teamlogos/ncaa/500/2579.png,https://a.espncdn.com/i/teamlogos/ncaa/500/344.png,SEC,SC,MSST,73000a,5d1725,2026-02-05,43.0,1.0,No Upset,Ranked vs Unranked,Blowout (20+),Blowout,20+,4.0,Unranked,SEC,3,3.0,0.0,33.7,101.0,43.0,15.0,0.0,0.0,1.0,0.0,2.0,3.0,2,3,1,#2 – #3,None,,,,,,,,25.0,32.0,23.0,2.0,23-2,0.92,9.0,2.0,9-2,0.818,8.0,1.0,8-1,0.889,13.0,0.0,13-0,1.0,4.0,2.0,4-2,0.667,23.0,,Mississippi State vs South Carolina,-23.0
2026,South Carolina,SEC,2/2,12,3.0,3,3.0,0.0,Stable,13,13,Elite Lock,7,5,2,0.714,2026-02-10,2,401807609.0,2026-02-08T20:00Z,Tennessee,Home,W,93.0,50.0,3.0,19.0,23.0,23.0,,,True,,https://a.espncdn.com/i/teamlogos/ncaa/500/2579.png,https://a.espncdn.com/i/teamlogos/ncaa/500/2633_ncw.png,SEC,SC,TENN,73000a,ff8200,2026-02-08,43.0,1.0,No Upset,Top 25 Matchup,Blowout (20+),Blowout,20+,4.0,Top 25,SEC,3,3.0,0.0,33.7,101.0,43.0,15.0,0.0,0.0,1.0,0.0,2.0,3.0,2,3,1,#2 – #3,None,,,,,,,,26.0,32.5,24.0,2.0,24-2,0.923,10.0,2.0,10-2,0.833,8.0,1.0,8-1,0.889,14.0,0.0,14-0,1.0,5.0,2.0,5-2,0.714,16.0,,South Carolina vs Tennessee,-16.0
2026,South Carolina,SEC,2/9,13,3.0,3,3.0,0.0,Stable,14,14,Elite Lock,7,5,2,0.714,2026-02-10,2,,,,,,,,,,,,,,,,,,,,,,,,,,,,,,,,,,0,,,,,,,,,,,,,2,3,1,#2 – #3,None,,,,,,,,,,,,,,,,,,,,,,,,,,,,,,,,,
2026,TCU,Big 12,Pre,0,17.0,17,,,Unknown,1,1,Falling,3,1,2,0.333,2026-02-10,2,401813788.0,2025-11-06T22:00Z,North Carolina A&T,Home,W,82.0,43.0,17.0,99.0,8.0,10.0,,,False,,https://a.espncdn.com/i/teamlogos/ncaa/500/2628.png,https://a.espncdn.com/i/teamlogos/ncaa/500/2448.png,,TCU,NCAT,4d1979,0505aa,2025-11-06,39.0,1.0,No Upset,Ranked vs Unranked,Blowout (20+),Blowout,20+,4.0,Unranked,Other,1,1.0,0.0,39.0,39.0,39.0,39.0,0.0,0.0,0.0,0.0,1.0,0.0,8,17,9,#8 – #17,None,,,,,,,,1.0,39.0,1.0,0.0,1-0,1.0,0.0,0.0,0-0,,0.0,0.0,0-0,,1.0,0.0,1-0,1.0,0.0,0.0,0-0,,9.0,,North Carolina A&T vs TCU,-9.0
2026,TCU,Big 12,11/10,1,17.0,17,17.0,0.0,Stable,2,2,Falling,3,1,2,0.333,2026-02-10,2,401823029.0,2025-11-10T01:00Z,Sam Houston,Home,W,88.0,46.0,17.0,99.0,8.0,11.0,,,False,,https://a.espncdn.com/i/teamlogos/ncaa/500/2628.png,https://a.espncdn.com/i/teamlogos/ncaa/500/2534.png,,TCU,SHSU,4d1979,f56423,2025-11-10,42.0,1.0,No Upset,Ranked vs Unranked,Blowout (20+),Blowout,20+,4.0,Unranked,Other,3,3.0,0.0,45.0,135.0,83.0,10.0,0.0,0.0,1.0,0.0,2.0,0.0,8,17,9,#8 – #17,None,,,,,,,,2.0,40.5,2.0,0.0,2-0,1.0,0.0,0.0,0-0,,0.0,0.0,0-0,,2.0,0.0,2-0,1.0,0.0,0.0,0-0,,9.0,,Sam Houston vs TCU,-9.0
2026,TCU,Big 12,11/10,1,17.0,17,17.0,0.0,Stable,2,2,Falling,3,1,2,0.333,2026-02-10,2,401823030.0,2025-11-13T00:30Z,Tennessee State,Home,W,122.0,39.0,17.0,99.0,8.0,20.0,,,False,,https://a.espncdn.com/i/teamlogos/ncaa/500/2628.png,https://a.espncdn.com/i/teamlogos/ncaa/500/2634.png,,TCU,TNST,4d1979,171796,2025-11-13,83.0,1.0,No Upset,Ranked vs Unranked,Blowout (20+),Blowout,20+,4.0,Unranked,Ivy League,3,3.0,0.0,45.0,135.0,83.0,10.0,0.0,0.0,1.0,0.0,2.0,0.0,8,17,9,#8 – #17,None,,,,,,,,3.0,54.7,3.0,0.0,3-0,1.0,0.0,0.0,0-0,,0.0,0.0,0-0,,3.0,0.0,3-0,1.0,0.0,0.0,0-0,,9.0,,TCU vs Tennessee State,-9.0
2026,TCU,Big 12,11/10,1,17.0,17,17.0,0.0,Stable,2,2,Falling,3,1,2,0.333,2026-02-10,2,401817576.0,2025-11-16T18:00Z,NC State,Away,W,69.0,59.0,17.0,10.0,8.0,2.0,,,False,,https://a.espncdn.com/i/teamlogos/ncaa/500/2628.png,https://a.espncdn.com/i/teamlogos/ncaa/500/152.png,,TCU,NCSU,4d1979,cc0000,2025-11-16,10.0,1.0,No Upset,Top 25 Matchup,Close (6-10),Close,6-10,2.0,Top 10,ACC,3,3.0,0.0,45.0,135.0,83.0,10.0,0.0,0.0,1.0,0.0,2.0,0.0,8,17,9,#8 – #17,None,,,,,,,,4.0,43.5,4.0,0.0,4-0,1.0,0.0,0.0,0-0,,1.0,0.0,1-0,1.0,3.0,0.0,3-0,1.0,1.0,0.0,1-0,1.0,7.0,,NC State vs TCU,7.0
2026,TCU,Big 12,11/17,2,10.0,10,17.0,7.0,Rising,3,3,Falling,3,1,2,0.333,2026-02-10,2,401823031.0,2025-11-21T00:30Z,Tarleton State,Home,W,80.0,32.0,10.0,99.0,8.0,30.0,,,False,,https://a.espncdn.com/i/teamlogos/ncaa/500/2628.png,https://a.espncdn.com/i/teamlogos/ncaa/500/2627.png,,TCU,TAR,4d1979,000000,2025-11-21,48.0,1.0,No Upset,Ranked vs Unranked,Blowout (20+),Blowout,20+,4.0,Unranked,Other,2,2.0,0.0,42.0,84.0,48.0,36.0,0.0,0.0,0.0,0.0,2.0,0.0,8,17,9,#8 – #17,None,,,,,,,,5.0,44.4,5.0,0.0,5-0,1.0,0.0,0.0,0-0,,1.0,0.0,1-0,1.0,4.0,0.0,4-0,1.0,1.0,0.0,1-0,1.0,16.0,,TCU vs Tarleton State,-16.0
2026,TCU,Big 12,11/17,2,10.0,10,17.0,7.0,Rising,3,3,Falling,3,1,2,0.333,2026-02-10,2,401823032.0,2025-11-23T22:00Z,UT Rio Grande Valley,Home,W,93.0,57.0,10.0,99.0,8.0,25.0,,,False,,https://a.espncdn.com/i/teamlogos/ncaa/500/2628.png,https://a.espncdn.com/i/teamlogos/ncaa/500/292.png,,TCU,RGV,4d1979,dc6000,2025-11-23,36.0,1.0,No Upset,Ranked vs Unranked,Blowout (20+),Blowout,20+,4.0,Unranked,Other,2,2.0,0.0,42.0,84.0,48.0,36.0,0.0,0.0,0.0,0.0,2.0,0.0,8,17,9,#8 – #17,None,,,,,,,,6.0,43.0,6.0,0.0,6-0,1.0,0.0,0.0,0-0,,1.0,0.0,1-0,1.0,5.0,0.0,5-0,1.0,1.0,0.0,1-0,1.0,16.0,,TCU vs UT Rio Grande Valley,-16.0
2026,TCU,Big 12,11/24,3,8.0,8,10.0,2.0,Rising,4,4,Falling,3,1,2,0.333,2026-02-10,2,401817832.0,2025-11-28T23:30Z,UAB,Neutral,W,82.0,61.0,8.0,99.0,8.0,62.0,,,False,Cancun Challenge - Yucatan Division,https://a.espncdn.com/i/teamlogos/ncaa/500/2628.png,https://a.espncdn.com/i/teamlogos/ncaa/500/5.png,,TCU,UAB,4d1979,1a5632,2025-11-28,21.0,1.0,No Upset,Ranked vs Unranked,Blowout (20+),Blowout,20+,4.0,Unranked,Other,2,2.0,0.0,18.5,37.0,21.0,16.0,0.0,0.0,0.0,0.0,1.0,0.0,8,17,9,#8 – #17,None,,,,,,,,8.0,36.9,8.0,0.0,8-0,1.0,0.0,0.0,0-0,,1.0,0.0,1-0,1.0,5.0,0.0,5-0,1.0,1.0,0.0,1-0,1.0,18.0,,TCU vs UAB,-18.0
2026,TCU,Big 12,11/24,3,8.0,8,10.0,2.0,Rising,4,4,Falling,3,1,2,0.333,2026-02-10,2,401817828.0,2025-11-28T02:00Z,Richmond,Neutral,W,68.0,52.0,8.0,99.0,8.0,3.0,,,False,Cancun Challenge - Yucatan Division,https://a.espncdn.com/i/teamlogos/ncaa/500/2628.png,https://a.espncdn.com/i/teamlogos/ncaa/500/257.png,,TCU,RICH,4d1979,9e0712,2025-11-28,16.0,1.0,No Upset,Ranked vs Unranked,Comfortable (11-20),Comfortable,11-20,3.0,Unranked,Other,2,2.0,0.0,18.5,37.0,21.0,16.0,0.0,0.0,0.0,0.0,1.0,0.0,8,17,9,#8 – #17,None,,,,,,,,7.0,39.1,7.0,0.0,7-0,1.0,0.0,0.0,0-0,,1.0,0.0,1-0,1.0,5.0,0.0,5-0,1.0,1.0,0.0,1-0,1.0,18.0,,Richmond vs TCU,-18.0
2026,TCU,Big 12,12/1,4,8.0,8,8.0,0.0,Stable,5,5,Falling,3,1,2,0.333,2026-02-10,2,401823033.0,2025-12-04T00:30Z,Incarnate Word,Home,W,84.0,56.0,8.0,99.0,8.0,25.0,,,False,,https://a.espncdn.com/i/teamlogos/ncaa/500/2628.png,https://a.espncdn.com/i/teamlogos/ncaa/500/2916.png,,TCU,UIW,4d1979,000000,2025-12-04,28.0,1.0,No Upset,Ranked vs Unranked,Blowout (20+),Blowout,20+,4.0,Unranked,Other,2,2.0,0.0,41.5,83.0,55.0,28.0,0.0,0.0,0.0,0.0,2.0,0.0,8,17,9,#8 – #17,None,,,,,,,,9.0,35.9,9.0,0.0,9-0,1.0,0.0,0.0,0-0,,1.0,0.0,1-0,1.0,6.0,0.0,6-0,1.0,1.0,0.0,1-0,1.0,18.0,,Incarnate Word vs TCU,-18.0
2026,TCU,Big 12,12/1,4,8.0,8,8.0,0.0,Stable,5,5,Falling,3,1,2,0.333,2026-02-10,2,401823034.0,2025-12-06T19:00Z,UTEP,Home,W,95.0,40.0,8.0,99.0,8.0,11.0,,,False,,https://a.espncdn.com/i/teamlogos/ncaa/500/2628.png,https://a.espncdn.com/i/teamlogos/ncaa/500/2638.png,,TCU,UTEP,4d1979,ff8200,2025-12-06,55.0,1.0,No Upset,Ranked vs Unranked,Blowout (20+),Blowout,20+,4.0,Unranked,Other,2,2.0,0.0,41.5,83.0,55.0,28.0,0.0,0.0,0.0,0.0,2.0,0.0,8,17,9,#8 – #17,None,,,,,,,,10.0,37.8,10.0,0.0,10-0,1.0,0.0,0.0,0-0,,1.0,0.0,1-0,1.0,7.0,0.0,7-0,1.0,1.0,0.0,1-0,1.0,18.0,,TCU vs UTEP,-18.0
2026,TCU,Big 12,12/8,5,8.0,8,8.0,0.0,Stable,6,6,Falling,3,1,2,0.333,2026-02-10,2,401822206.0,2025-12-14T22:00Z,Jacksonville,Home,W,89.0,49.0,8.0,99.0,8.0,46.0,,,False,,https://a.espncdn.com/i/teamlogos/ncaa/500/2628.png,https://a.espncdn.com/i/teamlogos/ncaa/500/294.png,,TCU,JAX,4d1979,00523e,2025-12-14,40.0,1.0,No Upset,Ranked vs Unranked,Blowout (20+),Blowout,20+,4.0,Unranked,A-10,1,1.0,0.0,40.0,40.0,40.0,40.0,0.0,0.0,0.0,0.0,1.0,0.0,8,17,9,#8 – #17,None,,,,,,,,11.0,38.0,11.0,0.0,11-0,1.0,0.0,0.0,0-0,,1.0,0.0,1-0,1.0,8.0,0.0,8-0,1.0,1.0,0.0,1-0,1.0,18.0,,Jacksonville vs TCU,-18.0
2026,TCU,Big 12,12/15,6,9.0,9,8.0,-1.0,Falling,7,7,Falling,3,1,2,0.333,2026-02-10,2,401823035.0,2025-12-17T00:30Z,Arkansas-Pine Bluff,Home,W,109.0,54.0,9.0,99.0,8.0,26.0,,,False,,https://a.espncdn.com/i/teamlogos/ncaa/500/2628.png,https://a.espncdn.com/i/teamlogos/ncaa/500/2029.png,,TCU,UAPB,4d1979,e0aa0f,2025-12-17,55.0,1.0,No Upset,Ranked vs Unranked,Blowout (20+),Blowout,20+,4.0,Unranked,Other,2,2.0,0.0,38.5,77.0,55.0,22.0,0.0,0.0,0.0,0.0,2.0,1.0,8,17,9,#8 – #17,None,,,,,,,,12.0,39.4,12.0,0.0,12-0,1.0,0.0,0.0,0-0,,1.0,0.0,1-0,1.0,9.0,0.0,9-0,1.0,1.0,0.0,1-0,1.0,17.0,,Arkansas-Pine Bluff vs TCU,-17.0
2026,TCU,Big 12,12/15,6,9.0,9,8.0,-1.0,Falling,7,7,Falling,3,1,2,0.333,2026-02-10,2,401827290.0,2025-12-20T22:00Z,Kansas State,Home,W,77.0,55.0,9.0,99.0,8.0,8.0,,,True,,https://a.espncdn.com/i/teamlogos/ncaa/500/2628.png,https://a.espncdn.com/i/teamlogos/ncaa/500/2306.png,Big 12,TCU,KSU,4d1979,330a57,2025-12-20,22.0,1.0,No Upset,Ranked vs Unranked,Blowout (20+),Blowout,20+,4.0,Unranked,Big East,2,2.0,0.0,38.5,77.0,55.0,22.0,0.0,0.0,0.0,0.0,2.0,1.0,8,17,9,#8 – #17,None,,,,,,,,13.0,38.1,13.0,0.0,13-0,1.0,1.0,0.0,1-0,1.0,1.0,0.0,1-0,1.0,10.0,0.0,10-0,1.0,1.0,0.0,1-0,1.0,17.0,,Kansas State vs TCU,-17.0
2026,TCU,Big 12,12/22,7,8.0,8,9.0,1.0,Rising,8,8,Falling,3,1,2,0.333,2026-02-10,2,401827297.0,2026-01-01T02:00Z,BYU,Away,W,72.0,48.0,8.0,99.0,8.0,8.0,,,True,,https://a.espncdn.com/i/teamlogos/ncaa/500/2628.png,https://a.espncdn.com/i/teamlogos/ncaa/500/252.png,Big 12,TCU,BYU,4d1979,0047ba,2026-01-01,24.0,1.0,No Upset,Ranked vs Unranked,Blowout (20+),Blowout,20+,4.0,Unranked,Big East,2,1.0,1.0,7.0,14.0,24.0,-10.0,1.0,0.0,0.0,0.0,1.0,2.0,8,17,9,#8 – #17,None,,,,,,,,14.0,37.1,14.0,0.0,14-0,1.0,2.0,0.0,2-0,1.0,2.0,0.0,2-0,1.0,10.0,0.0,10-0,1.0,1.0,0.0,1-0,1.0,18.0,,BYU vs TCU,-18.0
2026,TCU,Big 12,12/22,7,8.0,8,9.0,1.0,Rising,8,8,Falling,3,1,2,0.333,2026-02-10,2,401827309.0,2026-01-04T02:00Z,Utah,Away,L,77.0,87.0,8.0,99.0,8.0,8.0,,,True,,https://a.espncdn.com/i/teamlogos/ncaa/500/2628.png,https://a.espncdn.com/i/teamlogos/ncaa/500/254.png,Big 12,TCU,UTAH,4d1979,be0000,2026-01-04,-10.0,0.0,Upset Loss,Ranked vs Unranked,Close (6-10),Close,6-10,2.0,Unranked,Big East,2,1.0,1.0,7.0,14.0,24.0,-10.0,1.0,0.0,0.0,0.0,1.0,2.0,8,17,9,#8 – #17,None,,,,,,,,15.0,33.9,14.0,1.0,14-1,0.933,2.0,1.0,2-1,0.667,2.0,1.0,2-1,0.667,10.0,0.0,10-0,1.0,1.0,0.0,1-0,1.0,18.0,#8 TCU lost to Unranked Utah,TCU vs Utah,-18.0
2026,TCU,Big 12,1/5,8,13.0,13,8.0,-5.0,Falling,9,9,Falling,3,1,2,0.333,2026-02-10,2,401827318.0,2026-01-08T00:30Z,Oklahoma State,Home,W,69.0,61.0,13.0,99.0,8.0,8.0,,,True,,https://a.espncdn.com/i/teamlogos/ncaa/500/2628.png,https://a.espncdn.com/i/teamlogos/ncaa/500/197.png,Big 12,TCU,OKST,4d1979,fe5c00,2026-01-08,8.0,1.0,No Upset,Ranked vs Unranked,Close (6-10),Close,6-10,2.0,Unranked,Big East,2,2.0,0.0,19.5,39.0,31.0,8.0,0.0,0.0,0.0,0.0,1.0,2.0,8,17,9,#8 – #17,None,,,,,,,,16.0,32.3,15.0,1.0,15-1,0.938,3.0,1.0,3-1,0.75,2.0,1.0,2-1,0.667,11.0,0.0,11-0,1.0,1.0,0.0,1-0,1.0,13.0,,Oklahoma State vs TCU,-13.0
2026,TCU,Big 12,1/5,8,13.0,13,8.0,-5.0,Falling,9,9,Falling,3,1,2,0.333,2026-02-10,2,401827328.0,2026-01-11T22:00Z,Arizona State,Home,W,77.0,46.0,13.0,99.0,8.0,8.0,,,True,,https://a.espncdn.com/i/teamlogos/ncaa/500/2628.png,https://a.espncdn.com/i/teamlogos/ncaa/500/9.png,Big 12,TCU,ASU,4d1979,ffc627,2026-01-11,31.0,1.0,No Upset,Ranked vs Unranked,Blowout (20+),Blowout,20+,4.0,Unranked,Big East,2,2.0,0.0,19.5,39.0,31.0,8.0,0.0,0.0,0.0,0.0,1.0,2.0,8,17,9,#8 – #17,None,,,,,,,,17.0,32.2,16.0,1.0,16-1,0.941,4.0,1.0,4-1,0.8,2.0,1.0,2-1,0.667,12.0,0.0,12-0,1.0,1.0,0.0,1-0,1.0,13.0,,Arizona State vs TCU,-13.0
2026,TCU,Big 12,1/12,9,10.0,10,13.0,3.0,Rising,10,10,Falling,3,1,2,0.333,2026-02-10,2,401827334.0,2026-01-15T00:00Z,West Virginia,Away,W,51.0,50.0,10.0,99.0,8.0,8.0,,,True,,https://a.espncdn.com/i/teamlogos/ncaa/500/2628.png,https://a.espncdn.com/i/teamlogos/ncaa/500/277.png,Big 12,TCU,WVU,4d1979,eaaa00,2026-01-15,1.0,1.0,No Upset,Ranked vs Unranked,Nail-Biter (≤5),Nail-Biter,≤5,1.0,Unranked,Big East,2,2.0,0.0,8.5,17.0,16.0,1.0,0.0,0.0,0.0,1.0,0.0,2.0,8,17,9,#8 – #17,None,,,,,,,,18.0,30.5,17.0,1.0,17-1,0.944,5.0,1.0,5-1,0.833,3.0,1.0,3-1,0.75,12.0,0.0,12-0,1.0,1.0,0.0,1-0,1.0,16.0,,TCU vs West Virginia,-16.0
2026,TCU,Big 12,1/12,9,10.0,10,13.0,3.0,Rising,10,10,Falling,3,1,2,0.333,2026-02-10,2,401827338.0,2026-01-17T22:00Z,Arizona,Home,W,78.0,62.0,10.0,99.0,8.0,8.0,,,True,,https://a.espncdn.com/i/teamlogos/ncaa/500/2628.png,https://a.espncdn.com/i/teamlogos/ncaa/500/12.png,Big 12,TCU,ARIZ,4d1979,cc0033,2026-01-17,16.0,1.0,No Upset,Ranked vs Unranked,Comfortable (11-20),Comfortable,11-20,3.0,Unranked,Big East,2,2.0,0.0,8.5,17.0,16.0,1.0,0.0,0.0,0.0,1.0,0.0,2.0,8,17,9,#8 – #17,None,,,,,,,,19.0,29.7,18.0,1.0,18-1,0.947,6.0,1.0,6-1,0.857,3.0,1.0,3-1,0.75,13.0,0.0,13-0,1.0,1.0,0.0,1-0,1.0,16.0,,Arizona vs TCU,-16.0
2026,TCU,Big 12,1/19,10,9.0,9,10.0,1.0,Rising,11,11,Falling,3,1,2,0.333,2026-02-10,2,401818673.0,2026-01-19T17:00Z,Ohio State,Neutral,L,69.0,71.0,9.0,12.0,8.0,7.0,,,False,Coretta Scott King Classic,https://a.espncdn.com/i/teamlogos/ncaa/500/2628.png,https://a.espncdn.com/i/teamlogos/ncaa/500/194.png,,TCU,OSU,4d1979,ba0c2f,2026-01-19,-2.0,0.0,No Upset,Top 25 Matchup,Nail-Biter (≤5),Nail-Biter,≤5,1.0,Top 25,Big Ten,2,1.0,1.0,7.5,15.0,17.0,-2.0,0.0,0.0,1.0,1.0,0.0,1.0,8,17,9,#8 – #17,None,,,,,,,,20.0,28.2,18.0,2.0,18-2,0.9,6.0,1.0,6-1,0.857,3.0,1.0,3-1,0.75,13.0,0.0,13-0,1.0,1.0,1.0,1-1,0.5,3.0,,Ohio State vs TCU,-3.0
2026,TCU,Big 12,1/19,10,9.0,9,10.0,1.0,Rising,11,11,Falling,3,1,2,0.333,2026-02-10,2,401827350.0,2026-01-24T19:00Z,UCF,Away,W,67.0,50.0,9.0,99.0,8.0,8.0,,,True,,https://a.espncdn.com/i/teamlogos/ncaa/500/2628.png,https://a.espncdn.com/i/teamlogos/ncaa/500/2116.png,Big 12,TCU,UCF,4d1979,000000,2026-01-24,17.0,1.0,No Upset,Ranked vs Unranked,Comfortable (11-20),Comfortable,11-20,3.0,Unranked,Big East,2,1.0,1.0,7.5,15.0,17.0,-2.0,0.0,0.0,1.0,1.0,0.0,1.0,8,17,9,#8 – #17,None,,,,,,,,21.0,27.6,19.0,2.0,19-2,0.905,7.0,1.0,7-1,0.875,4.0,1.0,4-1,0.8,13.0,0.0,13-0,1.0,1.0,1.0,1-1,0.5,17.0,,TCU vs UCF,-17.0
2026,TCU,Big 12,1/26,11,12.0,12,9.0,-3.0,Falling,12,12,Falling,3,1,2,0.333,2026-02-10,2,401827362.0,2026-01-29T23:00Z,Kansas,Home,W,79.0,77.0,12.0,99.0,8.0,8.0,,,True,,https://a.espncdn.com/i/teamlogos/ncaa/500/2628.png,https://a.espncdn.com/i/teamlogos/ncaa/500/2305.png,Big 12,TCU,KU,4d1979,0051ba,2026-01-29,2.0,1.0,No Upset,Ranked vs Unranked,Nail-Biter (≤5),Nail-Biter,≤5,1.0,Unranked,Big East,2,1.0,1.0,0.0,0.0,2.0,-2.0,0.0,0.0,1.0,2.0,0.0,2.0,8,17,9,#8 – #17,None,,,,,,,,22.0,26.5,20.0,2.0,20-2,0.909,8.0,1.0,8-1,0.889,4.0,1.0,4-1,0.8,14.0,0.0,14-0,1.0,1.0,1.0,1-1,0.5,14.0,,Kansas vs TCU,-14.0
2026,TCU,Big 12,1/26,11,12.0,12,9.0,-3.0,Falling,12,12,Falling,3,1,2,0.333,2026-02-10,2,401827369.0,2026-02-01T19:00Z,Texas Tech,Away,L,60.0,62.0,12.0,21.0,8.0,8.0,,,True,,https://a.espncdn.com/i/teamlogos/ncaa/500/2628.png,https://a.espncdn.com/i/teamlogos/ncaa/500/2641.png,Big 12,TCU,TTU,4d1979,da291c,2026-02-01,-2.0,0.0,No Upset,Top 25 Matchup,Nail-Biter (≤5),Nail-Biter,≤5,1.0,Top 25,Big East,2,1.0,1.0,0.0,0.0,2.0,-2.0,0.0,0.0,1.0,2.0,0.0,2.0,8,17,9,#8 – #17,None,,,,,,,,23.0,25.2,20.0,3.0,20-3,0.87,8.0,2.0,8-2,0.8,4.0,2.0,4-2,0.667,14.0,0.0,14-0,1.0,1.0,2.0,1-2,0.333,9.0,,TCU vs Texas Tech,-9.0
2026,TCU,Big 12,2/2,12,14.0,14,12.0,-2.0,Falling,13,13,Falling,3,1,2,0.333,2026-02-10,2,401827377.0,2026-02-05T00:30Z,Houston,Home,W,90.0,45.0,14.0,99.0,8.0,8.0,,,True,,https://a.espncdn.com/i/teamlogos/ncaa/500/2628.png,https://a.espncdn.com/i/teamlogos/ncaa/500/248.png,Big 12,TCU,HOU,4d1979,c8102e,2026-02-05,45.0,1.0,No Upset,Ranked vs Unranked,Blowout (20+),Blowout,20+,4.0,Unranked,Big East,2,1.0,1.0,22.0,44.0,45.0,-1.0,1.0,0.0,0.0,1.0,1.0,2.0,8,17,9,#8 – #17,None,,,,,,,,24.0,26.0,21.0,3.0,21-3,0.875,9.0,2.0,9-2,0.818,4.0,2.0,4-2,0.667,15.0,0.0,15-0,1.0,1.0,2.0,1-2,0.333,12.0,,Houston vs TCU,-12.0
2026,TCU,Big 12,2/2,12,14.0,14,12.0,-2.0,Falling,13,13,Falling,3,1,2,0.333,2026-02-10,2,401827385.0,2026-02-08T20:00Z,Colorado,Away,L,79.0,80.0,14.0,99.0,8.0,8.0,,,True,,https://a.espncdn.com/i/teamlogos/ncaa/500/2628.png,https://a.espncdn.com/i/teamlogos/ncaa/500/38.png,Big 12,TCU,COLO,4d1979,cfb87c,2026-02-08,-1.0,0.0,Upset Loss,Ranked vs Unranked,Nail-Biter (≤5),Nail-Biter,≤5,1.0,Unranked,Big East,2,1.0,1.0,22.0,44.0,45.0,-1.0,1.0,0.0,0.0,1.0,1.0,2.0,8,17,9,#8 – #17,None,,,,,,,,25.0,25.0,21.0,4.0,21-4,0.84,9.0,3.0,9-3,0.75,4.0,3.0,4-3,0.571,15.0,0.0,15-0,1.0,1.0,2.0,1-2,0.333,12.0,#14 TCU lost to Unranked Colorado,Colorado vs TCU,-12.0
2026,TCU,Big 12,2/9,13,17.0,17,14.0,-3.0,Falling,14,14,Falling,3,1,2,0.333,2026-02-10,2,,,,,,,,,,,,,,,,,,,,,,,,,,,,,,,,,,0,,,,,,,,,,,,,8,17,9,#8 – #17,None,,,,,,,,,,,,,,,,,,,,,,,,,,,,,,,,,
2026,Tennessee,SEC,Pre,0,8.0,8,,,Unknown,1,1,Steady,7,2,5,0.286,2026-02-10,2,401817573.0,2025-11-04T21:00Z,NC State,Neutral,L,77.0,80.0,8.0,9.0,23.0,2.0,,,False,Ro Greensboro Invitational,https://a.espncdn.com/i/teamlogos/ncaa/500/2633_ncw.png,https://a.espncdn.com/i/teamlogos/ncaa/500/152.png,,TENN,NCSU,ff8200,cc0000,2025-11-04,-3.0,0.0,No Upset,Top 25 Matchup,Nail-Biter (≤5),Nail-Biter,≤5,1.0,Top 10,ACC,3,2.0,1.0,19.3,58.0,50.0,-3.0,0.0,0.0,1.0,1.0,1.0,0.0,8,23,15,#8 – #23,None,,,,,,,,1.0,-3.0,0.0,1.0,0-1,0.0,0.0,0.0,0-0,,0.0,0.0,0-0,,0.0,0.0,0-0,,0.0,1.0,0-1,0.0,1.0,,NC State vs Tennessee,-1.0
2026,Tennessee,SEC,Pre,0,8.0,8,,,Unknown,1,1,Steady,7,2,5,0.286,2026-02-10,2,401817301.0,2025-11-07T23:30Z,East Tennessee State,Home,W,97.0,47.0,8.0,99.0,23.0,24.0,,,False,,https://a.espncdn.com/i/teamlogos/ncaa/500/2633_ncw.png,https://a.espncdn.com/i/teamlogos/ncaa/500/2193.png,,TENN,ETSU,ff8200,002d61,2025-11-07,50.0,1.0,No Upset,Ranked vs Unranked,Blowout (20+),Blowout,20+,4.0,Unranked,Other,3,2.0,1.0,19.3,58.0,50.0,-3.0,0.0,0.0,1.0,1.0,1.0,0.0,8,23,15,#8 – #23,None,,,,,,,,2.0,23.5,1.0,1.0,1-1,0.5,0.0,0.0,0-0,,0.0,0.0,0-0,,1.0,0.0,1-0,1.0,0.0,1.0,0-1,0.0,18.0,,East Tennessee State vs Tennessee,-18.0
2026,Tennessee,SEC,Pre,0,8.0,8,,,Unknown,1,1,Steady,7,2,5,0.286,2026-02-10,2,401818589.0,2025-11-09T20:00Z,UT Martin,Away,W,72.0,61.0,8.0,99.0,23.0,20.0,,,False,Pat Summit Heritage Classic,https://a.espncdn.com/i/teamlogos/ncaa/500/2633_ncw.png,https://a.espncdn.com/i/teamlogos/ncaa/500/2630.png,,TENN,UTM,ff8200,FF6700,2025-11-09,11.0,1.0,No Upset,Ranked vs Unranked,Comfortable (11-20),Comfortable,11-20,3.0,Unranked,Ivy League,3,2.0,1.0,19.3,58.0,50.0,-3.0,0.0,0.0,1.0,1.0,1.0,0.0,8,23,15,#8 – #23,None,,,,,,,,3.0,19.3,2.0,1.0,2-1,0.667,0.0,0.0,0-0,,1.0,0.0,1-0,1.0,1.0,0.0,1-0,1.0,0.0,1.0,0-1,0.0,18.0,,Tennessee vs UT Martin,-18.0
2026,Tennessee,SEC,11/10,1,12.0,12,8.0,-4.0,Falling,2,2,Steady,7,2,5,0.286,2026-02-10,2,401818590.0,2025-11-14T00:00Z,Belmont,Home,W,68.0,58.0,12.0,99.0,23.0,18.0,,,False,,https://a.espncdn.com/i/teamlogos/ncaa/500/2633_ncw.png,https://a.espncdn.com/i/teamlogos/ncaa/500/2057.png,,TENN,BEL,ff8200,182142,2025-11-14,10.0,1.0,No Upset,Ranked vs Unranked,Close (6-10),Close,6-10,2.0,Unranked,Other,1,1.0,0.0,10.0,10.0,10.0,10.0,0.0,0.0,0.0,0.0,0.0,0.0,8,23,15,#8 – #23,None,,,,,,,,4.0,17.0,3.0,1.0,3-1,0.75,0.0,0.0,0-0,,1.0,0.0,1-0,1.0,2.0,0.0,2-0,1.0,0.0,1.0,0-1,0.0,14.0,,Belmont vs Tennessee,-14.0
2026,Tennessee,SEC,11/17,2,15.0,15,12.0,-3.0,Falling,3,3,Steady,7,2,5,0.286,2026-02-10,2,401818591.0,2025-11-21T00:30Z,Middle Tennessee,Away,W,85.0,41.0,15.0,99.0,23.0,11.0,,,False,,https://a.espncdn.com/i/teamlogos/ncaa/500/2633_ncw.png,https://a.espncdn.com/i/teamlogos/ncaa/500/2393.png,,TENN,MTSU,ff8200,036eb7,2025-11-21,44.0,1.0,No Upset,Ranked vs Unranked,Blowout (20+),Blowout,20+,4.0,Unranked,Other,2,2.0,0.0,48.5,97.0,53.0,44.0,0.0,0.0,0.0,0.0,2.0,0.0,8,23,15,#8 – #23,None,,,,,,,,5.0,22.4,4.0,1.0,4-1,0.8,0.0,0.0,0-0,,2.0,0.0,2-0,1.0,2.0,0.0,2-0,1.0,0.0,1.0,0-1,0.0,11.0,,Middle Tennessee vs Tennessee,-11.0
2026,Tennessee,SEC,11/17,2,15.0,15,12.0,-3.0,Falling,3,3,Steady,7,2,5,0.286,2026-02-10,2,401818592.0,2025-11-23T19:00Z,Coppin State,Home,W,88.0,35.0,15.0,99.0,23.0,16.0,,,False,,https://a.espncdn.com/i/teamlogos/ncaa/500/2633_ncw.png,https://a.espncdn.com/i/teamlogos/ncaa/500/2154.png,,TENN,COPP,ff8200,2e3192,2025-11-23,53.0,1.0,No Upset,Ranked vs Unranked,Blowout (20+),Blowout,20+,4.0,Unranked,Other,2,2.0,0.0,48.5,97.0,53.0,44.0,0.0,0.0,0.0,0.0,2.0,0.0,8,23,15,#8 – #23,None,,,,,,,,6.0,27.5,5.0,1.0,5-1,0.833,0.0,0.0,0-0,,2.0,0.0,2-0,1.0,3.0,0.0,3-0,1.0,0.0,1.0,0-1,0.0,11.0,,Coppin State vs Tennessee,-11.0
2026,Tennessee,SEC,11/24,3,14.0,14,15.0,1.0,Rising,4,4,Steady,7,2,5,0.286,2026-02-10,2,401818593.0,2025-11-30T21:30Z,UCLA,Away,L,77.0,99.0,14.0,3.0,23.0,7.0,,,False,,https://a.espncdn.com/i/teamlogos/ncaa/500/2633_ncw.png,https://a.espncdn.com/i/teamlogos/ncaa/500/26.png,,TENN,UCLA,ff8200,2774ae,2025-11-30,-22.0,0.0,No Upset,Top 25 Matchup,Blowout (20+),Blowout,20+,4.0,Top 5,Big Ten,1,0.0,1.0,-22.0,-22.0,-22.0,-22.0,0.0,0.0,1.0,0.0,1.0,0.0,8,23,15,#8 – #23,None,,,,,,,,7.0,20.4,5.0,2.0,5-2,0.714,0.0,0.0,0-0,,2.0,1.0,2-1,0.667,3.0,0.0,3-0,1.0,0.0,2.0,0-2,0.0,11.0,,Tennessee vs UCLA,11.0
2026,Tennessee,SEC,12/1,4,19.0,19,14.0,-5.0,Falling,5,5,Steady,7,2,5,0.286,2026-02-10,2,401806381.0,2025-12-04T02:15Z,Stanford,Away,W,65.0,62.0,19.0,99.0,23.0,2.0,,,False,ACC/SEC Women's Challenge,https://a.espncdn.com/i/teamlogos/ncaa/500/2633_ncw.png,https://a.espncdn.com/i/teamlogos/ncaa/500/24.png,,TENN,STAN,ff8200,8c1515,2025-12-04,3.0,1.0,No Upset,Ranked vs Unranked,Nail-Biter (≤5),Nail-Biter,≤5,1.0,Unranked,ACC,1,1.0,0.0,3.0,3.0,3.0,3.0,0.0,0.0,0.0,1.0,0.0,0.0,8,23,15,#8 – #23,None,,,,,,,,8.0,18.2,6.0,2.0,6-2,0.75,0.0,0.0,0-0,,3.0,1.0,3-1,0.75,3.0,0.0,3-0,1.0,0.0,2.0,0-2,0.0,7.0,,Stanford vs Tennessee,-7.0
2026,Tennessee,SEC,12/8,5,18.0,18,19.0,1.0,Rising,6,6,Steady,7,2,5,0.286,2026-02-10,2,401818594.0,2025-12-14T19:00Z,Winthrop,Home,W,112.0,40.0,18.0,99.0,23.0,6.0,,,False,,https://a.espncdn.com/i/teamlogos/ncaa/500/2633_ncw.png,https://a.espncdn.com/i/teamlogos/ncaa/500/2737.png,,TENN,WIN,ff8200,9e0b0e,2025-12-14,72.0,1.0,No Upset,Ranked vs Unranked,Blowout (20+),Blowout,20+,4.0,Unranked,Other,1,1.0,0.0,72.0,72.0,72.0,72.0,0.0,0.0,0.0,0.0,1.0,0.0,8,23,15,#8 – #23,None,,,,,,,,9.0,24.2,7.0,2.0,7-2,0.778,0.0,0.0,0-0,,3.0,1.0,3-1,0.75,4.0,0.0,4-0,1.0,0.0,2.0,0-2,0.0,8.0,,Tennessee vs Winthrop,-8.0
2026,Tennessee,SEC,12/15,6,17.0,17,18.0,1.0,Rising,7,7,Steady,7,2,5,0.286,2026-02-10,2,401817572.0,2025-12-20T16:00Z,Louisville,Neutral,L,65.0,89.0,17.0,16.0,23.0,2.0,,,False,Champions Classic,https://a.espncdn.com/i/teamlogos/ncaa/500/2633_ncw.png,https://a.espncdn.com/i/teamlogos/ncaa/500/97.png,,TENN,LOU,ff8200,c9001f,2025-12-20,-24.0,0.0,No Upset,Top 25 Matchup,Blowout (20+),Blowout,20+,4.0,Top 25,ACC,1,0.0,1.0,-24.0,-24.0,-24.0,-24.0,0.0,0.0,1.0,0.0,1.0,0.0,8,23,15,#8 – #23,None,,,,,,,,10.0,19.4,7.0,3.0,7-3,0.7,0.0,0.0,0-0,,3.0,1.0,3-1,0.75,4.0,0.0,4-0,1.0,0.0,3.0,0-3,0.0,1.0,,Louisville vs Tennessee,1.0
2026,Tennessee,SEC,12/22,7,23.0,23,17.0,-6.0,Falling,8,8,Steady,7,2,5,0.286,2026-02-10,2,401818595.0,2025-12-22T23:30Z,Southern Indiana,Home,W,89.0,44.0,23.0,99.0,23.0,20.0,,,False,,https://a.espncdn.com/i/teamlogos/ncaa/500/2633_ncw.png,https://a.espncdn.com/i/teamlogos/ncaa/500/88.png,,TENN,USI,ff8200,000000,2025-12-22,45.0,1.0,No Upset,Ranked vs Unranked,Blowout (20+),Blowout,20+,4.0,Unranked,Ivy League,3,3.0,0.0,24.3,73.0,45.0,11.0,0.0,0.0,0.0,0.0,1.0,2.0,8,23,15,#8 – #23,None,,,,,,,,11.0,21.7,8.0,3.0,8-3,0.727,0.0,0.0,0-0,,3.0,1.0,3-1,0.75,5.0,0.0,5-0,1.0,0.0,3.0,0-3,0.0,3.0,,Southern Indiana vs Tennessee,-3.0
2026,Tennessee,SEC,12/22,7,23.0,23,17.0,-6.0,Falling,8,8,Steady,7,2,5,0.286,2026-02-10,2,401807512.0,2026-01-01T19:00Z,Florida,Home,W,76.0,65.0,23.0,99.0,23.0,23.0,,,True,,https://a.espncdn.com/i/teamlogos/ncaa/500/2633_ncw.png,https://a.espncdn.com/i/teamlogos/ncaa/500/57.png,SEC,TENN,FLA,ff8200,0021a5,2026-01-01,11.0,1.0,No Upset,Ranked vs Unranked,Comfortable (11-20),Comfortable,11-20,3.0,Unranked,SEC,3,3.0,0.0,24.3,73.0,45.0,11.0,0.0,0.0,0.0,0.0,1.0,2.0,8,23,15,#8 – #23,None,,,,,,,,12.0,20.8,9.0,3.0,9-3,0.75,1.0,0.0,1-0,1.0,3.0,1.0,3-1,0.75,6.0,0.0,6-0,1.0,0.0,3.0,0-3,0.0,3.0,,Florida vs Tennessee,-3.0
2026,Tennessee,SEC,12/22,7,23.0,23,17.0,-6.0,Falling,8,8,Steady,7,2,5,0.286,2026-02-10,2,401807538.0,2026-01-04T21:00Z,Auburn,Away,W,73.0,56.0,23.0,99.0,23.0,23.0,,,True,,https://a.espncdn.com/i/teamlogos/ncaa/500/2633_ncw.png,https://a.espncdn.com/i/teamlogos/ncaa/500/2.png,SEC,TENN,AUB,ff8200,002b5c,2026-01-04,17.0,1.0,No Upset,Ranked vs Unranked,Comfortable (11-20),Comfortable,11-20,3.0,Unranked,SEC,3,3.0,0.0,24.3,73.0,45.0,11.0,0.0,0.0,0.0,0.0,1.0,2.0,8,23,15,#8 – #23,None,,,,,,,,13.0,20.5,10.0,3.0,10-3,0.769,2.0,0.0,2-0,1.0,4.0,1.0,4-1,0.8,6.0,0.0,6-0,1.0,0.0,3.0,0-3,0.0,3.0,,Auburn vs Tennessee,-3.0
2026,Tennessee,SEC,1/5,8,20.0,20,23.0,3.0,Rising,9,9,Steady,7,2,5,0.286,2026-02-10,2,401807546.0,2026-01-09T00:30Z,Mississippi State,Away,W,90.0,80.0,20.0,99.0,23.0,23.0,,,True,,https://a.espncdn.com/i/teamlogos/ncaa/500/2633_ncw.png,https://a.espncdn.com/i/teamlogos/ncaa/500/344.png,SEC,TENN,MSST,ff8200,5d1725,2026-01-09,10.0,1.0,No Upset,Ranked vs Unranked,Close (6-10),Close,6-10,2.0,Unranked,SEC,2,2.0,0.0,22.5,45.0,35.0,10.0,0.0,0.0,0.0,0.0,1.0,2.0,8,23,15,#8 – #23,None,,,,,,,,14.0,19.8,11.0,3.0,11-3,0.786,3.0,0.0,3-0,1.0,5.0,1.0,5-1,0.833,6.0,0.0,6-0,1.0,0.0,3.0,0-3,0.0,6.0,,Mississippi State vs Tennessee,-6.0
2026,Tennessee,SEC,1/5,8,20.0,20,23.0,3.0,Rising,9,9,Steady,7,2,5,0.286,2026-02-10,2,401807554.0,2026-01-11T19:00Z,Arkansas,Home,W,85.0,50.0,20.0,99.0,23.0,23.0,,,True,,https://a.espncdn.com/i/teamlogos/ncaa/500/2633_ncw.png,https://a.espncdn.com/i/teamlogos/ncaa/500/8.png,SEC,TENN,ARK,ff8200,a32136,2026-01-11,35.0,1.0,No Upset,Ranked vs Unranked,Blowout (20+),Blowout,20+,4.0,Unranked,SEC,2,2.0,0.0,22.5,45.0,35.0,10.0,0.0,0.0,0.0,0.0,1.0,2.0,8,23,15,#8 – #23,None,,,,,,,,15.0,20.8,12.0,3.0,12-3,0.8,4.0,0.0,4-0,1.0,5.0,1.0,5-1,0.833,7.0,0.0,7-0,1.0,0.0,3.0,0-3,0.0,6.0,,Arkansas vs Tennessee,-6.0
2026,Tennessee,SEC,1/12,9,20.0,20,20.0,0.0,Stable,10,10,Steady,7,2,5,0.286,2026-02-10,2,401807566.0,2026-01-18T19:00Z,Alabama,Away,W,70.0,59.0,20.0,21.0,23.0,23.0,,,True,We Back Pat,https://a.espncdn.com/i/teamlogos/ncaa/500/2633_ncw.png,https://a.espncdn.com/i/teamlogos/ncaa/500/333.png,SEC,TENN,ALA,ff8200,9e1b32,2026-01-18,11.0,1.0,No Upset,Top 25 Matchup,Comfortable (11-20),Comfortable,11-20,3.0,Top 25,SEC,1,1.0,0.0,11.0,11.0,11.0,11.0,0.0,0.0,1.0,0.0,0.0,1.0,8,23,15,#8 – #23,None,,,,,,,,16.0,20.2,13.0,3.0,13-3,0.812,5.0,0.0,5-0,1.0,6.0,1.0,6-1,0.857,7.0,0.0,7-0,1.0,1.0,3.0,1-3,0.25,1.0,,Alabama vs Tennessee,-1.0
2026,Tennessee,SEC,1/19,10,17.0,17,20.0,3.0,Rising,11,11,Steady,7,2,5,0.286,2026-02-10,2,401807576.0,2026-01-22T23:30Z,Kentucky,Home,W,60.0,58.0,17.0,11.0,23.0,23.0,,,True,,https://a.espncdn.com/i/teamlogos/ncaa/500/2633_ncw.png,https://a.espncdn.com/i/teamlogos/ncaa/500/96.png,SEC,TENN,UK,ff8200,0033a0,2026-01-22,2.0,1.0,No Upset,Top 25 Matchup,Nail-Biter (≤5),Nail-Biter,≤5,1.0,Top 25,SEC,1,1.0,0.0,2.0,2.0,2.0,2.0,0.0,0.0,1.0,1.0,0.0,1.0,8,23,15,#8 – #23,None,,,,,,,,17.0,19.1,14.0,3.0,14-3,0.824,6.0,0.0,6-0,1.0,6.0,1.0,6-1,0.857,8.0,0.0,8-0,1.0,2.0,3.0,2-3,0.4,6.0,,Kentucky vs Tennessee,6.0
2026,Tennessee,SEC,1/26,11,15.0,15,17.0,2.0,Rising,12,12,Steady,7,2,5,0.286,2026-02-10,2,401807592.0,2026-01-29T23:30Z,Mississippi State,Home,L,62.0,77.0,15.0,99.0,23.0,23.0,,,True,,https://a.espncdn.com/i/teamlogos/ncaa/500/2633_ncw.png,https://a.espncdn.com/i/teamlogos/ncaa/500/344.png,SEC,TENN,MSST,ff8200,5d1725,2026-01-29,-15.0,0.0,Upset Loss,Ranked vs Unranked,Comfortable (11-20),Comfortable,11-20,3.0,Unranked,SEC,2,0.0,2.0,-22.5,-45.0,-15.0,-30.0,1.0,0.0,1.0,0.0,1.0,1.0,8,23,15,#8 – #23,None,,,,,,,,18.0,17.2,14.0,4.0,14-4,0.778,6.0,1.0,6-1,0.857,6.0,1.0,6-1,0.857,8.0,1.0,8-1,0.889,2.0,3.0,2-3,0.4,11.0,#15 Tennessee lost to Unranked Mississippi State,Mississippi State vs Tennessee,-11.0
2026,Tennessee,SEC,1/26,11,15.0,15,17.0,2.0,Rising,12,12,Steady,7,2,5,0.286,2026-02-10,2,401817391.0,2026-02-01T17:00Z,UConn,Away,L,66.0,96.0,15.0,1.0,23.0,4.0,,,False,,https://a.espncdn.com/i/teamlogos/ncaa/500/2633_ncw.png,https://a.espncdn.com/i/teamlogos/ncaa/500/41.png,,TENN,CONN,ff8200,0c2340,2026-02-01,-30.0,0.0,No Upset,Top 25 Matchup,Blowout (20+),Blowout,20+,4.0,Top 5,Big 12,2,0.0,2.0,-22.5,-45.0,-15.0,-30.0,1.0,0.0,1.0,0.0,1.0,1.0,8,23,15,#8 – #23,None,,,,,,,,19.0,14.7,14.0,5.0,14-5,0.737,6.0,1.0,6-1,0.857,6.0,2.0,6-2,0.75,8.0,1.0,8-1,0.889,2.0,4.0,2-4,0.333,14.0,,Tennessee vs UConn,14.0
2026,Tennessee,SEC,2/2,12,19.0,19,15.0,-4.0,Falling,13,13,Steady,7,2,5,0.286,2026-02-10,2,401807602.0,2026-02-05T23:30Z,Georgia,Away,W,82.0,77.0,19.0,99.0,23.0,23.0,,,True,,https://a.espncdn.com/i/teamlogos/ncaa/500/2633_ncw.png,https://a.espncdn.com/i/teamlogos/ncaa/500/61.png,SEC,TENN,UGA,ff8200,ba0c2f,2026-02-05,5.0,1.0,No Upset,Ranked vs Unranked,Nail-Biter (≤5),Nail-Biter,≤5,1.0,Unranked,SEC,2,1.0,1.0,-19.0,-38.0,5.0,-43.0,0.0,0.0,1.0,1.0,1.0,2.0,8,23,15,#8 – #23,None,,,,,,,,20.0,14.2,15.0,5.0,15-5,0.75,7.0,1.0,7-1,0.875,7.0,2.0,7-2,0.778,8.0,1.0,8-1,0.889,2.0,4.0,2-4,0.333,7.0,,Georgia vs Tennessee,-7.0
2026,Tennessee,SEC,2/2,12,19.0,19,15.0,-4.0,Falling,13,13,Steady,7,2,5,0.286,2026-02-10,2,401807609.0,2026-02-08T20:00Z,South Carolina,Away,L,50.0,93.0,19.0,3.0,23.0,23.0,,,True,,https://a.espncdn.com/i/teamlogos/ncaa/500/2633_ncw.png,https://a.espncdn.com/i/teamlogos/ncaa/500/2579.png,SEC,TENN,SC,ff8200,73000a,2026-02-08,-43.0,0.0,No Upset,Top 25 Matchup,Blowout (20+),Blowout,20+,4.0,Top 5,SEC,2,1.0,1.0,-19.0,-38.0,5.0,-43.0,0.0,0.0,1.0,1.0,1.0,2.0,8,23,15,#8 – #23,None,,,,,,,,21.0,11.5,15.0,6.0,15-6,0.714,7.0,2.0,7-2,0.778,7.0,3.0,7-3,0.7,8.0,1.0,8-1,0.889,2.0,5.0,2-5,0.286,16.0,,South Carolina vs Tennessee,16.0
2026,Tennessee,SEC,2/9,13,22.0,22,19.0,-3.0,Falling,14,14,Steady,7,2,5,0.286,2026-02-10,2,,,,,,,,,,,,,,,,,,,,,,,,,,,,,,,,,,0,,,,,,,,,,,,,8,23,15,#8 – #23,None,,,,,,,,,,,,,,,,,,,,,,,,,,,,,,,,,
2026,Texas,SEC,Pre,0,4.0,4,,,Unknown,1,1,Elite Lock,11,9,2,0.818,2026-02-10,2,401809048.0,2025-11-04T01:00Z,Incarnate Word,Home,W,123.0,51.0,4.0,99.0,23.0,25.0,,,False,,https://a.espncdn.com/i/teamlogos/ncaa/500/251.png,https://a.espncdn.com/i/teamlogos/ncaa/500/2916.png,,TEX,UIW,af5c37,000000,2025-11-04,72.0,1.0,No Upset,Ranked vs Unranked,Blowout (20+),Blowout,20+,4.0,Unranked,Other,2,2.0,0.0,50.5,101.0,72.0,29.0,0.0,0.0,1.0,0.0,2.0,0.0,2,4,2,#2 – #4,None,,,,,,,,1.0,72.0,1.0,0.0,1-0,1.0,0.0,0.0,0-0,,0.0,0.0,0-0,,1.0,0.0,1-0,1.0,0.0,0.0,0-0,,22.0,,Incarnate Word vs Texas,-22.0
2026,Texas,SEC,Pre,0,4.0,4,,,Unknown,1,1,Elite Lock,11,9,2,0.818,2026-02-10,2,401818596.0,2025-11-08T01:00Z,Richmond,Home,W,85.0,56.0,4.0,24.0,23.0,3.0,,,False,,https://a.espncdn.com/i/teamlogos/ncaa/500/251.png,https://a.espncdn.com/i/teamlogos/ncaa/500/257.png,,TEX,RICH,af5c37,9e0712,2025-11-08,29.0,1.0,No Upset,Top 25 Matchup,Blowout (20+),Blowout,20+,4.0,Top 25,Other,2,2.0,0.0,50.5,101.0,72.0,29.0,0.0,0.0,1.0,0.0,2.0,0.0,2,4,2,#2 – #4,None,,,,,,,,2.0,50.5,2.0,0.0,2-0,1.0,0.0,0.0,0-0,,0.0,0.0,0-0,,2.0,0.0,2-0,1.0,1.0,0.0,1-0,1.0,20.0,,Richmond vs Texas,-20.0
2026,Texas,SEC,11/10,1,4.0,4,4.0,0.0,Stable,2,2,Elite Lock,11,9,2,0.818,2026-02-10,2,401818597.0,2025-11-11T01:00Z,Louisiana,Home,W,100.0,38.0,4.0,99.0,23.0,27.0,,,False,,https://a.espncdn.com/i/teamlogos/ncaa/500/251.png,https://a.espncdn.com/i/teamlogos/ncaa/500/309.png,,TEX,UL,af5c37,ce181e,2025-11-11,62.0,1.0,No Upset,Ranked vs Unranked,Blowout (20+),Blowout,20+,4.0,Unranked,Other,2,2.0,0.0,64.0,128.0,66.0,62.0,0.0,0.0,0.0,0.0,2.0,0.0,2,4,2,#2 – #4,None,,,,,,,,3.0,54.3,3.0,0.0,3-0,1.0,0.0,0.0,0-0,,0.0,0.0,0-0,,3.0,0.0,3-0,1.0,1.0,0.0,1-0,1.0,22.0,,Louisiana vs Texas,-22.0
2026,Texas,SEC,11/10,1,4.0,4,4.0,0.0,Stable,2,2,Elite Lock,11,9,2,0.818,2026-02-10,2,401818598.0,2025-11-16T22:00Z,Texas Southern,Home,W,111.0,45.0,4.0,99.0,23.0,26.0,,,False,,https://a.espncdn.com/i/teamlogos/ncaa/500/251.png,https://a.espncdn.com/i/teamlogos/ncaa/500/2640.png,,TEX,TXSO,af5c37,860038,2025-11-16,66.0,1.0,No Upset,Ranked vs Unranked,Blowout (20+),Blowout,20+,4.0,Unranked,Other,2,2.0,0.0,64.0,128.0,66.0,62.0,0.0,0.0,0.0,0.0,2.0,0.0,2,4,2,#2 – #4,None,,,,,,,,4.0,57.2,4.0,0.0,4-0,1.0,0.0,0.0,0-0,,0.0,0.0,0-0,,4.0,0.0,4-0,1.0,1.0,0.0,1-0,1.0,22.0,,Texas vs Texas Southern,-22.0
2026,Texas,SEC,11/17,2,4.0,4,4.0,0.0,Stable,3,3,Elite Lock,11,9,2,0.818,2026-02-10,2,401818599.0,2025-11-20T01:00Z,James Madison,Home,W,95.0,56.0,4.0,99.0,23.0,27.0,,,False,,https://a.espncdn.com/i/teamlogos/ncaa/500/251.png,https://a.espncdn.com/i/teamlogos/ncaa/500/256.png,,TEX,JMU,af5c37,450084,2025-11-20,39.0,1.0,No Upset,Ranked vs Unranked,Blowout (20+),Blowout,20+,4.0,Unranked,Other,1,1.0,0.0,39.0,39.0,39.0,39.0,0.0,0.0,0.0,0.0,1.0,0.0,2,4,2,#2 – #4,None,,,,,,,,5.0,53.6,5.0,0.0,5-0,1.0,0.0,0.0,0-0,,0.0,0.0,0-0,,5.0,0.0,5-0,1.0,1.0,0.0,1-0,1.0,22.0,,James Madison vs Texas,-22.0
2026,Texas,SEC,11/24,3,4.0,4,4.0,0.0,Stable,4,4,Elite Lock,11,9,2,0.818,2026-02-10,2,401818600.0,2025-11-26T19:00Z,UCLA,Neutral,W,76.0,65.0,4.0,3.0,23.0,7.0,,,False,Players Era Championship,https://a.espncdn.com/i/teamlogos/ncaa/500/251.png,https://a.espncdn.com/i/teamlogos/ncaa/500/26.png,,TEX,UCLA,af5c37,2774ae,2025-11-26,11.0,1.0,No Upset,Top 25 Matchup,Comfortable (11-20),Comfortable,11-20,3.0,Top 5,Big Ten,3,3.0,0.0,10.3,31.0,18.0,2.0,0.0,0.0,2.0,1.0,0.0,1.0,2,4,2,#2 – #4,None,,,,,,,,6.0,46.5,6.0,0.0,6-0,1.0,0.0,0.0,0-0,,0.0,0.0,0-0,,5.0,0.0,5-0,1.0,2.0,0.0,2-0,1.0,1.0,,Texas vs UCLA,1.0
2026,Texas,SEC,11/24,3,4.0,4,4.0,0.0,Stable,4,4,Elite Lock,11,9,2,0.818,2026-02-10,2,401831263.0,2025-11-28T01:00Z,South Carolina,Neutral,W,66.0,64.0,4.0,2.0,23.0,23.0,,,True,Players Era Championship - Championship,https://a.espncdn.com/i/teamlogos/ncaa/500/251.png,https://a.espncdn.com/i/teamlogos/ncaa/500/2579.png,SEC,TEX,SC,af5c37,73000a,2025-11-28,2.0,1.0,No Upset,Top 25 Matchup,Nail-Biter (≤5),Nail-Biter,≤5,1.0,Top 5,SEC,3,3.0,0.0,10.3,31.0,18.0,2.0,0.0,0.0,2.0,1.0,0.0,1.0,2,4,2,#2 – #4,None,,,,,,,,7.0,40.1,7.0,0.0,7-0,1.0,1.0,0.0,1-0,1.0,0.0,0.0,0-0,,5.0,0.0,5-0,1.0,3.0,0.0,3-0,1.0,2.0,,South Carolina vs Texas,2.0
2026,Texas,SEC,11/24,3,4.0,4,4.0,0.0,Stable,4,4,Elite Lock,11,9,2,0.818,2026-02-10,2,401818601.0,2025-11-30T19:00Z,Pennsylvania,Home,W,81.0,63.0,4.0,99.0,23.0,12.0,,,False,,https://a.espncdn.com/i/teamlogos/ncaa/500/251.png,https://a.espncdn.com/i/teamlogos/ncaa/500/219.png,,TEX,PENN,af5c37,082A74,2025-11-30,18.0,1.0,No Upset,Ranked vs Unranked,Comfortable (11-20),Comfortable,11-20,3.0,Unranked,Other,3,3.0,0.0,10.3,31.0,18.0,2.0,0.0,0.0,2.0,1.0,0.0,1.0,2,4,2,#2 – #4,None,,,,,,,,8.0,37.4,8.0,0.0,8-0,1.0,1.0,0.0,1-0,1.0,0.0,0.0,0-0,,6.0,0.0,6-0,1.0,3.0,0.0,3-0,1.0,22.0,,Pennsylvania vs Texas,-22.0
2026,Texas,SEC,12/1,4,2.0,2,4.0,2.0,Rising,5,5,Elite Lock,11,9,2,0.818,2026-02-10,2,401806391.0,2025-12-05T00:02Z,UNC,Home,W,79.0,64.0,2.0,11.0,23.0,2.0,,,False,ACC/SEC Women's Challenge,https://a.espncdn.com/i/teamlogos/ncaa/500/251.png,https://a.espncdn.com/i/teamlogos/ncaa/500/153.png,,TEX,UNC,af5c37,7bafd4,2025-12-05,15.0,1.0,No Upset,Top 25 Matchup,Comfortable (11-20),Comfortable,11-20,3.0,Top 25,ACC,2,2.0,0.0,37.0,74.0,59.0,15.0,0.0,0.0,1.0,0.0,1.0,0.0,2,4,2,#2 – #4,None,,,,,,,,9.0,34.9,9.0,0.0,9-0,1.0,1.0,0.0,1-0,1.0,0.0,0.0,0-0,,7.0,0.0,7-0,1.0,4.0,0.0,4-0,1.0,9.0,,Texas vs UNC,-9.0
2026,Texas,SEC,12/1,4,2.0,2,4.0,2.0,Rising,5,5,Elite Lock,11,9,2,0.818,2026-02-10,2,401818602.0,2025-12-07T20:00Z,Prairie View A&M,Home,W,101.0,42.0,2.0,99.0,23.0,26.0,,,False,,https://a.espncdn.com/i/teamlogos/ncaa/500/251.png,https://a.espncdn.com/i/teamlogos/ncaa/500/2504.png,,TEX,PV,af5c37,582c83,2025-12-07,59.0,1.0,No Upset,Ranked vs Unranked,Blowout (20+),Blowout,20+,4.0,Unranked,Other,2,2.0,0.0,37.0,74.0,59.0,15.0,0.0,0.0,1.0,0.0,1.0,0.0,2,4,2,#2 – #4,None,,,,,,,,10.0,37.3,10.0,0.0,10-0,1.0,1.0,0.0,1-0,1.0,0.0,0.0,0-0,,8.0,0.0,8-0,1.0,4.0,0.0,4-0,1.0,24.0,,Prairie View A&M vs Texas,-24.0
2026,Texas,SEC,12/8,5,2.0,2,2.0,0.0,Stable,6,6,Elite Lock,11,9,2,0.818,2026-02-10,2,401818603.0,2025-12-11T00:30Z,UT Rio Grande Valley,Away,W,110.0,45.0,2.0,99.0,23.0,25.0,,,False,,https://a.espncdn.com/i/teamlogos/ncaa/500/251.png,https://a.espncdn.com/i/teamlogos/ncaa/500/292.png,,TEX,RGV,af5c37,dc6000,2025-12-11,65.0,1.0,No Upset,Ranked vs Unranked,Blowout (20+),Blowout,20+,4.0,Unranked,Other,2,2.0,0.0,50.0,100.0,65.0,35.0,0.0,0.0,1.0,0.0,2.0,0.0,2,4,2,#2 – #4,None,,,,,,,,11.0,39.8,11.0,0.0,11-0,1.0,1.0,0.0,1-0,1.0,1.0,0.0,1-0,1.0,8.0,0.0,8-0,1.0,4.0,0.0,4-0,1.0,24.0,,Texas vs UT Rio Grande Valley,-24.0
2026,Texas,SEC,12/8,5,2.0,2,2.0,0.0,Stable,6,6,Elite Lock,11,9,2,0.818,2026-02-10,2,401817583.0,2025-12-14T18:00Z,Baylor,Neutral,W,89.0,54.0,2.0,13.0,23.0,8.0,,,False,Sprouts Farmers Market espnW Invitational,https://a.espncdn.com/i/teamlogos/ncaa/500/251.png,https://a.espncdn.com/i/teamlogos/ncaa/500/239.png,,TEX,BAY,af5c37,154734,2025-12-14,35.0,1.0,No Upset,Top 25 Matchup,Blowout (20+),Blowout,20+,4.0,Top 25,Big East,2,2.0,0.0,50.0,100.0,65.0,35.0,0.0,0.0,1.0,0.0,2.0,0.0,2,4,2,#2 – #4,None,,,,,,,,12.0,39.4,12.0,0.0,12-0,1.0,1.0,0.0,1-0,1.0,1.0,0.0,1-0,1.0,8.0,0.0,8-0,1.0,5.0,0.0,5-0,1.0,11.0,,Baylor vs Texas,-11.0
2026,Texas,SEC,12/15,6,2.0,2,2.0,0.0,Stable,7,7,Elite Lock,11,9,2,0.818,2026-02-10,2,401818604.0,2025-12-18T02:00Z,Northwestern State,Home,W,96.0,38.0,2.0,99.0,23.0,25.0,,,False,,https://a.espncdn.com/i/teamlogos/ncaa/500/251.png,https://a.espncdn.com/i/teamlogos/ncaa/500/2466.png,,TEX,NWST,af5c37,492F91,2025-12-18,58.0,1.0,No Upset,Ranked vs Unranked,Blowout (20+),Blowout,20+,4.0,Unranked,Other,2,2.0,0.0,38.5,77.0,58.0,19.0,0.0,0.0,0.0,0.0,1.0,0.0,2,4,2,#2 – #4,None,,,,,,,,13.0,40.8,13.0,0.0,13-0,1.0,1.0,0.0,1-0,1.0,1.0,0.0,1-0,1.0,9.0,0.0,9-0,1.0,5.0,0.0,5-0,1.0,24.0,,Northwestern State vs Texas,-24.0
2026,Texas,SEC,12/15,6,2.0,2,2.0,0.0,Stable,7,7,Elite Lock,11,9,2,0.818,2026-02-10,2,401818605.0,2025-12-21T19:00Z,South Dakota State,Away,W,70.0,51.0,2.0,99.0,23.0,47.0,,,False,,https://a.espncdn.com/i/teamlogos/ncaa/500/251.png,https://a.espncdn.com/i/teamlogos/ncaa/500/2571.png,,TEX,SDST,af5c37,0033a0,2025-12-21,19.0,1.0,No Upset,Ranked vs Unranked,Comfortable (11-20),Comfortable,11-20,3.0,Unranked,Other,2,2.0,0.0,38.5,77.0,58.0,19.0,0.0,0.0,0.0,0.0,1.0,0.0,2,4,2,#2 – #4,None,,,,,,,,14.0,39.3,14.0,0.0,14-0,1.0,1.0,0.0,1-0,1.0,2.0,0.0,2-0,1.0,9.0,0.0,9-0,1.0,5.0,0.0,5-0,1.0,24.0,,South Dakota State vs Texas,-24.0
2026,Texas,SEC,12/22,7,2.0,2,2.0,0.0,Stable,8,8,Elite Lock,11,9,2,0.818,2026-02-10,2,401807972.0,2025-12-28T19:00Z,SE Louisiana,Home,W,120.0,38.0,2.0,99.0,23.0,25.0,,,False,,https://a.espncdn.com/i/teamlogos/ncaa/500/251.png,https://a.espncdn.com/i/teamlogos/ncaa/500/2545.png,,TEX,SELA,af5c37,215732,2025-12-28,82.0,1.0,No Upset,Ranked vs Unranked,Blowout (20+),Blowout,20+,4.0,Unranked,Other,3,3.0,0.0,34.3,103.0,82.0,3.0,0.0,0.0,1.0,1.0,1.0,2.0,2,4,2,#2 – #4,None,,,,,,,,15.0,42.1,15.0,0.0,15-0,1.0,1.0,0.0,1-0,1.0,2.0,0.0,2-0,1.0,10.0,0.0,10-0,1.0,5.0,0.0,5-0,1.0,24.0,,SE Louisiana vs Texas,-24.0
2026,Texas,SEC,12/22,7,2.0,2,2.0,0.0,Stable,8,8,Elite Lock,11,9,2,0.818,2026-02-10,2,401807534.0,2026-01-02T00:30Z,Missouri,Away,W,89.0,71.0,2.0,99.0,23.0,23.0,,,True,,https://a.espncdn.com/i/teamlogos/ncaa/500/251.png,https://a.espncdn.com/i/teamlogos/ncaa/500/142.png,SEC,TEX,MIZ,af5c37,f1b82d,2026-01-02,18.0,1.0,No Upset,Ranked vs Unranked,Comfortable (11-20),Comfortable,11-20,3.0,Unranked,SEC,3,3.0,0.0,34.3,103.0,82.0,3.0,0.0,0.0,1.0,1.0,1.0,2.0,2,4,2,#2 – #4,None,,,,,,,,16.0,40.6,16.0,0.0,16-0,1.0,2.0,0.0,2-0,1.0,3.0,0.0,3-0,1.0,10.0,0.0,10-0,1.0,5.0,0.0,5-0,1.0,24.0,,Missouri vs Texas,-24.0
2026,Texas,SEC,12/22,7,2.0,2,2.0,0.0,Stable,8,8,Elite Lock,11,9,2,0.818,2026-02-10,2,401807539.0,2026-01-04T20:00Z,Ole Miss,Home,W,67.0,64.0,2.0,15.0,23.0,23.0,,,True,,https://a.espncdn.com/i/teamlogos/ncaa/500/251.png,https://a.espncdn.com/i/teamlogos/ncaa/500/145.png,SEC,TEX,MISS,af5c37,13294b,2026-01-04,3.0,1.0,No Upset,Top 25 Matchup,Nail-Biter (≤5),Nail-Biter,≤5,1.0,Top 25,SEC,3,3.0,0.0,34.3,103.0,82.0,3.0,0.0,0.0,1.0,1.0,1.0,2.0,2,4,2,#2 – #4,None,,,,,,,,17.0,38.4,17.0,0.0,17-0,1.0,3.0,0.0,3-0,1.0,3.0,0.0,3-0,1.0,11.0,0.0,11-0,1.0,6.0,0.0,6-0,1.0,13.0,,Ole Miss vs Texas,-13.0
2026,Texas,SEC,1/5,8,2.0,2,2.0,0.0,Stable,9,9,Elite Lock,11,9,2,0.818,2026-02-10,2,401807545.0,2026-01-09T01:00Z,Auburn,Home,W,97.0,36.0,2.0,99.0,23.0,23.0,,,True,,https://a.espncdn.com/i/teamlogos/ncaa/500/251.png,https://a.espncdn.com/i/teamlogos/ncaa/500/2.png,SEC,TEX,AUB,af5c37,002b5c,2026-01-09,61.0,1.0,No Upset,Ranked vs Unranked,Blowout (20+),Blowout,20+,4.0,Unranked,SEC,2,1.0,1.0,28.0,56.0,61.0,-5.0,0.0,0.0,1.0,1.0,1.0,2.0,2,4,2,#2 – #4,None,,,,,,,,18.0,39.7,18.0,0.0,18-0,1.0,4.0,0.0,4-0,1.0,3.0,0.0,3-0,1.0,12.0,0.0,12-0,1.0,6.0,0.0,6-0,1.0,24.0,,Auburn vs Texas,-24.0
2026,Texas,SEC,1/5,8,2.0,2,2.0,0.0,Stable,9,9,Elite Lock,11,9,2,0.818,2026-02-10,2,401807558.0,2026-01-11T20:00Z,LSU,Away,L,65.0,70.0,2.0,12.0,23.0,23.0,,,True,We Back Pat,https://a.espncdn.com/i/teamlogos/ncaa/500/251.png,https://a.espncdn.com/i/teamlogos/ncaa/500/99.png,SEC,TEX,LSU,af5c37,461d76,2026-01-11,-5.0,0.0,No Upset,Top 25 Matchup,Nail-Biter (≤5),Nail-Biter,≤5,1.0,Top 25,SEC,2,1.0,1.0,28.0,56.0,61.0,-5.0,0.0,0.0,1.0,1.0,1.0,2.0,2,4,2,#2 – #4,None,,,,,,,,19.0,37.3,18.0,1.0,18-1,0.947,4.0,1.0,4-1,0.8,3.0,1.0,3-1,0.75,12.0,0.0,12-0,1.0,6.0,1.0,6-1,0.857,10.0,,LSU vs Texas,-10.0
2026,Texas,SEC,1/12,9,4.0,4,2.0,-2.0,Falling,10,10,Elite Lock,11,9,2,0.818,2026-02-10,2,401807565.0,2026-01-16T00:00Z,South Carolina,Away,L,65.0,68.0,4.0,2.0,23.0,23.0,,,True,,https://a.espncdn.com/i/teamlogos/ncaa/500/251.png,https://a.espncdn.com/i/teamlogos/ncaa/500/2579.png,SEC,TEX,SC,af5c37,73000a,2026-01-16,-3.0,0.0,No Upset,Top 25 Matchup,Nail-Biter (≤5),Nail-Biter,≤5,1.0,Top 5,SEC,2,1.0,1.0,21.0,42.0,45.0,-3.0,0.0,0.0,1.0,1.0,1.0,2.0,2,4,2,#2 – #4,None,,,,,,,,20.0,35.3,18.0,2.0,18-2,0.9,4.0,2.0,4-2,0.667,3.0,2.0,3-2,0.6,12.0,0.0,12-0,1.0,6.0,2.0,6-2,0.75,2.0,,South Carolina vs Texas,2.0
2026,Texas,SEC,1/12,9,4.0,4,2.0,-2.0,Falling,10,10,Elite Lock,11,9,2,0.818,2026-02-10,2,401807571.0,2026-01-18T21:00Z,Texas A&M,Home,W,80.0,35.0,4.0,99.0,23.0,23.0,,,True,We Back Pat,https://a.espncdn.com/i/teamlogos/ncaa/500/251.png,https://a.espncdn.com/i/teamlogos/ncaa/500/245.png,SEC,TEX,TA&M,af5c37,500000,2026-01-18,45.0,1.0,No Upset,Ranked vs Unranked,Blowout (20+),Blowout,20+,4.0,Unranked,SEC,2,1.0,1.0,21.0,42.0,45.0,-3.0,0.0,0.0,1.0,1.0,1.0,2.0,2,4,2,#2 – #4,None,,,,,,,,21.0,35.8,19.0,2.0,19-2,0.905,5.0,2.0,5-2,0.714,3.0,2.0,3-2,0.6,13.0,0.0,13-0,1.0,6.0,2.0,6-2,0.75,22.0,,Texas vs Texas A&M,-22.0
2026,Texas,SEC,1/19,10,4.0,4,4.0,0.0,Stable,11,11,Elite Lock,11,9,2,0.818,2026-02-10,2,,,,,,,,,,,,,,,,,,,,,,,,,,,,,,,,,,0,,,,,,,,,,,,,2,4,2,#2 – #4,None,,,,,,,,,,,,,,,,,,,,,,,,,,,,,,,,,
2026,Texas,SEC,1/26,11,4.0,4,4.0,0.0,Stable,12,12,Elite Lock,11,9,2,0.818,2026-02-10,2,401807589.0,2026-01-30T00:00Z,Florida,Away,W,88.0,68.0,4.0,99.0,23.0,23.0,,,True,,https://a.espncdn.com/i/teamlogos/ncaa/500/251.png,https://a.espncdn.com/i/teamlogos/ncaa/500/57.png,SEC,TEX,FLA,af5c37,0021a5,2026-01-30,20.0,1.0,No Upset,Ranked vs Unranked,Comfortable (11-20),Comfortable,11-20,3.0,Unranked,SEC,2,2.0,0.0,14.0,28.0,20.0,8.0,0.0,0.0,1.0,0.0,0.0,2.0,2,4,2,#2 – #4,None,,,,,,,,22.0,35.0,20.0,2.0,20-2,0.909,6.0,2.0,6-2,0.75,4.0,2.0,4-2,0.667,13.0,0.0,13-0,1.0,6.0,2.0,6-2,0.75,22.0,,Florida vs Texas,-22.0
2026,Texas,SEC,1/26,11,4.0,4,4.0,0.0,Stable,12,12,Elite Lock,11,9,2,0.818,2026-02-10,2,401807597.0,2026-02-01T20:00Z,Oklahoma,Home,W,78.0,70.0,4.0,10.0,23.0,23.0,,,True,,https://a.espncdn.com/i/teamlogos/ncaa/500/251.png,https://a.espncdn.com/i/teamlogos/ncaa/500/201.png,SEC,TEX,OU,af5c37,990000,2026-02-01,8.0,1.0,No Upset,Top 25 Matchup,Close (6-10),Close,6-10,2.0,Top 10,SEC,2,2.0,0.0,14.0,28.0,20.0,8.0,0.0,0.0,1.0,0.0,0.0,2.0,2,4,2,#2 – #4,None,,,,,,,,23.0,33.9,21.0,2.0,21-2,0.913,7.0,2.0,7-2,0.778,4.0,2.0,4-2,0.667,14.0,0.0,14-0,1.0,7.0,2.0,7-2,0.778,6.0,,Oklahoma vs Texas,-6.0
2026,Texas,SEC,2/2,12,4.0,4,4.0,0.0,Stable,13,13,Elite Lock,11,9,2,0.818,2026-02-10,2,401807605.0,2026-02-06T02:08Z,LSU,Home,W,77.0,64.0,4.0,5.0,23.0,23.0,,,True,,https://a.espncdn.com/i/teamlogos/ncaa/500/251.png,https://a.espncdn.com/i/teamlogos/ncaa/500/99.png,SEC,TEX,LSU,af5c37,461d76,2026-02-06,13.0,1.0,No Upset,Top 25 Matchup,Comfortable (11-20),Comfortable,11-20,3.0,Top 5,SEC,1,1.0,0.0,13.0,13.0,13.0,13.0,0.0,0.0,1.0,0.0,0.0,1.0,2,4,2,#2 – #4,None,,,,,,,,24.0,33.0,22.0,2.0,22-2,0.917,8.0,2.0,8-2,0.8,4.0,2.0,4-2,0.667,15.0,0.0,15-0,1.0,8.0,2.0,8-2,0.8,1.0,,LSU vs Texas,-1.0
2026,Texas,SEC,2/9,13,4.0,4,4.0,0.0,Stable,14,14,Elite Lock,11,9,2,0.818,2026-02-10,2,,,,,,,,,,,,,,,,,,,,,,,,,,,,,,,,,,0,,,,,,,,,,,,,2,4,2,#2 – #4,None,,,,,,,,,,,,,,,,,,,,,,,,,,,,,,,,,
2026,Texas Tech,Big 12,Pre,0,,26,,,Unknown,0,0,Steady,2,2,0,1.0,2026-02-10,2,401813787.0,2025-11-04T00:00Z,North Carolina A&T,Home,W,78.0,40.0,99.0,99.0,8.0,10.0,,,False,,https://a.espncdn.com/i/teamlogos/ncaa/500/2641.png,https://a.espncdn.com/i/teamlogos/ncaa/500/2448.png,,TTU,NCAT,da291c,0505aa,2025-11-04,38.0,1.0,No Upset,Unranked Matchup,Blowout (20+),Blowout,20+,4.0,Unranked,Other,3,3.0,0.0,32.7,98.0,38.0,27.0,0.0,0.0,0.0,0.0,3.0,0.0,16,21,5,#16 – #21,None,,,,,,,,1.0,38.0,1.0,0.0,1-0,1.0,0.0,0.0,0-0,,0.0,0.0,0-0,,1.0,0.0,1-0,1.0,0.0,0.0,0-0,,0.0,,North Carolina A&T vs Texas Tech,0.0
2026,Texas Tech,Big 12,Pre,0,,26,,,Unknown,0,0,Steady,2,2,0,1.0,2026-02-10,2,401822984.0,2025-11-07T00:00Z,UTSA,Home,W,79.0,52.0,99.0,99.0,8.0,62.0,,,False,,https://a.espncdn.com/i/teamlogos/ncaa/500/2641.png,https://a.espncdn.com/i/teamlogos/ncaa/500/2636.png,,TTU,UTSA,da291c,0c2340,2025-11-07,27.0,1.0,No Upset,Unranked Matchup,Blowout (20+),Blowout,20+,4.0,Unranked,Other,3,3.0,0.0,32.7,98.0,38.0,27.0,0.0,0.0,0.0,0.0,3.0,0.0,16,21,5,#16 – #21,None,,,,,,,,2.0,32.5,2.0,0.0,2-0,1.0,0.0,0.0,0-0,,0.0,0.0,0-0,,2.0,0.0,2-0,1.0,0.0,0.0,0-0,,0.0,,Texas Tech vs UTSA,0.0
2026,Texas Tech,Big 12,Pre,0,,26,,,Unknown,0,0,Steady,2,2,0,1.0,2026-02-10,2,401822985.0,2025-11-09T20:00Z,Texas State,Home,W,83.0,50.0,99.0,99.0,8.0,27.0,,,False,,https://a.espncdn.com/i/teamlogos/ncaa/500/2641.png,https://a.espncdn.com/i/teamlogos/ncaa/500/326.png,,TTU,TXST,da291c,501214,2025-11-09,33.0,1.0,No Upset,Unranked Matchup,Blowout (20+),Blowout,20+,4.0,Unranked,Other,3,3.0,0.0,32.7,98.0,38.0,27.0,0.0,0.0,0.0,0.0,3.0,0.0,16,21,5,#16 – #21,None,,,,,,,,3.0,32.7,3.0,0.0,3-0,1.0,0.0,0.0,0-0,,0.0,0.0,0-0,,3.0,0.0,3-0,1.0,0.0,0.0,0-0,,0.0,,Texas State vs Texas Tech,0.0
2026,Texas Tech,Big 12,11/10,1,,26,26.0,0.0,Unranked,0,0,Steady,2,2,0,1.0,2026-02-10,2,401822986.0,2025-11-14T00:00Z,SMU,Home,W,91.0,60.0,99.0,99.0,8.0,2.0,,,False,,https://a.espncdn.com/i/teamlogos/ncaa/500/2641.png,https://a.espncdn.com/i/teamlogos/ncaa/500/2567.png,,TTU,SMU,da291c,a80000,2025-11-14,31.0,1.0,No Upset,Unranked Matchup,Blowout (20+),Blowout,20+,4.0,Unranked,ACC,2,2.0,0.0,21.5,43.0,31.0,12.0,0.0,0.0,0.0,0.0,1.0,0.0,16,21,5,#16 – #21,None,,,,,,,,4.0,32.2,4.0,0.0,4-0,1.0,0.0,0.0,0-0,,0.0,0.0,0-0,,4.0,0.0,4-0,1.0,0.0,0.0,0-0,,0.0,,SMU vs Texas Tech,0.0
2026,Texas Tech,Big 12,11/10,1,,26,26.0,0.0,Unranked,0,0,Steady,2,2,0,1.0,2026-02-10,2,401822987.0,2025-11-16T20:00Z,Arkansas,Home,W,80.0,68.0,99.0,99.0,8.0,23.0,,,False,,https://a.espncdn.com/i/teamlogos/ncaa/500/2641.png,https://a.espncdn.com/i/teamlogos/ncaa/500/8.png,,TTU,ARK,da291c,a32136,2025-11-16,12.0,1.0,No Upset,Unranked Matchup,Comfortable (11-20),Comfortable,11-20,3.0,Unranked,SEC,2,2.0,0.0,21.5,43.0,31.0,12.0,0.0,0.0,0.0,0.0,1.0,0.0,16,21,5,#16 – #21,None,,,,,,,,5.0,28.2,5.0,0.0,5-0,1.0,0.0,0.0,0-0,,0.0,0.0,0-0,,5.0,0.0,5-0,1.0,0.0,0.0,0-0,,0.0,,Arkansas vs Texas Tech,0.0
2026,Texas Tech,Big 12,11/17,2,,26,26.0,0.0,Unranked,0,0,Steady,2,2,0,1.0,2026-02-10,2,401822275.0,2025-11-21T00:00Z,Mississippi State,Home,W,69.0,62.0,99.0,99.0,8.0,23.0,,,False,,https://a.espncdn.com/i/teamlogos/ncaa/500/2641.png,https://a.espncdn.com/i/teamlogos/ncaa/500/344.png,,TTU,MSST,da291c,5d1725,2025-11-21,7.0,1.0,No Upset,Unranked Matchup,Close (6-10),Close,6-10,2.0,Unranked,SEC,2,2.0,0.0,16.0,32.0,25.0,7.0,0.0,0.0,0.0,0.0,1.0,0.0,16,21,5,#16 – #21,None,,,,,,,,6.0,24.7,6.0,0.0,6-0,1.0,0.0,0.0,0-0,,0.0,0.0,0-0,,6.0,0.0,6-0,1.0,0.0,0.0,0-0,,0.0,,Mississippi State vs Texas Tech,0.0
2026,Texas Tech,Big 12,11/17,2,,26,26.0,0.0,Unranked,0,0,Steady,2,2,0,1.0,2026-02-10,2,401822988.0,2025-11-23T20:00Z,New Mexico,Away,W,82.0,57.0,99.0,99.0,8.0,44.0,,,False,,https://a.espncdn.com/i/teamlogos/ncaa/500/2641.png,https://a.espncdn.com/i/teamlogos/ncaa/500/167.png,,TTU,UNM,da291c,ba0c2f,2025-11-23,25.0,1.0,No Upset,Unranked Matchup,Blowout (20+),Blowout,20+,4.0,Unranked,Other,2,2.0,0.0,16.0,32.0,25.0,7.0,0.0,0.0,0.0,0.0,1.0,0.0,16,21,5,#16 – #21,None,,,,,,,,7.0,24.7,7.0,0.0,7-0,1.0,0.0,0.0,0-0,,1.0,0.0,1-0,1.0,6.0,0.0,6-0,1.0,0.0,0.0,0-0,,0.0,,New Mexico vs Texas Tech,0.0
2026,Texas Tech,Big 12,11/24,3,,26,26.0,0.0,Unranked,0,0,Steady,2,2,0,1.0,2026-02-10,2,401822989.0,2025-11-25T22:30Z,Old Dominion,Neutral,W,67.0,42.0,99.0,99.0,8.0,27.0,,,False,Hoopfest Women’s Basketball Classic,https://a.espncdn.com/i/teamlogos/ncaa/500/2641.png,https://a.espncdn.com/i/teamlogos/ncaa/500/295.png,,TTU,ODU,da291c,003768,2025-11-25,25.0,1.0,No Upset,Unranked Matchup,Blowout (20+),Blowout,20+,4.0,Unranked,Other,2,2.0,0.0,22.5,45.0,25.0,20.0,0.0,0.0,0.0,0.0,1.0,0.0,16,21,5,#16 – #21,None,,,,,,,,8.0,24.8,8.0,0.0,8-0,1.0,0.0,0.0,0-0,,1.0,0.0,1-0,1.0,6.0,0.0,6-0,1.0,0.0,0.0,0-0,,0.0,,Old Dominion vs Texas Tech,0.0
2026,Texas Tech,Big 12,11/24,3,,26,26.0,0.0,Unranked,0,0,Steady,2,2,0,1.0,2026-02-10,2,401822990.0,2025-11-27T20:00Z,North Texas,Neutral,W,67.0,47.0,99.0,99.0,8.0,62.0,,,False,Hoopfest Women’s Basketball Classic,https://a.espncdn.com/i/teamlogos/ncaa/500/2641.png,https://a.espncdn.com/i/teamlogos/ncaa/500/249.png,,TTU,UNT,da291c,068f33,2025-11-27,20.0,1.0,No Upset,Unranked Matchup,Comfortable (11-20),Comfortable,11-20,3.0,Unranked,Other,2,2.0,0.0,22.5,45.0,25.0,20.0,0.0,0.0,0.0,0.0,1.0,0.0,16,21,5,#16 – #21,None,,,,,,,,9.0,24.2,9.0,0.0,9-0,1.0,0.0,0.0,0-0,,1.0,0.0,1-0,1.0,6.0,0.0,6-0,1.0,0.0,0.0,0-0,,0.0,,North Texas vs Texas Tech,0.0
2026,Texas Tech,Big 12,12/1,4,,26,26.0,0.0,Unranked,0,0,Steady,2,2,0,1.0,2026-02-10,2,401822991.0,2025-12-04T00:00Z,Wichita State,Home,W,83.0,43.0,99.0,99.0,8.0,62.0,,,False,,https://a.espncdn.com/i/teamlogos/ncaa/500/2641.png,https://a.espncdn.com/i/teamlogos/ncaa/500/2724.png,,TTU,WICH,da291c,ffcd00,2025-12-04,40.0,1.0,No Upset,Unranked Matchup,Blowout (20+),Blowout,20+,4.0,Unranked,Other,1,1.0,0.0,40.0,40.0,40.0,40.0,0.0,0.0,0.0,0.0,1.0,0.0,16,21,5,#16 – #21,None,,,,,,,,10.0,25.8,10.0,0.0,10-0,1.0,0.0,0.0,0-0,,1.0,0.0,1-0,1.0,7.0,0.0,7-0,1.0,0.0,0.0,0-0,,0.0,,Texas Tech vs Wichita State,0.0
2026,Texas Tech,Big 12,12/8,5,,26,26.0,0.0,Unranked,0,0,Steady,2,2,0,1.0,2026-02-10,2,401822799.0,2025-12-13T02:00Z,Washington State,Away,W,82.0,51.0,99.0,99.0,8.0,29.0,,,False,,https://a.espncdn.com/i/teamlogos/ncaa/500/2641.png,https://a.espncdn.com/i/teamlogos/ncaa/500/265.png,,TTU,WSU,da291c,a60f2d,2025-12-13,31.0,1.0,No Upset,Unranked Matchup,Blowout (20+),Blowout,20+,4.0,Unranked,Other,2,2.0,0.0,20.5,41.0,31.0,10.0,0.0,0.0,0.0,0.0,1.0,0.0,16,21,5,#16 – #21,None,,,,,,,,11.0,26.3,11.0,0.0,11-0,1.0,0.0,0.0,0-0,,2.0,0.0,2-0,1.0,7.0,0.0,7-0,1.0,0.0,0.0,0-0,,0.0,,Texas Tech vs Washington State,0.0
2026,Texas Tech,Big 12,12/8,5,,26,26.0,0.0,Unranked,0,0,Steady,2,2,0,1.0,2026-02-10,2,401822992.0,2025-12-14T20:00Z,Abilene Christian,Neutral,W,67.0,57.0,99.0,99.0,8.0,30.0,,,False,,https://a.espncdn.com/i/teamlogos/ncaa/500/2641.png,https://a.espncdn.com/i/teamlogos/ncaa/500/2000.png,,TTU,ACU,da291c,592d82,2025-12-14,10.0,1.0,No Upset,Unranked Matchup,Close (6-10),Close,6-10,2.0,Unranked,Other,2,2.0,0.0,20.5,41.0,31.0,10.0,0.0,0.0,0.0,0.0,1.0,0.0,16,21,5,#16 – #21,None,,,,,,,,12.0,24.9,12.0,0.0,12-0,1.0,0.0,0.0,0-0,,2.0,0.0,2-0,1.0,7.0,0.0,7-0,1.0,0.0,0.0,0-0,,0.0,,Abilene Christian vs Texas Tech,0.0
2026,Texas Tech,Big 12,12/15,6,,26,26.0,0.0,Unranked,0,0,Steady,2,2,0,1.0,2026-02-10,2,401822207.0,2025-12-17T17:30Z,Jacksonville,Home,W,76.0,40.0,99.0,99.0,8.0,46.0,,,False,,https://a.espncdn.com/i/teamlogos/ncaa/500/2641.png,https://a.espncdn.com/i/teamlogos/ncaa/500/294.png,,TTU,JAX,da291c,00523e,2025-12-17,36.0,1.0,No Upset,Unranked Matchup,Blowout (20+),Blowout,20+,4.0,Unranked,A-10,2,2.0,0.0,18.5,37.0,36.0,1.0,0.0,1.0,0.0,1.0,1.0,1.0,16,21,5,#16 – #21,None,,,,,,,,13.0,25.8,13.0,0.0,13-0,1.0,0.0,0.0,0-0,,2.0,0.0,2-0,1.0,8.0,0.0,8-0,1.0,0.0,0.0,0-0,,0.0,,Jacksonville vs Texas Tech,0.0
2026,Texas Tech,Big 12,12/15,6,,26,26.0,0.0,Unranked,0,0,Steady,2,2,0,1.0,2026-02-10,2,401827292.0,2025-12-21T21:00Z,Baylor,Away,W,61.0,60.0,99.0,15.0,8.0,8.0,,,True,,https://a.espncdn.com/i/teamlogos/ncaa/500/2641.png,https://a.espncdn.com/i/teamlogos/ncaa/500/239.png,Big 12,TTU,BAY,da291c,154734,2025-12-21,1.0,1.0,Upset Win,Ranked vs Unranked,Nail-Biter (≤5),Nail-Biter,≤5,1.0,Top 25,Big East,2,2.0,0.0,18.5,37.0,36.0,1.0,0.0,1.0,0.0,1.0,1.0,1.0,16,21,5,#16 – #21,None,,,,,,,,14.0,24.0,14.0,0.0,14-0,1.0,1.0,0.0,1-0,1.0,3.0,0.0,3-0,1.0,8.0,0.0,8-0,1.0,1.0,0.0,1-0,1.0,11.0,Unranked Texas Tech beat #15 Baylor,Baylor vs Texas Tech,11.0
2026,Texas Tech,Big 12,12/22,7,21.0,21,26.0,5.0,New,1,1,Steady,2,2,0,1.0,2026-02-10,2,401827302.0,2026-01-01T00:00Z,UCF,Home,W,73.0,55.0,21.0,99.0,8.0,8.0,,,True,,https://a.espncdn.com/i/teamlogos/ncaa/500/2641.png,https://a.espncdn.com/i/teamlogos/ncaa/500/2116.png,Big 12,TTU,UCF,da291c,000000,2026-01-01,18.0,1.0,No Upset,Ranked vs Unranked,Comfortable (11-20),Comfortable,11-20,3.0,Unranked,Big East,2,2.0,0.0,24.5,49.0,31.0,18.0,0.0,0.0,0.0,0.0,1.0,2.0,16,21,5,#16 – #21,Entered,Baylor,W,61.0,60.0,2025-12-21,1.0,Away,15.0,23.6,15.0,0.0,15-0,1.0,2.0,0.0,2-0,1.0,3.0,0.0,3-0,1.0,9.0,0.0,9-0,1.0,1.0,0.0,1-0,1.0,5.0,,Texas Tech vs UCF,-5.0
2026,Texas Tech,Big 12,12/22,7,21.0,21,26.0,5.0,New,1,1,Steady,2,2,0,1.0,2026-02-10,2,401827308.0,2026-01-04T00:00Z,Arizona,Home,W,80.0,49.0,21.0,99.0,8.0,8.0,,,True,,https://a.espncdn.com/i/teamlogos/ncaa/500/2641.png,https://a.espncdn.com/i/teamlogos/ncaa/500/12.png,Big 12,TTU,ARIZ,da291c,cc0033,2026-01-04,31.0,1.0,No Upset,Ranked vs Unranked,Blowout (20+),Blowout,20+,4.0,Unranked,Big East,2,2.0,0.0,24.5,49.0,31.0,18.0,0.0,0.0,0.0,0.0,1.0,2.0,16,21,5,#16 – #21,Entered,Baylor,W,61.0,60.0,2025-12-21,1.0,Away,16.0,24.1,16.0,0.0,16-0,1.0,3.0,0.0,3-0,1.0,3.0,0.0,3-0,1.0,10.0,0.0,10-0,1.0,1.0,0.0,1-0,1.0,5.0,,Arizona vs Texas Tech,-5.0
2026,Texas Tech,Big 12,1/5,8,17.0,17,21.0,4.0,Rising,2,2,Steady,2,2,0,1.0,2026-02-10,2,401827319.0,2026-01-08T00:00Z,West Virginia,Away,W,71.0,66.0,17.0,99.0,8.0,8.0,,,True,,https://a.espncdn.com/i/teamlogos/ncaa/500/2641.png,https://a.espncdn.com/i/teamlogos/ncaa/500/277.png,Big 12,TTU,WVU,da291c,eaaa00,2026-01-08,5.0,1.0,No Upset,Ranked vs Unranked,Nail-Biter (≤5),Nail-Biter,≤5,1.0,Unranked,Big East,2,2.0,0.0,8.0,16.0,11.0,5.0,0.0,0.0,0.0,1.0,0.0,2.0,16,21,5,#16 – #21,None,,,,,,,,17.0,22.9,17.0,0.0,17-0,1.0,4.0,0.0,4-0,1.0,4.0,0.0,4-0,1.0,10.0,0.0,10-0,1.0,1.0,0.0,1-0,1.0,9.0,,Texas Tech vs West Virginia,-9.0
2026,Texas Tech,Big 12,1/5,8,17.0,17,21.0,4.0,Rising,2,2,Steady,2,2,0,1.0,2026-02-10,2,401827322.0,2026-01-10T19:00Z,Cincinnati,Away,W,71.0,60.0,17.0,99.0,8.0,8.0,,,True,,https://a.espncdn.com/i/teamlogos/ncaa/500/2641.png,https://a.espncdn.com/i/teamlogos/ncaa/500/2132.png,Big 12,TTU,CIN,da291c,000000,2026-01-10,11.0,1.0,No Upset,Ranked vs Unranked,Comfortable (11-20),Comfortable,11-20,3.0,Unranked,Big East,2,2.0,0.0,8.0,16.0,11.0,5.0,0.0,0.0,0.0,1.0,0.0,2.0,16,21,5,#16 – #21,None,,,,,,,,18.0,22.3,18.0,0.0,18-0,1.0,5.0,0.0,5-0,1.0,5.0,0.0,5-0,1.0,10.0,0.0,10-0,1.0,1.0,0.0,1-0,1.0,9.0,,Cincinnati vs Texas Tech,-9.0
2026,Texas Tech,Big 12,1/12,9,17.0,17,17.0,0.0,Stable,3,3,Steady,2,2,0,1.0,2026-02-10,2,401827329.0,2026-01-14T00:00Z,Houston,Home,W,71.0,59.0,17.0,99.0,8.0,8.0,,,True,,https://a.espncdn.com/i/teamlogos/ncaa/500/2641.png,https://a.espncdn.com/i/teamlogos/ncaa/500/248.png,Big 12,TTU,HOU,da291c,c8102e,2026-01-14,12.0,1.0,No Upset,Ranked vs Unranked,Comfortable (11-20),Comfortable,11-20,3.0,Unranked,Big East,2,1.0,1.0,3.0,6.0,12.0,-6.0,1.0,0.0,0.0,0.0,0.0,2.0,16,21,5,#16 – #21,None,,,,,,,,19.0,21.7,19.0,0.0,19-0,1.0,6.0,0.0,6-0,1.0,5.0,0.0,5-0,1.0,11.0,0.0,11-0,1.0,1.0,0.0,1-0,1.0,9.0,,Houston vs Texas Tech,-9.0
2026,Texas Tech,Big 12,1/12,9,17.0,17,17.0,0.0,Stable,3,3,Steady,2,2,0,1.0,2026-02-10,2,401827339.0,2026-01-17T19:00Z,Kansas State,Home,L,59.0,65.0,17.0,99.0,8.0,8.0,,,True,,https://a.espncdn.com/i/teamlogos/ncaa/500/2641.png,https://a.espncdn.com/i/teamlogos/ncaa/500/2306.png,Big 12,TTU,KSU,da291c,330a57,2026-01-17,-6.0,0.0,Upset Loss,Ranked vs Unranked,Close (6-10),Close,6-10,2.0,Unranked,Big East,2,1.0,1.0,3.0,6.0,12.0,-6.0,1.0,0.0,0.0,0.0,0.0,2.0,16,21,5,#16 – #21,None,,,,,,,,20.0,20.4,19.0,1.0,19-1,0.95,6.0,1.0,6-1,0.857,5.0,0.0,5-0,1.0,11.0,1.0,11-1,0.917,1.0,0.0,1-0,1.0,9.0,#17 Texas Tech lost to Unranked Kansas State,Kansas State vs Texas Tech,-9.0
2026,Texas Tech,Big 12,1/19,10,19.0,19,17.0,-2.0,Falling,4,4,Steady,2,2,0,1.0,2026-02-10,2,401827345.0,2026-01-22T02:00Z,BYU,Away,L,61.0,73.0,19.0,99.0,8.0,8.0,,,True,,https://a.espncdn.com/i/teamlogos/ncaa/500/2641.png,https://a.espncdn.com/i/teamlogos/ncaa/500/252.png,Big 12,TTU,BYU,da291c,0047ba,2026-01-22,-12.0,0.0,Upset Loss,Ranked vs Unranked,Comfortable (11-20),Comfortable,11-20,3.0,Unranked,Big East,2,1.0,1.0,8.0,16.0,28.0,-12.0,1.0,0.0,0.0,0.0,1.0,2.0,16,21,5,#16 – #21,None,,,,,,,,21.0,18.8,19.0,2.0,19-2,0.905,6.0,2.0,6-2,0.75,5.0,1.0,5-1,0.833,11.0,1.0,11-1,0.917,1.0,0.0,1-0,1.0,7.0,#19 Texas Tech lost to Unranked BYU,BYU vs Texas Tech,-7.0
2026,Texas Tech,Big 12,1/19,10,19.0,19,17.0,-2.0,Falling,4,4,Steady,2,2,0,1.0,2026-02-10,2,401827353.0,2026-01-25T00:00Z,Utah,Away,W,77.0,49.0,19.0,99.0,8.0,8.0,,,True,,https://a.espncdn.com/i/teamlogos/ncaa/500/2641.png,https://a.espncdn.com/i/teamlogos/ncaa/500/254.png,Big 12,TTU,UTAH,da291c,be0000,2026-01-25,28.0,1.0,No Upset,Ranked vs Unranked,Blowout (20+),Blowout,20+,4.0,Unranked,Big East,2,1.0,1.0,8.0,16.0,28.0,-12.0,1.0,0.0,0.0,0.0,1.0,2.0,16,21,5,#16 – #21,None,,,,,,,,22.0,19.2,20.0,2.0,20-2,0.909,7.0,2.0,7-2,0.778,6.0,1.0,6-1,0.857,11.0,1.0,11-1,0.917,1.0,0.0,1-0,1.0,7.0,,Texas Tech vs Utah,-7.0
2026,Texas Tech,Big 12,1/26,11,21.0,21,19.0,-2.0,Falling,5,5,Steady,2,2,0,1.0,2026-02-10,2,401827360.0,2026-01-29T00:00Z,Iowa State,Home,L,70.0,84.0,21.0,99.0,8.0,8.0,,,True,,https://a.espncdn.com/i/teamlogos/ncaa/500/2641.png,https://a.espncdn.com/i/teamlogos/ncaa/500/66.png,Big 12,TTU,ISU,da291c,ae192d,2026-01-29,-14.0,0.0,Upset Loss,Ranked vs Unranked,Comfortable (11-20),Comfortable,11-20,3.0,Unranked,Big East,2,1.0,1.0,-6.0,-12.0,2.0,-14.0,1.0,0.0,1.0,1.0,0.0,2.0,16,21,5,#16 – #21,None,,,,,,,,23.0,17.8,20.0,3.0,20-3,0.87,7.0,3.0,7-3,0.7,6.0,1.0,6-1,0.857,11.0,2.0,11-2,0.846,1.0,0.0,1-0,1.0,5.0,#21 Texas Tech lost to Unranked Iowa State,Iowa State vs Texas Tech,-5.0
2026,Texas Tech,Big 12,1/26,11,21.0,21,19.0,-2.0,Falling,5,5,Steady,2,2,0,1.0,2026-02-10,2,401827369.0,2026-02-01T19:00Z,TCU,Home,W,62.0,60.0,21.0,12.0,8.0,8.0,,,True,,https://a.espncdn.com/i/teamlogos/ncaa/500/2641.png,https://a.espncdn.com/i/teamlogos/ncaa/500/2628.png,Big 12,TTU,TCU,da291c,4d1979,2026-02-01,2.0,1.0,No Upset,Top 25 Matchup,Nail-Biter (≤5),Nail-Biter,≤5,1.0,Top 25,Big East,2,1.0,1.0,-6.0,-12.0,2.0,-14.0,1.0,0.0,1.0,1.0,0.0,2.0,16,21,5,#16 – #21,None,,,,,,,,24.0,17.1,21.0,3.0,21-3,0.875,8.0,3.0,8-3,0.727,6.0,1.0,6-1,0.857,12.0,2.0,12-2,0.857,2.0,0.0,2-0,1.0,9.0,,TCU vs Texas Tech,9.0
2026,Texas Tech,Big 12,2/2,12,18.0,18,21.0,3.0,Rising,6,6,Steady,2,2,0,1.0,2026-02-10,2,401827379.0,2026-02-07T23:00Z,Houston,Away,W,85.0,61.0,18.0,99.0,8.0,8.0,,,True,,https://a.espncdn.com/i/teamlogos/ncaa/500/2641.png,https://a.espncdn.com/i/teamlogos/ncaa/500/248.png,Big 12,TTU,HOU,da291c,c8102e,2026-02-07,24.0,1.0,No Upset,Ranked vs Unranked,Blowout (20+),Blowout,20+,4.0,Unranked,Big East,1,1.0,0.0,24.0,24.0,24.0,24.0,0.0,0.0,0.0,0.0,1.0,1.0,16,21,5,#16 – #21,None,,,,,,,,25.0,17.4,22.0,3.0,22-3,0.88,9.0,3.0,9-3,0.75,7.0,1.0,7-1,0.875,12.0,2.0,12-2,0.857,2.0,0.0,2-0,1.0,8.0,,Houston vs Texas Tech,-8.0
2026,Texas Tech,Big 12,2/9,13,16.0,16,18.0,2.0,Rising,7,7,Steady,2,2,0,1.0,2026-02-10,2,,,,,,,,,,,,,,,,,,,,,,,,,,,,,,,,,,0,,,,,,,,,,,,,16,21,5,#16 – #21,None,,,,,,,,,,,,,,,,,,,,,,,,,,,,,,,,,
2026,UCLA,Big Ten,Pre,0,3.0,3,,,Unknown,1,1,Elite Lock,10,9,1,0.9,2026-02-10,2,401822217.0,2025-11-04T03:00Z,San Diego State,Neutral,W,77.0,53.0,3.0,99.0,7.0,44.0,,,False,,https://a.espncdn.com/i/teamlogos/ncaa/500/26.png,https://a.espncdn.com/i/teamlogos/ncaa/500/21.png,,UCLA,SDSU,2774ae,a6192e,2025-11-04,24.0,1.0,No Upset,Ranked vs Unranked,Blowout (20+),Blowout,20+,4.0,Unranked,Other,2,2.0,0.0,30.5,61.0,37.0,24.0,0.0,0.0,0.0,0.0,2.0,0.0,2,4,2,#2 – #4,None,,,,,,,,1.0,24.0,1.0,0.0,1-0,1.0,0.0,0.0,0-0,,0.0,0.0,0-0,,0.0,0.0,0-0,,0.0,0.0,0-0,,23.0,,San Diego State vs UCLA,-23.0
2026,UCLA,Big Ten,Pre,0,3.0,3,,,Unknown,1,1,Elite Lock,10,9,1,0.9,2026-02-10,2,401830364.0,2025-11-06T19:30Z,UC Santa Barbara,Home,W,87.0,50.0,3.0,99.0,7.0,9.0,,,False,,https://a.espncdn.com/i/teamlogos/ncaa/500/26.png,https://a.espncdn.com/i/teamlogos/ncaa/500/2540.png,,UCLA,UCSB,2774ae,1e1840,2025-11-06,37.0,1.0,No Upset,Ranked vs Unranked,Blowout (20+),Blowout,20+,4.0,Unranked,Other,2,2.0,0.0,30.5,61.0,37.0,24.0,0.0,0.0,0.0,0.0,2.0,0.0,2,4,2,#2 – #4,None,,,,,,,,2.0,30.5,2.0,0.0,2-0,1.0,0.0,0.0,0-0,,0.0,0.0,0-0,,1.0,0.0,1-0,1.0,0.0,0.0,0-0,,23.0,,UC Santa Barbara vs UCLA,-23.0
2026,UCLA,Big Ten,11/10,1,3.0,3,3.0,0.0,Stable,2,2,Elite Lock,10,9,1,0.9,2026-02-10,2,401830623.0,2025-11-11T03:30Z,Oklahoma,Neutral,W,73.0,59.0,3.0,6.0,7.0,23.0,,,False,,https://a.espncdn.com/i/teamlogos/ncaa/500/26.png,https://a.espncdn.com/i/teamlogos/ncaa/500/201.png,,UCLA,OU,2774ae,990000,2025-11-11,14.0,1.0,No Upset,Top 25 Matchup,Comfortable (11-20),Comfortable,11-20,3.0,Top 10,SEC,3,3.0,0.0,21.7,65.0,33.0,14.0,0.0,0.0,2.0,0.0,1.0,0.0,2,4,2,#2 – #4,None,,,,,,,,3.0,25.0,3.0,0.0,3-0,1.0,0.0,0.0,0-0,,0.0,0.0,0-0,,1.0,0.0,1-0,1.0,1.0,0.0,1-0,1.0,3.0,,Oklahoma vs UCLA,-3.0
2026,UCLA,Big Ten,11/10,1,3.0,3,3.0,0.0,Stable,2,2,Elite Lock,10,9,1,0.9,2026-02-10,2,401819775.0,2025-11-14T02:00Z,UNC,Neutral,W,78.0,60.0,3.0,11.0,7.0,2.0,,,False,WBCA Challenge,https://a.espncdn.com/i/teamlogos/ncaa/500/26.png,https://a.espncdn.com/i/teamlogos/ncaa/500/153.png,,UCLA,UNC,2774ae,7bafd4,2025-11-14,18.0,1.0,No Upset,Top 25 Matchup,Comfortable (11-20),Comfortable,11-20,3.0,Top 25,ACC,3,3.0,0.0,21.7,65.0,33.0,14.0,0.0,0.0,2.0,0.0,1.0,0.0,2,4,2,#2 – #4,None,,,,,,,,4.0,23.2,4.0,0.0,4-0,1.0,0.0,0.0,0-0,,0.0,0.0,0-0,,1.0,0.0,1-0,1.0,2.0,0.0,2-0,1.0,8.0,,UCLA vs UNC,-8.0
2026,UCLA,Big Ten,11/10,1,3.0,3,3.0,0.0,Stable,2,2,Elite Lock,10,9,1,0.9,2026-02-10,2,401822198.0,2025-11-16T02:00Z,South Florida,Neutral,W,94.0,61.0,3.0,99.0,7.0,62.0,,,False,WBCA Challenge,https://a.espncdn.com/i/teamlogos/ncaa/500/26.png,https://a.espncdn.com/i/teamlogos/ncaa/500/58.png,,UCLA,USF,2774ae,006747,2025-11-16,33.0,1.0,No Upset,Ranked vs Unranked,Blowout (20+),Blowout,20+,4.0,Unranked,Other,3,3.0,0.0,21.7,65.0,33.0,14.0,0.0,0.0,2.0,0.0,1.0,0.0,2,4,2,#2 – #4,None,,,,,,,,5.0,25.2,5.0,0.0,5-0,1.0,0.0,0.0,0-0,,0.0,0.0,0-0,,1.0,0.0,1-0,1.0,2.0,0.0,2-0,1.0,23.0,,South Florida vs UCLA,-23.0
2026,UCLA,Big Ten,11/17,2,3.0,3,3.0,0.0,Stable,3,3,Elite Lock,10,9,1,0.9,2026-02-10,2,401830107.0,2025-11-23T22:00Z,Southern,Home,W,88.0,37.0,3.0,99.0,7.0,26.0,,,False,,https://a.espncdn.com/i/teamlogos/ncaa/500/26.png,https://a.espncdn.com/i/teamlogos/ncaa/500/2582.png,,UCLA,SOU,2774ae,004B97,2025-11-23,51.0,1.0,No Upset,Ranked vs Unranked,Blowout (20+),Blowout,20+,4.0,Unranked,Other,1,1.0,0.0,51.0,51.0,51.0,51.0,0.0,0.0,0.0,0.0,1.0,0.0,2,4,2,#2 – #4,None,,,,,,,,6.0,29.5,6.0,0.0,6-0,1.0,0.0,0.0,0-0,,0.0,0.0,0-0,,2.0,0.0,2-0,1.0,2.0,0.0,2-0,1.0,23.0,,Southern vs UCLA,-23.0
2026,UCLA,Big Ten,11/24,3,3.0,3,3.0,0.0,Stable,4,4,Elite Lock,10,9,1,0.9,2026-02-10,2,401818600.0,2025-11-26T19:00Z,Texas,Neutral,L,65.0,76.0,3.0,4.0,7.0,23.0,,,False,Players Era Championship,https://a.espncdn.com/i/teamlogos/ncaa/500/26.png,https://a.espncdn.com/i/teamlogos/ncaa/500/251.png,,UCLA,TEX,2774ae,af5c37,2025-11-26,-11.0,0.0,No Upset,Top 25 Matchup,Comfortable (11-20),Comfortable,11-20,3.0,Top 5,SEC,3,2.0,1.0,13.7,41.0,30.0,-11.0,0.0,0.0,2.0,0.0,2.0,0.0,2,4,2,#2 – #4,None,,,,,,,,7.0,23.7,6.0,1.0,6-1,0.857,0.0,0.0,0-0,,0.0,0.0,0-0,,2.0,0.0,2-0,1.0,2.0,1.0,2-1,0.667,1.0,,Texas vs UCLA,-1.0
2026,UCLA,Big Ten,11/24,3,3.0,3,3.0,0.0,Stable,4,4,Elite Lock,10,9,1,0.9,2026-02-10,2,401831264.0,2025-11-28T03:30Z,Duke,Neutral,W,89.0,59.0,3.0,99.0,7.0,2.0,,,False,Players Era Championship - Consolation,https://a.espncdn.com/i/teamlogos/ncaa/500/26.png,https://a.espncdn.com/i/teamlogos/ncaa/500/150.png,,UCLA,DUKE,2774ae,00539b,2025-11-28,30.0,1.0,No Upset,Ranked vs Unranked,Blowout (20+),Blowout,20+,4.0,Unranked,ACC,3,2.0,1.0,13.7,41.0,30.0,-11.0,0.0,0.0,2.0,0.0,2.0,0.0,2,4,2,#2 – #4,None,,,,,,,,8.0,24.5,7.0,1.0,7-1,0.875,0.0,0.0,0-0,,0.0,0.0,0-0,,2.0,0.0,2-0,1.0,2.0,1.0,2-1,0.667,23.0,,Duke vs UCLA,-23.0
2026,UCLA,Big Ten,11/24,3,3.0,3,3.0,0.0,Stable,4,4,Elite Lock,10,9,1,0.9,2026-02-10,2,401818593.0,2025-11-30T21:30Z,Tennessee,Home,W,99.0,77.0,3.0,14.0,7.0,23.0,,,False,,https://a.espncdn.com/i/teamlogos/ncaa/500/26.png,https://a.espncdn.com/i/teamlogos/ncaa/500/2633_ncw.png,,UCLA,TENN,2774ae,ff8200,2025-11-30,22.0,1.0,No Upset,Top 25 Matchup,Blowout (20+),Blowout,20+,4.0,Top 25,SEC,3,2.0,1.0,13.7,41.0,30.0,-11.0,0.0,0.0,2.0,0.0,2.0,0.0,2,4,2,#2 – #4,None,,,,,,,,9.0,24.2,8.0,1.0,8-1,0.889,0.0,0.0,0-0,,0.0,0.0,0-0,,3.0,0.0,3-0,1.0,3.0,1.0,3-1,0.75,11.0,,Tennessee vs UCLA,-11.0
2026,UCLA,Big Ten,12/1,4,4.0,4,3.0,-1.0,Falling,5,5,Elite Lock,10,9,1,0.9,2026-02-10,2,401825226.0,2025-12-07T20:00Z,Oregon,Home,W,80.0,59.0,4.0,99.0,7.0,7.0,,,True,,https://a.espncdn.com/i/teamlogos/ncaa/500/26.png,https://a.espncdn.com/i/teamlogos/ncaa/500/2483.png,Big Ten,UCLA,ORE,2774ae,00934b,2025-12-07,21.0,1.0,No Upset,Ranked vs Unranked,Blowout (20+),Blowout,20+,4.0,Unranked,Big Ten,1,1.0,0.0,21.0,21.0,21.0,21.0,0.0,0.0,0.0,0.0,1.0,1.0,2,4,2,#2 – #4,None,,,,,,,,10.0,23.9,9.0,1.0,9-1,0.9,1.0,0.0,1-0,1.0,0.0,0.0,0-0,,4.0,0.0,4-0,1.0,3.0,1.0,3-1,0.75,22.0,,Oregon vs UCLA,-22.0
2026,UCLA,Big Ten,12/8,5,4.0,4,4.0,0.0,Stable,6,6,Elite Lock,10,9,1,0.9,2026-02-10,2,,,,,,,,,,,,,,,,,,,,,,,,,,,,,,,,,,0,,,,,,,,,,,,,2,4,2,#2 – #4,None,,,,,,,,,,,,,,,,,,,,,,,,,,,,,,,,,
2026,UCLA,Big Ten,12/15,6,4.0,4,4.0,0.0,Stable,7,7,Elite Lock,10,9,1,0.9,2026-02-10,2,401830369.0,2025-12-17T03:00Z,Cal Poly,Home,W,115.0,28.0,4.0,99.0,7.0,9.0,,,False,,https://a.espncdn.com/i/teamlogos/ncaa/500/26.png,https://a.espncdn.com/i/teamlogos/ncaa/500/13.png,,UCLA,CP,2774ae,1E4D2B,2025-12-17,87.0,1.0,No Upset,Ranked vs Unranked,Blowout (20+),Blowout,20+,4.0,Unranked,Other,2,2.0,0.0,74.5,149.0,87.0,62.0,0.0,0.0,0.0,0.0,2.0,0.0,2,4,2,#2 – #4,None,,,,,,,,11.0,29.6,10.0,1.0,10-1,0.909,1.0,0.0,1-0,1.0,0.0,0.0,0-0,,5.0,0.0,5-0,1.0,3.0,1.0,3-1,0.75,22.0,,Cal Poly vs UCLA,-22.0
2026,UCLA,Big Ten,12/15,6,4.0,4,4.0,0.0,Stable,7,7,Elite Lock,10,9,1,0.9,2026-02-10,2,401819549.0,2025-12-20T22:00Z,Long Beach State,Home,W,106.0,44.0,4.0,99.0,7.0,9.0,,,False,,https://a.espncdn.com/i/teamlogos/ncaa/500/26.png,https://a.espncdn.com/i/teamlogos/ncaa/500/299.png,,UCLA,LBSU,2774ae,000000,2025-12-20,62.0,1.0,No Upset,Ranked vs Unranked,Blowout (20+),Blowout,20+,4.0,Unranked,Other,2,2.0,0.0,74.5,149.0,87.0,62.0,0.0,0.0,0.0,0.0,2.0,0.0,2,4,2,#2 – #4,None,,,,,,,,12.0,32.3,11.0,1.0,11-1,0.917,1.0,0.0,1-0,1.0,0.0,0.0,0-0,,6.0,0.0,6-0,1.0,3.0,1.0,3-1,0.75,22.0,,Long Beach State vs UCLA,-22.0
2026,UCLA,Big Ten,12/22,7,4.0,4,4.0,0.0,Stable,8,8,Elite Lock,10,9,1,0.9,2026-02-10,2,401825231.0,2025-12-28T19:00Z,Ohio State,Away,W,82.0,75.0,4.0,19.0,7.0,7.0,,,True,,https://a.espncdn.com/i/teamlogos/ncaa/500/26.png,https://a.espncdn.com/i/teamlogos/ncaa/500/194.png,Big Ten,UCLA,OSU,2774ae,ba0c2f,2025-12-28,7.0,1.0,No Upset,Top 25 Matchup,Close (6-10),Close,6-10,2.0,Top 25,Big Ten,3,3.0,0.0,25.7,77.0,36.0,7.0,0.0,0.0,2.0,0.0,2.0,3.0,2,4,2,#2 – #4,None,,,,,,,,13.0,30.4,12.0,1.0,12-1,0.923,2.0,0.0,2-0,1.0,1.0,0.0,1-0,1.0,6.0,0.0,6-0,1.0,4.0,1.0,4-1,0.8,15.0,,Ohio State vs UCLA,-15.0
2026,UCLA,Big Ten,12/22,7,4.0,4,4.0,0.0,Stable,8,8,Elite Lock,10,9,1,0.9,2026-02-10,2,401825238.0,2025-12-31T19:00Z,Penn State,Away,W,97.0,61.0,4.0,99.0,7.0,7.0,,,True,,https://a.espncdn.com/i/teamlogos/ncaa/500/26.png,https://a.espncdn.com/i/teamlogos/ncaa/500/213.png,Big Ten,UCLA,PSU,2774ae,061440,2025-12-31,36.0,1.0,No Upset,Ranked vs Unranked,Blowout (20+),Blowout,20+,4.0,Unranked,Big Ten,3,3.0,0.0,25.7,77.0,36.0,7.0,0.0,0.0,2.0,0.0,2.0,3.0,2,4,2,#2 – #4,None,,,,,,,,14.0,30.8,13.0,1.0,13-1,0.929,3.0,0.0,3-0,1.0,2.0,0.0,2-0,1.0,6.0,0.0,6-0,1.0,4.0,1.0,4-1,0.8,22.0,,Penn State vs UCLA,-22.0
2026,UCLA,Big Ten,12/22,7,4.0,4,4.0,0.0,Stable,8,8,Elite Lock,10,9,1,0.9,2026-02-10,2,401825245.0,2026-01-04T01:00Z,USC,Home,W,80.0,46.0,4.0,17.0,7.0,7.0,,,True,,https://a.espncdn.com/i/teamlogos/ncaa/500/26.png,https://a.espncdn.com/i/teamlogos/ncaa/500/30.png,Big Ten,UCLA,USC,2774ae,9d2235,2026-01-04,34.0,1.0,No Upset,Top 25 Matchup,Blowout (20+),Blowout,20+,4.0,Top 25,Big Ten,3,3.0,0.0,25.7,77.0,36.0,7.0,0.0,0.0,2.0,0.0,2.0,3.0,2,4,2,#2 – #4,None,,,,,,,,15.0,31.0,14.0,1.0,14-1,0.933,4.0,0.0,4-0,1.0,2.0,0.0,2-0,1.0,7.0,0.0,7-0,1.0,5.0,1.0,5-1,0.833,13.0,,UCLA vs USC,-13.0
2026,UCLA,Big Ten,1/5,8,4.0,4,4.0,0.0,Stable,9,9,Elite Lock,10,9,1,0.9,2026-02-10,2,,,,,,,,,,,,,,,,,,,,,,,,,,,,,,,,,,0,,,,,,,,,,,,,2,4,2,#2 – #4,None,,,,,,,,,,,,,,,,,,,,,,,,,,,,,,,,,
2026,UCLA,Big Ten,1/12,9,3.0,3,4.0,1.0,Rising,10,10,Elite Lock,10,9,1,0.9,2026-02-10,2,401825267.0,2026-01-12T00:00Z,Nebraska,Away,W,83.0,61.0,4.0,25.0,7.0,7.0,,,True,,https://a.espncdn.com/i/teamlogos/ncaa/500/26.png,https://a.espncdn.com/i/teamlogos/ncaa/500/158.png,Big Ten,UCLA,NEB,2774ae,e31937,2026-01-12,22.0,1.0,No Upset,Top 25 Matchup,Blowout (20+),Blowout,20+,4.0,Top 25,Big Ten,3,3.0,0.0,23.3,70.0,30.0,18.0,0.0,0.0,2.0,0.0,2.0,3.0,2,4,2,#2 – #4,None,,,,,,,,16.0,30.4,15.0,1.0,15-1,0.938,5.0,0.0,5-0,1.0,3.0,0.0,3-0,1.0,7.0,0.0,7-0,1.0,6.0,1.0,6-1,0.857,21.0,,Nebraska vs UCLA,-21.0
2026,UCLA,Big Ten,1/12,9,3.0,3,4.0,1.0,Rising,10,10,Elite Lock,10,9,1,0.9,2026-02-10,2,401825271.0,2026-01-15T01:00Z,Minnesota,Away,W,76.0,58.0,3.0,99.0,7.0,7.0,,,True,,https://a.espncdn.com/i/teamlogos/ncaa/500/26.png,https://a.espncdn.com/i/teamlogos/ncaa/500/135.png,Big Ten,UCLA,MINN,2774ae,5e0a2f,2026-01-15,18.0,1.0,No Upset,Ranked vs Unranked,Comfortable (11-20),Comfortable,11-20,3.0,Unranked,Big Ten,3,3.0,0.0,23.3,70.0,30.0,18.0,0.0,0.0,2.0,0.0,2.0,3.0,2,4,2,#2 – #4,None,,,,,,,,17.0,29.7,16.0,1.0,16-1,0.941,6.0,0.0,6-0,1.0,4.0,0.0,4-0,1.0,7.0,0.0,7-0,1.0,6.0,1.0,6-1,0.857,23.0,,Minnesota vs UCLA,-23.0
2026,UCLA,Big Ten,1/12,9,3.0,3,4.0,1.0,Rising,10,10,Elite Lock,10,9,1,0.9,2026-02-10,2,401825278.0,2026-01-18T21:00Z,Maryland,Home,W,97.0,67.0,3.0,12.0,7.0,7.0,,,True,,https://a.espncdn.com/i/teamlogos/ncaa/500/26.png,https://a.espncdn.com/i/teamlogos/ncaa/500/120.png,Big Ten,UCLA,MD,2774ae,ce1126,2026-01-18,30.0,1.0,No Upset,Top 25 Matchup,Blowout (20+),Blowout,20+,4.0,Top 25,Big Ten,3,3.0,0.0,23.3,70.0,30.0,18.0,0.0,0.0,2.0,0.0,2.0,3.0,2,4,2,#2 – #4,None,,,,,,,,18.0,29.7,17.0,1.0,17-1,0.944,7.0,0.0,7-0,1.0,4.0,0.0,4-0,1.0,8.0,0.0,8-0,1.0,7.0,1.0,7-1,0.875,9.0,,Maryland vs UCLA,-9.0
2026,UCLA,Big Ten,1/19,10,3.0,3,3.0,0.0,Stable,11,11,Elite Lock,10,9,1,0.9,2026-02-10,2,401825288.0,2026-01-22T03:00Z,Purdue,Home,W,96.0,48.0,3.0,99.0,7.0,7.0,,,True,,https://a.espncdn.com/i/teamlogos/ncaa/500/26.png,https://a.espncdn.com/i/teamlogos/ncaa/500/2509.png,Big Ten,UCLA,PUR,2774ae,ceb888,2026-01-22,48.0,1.0,No Upset,Ranked vs Unranked,Blowout (20+),Blowout,20+,4.0,Unranked,Big Ten,2,2.0,0.0,41.0,82.0,48.0,34.0,0.0,0.0,0.0,0.0,2.0,2.0,2,4,2,#2 – #4,None,,,,,,,,19.0,30.7,18.0,1.0,18-1,0.947,8.0,0.0,8-0,1.0,4.0,0.0,4-0,1.0,9.0,0.0,9-0,1.0,7.0,1.0,7-1,0.875,23.0,,Purdue vs UCLA,-23.0
2026,UCLA,Big Ten,1/19,10,3.0,3,3.0,0.0,Stable,11,11,Elite Lock,10,9,1,0.9,2026-02-10,2,401825298.0,2026-01-25T21:00Z,Northwestern,Away,W,80.0,46.0,3.0,99.0,7.0,7.0,,,True,,https://a.espncdn.com/i/teamlogos/ncaa/500/26.png,https://a.espncdn.com/i/teamlogos/ncaa/500/77.png,Big Ten,UCLA,NU,2774ae,492f92,2026-01-25,34.0,1.0,No Upset,Ranked vs Unranked,Blowout (20+),Blowout,20+,4.0,Unranked,Big Ten,2,2.0,0.0,41.0,82.0,48.0,34.0,0.0,0.0,0.0,0.0,2.0,2.0,2,4,2,#2 – #4,None,,,,,,,,20.0,30.8,19.0,1.0,19-1,0.95,9.0,0.0,9-0,1.0,5.0,0.0,5-0,1.0,9.0,0.0,9-0,1.0,7.0,1.0,7-1,0.875,23.0,,Northwestern vs UCLA,-23.0
2026,UCLA,Big Ten,1/26,11,2.0,2,3.0,1.0,Rising,12,12,Elite Lock,10,9,1,0.9,2026-02-10,2,401825303.0,2026-01-29T00:00Z,Illinois,Away,W,80.0,67.0,2.0,99.0,7.0,7.0,,,True,,https://a.espncdn.com/i/teamlogos/ncaa/500/26.png,https://a.espncdn.com/i/teamlogos/ncaa/500/356.png,Big Ten,UCLA,ILL,2774ae,ff5f05,2026-01-29,13.0,1.0,No Upset,Ranked vs Unranked,Comfortable (11-20),Comfortable,11-20,3.0,Unranked,Big Ten,2,2.0,0.0,18.0,36.0,23.0,13.0,0.0,0.0,1.0,0.0,1.0,2.0,2,4,2,#2 – #4,None,,,,,,,,21.0,30.0,20.0,1.0,20-1,0.952,10.0,0.0,10-0,1.0,6.0,0.0,6-0,1.0,9.0,0.0,9-0,1.0,7.0,1.0,7-1,0.875,24.0,,Illinois vs UCLA,-24.0
2026,UCLA,Big Ten,1/26,11,2.0,2,3.0,1.0,Rising,12,12,Elite Lock,10,9,1,0.9,2026-02-10,2,401825312.0,2026-02-01T21:00Z,Iowa,Home,W,88.0,65.0,2.0,8.0,7.0,7.0,,,True,,https://a.espncdn.com/i/teamlogos/ncaa/500/26.png,https://a.espncdn.com/i/teamlogos/ncaa/500/2294.png,Big Ten,UCLA,IOWA,2774ae,231f20,2026-02-01,23.0,1.0,No Upset,Top 25 Matchup,Blowout (20+),Blowout,20+,4.0,Top 10,Big Ten,2,2.0,0.0,18.0,36.0,23.0,13.0,0.0,0.0,1.0,0.0,1.0,2.0,2,4,2,#2 – #4,None,,,,,,,,22.0,29.7,21.0,1.0,21-1,0.955,11.0,0.0,11-0,1.0,6.0,0.0,6-0,1.0,10.0,0.0,10-0,1.0,8.0,1.0,8-1,0.889,6.0,,Iowa vs UCLA,-6.0
2026,UCLA,Big Ten,2/2,12,2.0,2,2.0,0.0,Stable,13,13,Elite Lock,10,9,1,0.9,2026-02-10,2,401825323.0,2026-02-05T03:00Z,Rutgers,Home,W,86.0,46.0,2.0,99.0,7.0,7.0,,,True,,https://a.espncdn.com/i/teamlogos/ncaa/500/26.png,https://a.espncdn.com/i/teamlogos/ncaa/500/164.png,Big Ten,UCLA,RUTG,2774ae,ce0e2d,2026-02-05,40.0,1.0,No Upset,Ranked vs Unranked,Blowout (20+),Blowout,20+,4.0,Unranked,Big Ten,2,2.0,0.0,21.5,43.0,40.0,3.0,0.0,0.0,1.0,1.0,1.0,2.0,2,4,2,#2 – #4,None,,,,,,,,23.0,30.1,22.0,1.0,22-1,0.957,12.0,0.0,12-0,1.0,6.0,0.0,6-0,1.0,11.0,0.0,11-0,1.0,8.0,1.0,8-1,0.889,24.0,,Rutgers vs UCLA,-24.0
2026,UCLA,Big Ten,2/2,12,2.0,2,2.0,0.0,Stable,13,13,Elite Lock,10,9,1,0.9,2026-02-10,2,401825332.0,2026-02-08T20:00Z,Michigan,Away,W,69.0,66.0,2.0,8.0,7.0,7.0,,,True,,https://a.espncdn.com/i/teamlogos/ncaa/500/26.png,https://a.espncdn.com/i/teamlogos/ncaa/500/130.png,Big Ten,UCLA,MICH,2774ae,00274c,2026-02-08,3.0,1.0,No Upset,Top 25 Matchup,Nail-Biter (≤5),Nail-Biter,≤5,1.0,Top 10,Big Ten,2,2.0,0.0,21.5,43.0,40.0,3.0,0.0,0.0,1.0,1.0,1.0,2.0,2,4,2,#2 – #4,None,,,,,,,,24.0,29.0,23.0,1.0,23-1,0.958,13.0,0.0,13-0,1.0,7.0,0.0,7-0,1.0,11.0,0.0,11-0,1.0,9.0,1.0,9-1,0.9,6.0,,Michigan vs UCLA,-6.0
2026,UCLA,Big Ten,2/9,13,2.0,2,2.0,0.0,Stable,14,14,Elite Lock,10,9,1,0.9,2026-02-10,2,,,,,,,,,,,,,,,,,,,,,,,,,,,,,,,,,,0,,,,,,,,,,,,,2,4,2,#2 – #4,None,,,,,,,,,,,,,,,,,,,,,,,,,,,,,,,,,
2026,UConn,Big East,Pre,0,1.0,1,,,Unknown,1,1,Elite Lock,5,5,0,1.0,2026-02-10,2,401817381.0,2025-11-04T22:30Z,Louisville,Neutral,W,79.0,66.0,1.0,20.0,4.0,2.0,,,False,Peraton Armed Forces Classic,https://a.espncdn.com/i/teamlogos/ncaa/500/41.png,https://a.espncdn.com/i/teamlogos/ncaa/500/97.png,,CONN,LOU,0c2340,c9001f,2025-11-04,13.0,1.0,No Upset,Top 25 Matchup,Comfortable (11-20),Comfortable,11-20,3.0,Top 25,ACC,2,2.0,0.0,22.5,45.0,32.0,13.0,0.0,0.0,1.0,0.0,1.0,0.0,1,1,0,#1 – #1,None,,,,,,,,1.0,13.0,1.0,0.0,1-0,1.0,0.0,0.0,0-0,,0.0,0.0,0-0,,0.0,0.0,0-0,,1.0,0.0,1-0,1.0,19.0,,Louisville vs UConn,-19.0
2026,UConn,Big East,Pre,0,1.0,1,,,Unknown,1,1,Elite Lock,5,5,0,1.0,2026-02-10,2,401817382.0,2025-11-09T21:30Z,Florida State,Home,W,99.0,67.0,1.0,99.0,4.0,2.0,,,False,,https://a.espncdn.com/i/teamlogos/ncaa/500/41.png,https://a.espncdn.com/i/teamlogos/ncaa/500/52.png,,CONN,FSU,0c2340,782f40,2025-11-09,32.0,1.0,No Upset,Ranked vs Unranked,Blowout (20+),Blowout,20+,4.0,Unranked,ACC,2,2.0,0.0,22.5,45.0,32.0,13.0,0.0,0.0,1.0,0.0,1.0,0.0,1,1,0,#1 – #1,None,,,,,,,,2.0,22.5,2.0,0.0,2-0,1.0,0.0,0.0,0-0,,0.0,0.0,0-0,,1.0,0.0,1-0,1.0,1.0,0.0,1-0,1.0,25.0,,Florida State vs UConn,-25.0
2026,UConn,Big East,11/10,1,1.0,1,1.0,0.0,Stable,2,2,Elite Lock,5,5,0,1.0,2026-02-10,2,401817383.0,2025-11-13T00:30Z,Loyola Chicago,Home,W,85.0,31.0,1.0,99.0,4.0,3.0,,,False,,https://a.espncdn.com/i/teamlogos/ncaa/500/41.png,https://a.espncdn.com/i/teamlogos/ncaa/500/2350.png,,CONN,LUC,0c2340,9d1244,2025-11-13,54.0,1.0,No Upset,Ranked vs Unranked,Blowout (20+),Blowout,20+,4.0,Unranked,Other,2,2.0,0.0,43.0,86.0,54.0,32.0,0.0,0.0,0.0,0.0,2.0,0.0,1,1,0,#1 – #1,None,,,,,,,,3.0,33.0,3.0,0.0,3-0,1.0,0.0,0.0,0-0,,0.0,0.0,0-0,,2.0,0.0,2-0,1.0,1.0,0.0,1-0,1.0,25.0,,Loyola Chicago vs UConn,-25.0
2026,UConn,Big East,11/10,1,1.0,1,1.0,0.0,Stable,2,2,Elite Lock,5,5,0,1.0,2026-02-10,2,401817384.0,2025-11-16T17:00Z,Ohio State,Home,W,100.0,68.0,1.0,99.0,4.0,7.0,,,False,,https://a.espncdn.com/i/teamlogos/ncaa/500/41.png,https://a.espncdn.com/i/teamlogos/ncaa/500/194.png,,CONN,OSU,0c2340,ba0c2f,2025-11-16,32.0,1.0,No Upset,Ranked vs Unranked,Blowout (20+),Blowout,20+,4.0,Unranked,Big Ten,2,2.0,0.0,43.0,86.0,54.0,32.0,0.0,0.0,0.0,0.0,2.0,0.0,1,1,0,#1 – #1,None,,,,,,,,4.0,32.8,4.0,0.0,4-0,1.0,0.0,0.0,0-0,,0.0,0.0,0-0,,3.0,0.0,3-0,1.0,1.0,0.0,1-0,1.0,25.0,,Ohio State vs UConn,-25.0
2026,UConn,Big East,11/17,2,1.0,1,1.0,0.0,Stable,3,3,Elite Lock,5,5,0,1.0,2026-02-10,2,401817385.0,2025-11-22T01:00Z,Michigan,Neutral,W,72.0,69.0,1.0,6.0,4.0,7.0,,,False,Hall of Fame Women's Showcase,https://a.espncdn.com/i/teamlogos/ncaa/500/41.png,https://a.espncdn.com/i/teamlogos/ncaa/500/130.png,,CONN,MICH,0c2340,00274c,2025-11-22,3.0,1.0,No Upset,Top 25 Matchup,Nail-Biter (≤5),Nail-Biter,≤5,1.0,Top 10,Big Ten,2,2.0,0.0,27.5,55.0,52.0,3.0,0.0,0.0,1.0,1.0,1.0,0.0,1,1,0,#1 – #1,None,,,,,,,,5.0,26.8,5.0,0.0,5-0,1.0,0.0,0.0,0-0,,0.0,0.0,0-0,,3.0,0.0,3-0,1.0,2.0,0.0,2-0,1.0,5.0,,Michigan vs UConn,-5.0
2026,UConn,Big East,11/17,2,1.0,1,1.0,0.0,Stable,3,3,Elite Lock,5,5,0,1.0,2026-02-10,2,401817386.0,2025-11-23T19:30Z,Utah,Neutral,W,93.0,41.0,1.0,99.0,4.0,8.0,,,False,Hall of Fame Women's Showcase,https://a.espncdn.com/i/teamlogos/ncaa/500/41.png,https://a.espncdn.com/i/teamlogos/ncaa/500/254.png,,CONN,UTAH,0c2340,be0000,2025-11-23,52.0,1.0,No Upset,Ranked vs Unranked,Blowout (20+),Blowout,20+,4.0,Unranked,Big East,2,2.0,0.0,27.5,55.0,52.0,3.0,0.0,0.0,1.0,1.0,1.0,0.0,1,1,0,#1 – #1,None,,,,,,,,6.0,31.0,6.0,0.0,6-0,1.0,0.0,0.0,0-0,,0.0,0.0,0-0,,3.0,0.0,3-0,1.0,2.0,0.0,2-0,1.0,25.0,,UConn vs Utah,-25.0
2026,UConn,Big East,11/24,3,1.0,1,1.0,0.0,Stable,4,4,Elite Lock,5,5,0,1.0,2026-02-10,2,401825597.0,2025-11-30T19:30Z,Xavier,Away,W,104.0,39.0,1.0,99.0,4.0,4.0,,,True,,https://a.espncdn.com/i/teamlogos/ncaa/500/41.png,https://a.espncdn.com/i/teamlogos/ncaa/500/2752.png,Big East,CONN,XAV,0c2340,21304e,2025-11-30,65.0,1.0,No Upset,Ranked vs Unranked,Blowout (20+),Blowout,20+,4.0,Unranked,Big 12,1,1.0,0.0,65.0,65.0,65.0,65.0,0.0,0.0,0.0,0.0,1.0,1.0,1,1,0,#1 – #1,None,,,,,,,,7.0,35.9,7.0,0.0,7-0,1.0,1.0,0.0,1-0,1.0,1.0,0.0,1-0,1.0,3.0,0.0,3-0,1.0,2.0,0.0,2-0,1.0,25.0,,UConn vs Xavier,-25.0
2026,UConn,Big East,12/1,4,1.0,1,1.0,0.0,Stable,5,5,Elite Lock,5,5,0,1.0,2026-02-10,2,401817387.0,2025-12-02T22:00Z,South Florida,Away,W,85.0,51.0,1.0,99.0,4.0,62.0,,,False,,https://a.espncdn.com/i/teamlogos/ncaa/500/41.png,https://a.espncdn.com/i/teamlogos/ncaa/500/58.png,,CONN,USF,0c2340,006747,2025-12-02,34.0,1.0,No Upset,Ranked vs Unranked,Blowout (20+),Blowout,20+,4.0,Unranked,Other,2,2.0,0.0,50.5,101.0,67.0,34.0,0.0,0.0,0.0,0.0,2.0,1.0,1,1,0,#1 – #1,None,,,,,,,,8.0,35.6,8.0,0.0,8-0,1.0,1.0,0.0,1-0,1.0,2.0,0.0,2-0,1.0,3.0,0.0,3-0,1.0,2.0,0.0,2-0,1.0,25.0,,South Florida vs UConn,-25.0
2026,UConn,Big East,12/1,4,1.0,1,1.0,0.0,Stable,5,5,Elite Lock,5,5,0,1.0,2026-02-10,2,401825604.0,2025-12-07T18:00Z,DePaul,Home,W,102.0,35.0,1.0,99.0,4.0,4.0,,,True,,https://a.espncdn.com/i/teamlogos/ncaa/500/41.png,https://a.espncdn.com/i/teamlogos/ncaa/500/305.png,Big East,CONN,DEP,0c2340,2d649c,2025-12-07,67.0,1.0,No Upset,Ranked vs Unranked,Blowout (20+),Blowout,20+,4.0,Unranked,Big 12,2,2.0,0.0,50.5,101.0,67.0,34.0,0.0,0.0,0.0,0.0,2.0,1.0,1,1,0,#1 – #1,None,,,,,,,,9.0,39.1,9.0,0.0,9-0,1.0,2.0,0.0,2-0,1.0,2.0,0.0,2-0,1.0,4.0,0.0,4-0,1.0,2.0,0.0,2-0,1.0,25.0,,DePaul vs UConn,-25.0
2026,UConn,Big East,12/8,5,1.0,1,1.0,0.0,Stable,6,6,Elite Lock,5,5,0,1.0,2026-02-10,2,401817388.0,2025-12-13T22:30Z,USC,Away,W,79.0,51.0,1.0,16.0,4.0,7.0,,,False,,https://a.espncdn.com/i/teamlogos/ncaa/500/41.png,https://a.espncdn.com/i/teamlogos/ncaa/500/30.png,,CONN,USC,0c2340,9d2235,2025-12-13,28.0,1.0,No Upset,Top 25 Matchup,Blowout (20+),Blowout,20+,4.0,Top 25,Big Ten,1,1.0,0.0,28.0,28.0,28.0,28.0,0.0,0.0,1.0,0.0,1.0,0.0,1,1,0,#1 – #1,None,,,,,,,,10.0,38.0,10.0,0.0,10-0,1.0,2.0,0.0,2-0,1.0,3.0,0.0,3-0,1.0,4.0,0.0,4-0,1.0,3.0,0.0,3-0,1.0,15.0,,UConn vs USC,-15.0
2026,UConn,Big East,12/15,6,1.0,1,1.0,0.0,Stable,7,7,Elite Lock,5,5,0,1.0,2026-02-10,2,401825606.0,2025-12-18T00:00Z,Marquette,Home,W,89.0,53.0,1.0,99.0,4.0,4.0,,,True,,https://a.espncdn.com/i/teamlogos/ncaa/500/41.png,https://a.espncdn.com/i/teamlogos/ncaa/500/269.png,Big East,CONN,MARQ,0c2340,003366,2025-12-18,36.0,1.0,No Upset,Ranked vs Unranked,Blowout (20+),Blowout,20+,4.0,Unranked,Big 12,2,2.0,0.0,31.0,62.0,36.0,26.0,0.0,0.0,1.0,0.0,2.0,1.0,1,1,0,#1 – #1,None,,,,,,,,11.0,37.8,11.0,0.0,11-0,1.0,3.0,0.0,3-0,1.0,3.0,0.0,3-0,1.0,5.0,0.0,5-0,1.0,3.0,0.0,3-0,1.0,25.0,,Marquette vs UConn,-25.0
2026,UConn,Big East,12/15,6,1.0,1,1.0,0.0,Stable,7,7,Elite Lock,5,5,0,1.0,2026-02-10,2,401817389.0,2025-12-20T18:30Z,Iowa,Neutral,W,90.0,64.0,1.0,11.0,4.0,7.0,,,False,Champions Classic,https://a.espncdn.com/i/teamlogos/ncaa/500/41.png,https://a.espncdn.com/i/teamlogos/ncaa/500/2294.png,,CONN,IOWA,0c2340,231f20,2025-12-20,26.0,1.0,No Upset,Top 25 Matchup,Blowout (20+),Blowout,20+,4.0,Top 25,Big Ten,2,2.0,0.0,31.0,62.0,36.0,26.0,0.0,0.0,1.0,0.0,2.0,1.0,1,1,0,#1 – #1,None,,,,,,,,12.0,36.8,12.0,0.0,12-0,1.0,3.0,0.0,3-0,1.0,3.0,0.0,3-0,1.0,5.0,0.0,5-0,1.0,4.0,0.0,4-0,1.0,10.0,,Iowa vs UConn,-10.0
2026,UConn,Big East,12/22,7,1.0,1,1.0,0.0,Stable,8,8,Elite Lock,5,5,0,1.0,2026-02-10,2,401825613.0,2025-12-28T21:00Z,Butler,Away,W,94.0,47.0,1.0,99.0,4.0,4.0,,,True,,https://a.espncdn.com/i/teamlogos/ncaa/500/41.png,https://a.espncdn.com/i/teamlogos/ncaa/500/2086.png,Big East,CONN,BUT,0c2340,0d1361,2025-12-28,47.0,1.0,No Upset,Ranked vs Unranked,Blowout (20+),Blowout,20+,4.0,Unranked,Big 12,3,3.0,0.0,40.0,120.0,47.0,36.0,0.0,0.0,0.0,0.0,3.0,3.0,1,1,0,#1 – #1,None,,,,,,,,13.0,37.6,13.0,0.0,13-0,1.0,4.0,0.0,4-0,1.0,4.0,0.0,4-0,1.0,5.0,0.0,5-0,1.0,4.0,0.0,4-0,1.0,25.0,,Butler vs UConn,-25.0
2026,UConn,Big East,12/22,7,1.0,1,1.0,0.0,Stable,8,8,Elite Lock,5,5,0,1.0,2026-02-10,2,401825618.0,2025-12-31T20:00Z,Providence,Away,W,90.0,53.0,1.0,99.0,4.0,4.0,,,True,,https://a.espncdn.com/i/teamlogos/ncaa/500/41.png,https://a.espncdn.com/i/teamlogos/ncaa/500/2507.png,Big East,CONN,PROV,0c2340,000000,2025-12-31,37.0,1.0,No Upset,Ranked vs Unranked,Blowout (20+),Blowout,20+,4.0,Unranked,Big 12,3,3.0,0.0,40.0,120.0,47.0,36.0,0.0,0.0,0.0,0.0,3.0,3.0,1,1,0,#1 – #1,None,,,,,,,,14.0,37.6,14.0,0.0,14-0,1.0,5.0,0.0,5-0,1.0,5.0,0.0,5-0,1.0,5.0,0.0,5-0,1.0,4.0,0.0,4-0,1.0,25.0,,Providence vs UConn,-25.0
2026,UConn,Big East,12/22,7,1.0,1,1.0,0.0,Stable,8,8,Elite Lock,5,5,0,1.0,2026-02-10,2,401825623.0,2026-01-03T17:00Z,Seton Hall,Home,W,84.0,48.0,1.0,99.0,4.0,4.0,,,True,,https://a.espncdn.com/i/teamlogos/ncaa/500/41.png,https://a.espncdn.com/i/teamlogos/ncaa/500/2550.png,Big East,CONN,HALL,0c2340,0857B1,2026-01-03,36.0,1.0,No Upset,Ranked vs Unranked,Blowout (20+),Blowout,20+,4.0,Unranked,Big 12,3,3.0,0.0,40.0,120.0,47.0,36.0,0.0,0.0,0.0,0.0,3.0,3.0,1,1,0,#1 – #1,None,,,,,,,,15.0,37.5,15.0,0.0,15-0,1.0,6.0,0.0,6-0,1.0,5.0,0.0,5-0,1.0,6.0,0.0,6-0,1.0,4.0,0.0,4-0,1.0,25.0,,Seton Hall vs UConn,-25.0
2026,UConn,Big East,1/5,8,1.0,1,1.0,0.0,Stable,9,9,Elite Lock,5,5,0,1.0,2026-02-10,2,401825629.0,2026-01-08T00:30Z,St. John's,Home,W,88.0,43.0,1.0,99.0,4.0,4.0,,,True,,https://a.espncdn.com/i/teamlogos/ncaa/500/41.png,https://a.espncdn.com/i/teamlogos/ncaa/500/2599.png,Big East,CONN,SJU,0c2340,d10000,2026-01-08,45.0,1.0,No Upset,Ranked vs Unranked,Blowout (20+),Blowout,20+,4.0,Unranked,Big 12,2,2.0,0.0,43.0,86.0,45.0,41.0,0.0,0.0,0.0,0.0,2.0,2.0,1,1,0,#1 – #1,None,,,,,,,,16.0,37.9,16.0,0.0,16-0,1.0,7.0,0.0,7-0,1.0,5.0,0.0,5-0,1.0,7.0,0.0,7-0,1.0,4.0,0.0,4-0,1.0,25.0,,St. John's vs UConn,-25.0
2026,UConn,Big East,1/5,8,1.0,1,1.0,0.0,Stable,9,9,Elite Lock,5,5,0,1.0,2026-02-10,2,401825635.0,2026-01-11T19:00Z,Creighton,Away,W,95.0,54.0,1.0,99.0,4.0,4.0,,,True,,https://a.espncdn.com/i/teamlogos/ncaa/500/41.png,https://a.espncdn.com/i/teamlogos/ncaa/500/156.png,Big East,CONN,CREI,0c2340,005ca9,2026-01-11,41.0,1.0,No Upset,Ranked vs Unranked,Blowout (20+),Blowout,20+,4.0,Unranked,Big 12,2,2.0,0.0,43.0,86.0,45.0,41.0,0.0,0.0,0.0,0.0,2.0,2.0,1,1,0,#1 – #1,None,,,,,,,,17.0,38.1,17.0,0.0,17-0,1.0,8.0,0.0,8-0,1.0,6.0,0.0,6-0,1.0,7.0,0.0,7-0,1.0,4.0,0.0,4-0,1.0,25.0,,Creighton vs UConn,-25.0
2026,UConn,Big East,1/12,9,1.0,1,1.0,0.0,Stable,10,10,Elite Lock,5,5,0,1.0,2026-02-10,2,401825641.0,2026-01-16T00:00Z,Villanova,Home,W,99.0,50.0,1.0,99.0,4.0,4.0,,,True,,https://a.espncdn.com/i/teamlogos/ncaa/500/41.png,https://a.espncdn.com/i/teamlogos/ncaa/500/222.png,Big East,CONN,VILL,0c2340,00205b,2026-01-16,49.0,1.0,No Upset,Ranked vs Unranked,Blowout (20+),Blowout,20+,4.0,Unranked,Big 12,1,1.0,0.0,49.0,49.0,49.0,49.0,0.0,0.0,0.0,0.0,1.0,1.0,1,1,0,#1 – #1,None,,,,,,,,18.0,38.7,18.0,0.0,18-0,1.0,9.0,0.0,9-0,1.0,6.0,0.0,6-0,1.0,8.0,0.0,8-0,1.0,4.0,0.0,4-0,1.0,25.0,,UConn vs Villanova,-25.0
2026,UConn,Big East,1/19,10,1.0,1,1.0,0.0,Stable,11,11,Elite Lock,5,5,0,1.0,2026-02-10,2,401817390.0,2026-01-19T22:00Z,Notre Dame,Home,W,85.0,47.0,1.0,99.0,4.0,2.0,,,False,,https://a.espncdn.com/i/teamlogos/ncaa/500/41.png,https://a.espncdn.com/i/teamlogos/ncaa/500/87.png,,CONN,ND,0c2340,062340,2026-01-19,38.0,1.0,No Upset,Ranked vs Unranked,Blowout (20+),Blowout,20+,4.0,Unranked,ACC,3,3.0,0.0,39.7,119.0,41.0,38.0,0.0,0.0,0.0,0.0,3.0,2.0,1,1,0,#1 – #1,None,,,,,,,,19.0,38.7,19.0,0.0,19-0,1.0,9.0,0.0,9-0,1.0,6.0,0.0,6-0,1.0,9.0,0.0,9-0,1.0,4.0,0.0,4-0,1.0,25.0,,Notre Dame vs UConn,-25.0
2026,UConn,Big East,1/19,10,1.0,1,1.0,0.0,Stable,11,11,Elite Lock,5,5,0,1.0,2026-02-10,2,401825651.0,2026-01-23T00:30Z,Georgetown,Away,W,83.0,42.0,1.0,99.0,4.0,4.0,,,True,,https://a.espncdn.com/i/teamlogos/ncaa/500/41.png,https://a.espncdn.com/i/teamlogos/ncaa/500/46.png,Big East,CONN,GTWN,0c2340,110E42,2026-01-23,41.0,1.0,No Upset,Ranked vs Unranked,Blowout (20+),Blowout,20+,4.0,Unranked,Big 12,3,3.0,0.0,39.7,119.0,41.0,38.0,0.0,0.0,0.0,0.0,3.0,2.0,1,1,0,#1 – #1,None,,,,,,,,20.0,38.8,20.0,0.0,20-0,1.0,10.0,0.0,10-0,1.0,7.0,0.0,7-0,1.0,9.0,0.0,9-0,1.0,4.0,0.0,4-0,1.0,25.0,,Georgetown vs UConn,-25.0
2026,UConn,Big East,1/19,10,1.0,1,1.0,0.0,Stable,11,11,Elite Lock,5,5,0,1.0,2026-02-10,2,401825654.0,2026-01-24T17:00Z,Seton Hall,Away,W,92.0,52.0,1.0,99.0,4.0,4.0,,,True,,https://a.espncdn.com/i/teamlogos/ncaa/500/41.png,https://a.espncdn.com/i/teamlogos/ncaa/500/2550.png,Big East,CONN,HALL,0c2340,0857B1,2026-01-24,40.0,1.0,No Upset,Ranked vs Unranked,Blowout (20+),Blowout,20+,4.0,Unranked,Big 12,3,3.0,0.0,39.7,119.0,41.0,38.0,0.0,0.0,0.0,0.0,3.0,2.0,1,1,0,#1 – #1,None,,,,,,,,21.0,38.9,21.0,0.0,21-0,1.0,11.0,0.0,11-0,1.0,8.0,0.0,8-0,1.0,9.0,0.0,9-0,1.0,4.0,0.0,4-0,1.0,25.0,,Seton Hall vs UConn,-25.0
2026,UConn,Big East,1/26,11,1.0,1,1.0,0.0,Stable,12,12,Elite Lock,5,5,0,1.0,2026-02-10,2,401825660.0,2026-01-29T01:00Z,Xavier,Home,W,97.0,39.0,1.0,99.0,4.0,4.0,,,True,,https://a.espncdn.com/i/teamlogos/ncaa/500/41.png,https://a.espncdn.com/i/teamlogos/ncaa/500/2752.png,Big East,CONN,XAV,0c2340,21304e,2026-01-29,58.0,1.0,No Upset,Ranked vs Unranked,Blowout (20+),Blowout,20+,4.0,Unranked,Big 12,2,2.0,0.0,44.0,88.0,58.0,30.0,0.0,0.0,1.0,0.0,2.0,1.0,1,1,0,#1 – #1,None,,,,,,,,22.0,39.7,22.0,0.0,22-0,1.0,12.0,0.0,12-0,1.0,8.0,0.0,8-0,1.0,10.0,0.0,10-0,1.0,4.0,0.0,4-0,1.0,25.0,,UConn vs Xavier,-25.0
2026,UConn,Big East,1/26,11,1.0,1,1.0,0.0,Stable,12,12,Elite Lock,5,5,0,1.0,2026-02-10,2,401817391.0,2026-02-01T17:00Z,Tennessee,Home,W,96.0,66.0,1.0,15.0,4.0,23.0,,,False,,https://a.espncdn.com/i/teamlogos/ncaa/500/41.png,https://a.espncdn.com/i/teamlogos/ncaa/500/2633_ncw.png,,CONN,TENN,0c2340,ff8200,2026-02-01,30.0,1.0,No Upset,Top 25 Matchup,Blowout (20+),Blowout,20+,4.0,Top 25,SEC,2,2.0,0.0,44.0,88.0,58.0,30.0,0.0,0.0,1.0,0.0,2.0,1.0,1,1,0,#1 – #1,None,,,,,,,,23.0,39.3,23.0,0.0,23-0,1.0,12.0,0.0,12-0,1.0,8.0,0.0,8-0,1.0,11.0,0.0,11-0,1.0,5.0,0.0,5-0,1.0,14.0,,Tennessee vs UConn,-14.0
2026,UConn,Big East,2/2,12,1.0,1,1.0,0.0,Stable,13,13,Elite Lock,5,5,0,1.0,2026-02-10,2,401825667.0,2026-02-05T01:00Z,DePaul,Away,W,86.0,40.0,1.0,99.0,4.0,4.0,,,True,,https://a.espncdn.com/i/teamlogos/ncaa/500/41.png,https://a.espncdn.com/i/teamlogos/ncaa/500/305.png,Big East,CONN,DEP,0c2340,2d649c,2026-02-05,46.0,1.0,No Upset,Ranked vs Unranked,Blowout (20+),Blowout,20+,4.0,Unranked,Big 12,2,2.0,0.0,39.0,78.0,46.0,32.0,0.0,0.0,0.0,0.0,2.0,2.0,1,1,0,#1 – #1,None,,,,,,,,24.0,39.6,24.0,0.0,24-0,1.0,13.0,0.0,13-0,1.0,9.0,0.0,9-0,1.0,11.0,0.0,11-0,1.0,5.0,0.0,5-0,1.0,25.0,,DePaul vs UConn,-25.0
2026,UConn,Big East,2/2,12,1.0,1,1.0,0.0,Stable,13,13,Elite Lock,5,5,0,1.0,2026-02-10,2,401825672.0,2026-02-07T17:00Z,Butler,Home,W,80.0,48.0,1.0,99.0,4.0,4.0,,,True,,https://a.espncdn.com/i/teamlogos/ncaa/500/41.png,https://a.espncdn.com/i/teamlogos/ncaa/500/2086.png,Big East,CONN,BUT,0c2340,0d1361,2026-02-07,32.0,1.0,No Upset,Ranked vs Unranked,Blowout (20+),Blowout,20+,4.0,Unranked,Big 12,2,2.0,0.0,39.0,78.0,46.0,32.0,0.0,0.0,0.0,0.0,2.0,2.0,1,1,0,#1 – #1,None,,,,,,,,25.0,39.3,25.0,0.0,25-0,1.0,14.0,0.0,14-0,1.0,9.0,0.0,9-0,1.0,12.0,0.0,12-0,1.0,5.0,0.0,5-0,1.0,25.0,,Butler vs UConn,-25.0
2026,UConn,Big East,2/9,13,1.0,1,1.0,0.0,Stable,14,14,Elite Lock,5,5,0,1.0,2026-02-10,2,,,,,,,,,,,,,,,,,,,,,,,,,,,,,,,,,,0,,,,,,,,,,,,,1,1,0,#1 – #1,None,,,,,,,,,,,,,,,,,,,,,,,,,,,,,,,,,
2026,UNC,ACC,Pre,0,11.0,11,,,Unknown,1,1,Falling,3,0,3,0.0,2026-02-10,2,401807516.0,2025-11-03T16:00Z,North Carolina Central,Home,W,90.0,42.0,11.0,99.0,2.0,16.0,,,False,,https://a.espncdn.com/i/teamlogos/ncaa/500/153.png,https://a.espncdn.com/i/teamlogos/ncaa/500/2428.png,,UNC,NCCU,7bafd4,880023,2025-11-03,48.0,1.0,No Upset,Ranked vs Unranked,Blowout (20+),Blowout,20+,4.0,Unranked,Other,2,2.0,0.0,41.0,82.0,48.0,34.0,0.0,0.0,0.0,0.0,2.0,0.0,11,25,14,#11 – #25,None,,,,,,,,1.0,48.0,1.0,0.0,1-0,1.0,0.0,0.0,0-0,,0.0,0.0,0-0,,1.0,0.0,1-0,1.0,0.0,0.0,0-0,,15.0,,North Carolina Central vs UNC,-15.0
2026,UNC,ACC,Pre,0,11.0,11,,,Unknown,1,1,Falling,3,0,3,0.0,2026-02-10,2,401807517.0,2025-11-07T00:00Z,Elon,Home,W,71.0,37.0,11.0,99.0,2.0,10.0,,,False,,https://a.espncdn.com/i/teamlogos/ncaa/500/153.png,https://a.espncdn.com/i/teamlogos/ncaa/500/2210.png,,UNC,ELON,7bafd4,020303,2025-11-07,34.0,1.0,No Upset,Ranked vs Unranked,Blowout (20+),Blowout,20+,4.0,Unranked,Other,2,2.0,0.0,41.0,82.0,48.0,34.0,0.0,0.0,0.0,0.0,2.0,0.0,11,25,14,#11 – #25,None,,,,,,,,2.0,41.0,2.0,0.0,2-0,1.0,0.0,0.0,0-0,,0.0,0.0,0-0,,2.0,0.0,2-0,1.0,0.0,0.0,0-0,,15.0,,Elon vs UNC,-15.0
2026,UNC,ACC,11/10,1,11.0,11,11.0,0.0,Stable,2,2,Falling,3,0,3,0.0,2026-02-10,2,401819775.0,2025-11-14T02:00Z,UCLA,Neutral,L,60.0,78.0,11.0,3.0,2.0,7.0,,,False,WBCA Challenge,https://a.espncdn.com/i/teamlogos/ncaa/500/153.png,https://a.espncdn.com/i/teamlogos/ncaa/500/26.png,,UNC,UCLA,7bafd4,2774ae,2025-11-14,-18.0,0.0,No Upset,Top 25 Matchup,Comfortable (11-20),Comfortable,11-20,3.0,Top 5,Big Ten,2,1.0,1.0,-2.0,-4.0,14.0,-18.0,0.0,0.0,1.0,0.0,0.0,0.0,11,25,14,#11 – #25,None,,,,,,,,3.0,21.3,2.0,1.0,2-1,0.667,0.0,0.0,0-0,,0.0,0.0,0-0,,2.0,0.0,2-0,1.0,0.0,1.0,0-1,0.0,8.0,,UCLA vs UNC,8.0
2026,UNC,ACC,11/10,1,11.0,11,11.0,0.0,Stable,2,2,Falling,3,0,3,0.0,2026-02-10,2,401819758.0,2025-11-15T23:00Z,Fairfield,Neutral,W,82.0,68.0,11.0,99.0,2.0,13.0,,,False,WBCA Challenge,https://a.espncdn.com/i/teamlogos/ncaa/500/153.png,https://a.espncdn.com/i/teamlogos/ncaa/500/2217.png,,UNC,FAIR,7bafd4,000000,2025-11-15,14.0,1.0,No Upset,Ranked vs Unranked,Comfortable (11-20),Comfortable,11-20,3.0,Unranked,Other,2,1.0,1.0,-2.0,-4.0,14.0,-18.0,0.0,0.0,1.0,0.0,0.0,0.0,11,25,14,#11 – #25,None,,,,,,,,4.0,19.5,3.0,1.0,3-1,0.75,0.0,0.0,0-0,,0.0,0.0,0-0,,2.0,0.0,2-0,1.0,0.0,1.0,0-1,0.0,15.0,,Fairfield vs UNC,-15.0
2026,UNC,ACC,11/17,2,14.0,14,11.0,-3.0,Falling,3,3,Falling,3,0,3,0.0,2026-02-10,2,401807519.0,2025-11-21T00:00Z,North Carolina A&T,Away,W,85.0,50.0,14.0,99.0,2.0,10.0,,,False,,https://a.espncdn.com/i/teamlogos/ncaa/500/153.png,https://a.espncdn.com/i/teamlogos/ncaa/500/2448.png,,UNC,NCAT,7bafd4,0505aa,2025-11-21,35.0,1.0,No Upset,Ranked vs Unranked,Blowout (20+),Blowout,20+,4.0,Unranked,Other,2,2.0,0.0,40.5,81.0,46.0,35.0,0.0,0.0,0.0,0.0,2.0,0.0,11,25,14,#11 – #25,None,,,,,,,,5.0,22.6,4.0,1.0,4-1,0.8,0.0,0.0,0-0,,1.0,0.0,1-0,1.0,2.0,0.0,2-0,1.0,0.0,1.0,0-1,0.0,12.0,,North Carolina A&T vs UNC,-12.0
2026,UNC,ACC,11/17,2,14.0,14,11.0,-3.0,Falling,3,3,Falling,3,0,3,0.0,2026-02-10,2,401807520.0,2025-11-23T23:00Z,UNC Greensboro,Home,W,94.0,48.0,14.0,99.0,2.0,24.0,,,False,,https://a.espncdn.com/i/teamlogos/ncaa/500/153.png,https://a.espncdn.com/i/teamlogos/ncaa/500/2430.png,,UNC,UNCG,7bafd4,003559,2025-11-23,46.0,1.0,No Upset,Ranked vs Unranked,Blowout (20+),Blowout,20+,4.0,Unranked,Other,2,2.0,0.0,40.5,81.0,46.0,35.0,0.0,0.0,0.0,0.0,2.0,0.0,11,25,14,#11 – #25,None,,,,,,,,6.0,26.5,5.0,1.0,5-1,0.833,0.0,0.0,0-0,,1.0,0.0,1-0,1.0,3.0,0.0,3-0,1.0,0.0,1.0,0-1,0.0,12.0,,UNC vs UNC Greensboro,-12.0
2026,UNC,ACC,11/24,3,12.0,12,14.0,2.0,Rising,4,4,Falling,3,0,3,0.0,2026-02-10,2,401817825.0,2025-11-27T16:00Z,South Dakota State,Neutral,W,83.0,48.0,12.0,99.0,2.0,47.0,,,False,Cancun Challenge - Mayan Division,https://a.espncdn.com/i/teamlogos/ncaa/500/153.png,https://a.espncdn.com/i/teamlogos/ncaa/500/2571.png,,UNC,SDST,7bafd4,0033a0,2025-11-27,35.0,1.0,No Upset,Ranked vs Unranked,Blowout (20+),Blowout,20+,4.0,Unranked,Other,3,3.0,0.0,21.3,64.0,35.0,12.0,0.0,0.0,0.0,0.0,1.0,0.0,11,25,14,#11 – #25,None,,,,,,,,7.0,27.7,6.0,1.0,6-1,0.857,0.0,0.0,0-0,,1.0,0.0,1-0,1.0,3.0,0.0,3-0,1.0,0.0,1.0,0-1,0.0,14.0,,South Dakota State vs UNC,-14.0
2026,UNC,ACC,11/24,3,12.0,12,14.0,2.0,Rising,4,4,Falling,3,0,3,0.0,2026-02-10,2,401817830.0,2025-11-28T16:00Z,Kansas State,Neutral,W,85.0,73.0,12.0,99.0,2.0,8.0,,,False,Cancun Challenge - Mayan Division,https://a.espncdn.com/i/teamlogos/ncaa/500/153.png,https://a.espncdn.com/i/teamlogos/ncaa/500/2306.png,,UNC,KSU,7bafd4,330a57,2025-11-28,12.0,1.0,No Upset,Ranked vs Unranked,Comfortable (11-20),Comfortable,11-20,3.0,Unranked,Big East,3,3.0,0.0,21.3,64.0,35.0,12.0,0.0,0.0,0.0,0.0,1.0,0.0,11,25,14,#11 – #25,None,,,,,,,,8.0,25.8,7.0,1.0,7-1,0.875,0.0,0.0,0-0,,1.0,0.0,1-0,1.0,3.0,0.0,3-0,1.0,0.0,1.0,0-1,0.0,14.0,,Kansas State vs UNC,-14.0
2026,UNC,ACC,11/24,3,12.0,12,14.0,2.0,Rising,4,4,Falling,3,0,3,0.0,2026-02-10,2,401817834.0,2025-11-29T18:30Z,Columbia,Neutral,W,80.0,63.0,12.0,99.0,2.0,12.0,,,False,Cancun Challenge - Mayan Division,https://a.espncdn.com/i/teamlogos/ncaa/500/153.png,https://a.espncdn.com/i/teamlogos/ncaa/500/171.png,,UNC,COLU,7bafd4,7ba4db,2025-11-29,17.0,1.0,No Upset,Ranked vs Unranked,Comfortable (11-20),Comfortable,11-20,3.0,Unranked,Other,3,3.0,0.0,21.3,64.0,35.0,12.0,0.0,0.0,0.0,0.0,1.0,0.0,11,25,14,#11 – #25,None,,,,,,,,9.0,24.8,8.0,1.0,8-1,0.889,0.0,0.0,0-0,,1.0,0.0,1-0,1.0,3.0,0.0,3-0,1.0,0.0,1.0,0-1,0.0,14.0,,Columbia vs UNC,-14.0
2026,UNC,ACC,12/1,4,11.0,11,12.0,1.0,Rising,5,5,Falling,3,0,3,0.0,2026-02-10,2,401806391.0,2025-12-05T00:02Z,Texas,Away,L,64.0,79.0,11.0,2.0,2.0,23.0,,,False,ACC/SEC Women's Challenge,https://a.espncdn.com/i/teamlogos/ncaa/500/153.png,https://a.espncdn.com/i/teamlogos/ncaa/500/251.png,,UNC,TEX,7bafd4,af5c37,2025-12-05,-15.0,0.0,No Upset,Top 25 Matchup,Comfortable (11-20),Comfortable,11-20,3.0,Top 5,SEC,2,1.0,1.0,13.5,27.0,42.0,-15.0,0.0,0.0,1.0,0.0,1.0,0.0,11,25,14,#11 – #25,None,,,,,,,,10.0,20.8,8.0,2.0,8-2,0.8,0.0,0.0,0-0,,1.0,1.0,1-1,0.5,3.0,0.0,3-0,1.0,0.0,2.0,0-2,0.0,9.0,,Texas vs UNC,9.0
2026,UNC,ACC,12/1,4,11.0,11,12.0,1.0,Rising,5,5,Falling,3,0,3,0.0,2026-02-10,2,401807521.0,2025-12-07T17:00Z,Boston University,Home,W,82.0,40.0,11.0,99.0,2.0,22.0,,,False,,https://a.espncdn.com/i/teamlogos/ncaa/500/153.png,https://a.espncdn.com/i/teamlogos/ncaa/500/104.png,,UNC,BU,7bafd4,cc0000,2025-12-07,42.0,1.0,No Upset,Ranked vs Unranked,Blowout (20+),Blowout,20+,4.0,Unranked,Other,2,1.0,1.0,13.5,27.0,42.0,-15.0,0.0,0.0,1.0,0.0,1.0,0.0,11,25,14,#11 – #25,None,,,,,,,,11.0,22.7,9.0,2.0,9-2,0.818,0.0,0.0,0-0,,1.0,1.0,1-1,0.5,4.0,0.0,4-0,1.0,0.0,2.0,0-2,0.0,15.0,,Boston University vs UNC,-15.0
2026,UNC,ACC,12/8,5,12.0,12,11.0,-1.0,Falling,6,6,Falling,3,0,3,0.0,2026-02-10,2,401819635.0,2025-12-14T21:00Z,Louisville,Home,L,66.0,76.0,12.0,22.0,2.0,2.0,,,True,,https://a.espncdn.com/i/teamlogos/ncaa/500/153.png,https://a.espncdn.com/i/teamlogos/ncaa/500/97.png,ACC,UNC,LOU,7bafd4,c9001f,2025-12-14,-10.0,0.0,No Upset,Top 25 Matchup,Close (6-10),Close,6-10,2.0,Top 25,ACC,1,0.0,1.0,-10.0,-10.0,-10.0,-10.0,0.0,0.0,1.0,0.0,0.0,1.0,11,25,14,#11 – #25,None,,,,,,,,12.0,20.0,9.0,3.0,9-3,0.75,0.0,1.0,0-1,0.0,1.0,1.0,1-1,0.5,4.0,1.0,4-1,0.8,0.0,3.0,0-3,0.0,10.0,,Louisville vs UNC,-10.0
2026,UNC,ACC,12/15,6,18.0,18,12.0,-6.0,Falling,7,7,Falling,3,0,3,0.0,2026-02-10,2,401807522.0,2025-12-18T01:00Z,UNC Wilmington,Home,W,84.0,34.0,18.0,99.0,2.0,10.0,,,False,,https://a.espncdn.com/i/teamlogos/ncaa/500/153.png,https://a.espncdn.com/i/teamlogos/ncaa/500/350.png,,UNC,UNCW,7bafd4,00665e,2025-12-18,50.0,1.0,No Upset,Ranked vs Unranked,Blowout (20+),Blowout,20+,4.0,Unranked,Other,2,2.0,0.0,34.5,69.0,50.0,19.0,0.0,0.0,0.0,0.0,1.0,0.0,11,25,14,#11 – #25,None,,,,,,,,13.0,22.3,10.0,3.0,10-3,0.769,0.0,1.0,0-1,0.0,1.0,1.0,1-1,0.5,5.0,1.0,5-1,0.833,0.0,3.0,0-3,0.0,8.0,,UNC vs UNC Wilmington,-8.0
2026,UNC,ACC,12/15,6,18.0,18,12.0,-6.0,Falling,7,7,Falling,3,0,3,0.0,2026-02-10,2,401807523.0,2025-12-21T17:00Z,Charleston Southern,Home,W,93.0,74.0,18.0,99.0,2.0,6.0,,,False,,https://a.espncdn.com/i/teamlogos/ncaa/500/153.png,https://a.espncdn.com/i/teamlogos/ncaa/500/2127.png,,UNC,CHSO,7bafd4,2e3192,2025-12-21,19.0,1.0,No Upset,Ranked vs Unranked,Comfortable (11-20),Comfortable,11-20,3.0,Unranked,Other,2,2.0,0.0,34.5,69.0,50.0,19.0,0.0,0.0,0.0,0.0,1.0,0.0,11,25,14,#11 – #25,None,,,,,,,,14.0,22.1,11.0,3.0,11-3,0.786,0.0,1.0,0-1,0.0,1.0,1.0,1-1,0.5,6.0,1.0,6-1,0.857,0.0,3.0,0-3,0.0,8.0,,Charleston Southern vs UNC,-8.0
2026,UNC,ACC,12/22,7,16.0,16,18.0,2.0,Rising,8,8,Falling,3,0,3,0.0,2026-02-10,2,401819639.0,2025-12-30T01:00Z,Boston College,Away,W,90.0,39.0,16.0,99.0,2.0,2.0,,,True,,https://a.espncdn.com/i/teamlogos/ncaa/500/153.png,https://a.espncdn.com/i/teamlogos/ncaa/500/103.png,ACC,UNC,BC,7bafd4,8c2232,2025-12-30,51.0,1.0,No Upset,Ranked vs Unranked,Blowout (20+),Blowout,20+,4.0,Unranked,ACC,3,2.0,1.0,20.3,61.0,51.0,-6.0,1.0,0.0,0.0,0.0,1.0,3.0,11,25,14,#11 – #25,None,,,,,,,,15.0,24.0,12.0,3.0,12-3,0.8,1.0,1.0,1-1,0.5,2.0,1.0,2-1,0.667,6.0,1.0,6-1,0.857,0.0,3.0,0-3,0.0,10.0,,Boston College vs UNC,-10.0
2026,UNC,ACC,12/22,7,16.0,16,18.0,2.0,Rising,8,8,Falling,3,0,3,0.0,2026-02-10,2,401819643.0,2026-01-01T17:00Z,California,Home,W,71.0,55.0,16.0,99.0,2.0,2.0,,,True,,https://a.espncdn.com/i/teamlogos/ncaa/500/153.png,https://a.espncdn.com/i/teamlogos/ncaa/500/25.png,ACC,UNC,CAL,7bafd4,041e42,2026-01-01,16.0,1.0,No Upset,Ranked vs Unranked,Comfortable (11-20),Comfortable,11-20,3.0,Unranked,ACC,3,2.0,1.0,20.3,61.0,51.0,-6.0,1.0,0.0,0.0,0.0,1.0,3.0,11,25,14,#11 – #25,None,,,,,,,,16.0,23.5,13.0,3.0,13-3,0.812,2.0,1.0,2-1,0.667,2.0,1.0,2-1,0.667,7.0,1.0,7-1,0.875,0.0,3.0,0-3,0.0,10.0,,California vs UNC,-10.0
2026,UNC,ACC,12/22,7,16.0,16,18.0,2.0,Rising,8,8,Falling,3,0,3,0.0,2026-02-10,2,401819615.0,2026-01-04T18:00Z,Stanford,Home,L,71.0,77.0,16.0,99.0,2.0,2.0,,,True,,https://a.espncdn.com/i/teamlogos/ncaa/500/153.png,https://a.espncdn.com/i/teamlogos/ncaa/500/24.png,ACC,UNC,STAN,7bafd4,8c1515,2026-01-04,-6.0,0.0,Upset Loss,Ranked vs Unranked,Close (6-10),Close,6-10,2.0,Unranked,ACC,3,2.0,1.0,20.3,61.0,51.0,-6.0,1.0,0.0,0.0,0.0,1.0,3.0,11,25,14,#11 – #25,None,,,,,,,,17.0,21.8,13.0,4.0,13-4,0.765,2.0,2.0,2-2,0.5,2.0,1.0,2-1,0.667,7.0,2.0,7-2,0.778,0.0,3.0,0-3,0.0,10.0,#16 UNC lost to Unranked Stanford,Stanford vs UNC,-10.0
2026,UNC,ACC,1/5,8,22.0,22,16.0,-6.0,Falling,9,9,Falling,3,0,3,0.0,2026-02-10,2,401819662.0,2026-01-11T18:00Z,Notre Dame,Away,L,50.0,73.0,22.0,99.0,2.0,2.0,,,True,,https://a.espncdn.com/i/teamlogos/ncaa/500/153.png,https://a.espncdn.com/i/teamlogos/ncaa/500/87.png,ACC,UNC,ND,7bafd4,062340,2026-01-11,-23.0,0.0,Upset Loss,Ranked vs Unranked,Blowout (20+),Blowout,20+,4.0,Unranked,ACC,1,0.0,1.0,-23.0,-23.0,-23.0,-23.0,1.0,0.0,0.0,0.0,1.0,1.0,11,25,14,#11 – #25,None,,,,,,,,18.0,19.3,13.0,5.0,13-5,0.722,2.0,3.0,2-3,0.4,2.0,2.0,2-2,0.5,7.0,2.0,7-2,0.778,0.0,3.0,0-3,0.0,4.0,#22 UNC lost to Unranked Notre Dame,Notre Dame vs UNC,-4.0
2026,UNC,ACC,1/12,9,,26,22.0,-4.0,Dropped,9,0,Falling,3,0,3,0.0,2026-02-10,2,401819669.0,2026-01-16T00:00Z,Miami (FL),Home,W,73.0,62.0,99.0,99.0,2.0,2.0,,,True,,https://a.espncdn.com/i/teamlogos/ncaa/500/153.png,https://a.espncdn.com/i/teamlogos/ncaa/500/2390.png,ACC,UNC,MIA,7bafd4,f47423,2026-01-16,11.0,1.0,No Upset,Unranked Matchup,Comfortable (11-20),Comfortable,11-20,3.0,Unranked,ACC,2,2.0,0.0,19.0,38.0,27.0,11.0,0.0,0.0,0.0,0.0,1.0,2.0,11,25,14,#11 – #25,Exited,Notre Dame,L,50.0,73.0,2026-01-11,-23.0,Away,19.0,18.8,14.0,5.0,14-5,0.737,3.0,3.0,3-3,0.5,2.0,2.0,2-2,0.5,8.0,2.0,8-2,0.8,0.0,3.0,0-3,0.0,0.0,,Miami (FL) vs UNC,0.0
2026,UNC,ACC,1/12,9,,26,22.0,-4.0,Dropped,9,0,Falling,3,0,3,0.0,2026-02-10,2,401819674.0,2026-01-18T19:00Z,Florida State,Away,W,82.0,55.0,99.0,99.0,2.0,2.0,,,True,,https://a.espncdn.com/i/teamlogos/ncaa/500/153.png,https://a.espncdn.com/i/teamlogos/ncaa/500/52.png,ACC,UNC,FSU,7bafd4,782f40,2026-01-18,27.0,1.0,No Upset,Unranked Matchup,Blowout (20+),Blowout,20+,4.0,Unranked,ACC,2,2.0,0.0,19.0,38.0,27.0,11.0,0.0,0.0,0.0,0.0,1.0,2.0,11,25,14,#11 – #25,Exited,Notre Dame,L,50.0,73.0,2026-01-11,-23.0,Away,20.0,19.2,15.0,5.0,15-5,0.75,4.0,3.0,4-3,0.571,3.0,2.0,3-2,0.6,8.0,2.0,8-2,0.8,0.0,3.0,0-3,0.0,0.0,,Florida State vs UNC,0.0
2026,UNC,ACC,1/19,10,,26,26.0,0.0,Unranked,9,0,Falling,3,0,3,0.0,2026-02-10,2,401819678.0,2026-01-23T01:00Z,Georgia Tech,Away,W,54.0,46.0,99.0,99.0,2.0,2.0,,,True,,https://a.espncdn.com/i/teamlogos/ncaa/500/153.png,https://a.espncdn.com/i/teamlogos/ncaa/500/59.png,ACC,UNC,GT,7bafd4,b3a369,2026-01-23,8.0,1.0,No Upset,Unranked Matchup,Close (6-10),Close,6-10,2.0,Unranked,ACC,2,2.0,0.0,7.0,14.0,8.0,6.0,0.0,0.0,0.0,0.0,0.0,2.0,11,25,14,#11 – #25,None,,,,,,,,21.0,18.7,16.0,5.0,16-5,0.762,5.0,3.0,5-3,0.625,4.0,2.0,4-2,0.667,8.0,2.0,8-2,0.8,0.0,3.0,0-3,0.0,0.0,,Georgia Tech vs UNC,0.0
2026,UNC,ACC,1/19,10,,26,26.0,0.0,Unranked,9,0,Falling,3,0,3,0.0,2026-02-10,2,401819684.0,2026-01-25T17:00Z,Syracuse,Home,W,77.0,71.0,99.0,99.0,2.0,2.0,,,True,,https://a.espncdn.com/i/teamlogos/ncaa/500/153.png,https://a.espncdn.com/i/teamlogos/ncaa/500/183.png,ACC,UNC,SYR,7bafd4,000e54,2026-01-25,6.0,1.0,No Upset,Unranked Matchup,Close (6-10),Close,6-10,2.0,Unranked,ACC,2,2.0,0.0,7.0,14.0,8.0,6.0,0.0,0.0,0.0,0.0,0.0,2.0,11,25,14,#11 – #25,None,,,,,,,,22.0,18.1,17.0,5.0,17-5,0.773,6.0,3.0,6-3,0.667,4.0,2.0,4-2,0.667,9.0,2.0,9-2,0.818,0.0,3.0,0-3,0.0,0.0,,Syracuse vs UNC,0.0
2026,UNC,ACC,1/26,11,,26,26.0,0.0,Unranked,9,0,Falling,3,0,3,0.0,2026-02-10,2,,,,,,,,,,,,,,,,,,,,,,,,,,,,,,,,,,0,,,,,,,,,,,,,11,25,14,#11 – #25,None,,,,,,,,,,,,,,,,,,,,,,,,,,,,,,,,,
2026,UNC,ACC,2/2,12,25.0,25,26.0,1.0,New,10,1,Falling,3,0,3,0.0,2026-02-10,2,401819570.0,2026-02-02T23:00Z,NC State,Away,W,61.0,59.0,25.0,99.0,2.0,2.0,,,True,,https://a.espncdn.com/i/teamlogos/ncaa/500/153.png,https://a.espncdn.com/i/teamlogos/ncaa/500/152.png,ACC,UNC,NCSU,7bafd4,cc0000,2026-02-02,2.0,1.0,No Upset,Ranked vs Unranked,Nail-Biter (≤5),Nail-Biter,≤5,1.0,Unranked,ACC,3,3.0,0.0,13.0,39.0,28.0,2.0,0.0,0.0,0.0,1.0,1.0,3.0,11,25,14,#11 – #25,Entered,,,,,,,,23.0,17.4,18.0,5.0,18-5,0.783,7.0,3.0,7-3,0.7,5.0,2.0,5-2,0.714,9.0,2.0,9-2,0.818,0.0,3.0,0-3,0.0,1.0,,NC State vs UNC,-1.0
2026,UNC,ACC,2/2,12,25.0,25,26.0,1.0,New,10,1,Falling,3,0,3,0.0,2026-02-10,2,401819596.0,2026-02-05T23:00Z,Clemson,Home,W,53.0,44.0,25.0,99.0,2.0,2.0,,,True,Play4Kay,https://a.espncdn.com/i/teamlogos/ncaa/500/153.png,https://a.espncdn.com/i/teamlogos/ncaa/500/228.png,ACC,UNC,CLEM,7bafd4,f56600,2026-02-05,9.0,1.0,No Upset,Ranked vs Unranked,Close (6-10),Close,6-10,2.0,Unranked,ACC,3,3.0,0.0,13.0,39.0,28.0,2.0,0.0,0.0,0.0,1.0,1.0,3.0,11,25,14,#11 – #25,Entered,,,,,,,,24.0,17.1,19.0,5.0,19-5,0.792,8.0,3.0,8-3,0.727,5.0,2.0,5-2,0.714,10.0,2.0,10-2,0.833,0.0,3.0,0-3,0.0,1.0,,Clemson vs UNC,-1.0
2026,UNC,ACC,2/2,12,25.0,25,26.0,1.0,New,10,1,Falling,3,0,3,0.0,2026-02-10,2,401819705.0,2026-02-08T19:00Z,Wake Forest,Away,W,84.0,56.0,25.0,99.0,2.0,2.0,,,True,Play4Kay,https://a.espncdn.com/i/teamlogos/ncaa/500/153.png,https://a.espncdn.com/i/teamlogos/ncaa/500/154.png,ACC,UNC,WAKE,7bafd4,ceb888,2026-02-08,28.0,1.0,No Upset,Ranked vs Unranked,Blowout (20+),Blowout,20+,4.0,Unranked,ACC,3,3.0,0.0,13.0,39.0,28.0,2.0,0.0,0.0,0.0,1.0,1.0,3.0,11,25,14,#11 – #25,Entered,,,,,,,,25.0,17.5,20.0,5.0,20-5,0.8,9.0,3.0,9-3,0.75,6.0,2.0,6-2,0.75,10.0,2.0,10-2,0.833,0.0,3.0,0-3,0.0,1.0,,UNC vs Wake Forest,-1.0
2026,UNC,ACC,2/9,13,21.0,21,25.0,4.0,Rising,11,2,Falling,3,0,3,0.0,2026-02-10,2,,,,,,,,,,,,,,,,,,,,,,,,,,,,,,,,,,0,,,,,,,,,,,,,11,25,14,#11 – #25,None,,,,,,,,,,,,,,,,,,,,,,,,,,,,,,,,,
2026,USC,Big Ten,Pre,0,18.0,18,,,Unknown,1,1,Unranked,11,4,7,0.364,2026-02-10,2,401826672.0,2025-11-05T03:00Z,New Mexico State,Home,W,87.0,48.0,18.0,99.0,7.0,11.0,,,False,,https://a.espncdn.com/i/teamlogos/ncaa/500/30.png,https://a.espncdn.com/i/teamlogos/ncaa/500/166.png,,USC,NMSU,9d2235,7e141b,2025-11-05,39.0,1.0,No Upset,Ranked vs Unranked,Blowout (20+),Blowout,20+,4.0,Unranked,Other,2,2.0,0.0,20.0,40.0,39.0,1.0,0.0,0.0,1.0,1.0,1.0,0.0,8,21,13,#8 – #21,None,,,,,,,,1.0,39.0,1.0,0.0,1-0,1.0,0.0,0.0,0-0,,0.0,0.0,0-0,,1.0,0.0,1-0,1.0,0.0,0.0,0-0,,8.0,,New Mexico State vs USC,-8.0
2026,USC,Big Ten,Pre,0,18.0,18,,,Unknown,1,1,Unranked,11,4,7,0.364,2026-02-10,2,401817574.0,2025-11-09T20:00Z,NC State,Neutral,W,69.0,68.0,18.0,9.0,7.0,2.0,,,False,Ally Tipoff,https://a.espncdn.com/i/teamlogos/ncaa/500/30.png,https://a.espncdn.com/i/teamlogos/ncaa/500/152.png,,USC,NCSU,9d2235,cc0000,2025-11-09,1.0,1.0,No Upset,Top 25 Matchup,Nail-Biter (≤5),Nail-Biter,≤5,1.0,Top 10,ACC,2,2.0,0.0,20.0,40.0,39.0,1.0,0.0,0.0,1.0,1.0,1.0,0.0,8,21,13,#8 – #21,None,,,,,,,,2.0,20.0,2.0,0.0,2-0,1.0,0.0,0.0,0-0,,0.0,0.0,0-0,,1.0,0.0,1-0,1.0,1.0,0.0,1-0,1.0,9.0,,NC State vs USC,9.0
2026,USC,Big Ten,11/10,1,8.0,8,18.0,10.0,Rising,2,2,Unranked,11,4,7,0.364,2026-02-10,2,401811126.0,2025-11-16T02:15Z,South Carolina,Neutral,L,52.0,69.0,8.0,2.0,7.0,23.0,,,False,,https://a.espncdn.com/i/teamlogos/ncaa/500/30.png,https://a.espncdn.com/i/teamlogos/ncaa/500/2579.png,,USC,SC,9d2235,73000a,2025-11-16,-17.0,0.0,No Upset,Top 25 Matchup,Comfortable (11-20),Comfortable,11-20,3.0,Top 5,SEC,1,0.0,1.0,-17.0,-17.0,-17.0,-17.0,0.0,0.0,1.0,0.0,0.0,0.0,8,21,13,#8 – #21,None,,,,,,,,3.0,7.7,2.0,1.0,2-1,0.667,0.0,0.0,0-0,,0.0,0.0,0-0,,1.0,0.0,1-0,1.0,1.0,1.0,1-1,0.5,6.0,,South Carolina vs USC,6.0
2026,USC,Big Ten,11/17,2,11.0,11,8.0,-3.0,Falling,3,3,Unranked,11,4,7,0.364,2026-02-10,2,401826078.0,2025-11-19T03:00Z,Portland,Home,W,78.0,51.0,11.0,99.0,7.0,29.0,,,False,,https://a.espncdn.com/i/teamlogos/ncaa/500/30.png,https://a.espncdn.com/i/teamlogos/ncaa/500/2501.png,,USC,PORT,9d2235,330072,2025-11-19,27.0,1.0,No Upset,Ranked vs Unranked,Blowout (20+),Blowout,20+,4.0,Unranked,Other,2,1.0,1.0,12.5,25.0,27.0,-2.0,0.0,0.0,1.0,1.0,1.0,0.0,8,21,13,#8 – #21,None,,,,,,,,4.0,12.5,3.0,1.0,3-1,0.75,0.0,0.0,0-0,,0.0,0.0,0-0,,2.0,0.0,2-0,1.0,1.0,1.0,1-1,0.5,15.0,,Portland vs USC,-15.0
2026,USC,Big Ten,11/17,2,11.0,11,8.0,-3.0,Falling,3,3,Unranked,11,4,7,0.364,2026-02-10,2,401825023.0,2025-11-21T23:00Z,Notre Dame,Away,L,59.0,61.0,11.0,24.0,7.0,2.0,,,False,,https://a.espncdn.com/i/teamlogos/ncaa/500/30.png,https://a.espncdn.com/i/teamlogos/ncaa/500/87.png,,USC,ND,9d2235,062340,2025-11-21,-2.0,0.0,No Upset,Top 25 Matchup,Nail-Biter (≤5),Nail-Biter,≤5,1.0,Top 25,ACC,2,1.0,1.0,12.5,25.0,27.0,-2.0,0.0,0.0,1.0,1.0,1.0,0.0,8,21,13,#8 – #21,None,,,,,,,,5.0,9.6,3.0,2.0,3-2,0.6,0.0,0.0,0-0,,0.0,1.0,0-1,0.0,2.0,0.0,2-0,1.0,1.0,2.0,1-2,0.333,13.0,,Notre Dame vs USC,-13.0
2026,USC,Big Ten,11/24,3,18.0,18,11.0,-7.0,Falling,4,4,Unranked,11,4,7,0.364,2026-02-10,2,401826673.0,2025-11-26T03:00Z,Tennessee Tech,Home,W,85.0,44.0,18.0,99.0,7.0,20.0,,,False,,https://a.espncdn.com/i/teamlogos/ncaa/500/30.png,https://a.espncdn.com/i/teamlogos/ncaa/500/2635.png,,USC,TNTC,9d2235,5A4099,2025-11-26,41.0,1.0,No Upset,Ranked vs Unranked,Blowout (20+),Blowout,20+,4.0,Unranked,Ivy League,2,2.0,0.0,35.5,71.0,41.0,30.0,0.0,0.0,0.0,0.0,2.0,0.0,8,21,13,#8 – #21,None,,,,,,,,6.0,14.8,4.0,2.0,4-2,0.667,0.0,0.0,0-0,,0.0,1.0,0-1,0.0,3.0,0.0,3-0,1.0,1.0,2.0,1-2,0.333,8.0,,Tennessee Tech vs USC,-8.0
2026,USC,Big Ten,11/24,3,18.0,18,11.0,-7.0,Falling,4,4,Unranked,11,4,7,0.364,2026-02-10,2,401825930.0,2025-11-28T22:00Z,Pepperdine,Home,W,82.0,52.0,18.0,99.0,7.0,29.0,,,False,,https://a.espncdn.com/i/teamlogos/ncaa/500/30.png,https://a.espncdn.com/i/teamlogos/ncaa/500/2492.png,,USC,PEPP,9d2235,003A72,2025-11-28,30.0,1.0,No Upset,Ranked vs Unranked,Blowout (20+),Blowout,20+,4.0,Unranked,Other,2,2.0,0.0,35.5,71.0,41.0,30.0,0.0,0.0,0.0,0.0,2.0,0.0,8,21,13,#8 – #21,None,,,,,,,,7.0,17.0,5.0,2.0,5-2,0.714,0.0,0.0,0-0,,0.0,1.0,0-1,0.0,4.0,0.0,4-0,1.0,1.0,2.0,1-2,0.333,8.0,,Pepperdine vs USC,-8.0
2026,USC,Big Ten,12/1,4,16.0,16,18.0,2.0,Rising,5,5,Unranked,11,4,7,0.364,2026-02-10,2,401826674.0,2025-12-03T03:00Z,Saint Mary's,Home,W,79.0,33.0,16.0,99.0,7.0,29.0,,,False,,https://a.espncdn.com/i/teamlogos/ncaa/500/30.png,https://a.espncdn.com/i/teamlogos/ncaa/500/2608.png,,USC,SMC,9d2235,d80024,2025-12-03,46.0,1.0,No Upset,Ranked vs Unranked,Blowout (20+),Blowout,20+,4.0,Unranked,Other,1,1.0,0.0,46.0,46.0,46.0,46.0,0.0,0.0,0.0,0.0,1.0,0.0,8,21,13,#8 – #21,None,,,,,,,,8.0,20.6,6.0,2.0,6-2,0.75,0.0,0.0,0-0,,0.0,1.0,0-1,0.0,5.0,0.0,5-0,1.0,1.0,2.0,1-2,0.333,10.0,,Saint Mary's vs USC,-10.0
2026,USC,Big Ten,12/8,5,16.0,16,16.0,0.0,Stable,6,6,Unranked,11,4,7,0.364,2026-02-10,2,401825227.0,2025-12-08T01:00Z,Washington,Home,W,59.0,50.0,16.0,21.0,7.0,7.0,,,True,,https://a.espncdn.com/i/teamlogos/ncaa/500/30.png,https://a.espncdn.com/i/teamlogos/ncaa/500/264.png,Big Ten,USC,WASH,9d2235,33006f,2025-12-08,9.0,1.0,No Upset,Top 25 Matchup,Close (6-10),Close,6-10,2.0,Top 25,Big Ten,2,1.0,1.0,-9.5,-19.0,9.0,-28.0,0.0,0.0,2.0,0.0,1.0,1.0,8,21,13,#8 – #21,None,,,,,,,,9.0,19.3,7.0,2.0,7-2,0.778,1.0,0.0,1-0,1.0,0.0,1.0,0-1,0.0,6.0,0.0,6-0,1.0,2.0,2.0,2-2,0.5,5.0,,USC vs Washington,-5.0
2026,USC,Big Ten,12/8,5,16.0,16,16.0,0.0,Stable,6,6,Unranked,11,4,7,0.364,2026-02-10,2,401817388.0,2025-12-13T22:30Z,UConn,Home,L,51.0,79.0,16.0,1.0,7.0,4.0,,,False,,https://a.espncdn.com/i/teamlogos/ncaa/500/30.png,https://a.espncdn.com/i/teamlogos/ncaa/500/41.png,,USC,CONN,9d2235,0c2340,2025-12-13,-28.0,0.0,No Upset,Top 25 Matchup,Blowout (20+),Blowout,20+,4.0,Top 5,Big 12,2,1.0,1.0,-9.5,-19.0,9.0,-28.0,0.0,0.0,2.0,0.0,1.0,1.0,8,21,13,#8 – #21,None,,,,,,,,10.0,14.6,7.0,3.0,7-3,0.7,1.0,0.0,1-0,1.0,0.0,1.0,0-1,0.0,6.0,1.0,6-1,0.857,2.0,3.0,2-3,0.4,15.0,,UConn vs USC,15.0
2026,USC,Big Ten,12/15,6,19.0,19,16.0,-3.0,Falling,7,7,Unranked,11,4,7,0.364,2026-02-10,2,401826675.0,2025-12-19T03:00Z,Cal Poly,Home,W,86.0,39.0,19.0,99.0,7.0,9.0,,,False,,https://a.espncdn.com/i/teamlogos/ncaa/500/30.png,https://a.espncdn.com/i/teamlogos/ncaa/500/13.png,,USC,CP,9d2235,1E4D2B,2025-12-19,47.0,1.0,No Upset,Ranked vs Unranked,Blowout (20+),Blowout,20+,4.0,Unranked,Other,1,1.0,0.0,47.0,47.0,47.0,47.0,0.0,0.0,0.0,0.0,1.0,0.0,8,21,13,#8 – #21,None,,,,,,,,11.0,17.5,8.0,3.0,8-3,0.727,1.0,0.0,1-0,1.0,0.0,1.0,0-1,0.0,7.0,1.0,7-1,0.875,2.0,3.0,2-3,0.4,7.0,,Cal Poly vs USC,-7.0
2026,USC,Big Ten,12/22,7,17.0,17,19.0,2.0,Rising,8,8,Unranked,11,4,7,0.364,2026-02-10,2,401817554.0,2025-12-22T01:30Z,California,Neutral,W,61.0,57.0,19.0,99.0,7.0,2.0,,,False,Bay Area Women's Classic,https://a.espncdn.com/i/teamlogos/ncaa/500/30.png,https://a.espncdn.com/i/teamlogos/ncaa/500/25.png,,USC,CAL,9d2235,041e42,2025-12-22,4.0,1.0,No Upset,Ranked vs Unranked,Nail-Biter (≤5),Nail-Biter,≤5,1.0,Unranked,ACC,3,2.0,1.0,-7.3,-22.0,8.0,-34.0,0.0,0.0,2.0,1.0,1.0,2.0,8,21,13,#8 – #21,None,,,,,,,,12.0,16.4,9.0,3.0,9-3,0.75,1.0,0.0,1-0,1.0,0.0,1.0,0-1,0.0,7.0,1.0,7-1,0.875,2.0,3.0,2-3,0.4,7.0,,California vs USC,-7.0
2026,USC,Big Ten,12/22,7,17.0,17,19.0,2.0,Rising,8,8,Unranked,11,4,7,0.364,2026-02-10,2,401825236.0,2025-12-29T20:00Z,Nebraska,Away,W,74.0,66.0,17.0,20.0,7.0,7.0,,,True,,https://a.espncdn.com/i/teamlogos/ncaa/500/30.png,https://a.espncdn.com/i/teamlogos/ncaa/500/158.png,Big Ten,USC,NEB,9d2235,e31937,2025-12-29,8.0,1.0,No Upset,Top 25 Matchup,Close (6-10),Close,6-10,2.0,Top 25,Big Ten,3,2.0,1.0,-7.3,-22.0,8.0,-34.0,0.0,0.0,2.0,1.0,1.0,2.0,8,21,13,#8 – #21,None,,,,,,,,13.0,15.8,10.0,3.0,10-3,0.769,2.0,0.0,2-0,1.0,1.0,1.0,1-1,0.5,7.0,1.0,7-1,0.875,3.0,3.0,3-3,0.5,3.0,,Nebraska vs USC,-3.0
2026,USC,Big Ten,12/22,7,17.0,17,19.0,2.0,Rising,8,8,Unranked,11,4,7,0.364,2026-02-10,2,401825245.0,2026-01-04T01:00Z,UCLA,Away,L,46.0,80.0,17.0,4.0,7.0,7.0,,,True,,https://a.espncdn.com/i/teamlogos/ncaa/500/30.png,https://a.espncdn.com/i/teamlogos/ncaa/500/26.png,Big Ten,USC,UCLA,9d2235,2774ae,2026-01-04,-34.0,0.0,No Upset,Top 25 Matchup,Blowout (20+),Blowout,20+,4.0,Top 5,Big Ten,3,2.0,1.0,-7.3,-22.0,8.0,-34.0,0.0,0.0,2.0,1.0,1.0,2.0,8,21,13,#8 – #21,None,,,,,,,,14.0,12.2,10.0,4.0,10-4,0.714,2.0,1.0,2-1,0.667,1.0,2.0,1-2,0.333,7.0,1.0,7-1,0.875,3.0,4.0,3-4,0.429,13.0,,UCLA vs USC,13.0
2026,USC,Big Ten,1/5,8,21.0,21,17.0,-4.0,Falling,9,9,Unranked,11,4,7,0.364,2026-02-10,2,401825253.0,2026-01-07T03:00Z,Oregon,Home,L,66.0,71.0,21.0,99.0,7.0,7.0,,,True,,https://a.espncdn.com/i/teamlogos/ncaa/500/30.png,https://a.espncdn.com/i/teamlogos/ncaa/500/2483.png,Big Ten,USC,ORE,9d2235,00934b,2026-01-07,-5.0,0.0,Upset Loss,Ranked vs Unranked,Nail-Biter (≤5),Nail-Biter,≤5,1.0,Unranked,Big Ten,2,0.0,2.0,-3.0,-6.0,-1.0,-5.0,2.0,0.0,0.0,2.0,0.0,2.0,8,21,13,#8 – #21,None,,,,,,,,15.0,11.1,10.0,5.0,10-5,0.667,2.0,2.0,2-2,0.5,1.0,2.0,1-2,0.333,7.0,2.0,7-2,0.778,3.0,4.0,3-4,0.429,5.0,#21 USC lost to Unranked Oregon,Oregon vs USC,-5.0
2026,USC,Big Ten,1/5,8,21.0,21,17.0,-4.0,Falling,9,9,Unranked,11,4,7,0.364,2026-02-10,2,401825268.0,2026-01-11T20:00Z,Minnesota,Away,L,62.0,63.0,21.0,99.0,7.0,7.0,,,True,,https://a.espncdn.com/i/teamlogos/ncaa/500/30.png,https://a.espncdn.com/i/teamlogos/ncaa/500/135.png,Big Ten,USC,MINN,9d2235,5e0a2f,2026-01-11,-1.0,0.0,Upset Loss,Ranked vs Unranked,Nail-Biter (≤5),Nail-Biter,≤5,1.0,Unranked,Big Ten,2,0.0,2.0,-3.0,-6.0,-1.0,-5.0,2.0,0.0,0.0,2.0,0.0,2.0,8,21,13,#8 – #21,None,,,,,,,,16.0,10.3,10.0,6.0,10-6,0.625,2.0,3.0,2-3,0.4,1.0,3.0,1-3,0.25,7.0,2.0,7-2,0.778,3.0,4.0,3-4,0.429,5.0,#21 USC lost to Unranked Minnesota,Minnesota vs USC,-5.0
2026,USC,Big Ten,1/12,9,,26,21.0,-5.0,Dropped,9,0,Unranked,11,4,7,0.364,2026-02-10,2,401825274.0,2026-01-16T02:00Z,Maryland,Home,L,55.0,62.0,99.0,12.0,7.0,7.0,,,True,,https://a.espncdn.com/i/teamlogos/ncaa/500/30.png,https://a.espncdn.com/i/teamlogos/ncaa/500/120.png,Big Ten,USC,MD,9d2235,ce1126,2026-01-16,-7.0,0.0,No Upset,Ranked vs Unranked,Close (6-10),Close,6-10,2.0,Top 25,Big Ten,2,1.0,1.0,9.5,19.0,26.0,-7.0,0.0,0.0,0.0,0.0,1.0,2.0,8,21,13,#8 – #21,Exited,Minnesota,L,62.0,63.0,2026-01-11,-1.0,Away,17.0,9.3,10.0,7.0,10-7,0.588,2.0,4.0,2-4,0.333,1.0,3.0,1-3,0.25,7.0,3.0,7-3,0.7,3.0,5.0,3-5,0.375,14.0,,Maryland vs USC,14.0
2026,USC,Big Ten,1/12,9,,26,21.0,-5.0,Dropped,9,0,Unranked,11,4,7,0.364,2026-02-10,2,401825282.0,2026-01-18T22:00Z,Purdue,Home,W,83.0,57.0,99.0,99.0,7.0,7.0,,,True,,https://a.espncdn.com/i/teamlogos/ncaa/500/30.png,https://a.espncdn.com/i/teamlogos/ncaa/500/2509.png,Big Ten,USC,PUR,9d2235,ceb888,2026-01-18,26.0,1.0,No Upset,Unranked Matchup,Blowout (20+),Blowout,20+,4.0,Unranked,Big Ten,2,1.0,1.0,9.5,19.0,26.0,-7.0,0.0,0.0,0.0,0.0,1.0,2.0,8,21,13,#8 – #21,Exited,Minnesota,L,62.0,63.0,2026-01-11,-1.0,Away,18.0,10.2,11.0,7.0,11-7,0.611,3.0,4.0,3-4,0.429,1.0,3.0,1-3,0.25,8.0,3.0,8-3,0.727,3.0,5.0,3-5,0.375,0.0,,Purdue vs USC,0.0
2026,USC,Big Ten,1/19,10,,26,26.0,0.0,Unranked,9,0,Unranked,11,4,7,0.364,2026-02-10,2,401825292.0,2026-01-23T01:00Z,Michigan State,Away,L,68.0,74.0,99.0,13.0,7.0,7.0,,,True,,https://a.espncdn.com/i/teamlogos/ncaa/500/30.png,https://a.espncdn.com/i/teamlogos/ncaa/500/127.png,Big Ten,USC,MSU,9d2235,173f35,2026-01-23,-6.0,0.0,No Upset,Ranked vs Unranked,Close (6-10),Close,6-10,2.0,Top 25,Big Ten,2,0.0,2.0,-6.0,-12.0,-6.0,-6.0,0.0,0.0,0.0,0.0,0.0,2.0,8,21,13,#8 – #21,None,,,,,,,,19.0,9.4,11.0,8.0,11-8,0.579,3.0,5.0,3-5,0.375,1.0,4.0,1-4,0.2,8.0,3.0,8-3,0.727,3.0,6.0,3-6,0.333,13.0,,Michigan State vs USC,13.0
2026,USC,Big Ten,1/19,10,,26,26.0,0.0,Unranked,9,0,Unranked,11,4,7,0.364,2026-02-10,2,401825299.0,2026-01-25T19:00Z,Michigan,Away,L,67.0,73.0,99.0,7.0,7.0,7.0,,,True,,https://a.espncdn.com/i/teamlogos/ncaa/500/30.png,https://a.espncdn.com/i/teamlogos/ncaa/500/130.png,Big Ten,USC,MICH,9d2235,00274c,2026-01-25,-6.0,0.0,No Upset,Ranked vs Unranked,Close (6-10),Close,6-10,2.0,Top 10,Big Ten,2,0.0,2.0,-6.0,-12.0,-6.0,-6.0,0.0,0.0,0.0,0.0,0.0,2.0,8,21,13,#8 – #21,None,,,,,,,,20.0,8.6,11.0,9.0,11-9,0.55,3.0,6.0,3-6,0.333,1.0,5.0,1-5,0.167,8.0,3.0,8-3,0.727,3.0,7.0,3-7,0.3,19.0,,Michigan vs USC,19.0
2026,USC,Big Ten,1/26,11,,26,26.0,0.0,Unranked,9,0,Unranked,11,4,7,0.364,2026-02-10,2,401825306.0,2026-01-30T02:00Z,Iowa,Home,W,81.0,69.0,99.0,8.0,7.0,7.0,,,True,,https://a.espncdn.com/i/teamlogos/ncaa/500/30.png,https://a.espncdn.com/i/teamlogos/ncaa/500/2294.png,Big Ten,USC,IOWA,9d2235,231f20,2026-01-30,12.0,1.0,Upset Win,Ranked vs Unranked,Comfortable (11-20),Comfortable,11-20,3.0,Top 10,Big Ten,2,2.0,0.0,22.0,44.0,32.0,12.0,0.0,1.0,0.0,0.0,1.0,2.0,8,21,13,#8 – #21,None,,,,,,,,21.0,8.8,12.0,9.0,12-9,0.571,4.0,6.0,4-6,0.4,1.0,5.0,1-5,0.167,9.0,3.0,9-3,0.75,4.0,7.0,4-7,0.364,18.0,Unranked USC beat #8 Iowa,Iowa vs USC,18.0
2026,USC,Big Ten,1/26,11,,26,26.0,0.0,Unranked,9,0,Unranked,11,4,7,0.364,2026-02-10,2,401825317.0,2026-02-01T22:00Z,Rutgers,Home,W,71.0,39.0,99.0,99.0,7.0,7.0,,,True,,https://a.espncdn.com/i/teamlogos/ncaa/500/30.png,https://a.espncdn.com/i/teamlogos/ncaa/500/164.png,Big Ten,USC,RUTG,9d2235,ce0e2d,2026-02-01,32.0,1.0,No Upset,Unranked Matchup,Blowout (20+),Blowout,20+,4.0,Unranked,Big Ten,2,2.0,0.0,22.0,44.0,32.0,12.0,0.0,1.0,0.0,0.0,1.0,2.0,8,21,13,#8 – #21,None,,,,,,,,22.0,9.8,13.0,9.0,13-9,0.591,5.0,6.0,5-6,0.455,1.0,5.0,1-5,0.167,10.0,3.0,10-3,0.769,4.0,7.0,4-7,0.364,0.0,,Rutgers vs USC,0.0
2026,USC,Big Ten,2/2,12,,26,26.0,0.0,Unranked,9,0,Unranked,11,4,7,0.364,2026-02-10,2,401825326.0,2026-02-06T02:00Z,Northwestern,Away,W,83.0,65.0,99.0,99.0,7.0,7.0,,,True,,https://a.espncdn.com/i/teamlogos/ncaa/500/30.png,https://a.espncdn.com/i/teamlogos/ncaa/500/77.png,Big Ten,USC,NU,9d2235,492f92,2026-02-06,18.0,1.0,No Upset,Unranked Matchup,Comfortable (11-20),Comfortable,11-20,3.0,Unranked,Big Ten,2,2.0,0.0,13.0,26.0,18.0,8.0,0.0,0.0,0.0,0.0,0.0,2.0,8,21,13,#8 – #21,None,,,,,,,,23.0,10.2,14.0,9.0,14-9,0.609,6.0,6.0,6-6,0.5,2.0,5.0,2-5,0.286,10.0,3.0,10-3,0.769,4.0,7.0,4-7,0.364,0.0,,Northwestern vs USC,0.0
2026,USC,Big Ten,2/2,12,,26,26.0,0.0,Unranked,9,0,Unranked,11,4,7,0.364,2026-02-10,2,401825333.0,2026-02-08T18:00Z,Illinois,Away,W,70.0,62.0,99.0,99.0,7.0,7.0,,,True,,https://a.espncdn.com/i/teamlogos/ncaa/500/30.png,https://a.espncdn.com/i/teamlogos/ncaa/500/356.png,Big Ten,USC,ILL,9d2235,ff5f05,2026-02-08,8.0,1.0,No Upset,Unranked Matchup,Close (6-10),Close,6-10,2.0,Unranked,Big Ten,2,2.0,0.0,13.0,26.0,18.0,8.0,0.0,0.0,0.0,0.0,0.0,2.0,8,21,13,#8 – #21,None,,,,,,,,24.0,10.1,15.0,9.0,15-9,0.625,7.0,6.0,7-6,0.538,3.0,5.0,3-5,0.375,10.0,3.0,10-3,0.769,4.0,7.0,4-7,0.364,0.0,,Illinois vs USC,0.0
2026,USC,Big Ten,2/9,13,,26,26.0,0.0,Unranked,9,0,Unranked,11,4,7,0.364,2026-02-10,2,,,,,,,,,,,,,,,,,,,,,,,,,,,,,,,,,,0,,,,,,,,,,,,,8,21,13,#8 – #21,None,,,,,,,,,,,,,,,,,,,,,,,,,,,,,,,,,
2026,Vanderbilt,SEC,Pre,0,19.0,19,,,Unknown,1,1,Surging,6,4,2,0.667,2026-02-10,2,401817548.0,2025-11-03T19:30Z,California,Neutral,W,74.0,65.0,19.0,99.0,23.0,2.0,,,False,Oui-Play,https://a.espncdn.com/i/teamlogos/ncaa/500/238.png,https://a.espncdn.com/i/teamlogos/ncaa/500/25.png,,VAN,CAL,000000,041e42,2025-11-03,9.0,1.0,No Upset,Ranked vs Unranked,Close (6-10),Close,6-10,2.0,Unranked,ACC,1,1.0,0.0,9.0,9.0,9.0,9.0,0.0,0.0,0.0,0.0,0.0,0.0,5,19,14,#5 – #19,None,,,,,,,,1.0,9.0,1.0,0.0,1-0,1.0,0.0,0.0,0-0,,0.0,0.0,0-0,,0.0,0.0,0-0,,0.0,0.0,0-0,,7.0,,California vs Vanderbilt,-7.0
2026,Vanderbilt,SEC,11/10,1,19.0,19,19.0,0.0,Stable,2,2,Surging,6,4,2,0.667,2026-02-10,2,401818606.0,2025-11-11T00:00Z,Furman,Home,W,96.0,48.0,19.0,99.0,23.0,24.0,,,False,,https://a.espncdn.com/i/teamlogos/ncaa/500/238.png,https://a.espncdn.com/i/teamlogos/ncaa/500/231.png,,VAN,FUR,000000,582c83,2025-11-11,48.0,1.0,No Upset,Ranked vs Unranked,Blowout (20+),Blowout,20+,4.0,Unranked,Other,2,2.0,0.0,29.0,58.0,48.0,10.0,0.0,0.0,0.0,0.0,1.0,0.0,5,19,14,#5 – #19,None,,,,,,,,2.0,28.5,2.0,0.0,2-0,1.0,0.0,0.0,0-0,,0.0,0.0,0-0,,1.0,0.0,1-0,1.0,0.0,0.0,0-0,,7.0,,Furman vs Vanderbilt,-7.0
2026,Vanderbilt,SEC,11/10,1,19.0,19,19.0,0.0,Stable,2,2,Surging,6,4,2,0.667,2026-02-10,2,401818607.0,2025-11-13T00:00Z,Austin Peay,Away,W,75.0,65.0,19.0,99.0,23.0,46.0,,,False,,https://a.espncdn.com/i/teamlogos/ncaa/500/238.png,https://a.espncdn.com/i/teamlogos/ncaa/500/2046.png,,VAN,APSU,000000,8e0b0b,2025-11-13,10.0,1.0,No Upset,Ranked vs Unranked,Close (6-10),Close,6-10,2.0,Unranked,A-10,2,2.0,0.0,29.0,58.0,48.0,10.0,0.0,0.0,0.0,0.0,1.0,0.0,5,19,14,#5 – #19,None,,,,,,,,3.0,22.3,3.0,0.0,3-0,1.0,0.0,0.0,0-0,,1.0,0.0,1-0,1.0,1.0,0.0,1-0,1.0,0.0,0.0,0-0,,7.0,,Austin Peay vs Vanderbilt,-7.0
2026,Vanderbilt,SEC,11/17,2,17.0,17,19.0,2.0,Rising,3,3,Surging,6,4,2,0.667,2026-02-10,2,401818608.0,2025-11-20T00:30Z,Western Kentucky,Away,W,87.0,49.0,17.0,99.0,23.0,11.0,,,False,,https://a.espncdn.com/i/teamlogos/ncaa/500/238.png,https://a.espncdn.com/i/teamlogos/ncaa/500/98.png,,VAN,WKU,000000,e13a3e,2025-11-20,38.0,1.0,No Upset,Ranked vs Unranked,Blowout (20+),Blowout,20+,4.0,Unranked,Other,3,3.0,0.0,49.3,148.0,56.0,38.0,0.0,0.0,0.0,0.0,3.0,0.0,5,19,14,#5 – #19,None,,,,,,,,4.0,26.2,4.0,0.0,4-0,1.0,0.0,0.0,0-0,,2.0,0.0,2-0,1.0,1.0,0.0,1-0,1.0,0.0,0.0,0-0,,9.0,,Vanderbilt vs Western Kentucky,-9.0
2026,Vanderbilt,SEC,11/17,2,17.0,17,19.0,2.0,Rising,3,3,Surging,6,4,2,0.667,2026-02-10,2,401818609.0,2025-11-21T17:00Z,Alabama State,Home,W,92.0,38.0,17.0,99.0,23.0,26.0,,,False,,https://a.espncdn.com/i/teamlogos/ncaa/500/238.png,https://a.espncdn.com/i/teamlogos/ncaa/500/2011.png,,VAN,ALST,000000,e9a900,2025-11-21,54.0,1.0,No Upset,Ranked vs Unranked,Blowout (20+),Blowout,20+,4.0,Unranked,Other,3,3.0,0.0,49.3,148.0,56.0,38.0,0.0,0.0,0.0,0.0,3.0,0.0,5,19,14,#5 – #19,None,,,,,,,,5.0,31.8,5.0,0.0,5-0,1.0,0.0,0.0,0-0,,2.0,0.0,2-0,1.0,2.0,0.0,2-0,1.0,0.0,0.0,0-0,,9.0,,Alabama State vs Vanderbilt,-9.0
2026,Vanderbilt,SEC,11/17,2,17.0,17,19.0,2.0,Rising,3,3,Surging,6,4,2,0.667,2026-02-10,2,401818610.0,2025-11-23T18:00Z,Tennessee State,Home,W,99.0,43.0,17.0,99.0,23.0,20.0,,,False,,https://a.espncdn.com/i/teamlogos/ncaa/500/238.png,https://a.espncdn.com/i/teamlogos/ncaa/500/2634.png,,VAN,TNST,000000,171796,2025-11-23,56.0,1.0,No Upset,Ranked vs Unranked,Blowout (20+),Blowout,20+,4.0,Unranked,Ivy League,3,3.0,0.0,49.3,148.0,56.0,38.0,0.0,0.0,0.0,0.0,3.0,0.0,5,19,14,#5 – #19,None,,,,,,,,6.0,35.8,6.0,0.0,6-0,1.0,0.0,0.0,0-0,,2.0,0.0,2-0,1.0,3.0,0.0,3-0,1.0,0.0,0.0,0-0,,9.0,,Tennessee State vs Vanderbilt,-9.0
2026,Vanderbilt,SEC,11/24,3,17.0,17,17.0,0.0,Stable,4,4,Surging,6,4,2,0.667,2026-02-10,2,401818611.0,2025-11-28T01:00Z,Oregon State,Neutral,W,88.0,66.0,17.0,99.0,23.0,29.0,,,False,Paradise Jam - Island Division,https://a.espncdn.com/i/teamlogos/ncaa/500/238.png,https://a.espncdn.com/i/teamlogos/ncaa/500/204.png,,VAN,ORST,000000,dc4405,2025-11-28,22.0,1.0,No Upset,Ranked vs Unranked,Blowout (20+),Blowout,20+,4.0,Unranked,Other,2,2.0,0.0,17.5,35.0,22.0,13.0,0.0,0.0,0.0,0.0,1.0,0.0,5,19,14,#5 – #19,None,,,,,,,,7.0,33.9,7.0,0.0,7-0,1.0,0.0,0.0,0-0,,2.0,0.0,2-0,1.0,3.0,0.0,3-0,1.0,0.0,0.0,0-0,,9.0,,Oregon State vs Vanderbilt,-9.0
2026,Vanderbilt,SEC,11/24,3,17.0,17,17.0,0.0,Stable,4,4,Surging,6,4,2,0.667,2026-02-10,2,401830950.0,2025-11-29T17:00Z,BYU,Neutral,W,84.0,71.0,17.0,99.0,23.0,8.0,,,False,Paradise Jam - Island Division - Championship,https://a.espncdn.com/i/teamlogos/ncaa/500/238.png,https://a.espncdn.com/i/teamlogos/ncaa/500/252.png,,VAN,BYU,000000,0047ba,2025-11-29,13.0,1.0,No Upset,Ranked vs Unranked,Comfortable (11-20),Comfortable,11-20,3.0,Unranked,Big East,2,2.0,0.0,17.5,35.0,22.0,13.0,0.0,0.0,0.0,0.0,1.0,0.0,5,19,14,#5 – #19,None,,,,,,,,8.0,31.2,8.0,0.0,8-0,1.0,0.0,0.0,0-0,,2.0,0.0,2-0,1.0,3.0,0.0,3-0,1.0,0.0,0.0,0-0,,9.0,,BYU vs Vanderbilt,-9.0
2026,Vanderbilt,SEC,12/1,4,15.0,15,17.0,2.0,Rising,5,5,Surging,6,4,2,0.667,2026-02-10,2,401806386.0,2025-12-03T22:00Z,Virginia,Home,W,81.0,68.0,15.0,99.0,23.0,2.0,,,False,ACC/SEC Women's Challenge,https://a.espncdn.com/i/teamlogos/ncaa/500/238.png,https://a.espncdn.com/i/teamlogos/ncaa/500/258.png,,VAN,UVA,000000,f84c1e,2025-12-03,13.0,1.0,No Upset,Ranked vs Unranked,Comfortable (11-20),Comfortable,11-20,3.0,Unranked,ACC,1,1.0,0.0,13.0,13.0,13.0,13.0,0.0,0.0,0.0,0.0,0.0,0.0,5,19,14,#5 – #19,None,,,,,,,,9.0,29.2,9.0,0.0,9-0,1.0,0.0,0.0,0-0,,2.0,0.0,2-0,1.0,4.0,0.0,4-0,1.0,0.0,0.0,0-0,,11.0,,Vanderbilt vs Virginia,-11.0
2026,Vanderbilt,SEC,12/8,5,14.0,14,15.0,1.0,Rising,6,6,Surging,6,4,2,0.667,2026-02-10,2,,,,,,,,,,,,,,,,,,,,,,,,,,,,,,,,,,0,,,,,,,,,,,,,5,19,14,#5 – #19,None,,,,,,,,,,,,,,,,,,,,,,,,,,,,,,,,,
2026,Vanderbilt,SEC,12/15,6,13.0,13,14.0,1.0,Rising,7,7,Surging,6,4,2,0.667,2026-02-10,2,401818612.0,2025-12-16T00:30Z,South Florida,Home,W,87.0,58.0,13.0,99.0,23.0,62.0,,,False,,https://a.espncdn.com/i/teamlogos/ncaa/500/238.png,https://a.espncdn.com/i/teamlogos/ncaa/500/58.png,,VAN,USF,000000,006747,2025-12-16,29.0,1.0,No Upset,Ranked vs Unranked,Blowout (20+),Blowout,20+,4.0,Unranked,Other,3,3.0,0.0,36.0,108.0,50.0,29.0,0.0,0.0,0.0,0.0,3.0,0.0,5,19,14,#5 – #19,None,,,,,,,,10.0,29.2,10.0,0.0,10-0,1.0,0.0,0.0,0-0,,2.0,0.0,2-0,1.0,5.0,0.0,5-0,1.0,0.0,0.0,0-0,,13.0,,South Florida vs Vanderbilt,-13.0
2026,Vanderbilt,SEC,12/15,6,13.0,13,14.0,1.0,Rising,7,7,Surging,6,4,2,0.667,2026-02-10,2,401818613.0,2025-12-19T00:30Z,UAlbany,Home,W,64.0,35.0,13.0,99.0,23.0,1.0,,,False,,https://a.espncdn.com/i/teamlogos/ncaa/500/238.png,https://a.espncdn.com/i/teamlogos/ncaa/500/399.png,,VAN,UALB,000000,3D2777,2025-12-19,29.0,1.0,No Upset,Ranked vs Unranked,Blowout (20+),Blowout,20+,4.0,Unranked,Other,3,3.0,0.0,36.0,108.0,50.0,29.0,0.0,0.0,0.0,0.0,3.0,0.0,5,19,14,#5 – #19,None,,,,,,,,11.0,29.2,11.0,0.0,11-0,1.0,0.0,0.0,0-0,,2.0,0.0,2-0,1.0,6.0,0.0,6-0,1.0,0.0,0.0,0-0,,13.0,,UAlbany vs Vanderbilt,-13.0
2026,Vanderbilt,SEC,12/15,6,13.0,13,14.0,1.0,Rising,7,7,Surging,6,4,2,0.667,2026-02-10,2,401818614.0,2025-12-20T18:00Z,Texas Southern,Home,W,96.0,46.0,13.0,99.0,23.0,26.0,,,False,,https://a.espncdn.com/i/teamlogos/ncaa/500/238.png,https://a.espncdn.com/i/teamlogos/ncaa/500/2640.png,,VAN,TXSO,000000,860038,2025-12-20,50.0,1.0,No Upset,Ranked vs Unranked,Blowout (20+),Blowout,20+,4.0,Unranked,Other,3,3.0,0.0,36.0,108.0,50.0,29.0,0.0,0.0,0.0,0.0,3.0,0.0,5,19,14,#5 – #19,None,,,,,,,,12.0,30.9,12.0,0.0,12-0,1.0,0.0,0.0,0-0,,2.0,0.0,2-0,1.0,7.0,0.0,7-0,1.0,0.0,0.0,0-0,,13.0,,Texas Southern vs Vanderbilt,-13.0
2026,Vanderbilt,SEC,12/22,7,12.0,12,13.0,1.0,Rising,8,8,Surging,6,4,2,0.667,2026-02-10,2,401812519.0,2025-12-28T20:00Z,Stonehill,Home,W,109.0,50.0,12.0,99.0,23.0,19.0,,,False,,https://a.espncdn.com/i/teamlogos/ncaa/500/238.png,https://a.espncdn.com/i/teamlogos/ncaa/500/284.png,,VAN,STO,000000,000000,2025-12-28,59.0,1.0,No Upset,Ranked vs Unranked,Blowout (20+),Blowout,20+,4.0,Unranked,Other,3,3.0,0.0,26.7,80.0,59.0,4.0,0.0,0.0,1.0,1.0,1.0,2.0,5,19,14,#5 – #19,None,,,,,,,,13.0,33.1,13.0,0.0,13-0,1.0,0.0,0.0,0-0,,2.0,0.0,2-0,1.0,8.0,0.0,8-0,1.0,0.0,0.0,0-0,,14.0,,Stonehill vs Vanderbilt,-14.0
2026,Vanderbilt,SEC,12/22,7,12.0,12,13.0,1.0,Rising,8,8,Surging,6,4,2,0.667,2026-02-10,2,401807511.0,2026-01-01T19:00Z,Arkansas,Away,W,88.0,71.0,12.0,99.0,23.0,23.0,,,True,,https://a.espncdn.com/i/teamlogos/ncaa/500/238.png,https://a.espncdn.com/i/teamlogos/ncaa/500/8.png,SEC,VAN,ARK,000000,a32136,2026-01-01,17.0,1.0,No Upset,Ranked vs Unranked,Comfortable (11-20),Comfortable,11-20,3.0,Unranked,SEC,3,3.0,0.0,26.7,80.0,59.0,4.0,0.0,0.0,1.0,1.0,1.0,2.0,5,19,14,#5 – #19,None,,,,,,,,14.0,31.9,14.0,0.0,14-0,1.0,1.0,0.0,1-0,1.0,3.0,0.0,3-0,1.0,8.0,0.0,8-0,1.0,0.0,0.0,0-0,,14.0,,Arkansas vs Vanderbilt,-14.0
2026,Vanderbilt,SEC,12/22,7,12.0,12,13.0,1.0,Rising,8,8,Surging,6,4,2,0.667,2026-02-10,2,401807541.0,2026-01-04T22:00Z,LSU,Home,W,65.0,61.0,12.0,5.0,23.0,23.0,,,True,,https://a.espncdn.com/i/teamlogos/ncaa/500/238.png,https://a.espncdn.com/i/teamlogos/ncaa/500/99.png,SEC,VAN,LSU,000000,461d76,2026-01-04,4.0,1.0,No Upset,Top 25 Matchup,Nail-Biter (≤5),Nail-Biter,≤5,1.0,Top 5,SEC,3,3.0,0.0,26.7,80.0,59.0,4.0,0.0,0.0,1.0,1.0,1.0,2.0,5,19,14,#5 – #19,None,,,,,,,,15.0,30.1,15.0,0.0,15-0,1.0,2.0,0.0,2-0,1.0,3.0,0.0,3-0,1.0,9.0,0.0,9-0,1.0,1.0,0.0,1-0,1.0,7.0,,LSU vs Vanderbilt,7.0
2026,Vanderbilt,SEC,1/5,8,7.0,7,12.0,5.0,Rising,9,9,Surging,6,4,2,0.667,2026-02-10,2,401807548.0,2026-01-09T00:30Z,Missouri,Home,W,99.0,68.0,7.0,99.0,23.0,23.0,,,True,,https://a.espncdn.com/i/teamlogos/ncaa/500/238.png,https://a.espncdn.com/i/teamlogos/ncaa/500/142.png,SEC,VAN,MIZ,000000,f1b82d,2026-01-09,31.0,1.0,No Upset,Ranked vs Unranked,Blowout (20+),Blowout,20+,4.0,Unranked,SEC,2,2.0,0.0,35.5,71.0,40.0,31.0,0.0,0.0,0.0,0.0,2.0,2.0,5,19,14,#5 – #19,None,,,,,,,,16.0,30.1,16.0,0.0,16-0,1.0,3.0,0.0,3-0,1.0,3.0,0.0,3-0,1.0,10.0,0.0,10-0,1.0,1.0,0.0,1-0,1.0,19.0,,Missouri vs Vanderbilt,-19.0
2026,Vanderbilt,SEC,1/5,8,7.0,7,12.0,5.0,Rising,9,9,Surging,6,4,2,0.667,2026-02-10,2,401807553.0,2026-01-11T20:00Z,Texas A&M,Away,W,91.0,51.0,7.0,99.0,23.0,23.0,,,True,,https://a.espncdn.com/i/teamlogos/ncaa/500/238.png,https://a.espncdn.com/i/teamlogos/ncaa/500/245.png,SEC,VAN,TA&M,000000,500000,2026-01-11,40.0,1.0,No Upset,Ranked vs Unranked,Blowout (20+),Blowout,20+,4.0,Unranked,SEC,2,2.0,0.0,35.5,71.0,40.0,31.0,0.0,0.0,0.0,0.0,2.0,2.0,5,19,14,#5 – #19,None,,,,,,,,17.0,30.7,17.0,0.0,17-0,1.0,4.0,0.0,4-0,1.0,4.0,0.0,4-0,1.0,10.0,0.0,10-0,1.0,1.0,0.0,1-0,1.0,19.0,,Texas A&M vs Vanderbilt,-19.0
2026,Vanderbilt,SEC,1/12,9,5.0,5,7.0,2.0,Rising,10,10,Surging,6,4,2,0.667,2026-02-10,2,401807562.0,2026-01-15T23:30Z,Mississippi State,Away,W,89.0,84.0,5.0,99.0,23.0,23.0,,,True,,https://a.espncdn.com/i/teamlogos/ncaa/500/238.png,https://a.espncdn.com/i/teamlogos/ncaa/500/344.png,SEC,VAN,MSST,000000,5d1725,2026-01-15,5.0,1.0,No Upset,Ranked vs Unranked,Nail-Biter (≤5),Nail-Biter,≤5,1.0,Unranked,SEC,1,1.0,0.0,5.0,5.0,5.0,5.0,0.0,0.0,0.0,1.0,0.0,1.0,5,19,14,#5 – #19,None,,,,,,,,18.0,29.3,18.0,0.0,18-0,1.0,5.0,0.0,5-0,1.0,5.0,0.0,5-0,1.0,10.0,0.0,10-0,1.0,1.0,0.0,1-0,1.0,21.0,,Mississippi State vs Vanderbilt,-21.0
2026,Vanderbilt,SEC,1/19,10,5.0,5,5.0,0.0,Stable,11,11,Surging,6,4,2,0.667,2026-02-10,2,401818615.0,2026-01-19T19:30Z,Michigan,Neutral,W,72.0,69.0,5.0,7.0,23.0,7.0,,,False,Coretta Scott King Classic,https://a.espncdn.com/i/teamlogos/ncaa/500/238.png,https://a.espncdn.com/i/teamlogos/ncaa/500/130.png,,VAN,MICH,000000,00274c,2026-01-19,3.0,1.0,No Upset,Top 25 Matchup,Nail-Biter (≤5),Nail-Biter,≤5,1.0,Top 10,Big Ten,3,2.0,1.0,0.7,2.0,28.0,-29.0,0.0,0.0,2.0,1.0,2.0,2.0,5,19,14,#5 – #19,None,,,,,,,,19.0,27.9,19.0,0.0,19-0,1.0,5.0,0.0,5-0,1.0,5.0,0.0,5-0,1.0,10.0,0.0,10-0,1.0,2.0,0.0,2-0,1.0,2.0,,Michigan vs Vanderbilt,-2.0
2026,Vanderbilt,SEC,1/19,10,5.0,5,5.0,0.0,Stable,11,11,Surging,6,4,2,0.667,2026-02-10,2,401807572.0,2026-01-23T00:30Z,Auburn,Home,W,81.0,53.0,5.0,99.0,23.0,23.0,,,True,,https://a.espncdn.com/i/teamlogos/ncaa/500/238.png,https://a.espncdn.com/i/teamlogos/ncaa/500/2.png,SEC,VAN,AUB,000000,002b5c,2026-01-23,28.0,1.0,No Upset,Ranked vs Unranked,Blowout (20+),Blowout,20+,4.0,Unranked,SEC,3,2.0,1.0,0.7,2.0,28.0,-29.0,0.0,0.0,2.0,1.0,2.0,2.0,5,19,14,#5 – #19,None,,,,,,,,20.0,27.9,20.0,0.0,20-0,1.0,6.0,0.0,6-0,1.0,5.0,0.0,5-0,1.0,11.0,0.0,11-0,1.0,2.0,0.0,2-0,1.0,21.0,,Auburn vs Vanderbilt,-21.0
2026,Vanderbilt,SEC,1/19,10,5.0,5,5.0,0.0,Stable,11,11,Surging,6,4,2,0.667,2026-02-10,2,401807578.0,2026-01-25T20:00Z,South Carolina,Away,L,74.0,103.0,5.0,2.0,23.0,23.0,,,True,,https://a.espncdn.com/i/teamlogos/ncaa/500/238.png,https://a.espncdn.com/i/teamlogos/ncaa/500/2579.png,SEC,VAN,SC,000000,73000a,2026-01-25,-29.0,0.0,No Upset,Top 25 Matchup,Blowout (20+),Blowout,20+,4.0,Top 5,SEC,3,2.0,1.0,0.7,2.0,28.0,-29.0,0.0,0.0,2.0,1.0,2.0,2.0,5,19,14,#5 – #19,None,,,,,,,,21.0,25.2,20.0,1.0,20-1,0.952,6.0,1.0,6-1,0.857,5.0,1.0,5-1,0.833,11.0,0.0,11-0,1.0,2.0,1.0,2-1,0.667,3.0,,South Carolina vs Vanderbilt,3.0
2026,Vanderbilt,SEC,1/26,11,5.0,5,5.0,0.0,Stable,12,12,Surging,6,4,2,0.667,2026-02-10,2,401807587.0,2026-01-30T20:00Z,Ole Miss,Neutral,L,75.0,83.0,5.0,17.0,23.0,23.0,,,True,,https://a.espncdn.com/i/teamlogos/ncaa/500/238.png,https://a.espncdn.com/i/teamlogos/ncaa/500/145.png,SEC,VAN,MISS,000000,13294b,2026-01-30,-8.0,0.0,No Upset,Top 25 Matchup,Close (6-10),Close,6-10,2.0,Top 25,SEC,2,1.0,1.0,4.0,8.0,16.0,-8.0,0.0,0.0,1.0,0.0,0.0,2.0,5,19,14,#5 – #19,None,,,,,,,,22.0,23.7,20.0,2.0,20-2,0.909,6.0,2.0,6-2,0.75,5.0,1.0,5-1,0.833,11.0,0.0,11-0,1.0,2.0,2.0,2-2,0.5,12.0,,Ole Miss vs Vanderbilt,-12.0
2026,Vanderbilt,SEC,1/26,11,5.0,5,5.0,0.0,Stable,12,12,Surging,6,4,2,0.667,2026-02-10,2,401807595.0,2026-02-01T21:00Z,Florida,Home,W,82.0,66.0,5.0,99.0,23.0,23.0,,,True,Play4Kay,https://a.espncdn.com/i/teamlogos/ncaa/500/238.png,https://a.espncdn.com/i/teamlogos/ncaa/500/57.png,SEC,VAN,FLA,000000,0021a5,2026-02-01,16.0,1.0,No Upset,Ranked vs Unranked,Comfortable (11-20),Comfortable,11-20,3.0,Unranked,SEC,2,1.0,1.0,4.0,8.0,16.0,-8.0,0.0,0.0,1.0,0.0,0.0,2.0,5,19,14,#5 – #19,None,,,,,,,,23.0,23.3,21.0,2.0,21-2,0.913,7.0,2.0,7-2,0.778,5.0,1.0,5-1,0.833,12.0,0.0,12-0,1.0,2.0,2.0,2-2,0.5,21.0,,Florida vs Vanderbilt,-21.0
2026,Vanderbilt,SEC,2/2,12,7.0,7,5.0,-2.0,Falling,13,13,Surging,6,4,2,0.667,2026-02-10,2,401807601.0,2026-02-06T00:00Z,Kentucky,Away,W,84.0,83.0,7.0,16.0,23.0,23.0,,,True,,https://a.espncdn.com/i/teamlogos/ncaa/500/238.png,https://a.espncdn.com/i/teamlogos/ncaa/500/96.png,SEC,VAN,UK,000000,0033a0,2026-02-06,1.0,1.0,No Upset,Top 25 Matchup,Nail-Biter (≤5),Nail-Biter,≤5,1.0,Top 25,SEC,1,1.0,0.0,1.0,1.0,1.0,1.0,0.0,0.0,1.0,1.0,0.0,1.0,5,19,14,#5 – #19,None,,,,,,,,24.0,22.4,22.0,2.0,22-2,0.917,8.0,2.0,8-2,0.8,6.0,1.0,6-1,0.857,12.0,0.0,12-0,1.0,3.0,2.0,3-2,0.6,9.0,,Kentucky vs Vanderbilt,-9.0
2026,Vanderbilt,SEC,2/9,13,5.0,5,7.0,2.0,Rising,14,14,Surging,6,4,2,0.667,2026-02-10,2,,,,,,,,,,,,,,,,,,,,,,,,,,,,,,,,,,0,,,,,,,,,,,,,5,19,14,#5 – #19,None,,,,,,,,,,,,,,,,,,,,,,,,,,,,,,,,,
2026,Washington,Big Ten,Pre,0,,26,,,Unknown,0,0,Falling,5,2,3,0.4,2026-02-10,2,401826676.0,2025-11-04T01:00Z,Seattle U,Home,W,90.0,43.0,99.0,99.0,7.0,29.0,,,False,,https://a.espncdn.com/i/teamlogos/ncaa/500/264.png,https://a.espncdn.com/i/teamlogos/ncaa/500/2547.png,,WASH,SEA,33006f,BF2E1A,2025-11-04,47.0,1.0,No Upset,Unranked Matchup,Blowout (20+),Blowout,20+,4.0,Unranked,Other,1,1.0,0.0,47.0,47.0,47.0,47.0,0.0,0.0,0.0,0.0,1.0,0.0,20,25,5,#20 – #25,None,,,,,,,,1.0,47.0,1.0,0.0,1-0,1.0,0.0,0.0,0-0,,0.0,0.0,0-0,,1.0,0.0,1-0,1.0,0.0,0.0,0-0,,0.0,,Seattle U vs Washington,0.0
2026,Washington,Big Ten,11/10,1,25.0,25,26.0,1.0,New,1,1,Falling,5,2,3,0.4,2026-02-10,2,401825776.0,2025-11-11T02:00Z,Montana,Home,W,87.0,56.0,25.0,99.0,7.0,5.0,,,False,,https://a.espncdn.com/i/teamlogos/ncaa/500/264.png,https://a.espncdn.com/i/teamlogos/ncaa/500/149.png,,WASH,MONT,33006f,751D4A,2025-11-11,31.0,1.0,No Upset,Ranked vs Unranked,Blowout (20+),Blowout,20+,4.0,Unranked,Other,2,2.0,0.0,21.0,42.0,31.0,11.0,0.0,0.0,0.0,0.0,1.0,0.0,20,25,5,#20 – #25,Entered,Seattle U,W,90.0,43.0,2025-11-04,47.0,Home,2.0,39.0,2.0,0.0,2-0,1.0,0.0,0.0,0-0,,0.0,0.0,0-0,,2.0,0.0,2-0,1.0,0.0,0.0,0-0,,1.0,,Montana vs Washington,-1.0
2026,Washington,Big Ten,11/10,1,25.0,25,26.0,1.0,New,1,1,Falling,5,2,3,0.4,2026-02-10,2,401822220.0,2025-11-15T21:00Z,Utah,Away,W,72.0,61.0,25.0,99.0,7.0,8.0,,,False,,https://a.espncdn.com/i/teamlogos/ncaa/500/264.png,https://a.espncdn.com/i/teamlogos/ncaa/500/254.png,,WASH,UTAH,33006f,be0000,2025-11-15,11.0,1.0,No Upset,Ranked vs Unranked,Comfortable (11-20),Comfortable,11-20,3.0,Unranked,Big East,2,2.0,0.0,21.0,42.0,31.0,11.0,0.0,0.0,0.0,0.0,1.0,0.0,20,25,5,#20 – #25,Entered,Seattle U,W,90.0,43.0,2025-11-04,47.0,Home,3.0,29.7,3.0,0.0,3-0,1.0,0.0,0.0,0-0,,1.0,0.0,1-0,1.0,2.0,0.0,2-0,1.0,0.0,0.0,0-0,,1.0,,Utah vs Washington,-1.0
2026,Washington,Big Ten,11/17,2,25.0,25,25.0,0.0,Stable,2,2,Falling,5,2,3,0.4,2026-02-10,2,401826677.0,2025-11-20T02:00Z,Fresno State,Home,W,61.0,43.0,25.0,99.0,7.0,44.0,,,False,,https://a.espncdn.com/i/teamlogos/ncaa/500/264.png,https://a.espncdn.com/i/teamlogos/ncaa/500/278.png,,WASH,FRES,33006f,b1102b,2025-11-20,18.0,1.0,No Upset,Ranked vs Unranked,Comfortable (11-20),Comfortable,11-20,3.0,Unranked,Other,2,2.0,0.0,25.0,50.0,32.0,18.0,0.0,0.0,0.0,0.0,1.0,0.0,20,25,5,#20 – #25,None,,,,,,,,4.0,26.8,4.0,0.0,4-0,1.0,0.0,0.0,0-0,,1.0,0.0,1-0,1.0,3.0,0.0,3-0,1.0,0.0,0.0,0-0,,1.0,,Fresno State vs Washington,-1.0
2026,Washington,Big Ten,11/17,2,25.0,25,25.0,0.0,Stable,2,2,Falling,5,2,3,0.4,2026-02-10,2,401825038.0,2025-11-23T22:00Z,Vermont,Home,W,71.0,39.0,25.0,99.0,7.0,1.0,,,False,,https://a.espncdn.com/i/teamlogos/ncaa/500/264.png,https://a.espncdn.com/i/teamlogos/ncaa/500/261.png,,WASH,UVM,33006f,154734,2025-11-23,32.0,1.0,No Upset,Ranked vs Unranked,Blowout (20+),Blowout,20+,4.0,Unranked,Other,2,2.0,0.0,25.0,50.0,32.0,18.0,0.0,0.0,0.0,0.0,1.0,0.0,20,25,5,#20 – #25,None,,,,,,,,5.0,27.8,5.0,0.0,5-0,1.0,0.0,0.0,0-0,,1.0,0.0,1-0,1.0,4.0,0.0,4-0,1.0,0.0,0.0,0-0,,1.0,,Vermont vs Washington,-1.0
2026,Washington,Big Ten,11/24,3,22.0,22,25.0,3.0,Rising,3,3,Falling,5,2,3,0.4,2026-02-10,2,401826678.0,2025-11-26T02:00Z,Southern,Home,W,66.0,40.0,22.0,99.0,7.0,26.0,,,False,,https://a.espncdn.com/i/teamlogos/ncaa/500/264.png,https://a.espncdn.com/i/teamlogos/ncaa/500/2582.png,,WASH,SOU,33006f,004B97,2025-11-26,26.0,1.0,No Upset,Ranked vs Unranked,Blowout (20+),Blowout,20+,4.0,Unranked,Other,2,2.0,0.0,21.5,43.0,26.0,17.0,0.0,0.0,0.0,0.0,1.0,0.0,20,25,5,#20 – #25,None,,,,,,,,6.0,27.5,6.0,0.0,6-0,1.0,0.0,0.0,0-0,,1.0,0.0,1-0,1.0,5.0,0.0,5-0,1.0,0.0,0.0,0-0,,4.0,,Southern vs Washington,-4.0
2026,Washington,Big Ten,11/24,3,22.0,22,25.0,3.0,Rising,3,3,Falling,5,2,3,0.4,2026-02-10,2,401826679.0,2025-11-29T03:00Z,UC San Diego,Home,W,67.0,50.0,22.0,99.0,7.0,9.0,,,False,,https://a.espncdn.com/i/teamlogos/ncaa/500/264.png,https://a.espncdn.com/i/teamlogos/ncaa/500/28.png,,WASH,UCSD,33006f,000000,2025-11-29,17.0,1.0,No Upset,Ranked vs Unranked,Comfortable (11-20),Comfortable,11-20,3.0,Unranked,Other,2,2.0,0.0,21.5,43.0,26.0,17.0,0.0,0.0,0.0,0.0,1.0,0.0,20,25,5,#20 – #25,None,,,,,,,,7.0,26.0,7.0,0.0,7-0,1.0,0.0,0.0,0-0,,1.0,0.0,1-0,1.0,6.0,0.0,6-0,1.0,0.0,0.0,0-0,,4.0,,UC San Diego vs Washington,-4.0
2026,Washington,Big Ten,12/1,4,21.0,21,22.0,1.0,Rising,4,4,Falling,5,2,3,0.4,2026-02-10,2,401826680.0,2025-12-02T02:00Z,San José State,Home,W,80.0,54.0,21.0,99.0,7.0,44.0,,,False,,https://a.espncdn.com/i/teamlogos/ncaa/500/264.png,https://a.espncdn.com/i/teamlogos/ncaa/500/23.png,,WASH,SJSU,33006f,0038a8,2025-12-02,26.0,1.0,No Upset,Ranked vs Unranked,Blowout (20+),Blowout,20+,4.0,Unranked,Other,1,1.0,0.0,26.0,26.0,26.0,26.0,0.0,0.0,0.0,0.0,1.0,0.0,20,25,5,#20 – #25,None,,,,,,,,8.0,26.0,8.0,0.0,8-0,1.0,0.0,0.0,0-0,,1.0,0.0,1-0,1.0,7.0,0.0,7-0,1.0,0.0,0.0,0-0,,5.0,,San José State vs Washington,-5.0
2026,Washington,Big Ten,12/8,5,20.0,20,21.0,1.0,Rising,5,5,Falling,5,2,3,0.4,2026-02-10,2,401825227.0,2025-12-08T01:00Z,USC,Away,L,50.0,59.0,21.0,16.0,7.0,7.0,,,True,,https://a.espncdn.com/i/teamlogos/ncaa/500/264.png,https://a.espncdn.com/i/teamlogos/ncaa/500/30.png,Big Ten,WASH,USC,33006f,9d2235,2025-12-08,-9.0,0.0,No Upset,Top 25 Matchup,Close (6-10),Close,6-10,2.0,Top 25,Big Ten,2,1.0,1.0,-2.0,-4.0,5.0,-9.0,0.0,0.0,1.0,1.0,0.0,1.0,20,25,5,#20 – #25,None,,,,,,,,9.0,22.1,8.0,1.0,8-1,0.889,0.0,1.0,0-1,0.0,1.0,1.0,1-1,0.5,7.0,0.0,7-0,1.0,0.0,1.0,0-1,0.0,5.0,,USC vs Washington,5.0
2026,Washington,Big Ten,12/8,5,20.0,20,21.0,1.0,Rising,5,5,Falling,5,2,3,0.4,2026-02-10,2,401826681.0,2025-12-13T20:00Z,Green Bay,Home,W,79.0,74.0,20.0,99.0,7.0,45.0,,,False,,https://a.espncdn.com/i/teamlogos/ncaa/500/264.png,https://a.espncdn.com/i/teamlogos/ncaa/500/2739.png,,WASH,GB,33006f,006633,2025-12-13,5.0,1.0,No Upset,Ranked vs Unranked,Nail-Biter (≤5),Nail-Biter,≤5,1.0,Unranked,Other,2,1.0,1.0,-2.0,-4.0,5.0,-9.0,0.0,0.0,1.0,1.0,0.0,1.0,20,25,5,#20 – #25,None,,,,,,,,10.0,20.4,9.0,1.0,9-1,0.9,0.0,1.0,0-1,0.0,1.0,1.0,1-1,0.5,8.0,0.0,8-0,1.0,0.0,1.0,0-1,0.0,6.0,,Green Bay vs Washington,-6.0
2026,Washington,Big Ten,12/15,6,22.0,22,20.0,-2.0,Falling,6,6,Falling,5,2,3,0.4,2026-02-10,2,401819613.0,2025-12-20T03:00Z,Stanford,Away,L,62.0,67.0,22.0,99.0,7.0,2.0,,,False,,https://a.espncdn.com/i/teamlogos/ncaa/500/264.png,https://a.espncdn.com/i/teamlogos/ncaa/500/24.png,,WASH,STAN,33006f,8c1515,2025-12-20,-5.0,0.0,Upset Loss,Ranked vs Unranked,Nail-Biter (≤5),Nail-Biter,≤5,1.0,Unranked,ACC,2,1.0,1.0,17.5,35.0,40.0,-5.0,1.0,0.0,0.0,1.0,1.0,0.0,20,25,5,#20 – #25,None,,,,,,,,11.0,18.1,9.0,2.0,9-2,0.818,0.0,1.0,0-1,0.0,1.0,2.0,1-2,0.333,8.0,0.0,8-0,1.0,0.0,1.0,0-1,0.0,4.0,#22 Washington lost to Unranked Stanford,Stanford vs Washington,-4.0
2026,Washington,Big Ten,12/15,6,22.0,22,20.0,-2.0,Falling,6,6,Falling,5,2,3,0.4,2026-02-10,2,401826099.0,2025-12-21T21:00Z,Pacific,Away,W,90.0,50.0,22.0,99.0,7.0,29.0,,,False,,https://a.espncdn.com/i/teamlogos/ncaa/500/264.png,https://a.espncdn.com/i/teamlogos/ncaa/500/279.png,,WASH,PAC,33006f,F47820,2025-12-21,40.0,1.0,No Upset,Ranked vs Unranked,Blowout (20+),Blowout,20+,4.0,Unranked,Other,2,1.0,1.0,17.5,35.0,40.0,-5.0,1.0,0.0,0.0,1.0,1.0,0.0,20,25,5,#20 – #25,None,,,,,,,,12.0,19.9,10.0,2.0,10-2,0.833,0.0,1.0,0-1,0.0,2.0,2.0,2-2,0.5,8.0,0.0,8-0,1.0,0.0,1.0,0-1,0.0,4.0,,Pacific vs Washington,-4.0
2026,Washington,Big Ten,12/22,7,,26,22.0,-4.0,Dropped,6,0,Falling,5,2,3,0.4,2026-02-10,2,401825234.0,2025-12-30T01:00Z,Northwestern,Home,W,94.0,73.0,99.0,99.0,7.0,7.0,,,True,,https://a.espncdn.com/i/teamlogos/ncaa/500/264.png,https://a.espncdn.com/i/teamlogos/ncaa/500/77.png,Big Ten,WASH,NU,33006f,492f92,2025-12-30,21.0,1.0,No Upset,Unranked Matchup,Blowout (20+),Blowout,20+,4.0,Unranked,Big Ten,2,2.0,0.0,16.5,33.0,21.0,12.0,0.0,1.0,0.0,0.0,1.0,2.0,20,25,5,#20 – #25,Exited,Stanford,L,62.0,67.0,2025-12-20,-5.0,Away,13.0,20.0,11.0,2.0,11-2,0.846,1.0,1.0,1-1,0.5,2.0,2.0,2-2,0.5,9.0,0.0,9-0,1.0,0.0,1.0,0-1,0.0,0.0,,Northwestern vs Washington,0.0
2026,Washington,Big Ten,12/22,7,,26,22.0,-4.0,Dropped,6,0,Falling,5,2,3,0.4,2026-02-10,2,401825240.0,2026-01-01T23:00Z,Michigan,Home,W,64.0,52.0,99.0,6.0,7.0,7.0,,,True,,https://a.espncdn.com/i/teamlogos/ncaa/500/264.png,https://a.espncdn.com/i/teamlogos/ncaa/500/130.png,Big Ten,WASH,MICH,33006f,00274c,2026-01-01,12.0,1.0,Upset Win,Ranked vs Unranked,Comfortable (11-20),Comfortable,11-20,3.0,Top 10,Big Ten,2,2.0,0.0,16.5,33.0,21.0,12.0,0.0,1.0,0.0,0.0,1.0,2.0,20,25,5,#20 – #25,Exited,Stanford,L,62.0,67.0,2025-12-20,-5.0,Away,14.0,19.4,12.0,2.0,12-2,0.857,2.0,1.0,2-1,0.667,2.0,2.0,2-2,0.5,10.0,0.0,10-0,1.0,1.0,1.0,1-1,0.5,20.0,Unranked Washington beat #6 Michigan,Michigan vs Washington,20.0
2026,Washington,Big Ten,1/5,8,23.0,23,26.0,3.0,New,7,1,Falling,5,2,3,0.4,2026-02-10,2,401825258.0,2026-01-09T02:00Z,Michigan State,Home,L,67.0,82.0,23.0,15.0,7.0,7.0,,,True,,https://a.espncdn.com/i/teamlogos/ncaa/500/264.png,https://a.espncdn.com/i/teamlogos/ncaa/500/127.png,Big Ten,WASH,MSU,33006f,173f35,2026-01-09,-15.0,0.0,No Upset,Top 25 Matchup,Comfortable (11-20),Comfortable,11-20,3.0,Top 25,Big Ten,2,0.0,2.0,-10.5,-21.0,-6.0,-15.0,1.0,0.0,1.0,0.0,0.0,2.0,20,25,5,#20 – #25,Entered,Michigan,W,64.0,52.0,2026-01-01,12.0,Home,15.0,17.1,12.0,3.0,12-3,0.8,2.0,2.0,2-2,0.5,2.0,2.0,2-2,0.5,10.0,1.0,10-1,0.909,1.0,2.0,1-2,0.333,8.0,,Michigan State vs Washington,8.0
2026,Washington,Big Ten,1/5,8,23.0,23,26.0,3.0,New,7,1,Falling,5,2,3,0.4,2026-02-10,2,401825269.0,2026-01-11T19:00Z,Purdue,Away,L,72.0,78.0,23.0,99.0,7.0,7.0,,,True,,https://a.espncdn.com/i/teamlogos/ncaa/500/264.png,https://a.espncdn.com/i/teamlogos/ncaa/500/2509.png,Big Ten,WASH,PUR,33006f,ceb888,2026-01-11,-6.0,0.0,Upset Loss,Ranked vs Unranked,Close (6-10),Close,6-10,2.0,Unranked,Big Ten,2,0.0,2.0,-10.5,-21.0,-6.0,-15.0,1.0,0.0,1.0,0.0,0.0,2.0,20,25,5,#20 – #25,Entered,Michigan,W,64.0,52.0,2026-01-01,12.0,Home,16.0,15.7,12.0,4.0,12-4,0.75,2.0,3.0,2-3,0.4,2.0,3.0,2-3,0.4,10.0,1.0,10-1,0.909,1.0,2.0,1-2,0.333,3.0,#23 Washington lost to Unranked Purdue,Purdue vs Washington,-3.0
2026,Washington,Big Ten,1/12,9,,26,23.0,-3.0,Dropped,7,0,Falling,5,2,3,0.4,2026-02-10,2,401825272.0,2026-01-15T00:00Z,Indiana,Away,W,82.0,63.0,99.0,99.0,7.0,7.0,,,True,,https://a.espncdn.com/i/teamlogos/ncaa/500/264.png,https://a.espncdn.com/i/teamlogos/ncaa/500/84.png,Big Ten,WASH,IU,33006f,970310,2026-01-15,19.0,1.0,No Upset,Unranked Matchup,Comfortable (11-20),Comfortable,11-20,3.0,Unranked,Big Ten,2,2.0,0.0,16.0,32.0,19.0,13.0,0.0,0.0,0.0,0.0,0.0,2.0,20,25,5,#20 – #25,Exited,Purdue,L,72.0,78.0,2026-01-11,-6.0,Away,17.0,15.9,13.0,4.0,13-4,0.765,3.0,3.0,3-3,0.5,3.0,3.0,3-3,0.5,10.0,1.0,10-1,0.909,1.0,2.0,1-2,0.333,0.0,,Indiana vs Washington,0.0
2026,Washington,Big Ten,1/12,9,,26,23.0,-3.0,Dropped,7,0,Falling,5,2,3,0.4,2026-02-10,2,401825280.0,2026-01-18T23:00Z,Minnesota,Home,W,67.0,54.0,99.0,99.0,7.0,7.0,,,True,,https://a.espncdn.com/i/teamlogos/ncaa/500/264.png,https://a.espncdn.com/i/teamlogos/ncaa/500/135.png,Big Ten,WASH,MINN,33006f,5e0a2f,2026-01-18,13.0,1.0,No Upset,Unranked Matchup,Comfortable (11-20),Comfortable,11-20,3.0,Unranked,Big Ten,2,2.0,0.0,16.0,32.0,19.0,13.0,0.0,0.0,0.0,0.0,0.0,2.0,20,25,5,#20 – #25,Exited,Purdue,L,72.0,78.0,2026-01-11,-6.0,Away,18.0,15.7,14.0,4.0,14-4,0.778,4.0,3.0,4-3,0.571,3.0,3.0,3-3,0.5,11.0,1.0,11-1,0.917,1.0,2.0,1-2,0.333,0.0,,Minnesota vs Washington,0.0
2026,Washington,Big Ten,1/19,10,25.0,25,26.0,1.0,New,8,1,Falling,5,2,3,0.4,2026-02-10,2,401825287.0,2026-01-22T02:00Z,Penn State,Home,W,81.0,65.0,25.0,99.0,7.0,7.0,,,True,,https://a.espncdn.com/i/teamlogos/ncaa/500/264.png,https://a.espncdn.com/i/teamlogos/ncaa/500/213.png,Big Ten,WASH,PSU,33006f,061440,2026-01-22,16.0,1.0,No Upset,Ranked vs Unranked,Comfortable (11-20),Comfortable,11-20,3.0,Unranked,Big Ten,1,1.0,0.0,16.0,16.0,16.0,16.0,0.0,0.0,0.0,0.0,0.0,1.0,20,25,5,#20 – #25,Entered,Minnesota,W,67.0,54.0,2026-01-18,13.0,Home,19.0,15.7,15.0,4.0,15-4,0.789,5.0,3.0,5-3,0.625,3.0,3.0,3-3,0.5,12.0,1.0,12-1,0.923,1.0,2.0,1-2,0.333,1.0,,Penn State vs Washington,-1.0
2026,Washington,Big Ten,1/26,11,25.0,25,25.0,0.0,Stable,9,2,Falling,5,2,3,0.4,2026-02-10,2,401825300.0,2026-01-26T20:00Z,Rutgers,Away,W,76.0,48.0,25.0,99.0,7.0,7.0,,,True,,https://a.espncdn.com/i/teamlogos/ncaa/500/264.png,https://a.espncdn.com/i/teamlogos/ncaa/500/164.png,Big Ten,WASH,RUTG,33006f,ce0e2d,2026-01-26,28.0,1.0,No Upset,Ranked vs Unranked,Blowout (20+),Blowout,20+,4.0,Unranked,Big Ten,3,2.0,1.0,7.3,22.0,28.0,-9.0,1.0,0.0,1.0,1.0,1.0,3.0,20,25,5,#20 – #25,None,,,,,,,,20.0,16.4,16.0,4.0,16-4,0.8,6.0,3.0,6-3,0.667,4.0,3.0,4-3,0.571,12.0,1.0,12-1,0.923,1.0,2.0,1-2,0.333,1.0,,Rutgers vs Washington,-1.0
2026,Washington,Big Ten,1/26,11,25.0,25,25.0,0.0,Stable,9,2,Falling,5,2,3,0.4,2026-02-10,2,401825305.0,2026-01-29T00:00Z,Maryland,Away,W,83.0,80.0,25.0,16.0,7.0,7.0,,,True,,https://a.espncdn.com/i/teamlogos/ncaa/500/264.png,https://a.espncdn.com/i/teamlogos/ncaa/500/120.png,Big Ten,WASH,MD,33006f,ce1126,2026-01-29,3.0,1.0,No Upset,Top 25 Matchup,Nail-Biter (≤5),Nail-Biter,≤5,1.0,Top 25,Big Ten,3,2.0,1.0,7.3,22.0,28.0,-9.0,1.0,0.0,1.0,1.0,1.0,3.0,20,25,5,#20 – #25,None,,,,,,,,21.0,15.7,17.0,4.0,17-4,0.81,7.0,3.0,7-3,0.7,5.0,3.0,5-3,0.625,12.0,1.0,12-1,0.923,2.0,2.0,2-2,0.5,9.0,,Maryland vs Washington,9.0
2026,Washington,Big Ten,1/26,11,25.0,25,25.0,0.0,Stable,9,2,Falling,5,2,3,0.4,2026-02-10,2,401825311.0,2026-02-01T23:00Z,Illinois,Home,L,66.0,75.0,25.0,99.0,7.0,7.0,,,True,,https://a.espncdn.com/i/teamlogos/ncaa/500/264.png,https://a.espncdn.com/i/teamlogos/ncaa/500/356.png,Big Ten,WASH,ILL,33006f,ff5f05,2026-02-01,-9.0,0.0,Upset Loss,Ranked vs Unranked,Close (6-10),Close,6-10,2.0,Unranked,Big Ten,3,2.0,1.0,7.3,22.0,28.0,-9.0,1.0,0.0,1.0,1.0,1.0,3.0,20,25,5,#20 – #25,None,,,,,,,,22.0,14.6,17.0,5.0,17-5,0.773,7.0,4.0,7-4,0.636,5.0,3.0,5-3,0.625,12.0,2.0,12-2,0.857,2.0,2.0,2-2,0.5,1.0,#25 Washington lost to Unranked Illinois,Illinois vs Washington,-1.0
2026,Washington,Big Ten,2/2,12,24.0,24,25.0,1.0,Rising,10,3,Falling,5,2,3,0.4,2026-02-10,2,401825325.0,2026-02-06T02:00Z,Ohio State,Home,L,60.0,70.0,24.0,9.0,7.0,7.0,,,True,,https://a.espncdn.com/i/teamlogos/ncaa/500/264.png,https://a.espncdn.com/i/teamlogos/ncaa/500/194.png,Big Ten,WASH,OSU,33006f,ba0c2f,2026-02-06,-10.0,0.0,No Upset,Top 25 Matchup,Close (6-10),Close,6-10,2.0,Top 10,Big Ten,2,1.0,1.0,-2.5,-5.0,5.0,-10.0,0.0,0.0,1.0,1.0,0.0,2.0,20,25,5,#20 – #25,None,,,,,,,,23.0,13.5,17.0,6.0,17-6,0.739,7.0,5.0,7-5,0.583,5.0,3.0,5-3,0.625,12.0,3.0,12-3,0.8,2.0,3.0,2-3,0.4,15.0,,Ohio State vs Washington,15.0
2026,Washington,Big Ten,2/2,12,24.0,24,25.0,1.0,Rising,10,3,Falling,5,2,3,0.4,2026-02-10,2,401825334.0,2026-02-08T20:00Z,Wisconsin,Away,W,91.0,86.0,24.0,99.0,7.0,7.0,,,True,,https://a.espncdn.com/i/teamlogos/ncaa/500/264.png,https://a.espncdn.com/i/teamlogos/ncaa/500/275.png,Big Ten,WASH,WIS,33006f,a00000,2026-02-08,5.0,1.0,No Upset,Ranked vs Unranked,Nail-Biter (≤5),Nail-Biter,≤5,1.0,Unranked,Big Ten,2,1.0,1.0,-2.5,-5.0,5.0,-10.0,0.0,0.0,1.0,1.0,0.0,2.0,20,25,5,#20 – #25,None,,,,,,,,24.0,13.2,18.0,6.0,18-6,0.75,8.0,5.0,8-5,0.615,6.0,3.0,6-3,0.667,12.0,3.0,12-3,0.8,2.0,3.0,2-3,0.4,2.0,,Washington vs Wisconsin,-2.0
2026,Washington,Big Ten,2/9,13,25.0,25,24.0,-1.0,Falling,11,4,Falling,5,2,3,0.4,2026-02-10,2,,,,,,,,,,,,,,,,,,,,,,,,,,,,,,,,,,0,,,,,,,,,,,,,20,25,5,#20 – #25,None,,,,,,,,,,,,,,,,,,,,,,,,,,,,,,,,,
2026,West Virginia,Big 12,Pre,0,,26,,,Unknown,0,0,Steady,5,3,2,0.6,2026-02-10,2,401822977.0,2025-11-04T00:00Z,Purdue Fort Wayne,Home,W,83.0,47.0,99.0,99.0,8.0,45.0,,,False,,https://a.espncdn.com/i/teamlogos/ncaa/500/277.png,https://a.espncdn.com/i/teamlogos/ncaa/500/2870.png,,WVU,PFW,eaaa00,cfb991,2025-11-04,36.0,1.0,No Upset,Unranked Matchup,Blowout (20+),Blowout,20+,4.0,Unranked,Other,2,2.0,0.0,38.5,77.0,41.0,36.0,0.0,0.0,0.0,0.0,2.0,0.0,19,25,6,#19 – #25,None,,,,,,,,1.0,36.0,1.0,0.0,1-0,1.0,0.0,0.0,0-0,,0.0,0.0,0-0,,1.0,0.0,1-0,1.0,0.0,0.0,0-0,,0.0,,Purdue Fort Wayne vs West Virginia,0.0
2026,West Virginia,Big 12,Pre,0,,26,,,Unknown,0,0,Steady,5,3,2,0.6,2026-02-10,2,401822978.0,2025-11-08T00:00Z,Kent State,Home,W,88.0,47.0,99.0,99.0,8.0,14.0,,,False,,https://a.espncdn.com/i/teamlogos/ncaa/500/277.png,https://a.espncdn.com/i/teamlogos/ncaa/500/2309.png,,WVU,KENT,eaaa00,002664,2025-11-08,41.0,1.0,No Upset,Unranked Matchup,Blowout (20+),Blowout,20+,4.0,Unranked,Other,2,2.0,0.0,38.5,77.0,41.0,36.0,0.0,0.0,0.0,0.0,2.0,0.0,19,25,6,#19 – #25,None,,,,,,,,2.0,38.5,2.0,0.0,2-0,1.0,0.0,0.0,0-0,,0.0,0.0,0-0,,2.0,0.0,2-0,1.0,0.0,0.0,0-0,,0.0,,Kent State vs West Virginia,0.0
2026,West Virginia,Big 12,11/10,1,,26,26.0,0.0,Unranked,0,0,Steady,5,3,2,0.6,2026-02-10,2,401828586.0,2025-11-12T00:00Z,Temple,Home,W,89.0,61.0,99.0,99.0,8.0,62.0,,,False,,https://a.espncdn.com/i/teamlogos/ncaa/500/277.png,https://a.espncdn.com/i/teamlogos/ncaa/500/218.png,,WVU,TEM,eaaa00,a41e35,2025-11-12,28.0,1.0,No Upset,Unranked Matchup,Blowout (20+),Blowout,20+,4.0,Unranked,Other,2,2.0,0.0,18.0,36.0,28.0,8.0,0.0,1.0,0.0,0.0,1.0,0.0,19,25,6,#19 – #25,None,,,,,,,,3.0,35.0,3.0,0.0,3-0,1.0,0.0,0.0,0-0,,0.0,0.0,0-0,,3.0,0.0,3-0,1.0,0.0,0.0,0-0,,0.0,,Temple vs West Virginia,0.0
2026,West Virginia,Big 12,11/10,1,,26,26.0,0.0,Unranked,0,0,Steady,5,3,2,0.6,2026-02-10,2,401817559.0,2025-11-15T00:00Z,Duke,Neutral,W,57.0,49.0,99.0,15.0,8.0,2.0,,,False,Greenbrier Tip-Off,https://a.espncdn.com/i/teamlogos/ncaa/500/277.png,https://a.espncdn.com/i/teamlogos/ncaa/500/150.png,,WVU,DUKE,eaaa00,00539b,2025-11-15,8.0,1.0,Upset Win,Ranked vs Unranked,Close (6-10),Close,6-10,2.0,Top 25,ACC,2,2.0,0.0,18.0,36.0,28.0,8.0,0.0,1.0,0.0,0.0,1.0,0.0,19,25,6,#19 – #25,None,,,,,,,,4.0,28.2,4.0,0.0,4-0,1.0,0.0,0.0,0-0,,0.0,0.0,0-0,,3.0,0.0,3-0,1.0,1.0,0.0,1-0,1.0,11.0,Unranked West Virginia beat #15 Duke,Duke vs West Virginia,11.0
2026,West Virginia,Big 12,11/17,2,23.0,23,26.0,3.0,New,1,1,Steady,5,3,2,0.6,2026-02-10,2,401822979.0,2025-11-20T15:15Z,App State,Home,W,80.0,51.0,23.0,99.0,8.0,27.0,,,False,,https://a.espncdn.com/i/teamlogos/ncaa/500/277.png,https://a.espncdn.com/i/teamlogos/ncaa/500/2026.png,,WVU,APP,eaaa00,000000,2025-11-20,29.0,1.0,No Upset,Ranked vs Unranked,Blowout (20+),Blowout,20+,4.0,Unranked,Other,1,1.0,0.0,29.0,29.0,29.0,29.0,0.0,0.0,0.0,0.0,1.0,0.0,19,25,6,#19 – #25,Entered,Duke,W,57.0,49.0,2025-11-15,8.0,Neutral,5.0,28.4,5.0,0.0,5-0,1.0,0.0,0.0,0-0,,0.0,0.0,0-0,,4.0,0.0,4-0,1.0,1.0,0.0,1-0,1.0,3.0,,App State vs West Virginia,-3.0
2026,West Virginia,Big 12,11/24,3,21.0,21,23.0,2.0,Rising,2,2,Steady,5,3,2,0.6,2026-02-10,2,401823631.0,2025-11-24T18:30Z,McNeese,Neutral,W,83.0,63.0,21.0,99.0,8.0,25.0,,,False,Baha Mar Pink Flamingo Championship - Goombay Division,https://a.espncdn.com/i/teamlogos/ncaa/500/277.png,https://a.espncdn.com/i/teamlogos/ncaa/500/2377.png,,WVU,MCN,eaaa00,00529C,2025-11-24,20.0,1.0,No Upset,Ranked vs Unranked,Comfortable (11-20),Comfortable,11-20,3.0,Unranked,Other,2,1.0,1.0,9.0,18.0,20.0,-2.0,1.0,0.0,0.0,1.0,0.0,0.0,19,25,6,#19 – #25,None,,,,,,,,6.0,27.0,6.0,0.0,6-0,1.0,0.0,0.0,0-0,,0.0,0.0,0-0,,4.0,0.0,4-0,1.0,1.0,0.0,1-0,1.0,5.0,,McNeese vs West Virginia,-5.0
2026,West Virginia,Big 12,11/24,3,21.0,21,23.0,2.0,Rising,2,2,Steady,5,3,2,0.6,2026-02-10,2,401823632.0,2025-11-26T18:30Z,Ohio State,Neutral,L,81.0,83.0,21.0,99.0,8.0,7.0,,,False,Baha Mar Pink Flamingo Championship - Goombay Division - Championship,https://a.espncdn.com/i/teamlogos/ncaa/500/277.png,https://a.espncdn.com/i/teamlogos/ncaa/500/194.png,,WVU,OSU,eaaa00,ba0c2f,2025-11-26,-2.0,0.0,Upset Loss,Ranked vs Unranked,Nail-Biter (≤5),Nail-Biter,≤5,1.0,Unranked,Big Ten,2,1.0,1.0,9.0,18.0,20.0,-2.0,1.0,0.0,0.0,1.0,0.0,0.0,19,25,6,#19 – #25,None,,,,,,,,7.0,22.9,6.0,1.0,6-1,0.857,0.0,0.0,0-0,,0.0,0.0,0-0,,4.0,0.0,4-0,1.0,1.0,0.0,1-0,1.0,5.0,#21 West Virginia lost to Unranked Ohio State,Ohio State vs West Virginia,-5.0
2026,West Virginia,Big 12,12/1,4,25.0,25,21.0,-4.0,Falling,3,3,Steady,5,3,2,0.6,2026-02-10,2,401825729.0,2025-12-02T00:00Z,Villanova,Home,L,59.0,81.0,25.0,99.0,8.0,4.0,,,False,,https://a.espncdn.com/i/teamlogos/ncaa/500/277.png,https://a.espncdn.com/i/teamlogos/ncaa/500/222.png,,WVU,VILL,eaaa00,00205b,2025-12-02,-22.0,0.0,Upset Loss,Ranked vs Unranked,Blowout (20+),Blowout,20+,4.0,Unranked,Big 12,2,1.0,1.0,12.0,24.0,46.0,-22.0,1.0,0.0,0.0,0.0,2.0,0.0,19,25,6,#19 – #25,None,,,,,,,,8.0,17.2,6.0,2.0,6-2,0.75,0.0,0.0,0-0,,0.0,0.0,0-0,,4.0,1.0,4-1,0.8,1.0,0.0,1-0,1.0,1.0,#25 West Virginia lost to Unranked Villanova,Villanova vs West Virginia,-1.0
2026,West Virginia,Big 12,12/1,4,25.0,25,21.0,-4.0,Falling,3,3,Steady,5,3,2,0.6,2026-02-10,2,401825824.0,2025-12-06T00:00Z,Mercyhurst,Home,W,97.0,51.0,25.0,99.0,8.0,19.0,,,False,,https://a.espncdn.com/i/teamlogos/ncaa/500/277.png,https://a.espncdn.com/i/teamlogos/ncaa/500/2385.png,,WVU,MERC,eaaa00,000000,2025-12-06,46.0,1.0,No Upset,Ranked vs Unranked,Blowout (20+),Blowout,20+,4.0,Unranked,Other,2,1.0,1.0,12.0,24.0,46.0,-22.0,1.0,0.0,0.0,0.0,2.0,0.0,19,25,6,#19 – #25,None,,,,,,,,9.0,20.4,7.0,2.0,7-2,0.778,0.0,0.0,0-0,,0.0,0.0,0-0,,5.0,1.0,5-1,0.833,1.0,0.0,1-0,1.0,1.0,,Mercyhurst vs West Virginia,-1.0
2026,West Virginia,Big 12,12/8,5,,26,25.0,-1.0,Dropped,3,0,Steady,5,3,2,0.6,2026-02-10,2,401822982.0,2025-12-09T00:00Z,Texas Southern,Home,W,109.0,40.0,99.0,99.0,8.0,26.0,,,False,,https://a.espncdn.com/i/teamlogos/ncaa/500/277.png,https://a.espncdn.com/i/teamlogos/ncaa/500/2640.png,,WVU,TXSO,eaaa00,860038,2025-12-09,69.0,1.0,No Upset,Unranked Matchup,Blowout (20+),Blowout,20+,4.0,Unranked,Other,3,3.0,0.0,39.7,119.0,69.0,18.0,0.0,0.0,0.0,0.0,2.0,0.0,19,25,6,#19 – #25,Exited,Villanova,L,59.0,81.0,2025-12-02,-22.0,Home,10.0,25.3,8.0,2.0,8-2,0.8,0.0,0.0,0-0,,0.0,0.0,0-0,,6.0,1.0,6-1,0.857,1.0,0.0,1-0,1.0,0.0,,Texas Southern vs West Virginia,0.0
2026,West Virginia,Big 12,12/8,5,,26,25.0,-1.0,Dropped,3,0,Steady,5,3,2,0.6,2026-02-10,2,401813194.0,2025-12-12T00:00Z,Georgia Tech,Home,W,82.0,50.0,99.0,99.0,8.0,2.0,,,False,,https://a.espncdn.com/i/teamlogos/ncaa/500/277.png,https://a.espncdn.com/i/teamlogos/ncaa/500/59.png,,WVU,GT,eaaa00,b3a369,2025-12-12,32.0,1.0,No Upset,Unranked Matchup,Blowout (20+),Blowout,20+,4.0,Unranked,ACC,3,3.0,0.0,39.7,119.0,69.0,18.0,0.0,0.0,0.0,0.0,2.0,0.0,19,25,6,#19 – #25,Exited,Villanova,L,59.0,81.0,2025-12-02,-22.0,Home,11.0,25.9,9.0,2.0,9-2,0.818,0.0,0.0,0-0,,0.0,0.0,0-0,,7.0,1.0,7-1,0.875,1.0,0.0,1-0,1.0,0.0,,Georgia Tech vs West Virginia,0.0
2026,West Virginia,Big 12,12/8,5,,26,25.0,-1.0,Dropped,3,0,Steady,5,3,2,0.6,2026-02-10,2,401822983.0,2025-12-14T20:00Z,Texas A&M,Away,W,63.0,45.0,99.0,99.0,8.0,23.0,,,False,,https://a.espncdn.com/i/teamlogos/ncaa/500/277.png,https://a.espncdn.com/i/teamlogos/ncaa/500/245.png,,WVU,TA&M,eaaa00,500000,2025-12-14,18.0,1.0,No Upset,Unranked Matchup,Comfortable (11-20),Comfortable,11-20,3.0,Unranked,SEC,3,3.0,0.0,39.7,119.0,69.0,18.0,0.0,0.0,0.0,0.0,2.0,0.0,19,25,6,#19 – #25,Exited,Villanova,L,59.0,81.0,2025-12-02,-22.0,Home,12.0,25.2,10.0,2.0,10-2,0.833,0.0,0.0,0-0,,1.0,0.0,1-0,1.0,7.0,1.0,7-1,0.875,1.0,0.0,1-0,1.0,0.0,,Texas A&M vs West Virginia,0.0
2026,West Virginia,Big 12,12/15,6,,26,26.0,0.0,Unranked,3,0,Steady,5,3,2,0.6,2026-02-10,2,401827295.0,2025-12-21T19:00Z,Houston,Home,W,101.0,46.0,99.0,99.0,8.0,8.0,,,True,,https://a.espncdn.com/i/teamlogos/ncaa/500/277.png,https://a.espncdn.com/i/teamlogos/ncaa/500/248.png,Big 12,WVU,HOU,eaaa00,c8102e,2025-12-21,55.0,1.0,No Upset,Unranked Matchup,Blowout (20+),Blowout,20+,4.0,Unranked,Big East,1,1.0,0.0,55.0,55.0,55.0,55.0,0.0,0.0,0.0,0.0,1.0,1.0,19,25,6,#19 – #25,None,,,,,,,,13.0,27.5,11.0,2.0,11-2,0.846,1.0,0.0,1-0,1.0,1.0,0.0,1-0,1.0,8.0,1.0,8-1,0.889,1.0,0.0,1-0,1.0,0.0,,Houston vs West Virginia,0.0
2026,West Virginia,Big 12,12/22,7,,26,26.0,0.0,Unranked,3,0,Steady,5,3,2,0.6,2026-02-10,2,401827304.0,2026-01-01T18:00Z,Kansas,Away,W,79.0,72.0,99.0,99.0,8.0,8.0,,,True,,https://a.espncdn.com/i/teamlogos/ncaa/500/277.png,https://a.espncdn.com/i/teamlogos/ncaa/500/2305.png,Big 12,WVU,KU,eaaa00,0051ba,2026-01-01,7.0,1.0,No Upset,Unranked Matchup,Close (6-10),Close,6-10,2.0,Unranked,Big East,2,2.0,0.0,4.5,9.0,7.0,2.0,0.0,0.0,0.0,1.0,0.0,2.0,19,25,6,#19 – #25,None,,,,,,,,14.0,26.1,12.0,2.0,12-2,0.857,2.0,0.0,2-0,1.0,2.0,0.0,2-0,1.0,8.0,1.0,8-1,0.889,1.0,0.0,1-0,1.0,0.0,,Kansas vs West Virginia,0.0
2026,West Virginia,Big 12,12/22,7,,26,26.0,0.0,Unranked,3,0,Steady,5,3,2,0.6,2026-02-10,2,401827312.0,2026-01-04T19:00Z,Kansas State,Away,W,60.0,58.0,99.0,99.0,8.0,8.0,,,True,,https://a.espncdn.com/i/teamlogos/ncaa/500/277.png,https://a.espncdn.com/i/teamlogos/ncaa/500/2306.png,Big 12,WVU,KSU,eaaa00,330a57,2026-01-04,2.0,1.0,No Upset,Unranked Matchup,Nail-Biter (≤5),Nail-Biter,≤5,1.0,Unranked,Big East,2,2.0,0.0,4.5,9.0,7.0,2.0,0.0,0.0,0.0,1.0,0.0,2.0,19,25,6,#19 – #25,None,,,,,,,,15.0,24.5,13.0,2.0,13-2,0.867,3.0,0.0,3-0,1.0,3.0,0.0,3-0,1.0,8.0,1.0,8-1,0.889,1.0,0.0,1-0,1.0,0.0,,Kansas State vs West Virginia,0.0
2026,West Virginia,Big 12,1/5,8,,26,26.0,0.0,Unranked,3,0,Steady,5,3,2,0.6,2026-02-10,2,401827319.0,2026-01-08T00:00Z,Texas Tech,Home,L,66.0,71.0,99.0,17.0,8.0,8.0,,,True,,https://a.espncdn.com/i/teamlogos/ncaa/500/277.png,https://a.espncdn.com/i/teamlogos/ncaa/500/2641.png,Big 12,WVU,TTU,eaaa00,da291c,2026-01-08,-5.0,0.0,No Upset,Ranked vs Unranked,Nail-Biter (≤5),Nail-Biter,≤5,1.0,Top 25,Big East,2,1.0,1.0,4.0,8.0,13.0,-5.0,0.0,1.0,0.0,1.0,0.0,2.0,19,25,6,#19 – #25,None,,,,,,,,16.0,22.6,13.0,3.0,13-3,0.812,3.0,1.0,3-1,0.75,3.0,0.0,3-0,1.0,8.0,2.0,8-2,0.8,1.0,1.0,1-1,0.5,9.0,,Texas Tech vs West Virginia,9.0
2026,West Virginia,Big 12,1/5,8,,26,26.0,0.0,Unranked,3,0,Steady,5,3,2,0.6,2026-02-10,2,401827326.0,2026-01-11T20:00Z,Iowa State,Away,W,83.0,70.0,99.0,11.0,8.0,8.0,,,True,,https://a.espncdn.com/i/teamlogos/ncaa/500/277.png,https://a.espncdn.com/i/teamlogos/ncaa/500/66.png,Big 12,WVU,ISU,eaaa00,ae192d,2026-01-11,13.0,1.0,Upset Win,Ranked vs Unranked,Comfortable (11-20),Comfortable,11-20,3.0,Top 25,Big East,2,1.0,1.0,4.0,8.0,13.0,-5.0,0.0,1.0,0.0,1.0,0.0,2.0,19,25,6,#19 – #25,None,,,,,,,,17.0,22.1,14.0,3.0,14-3,0.824,4.0,1.0,4-1,0.8,4.0,0.0,4-0,1.0,8.0,2.0,8-2,0.8,2.0,1.0,2-1,0.667,15.0,Unranked West Virginia beat #11 Iowa State,Iowa State vs West Virginia,15.0
2026,West Virginia,Big 12,1/12,9,,26,26.0,0.0,Unranked,3,0,Steady,5,3,2,0.6,2026-02-10,2,401827334.0,2026-01-15T00:00Z,TCU,Home,L,50.0,51.0,99.0,10.0,8.0,8.0,,,True,,https://a.espncdn.com/i/teamlogos/ncaa/500/277.png,https://a.espncdn.com/i/teamlogos/ncaa/500/2628.png,Big 12,WVU,TCU,eaaa00,4d1979,2026-01-15,-1.0,0.0,No Upset,Ranked vs Unranked,Nail-Biter (≤5),Nail-Biter,≤5,1.0,Top 10,Big East,2,1.0,1.0,3.5,7.0,8.0,-1.0,0.0,0.0,0.0,1.0,0.0,2.0,19,25,6,#19 – #25,None,,,,,,,,18.0,20.8,14.0,4.0,14-4,0.778,4.0,2.0,4-2,0.667,4.0,0.0,4-0,1.0,8.0,3.0,8-3,0.727,2.0,2.0,2-2,0.5,16.0,,TCU vs West Virginia,16.0
2026,West Virginia,Big 12,1/12,9,,26,26.0,0.0,Unranked,3,0,Steady,5,3,2,0.6,2026-02-10,2,401827341.0,2026-01-18T19:00Z,Cincinnati,Away,W,84.0,76.0,99.0,99.0,8.0,8.0,,,True,,https://a.espncdn.com/i/teamlogos/ncaa/500/277.png,https://a.espncdn.com/i/teamlogos/ncaa/500/2132.png,Big 12,WVU,CIN,eaaa00,000000,2026-01-18,8.0,1.0,No Upset,Unranked Matchup,Close (6-10),Close,6-10,2.0,Unranked,Big East,2,1.0,1.0,3.5,7.0,8.0,-1.0,0.0,0.0,0.0,1.0,0.0,2.0,19,25,6,#19 – #25,None,,,,,,,,19.0,20.1,15.0,4.0,15-4,0.789,5.0,2.0,5-2,0.714,5.0,0.0,5-0,1.0,8.0,3.0,8-3,0.727,2.0,2.0,2-2,0.5,0.0,,Cincinnati vs West Virginia,0.0
2026,West Virginia,Big 12,1/19,10,22.0,22,26.0,4.0,New,4,1,Steady,5,3,2,0.6,2026-02-10,2,401827348.0,2026-01-22T00:00Z,Arizona State,Home,W,53.0,43.0,22.0,99.0,8.0,8.0,,,True,,https://a.espncdn.com/i/teamlogos/ncaa/500/277.png,https://a.espncdn.com/i/teamlogos/ncaa/500/9.png,Big 12,WVU,ASU,eaaa00,ffc627,2026-01-22,10.0,1.0,No Upset,Ranked vs Unranked,Close (6-10),Close,6-10,2.0,Unranked,Big East,2,2.0,0.0,12.0,24.0,14.0,10.0,0.0,0.0,0.0,0.0,0.0,2.0,19,25,6,#19 – #25,Entered,TCU,L,50.0,51.0,2026-01-15,-1.0,Home,20.0,19.6,16.0,4.0,16-4,0.8,6.0,2.0,6-2,0.75,5.0,0.0,5-0,1.0,9.0,3.0,9-3,0.75,2.0,2.0,2-2,0.5,4.0,,Arizona State vs West Virginia,-4.0
2026,West Virginia,Big 12,1/19,10,22.0,22,26.0,4.0,New,4,1,Steady,5,3,2,0.6,2026-02-10,2,401827349.0,2026-01-25T02:30Z,BYU,Away,W,91.0,77.0,22.0,99.0,8.0,8.0,,,True,,https://a.espncdn.com/i/teamlogos/ncaa/500/277.png,https://a.espncdn.com/i/teamlogos/ncaa/500/252.png,Big 12,WVU,BYU,eaaa00,0047ba,2026-01-25,14.0,1.0,No Upset,Ranked vs Unranked,Comfortable (11-20),Comfortable,11-20,3.0,Unranked,Big East,2,2.0,0.0,12.0,24.0,14.0,10.0,0.0,0.0,0.0,0.0,0.0,2.0,19,25,6,#19 – #25,Entered,TCU,L,50.0,51.0,2026-01-15,-1.0,Home,21.0,19.3,17.0,4.0,17-4,0.81,7.0,2.0,7-2,0.778,6.0,0.0,6-0,1.0,9.0,3.0,9-3,0.75,2.0,2.0,2-2,0.5,4.0,,BYU vs West Virginia,-4.0
2026,West Virginia,Big 12,1/26,11,22.0,22,22.0,0.0,Stable,5,2,Steady,5,3,2,0.6,2026-02-10,2,401827357.0,2026-01-28T02:00Z,Utah,Away,L,64.0,71.0,22.0,99.0,8.0,8.0,,,True,,https://a.espncdn.com/i/teamlogos/ncaa/500/277.png,https://a.espncdn.com/i/teamlogos/ncaa/500/254.png,Big 12,WVU,UTAH,eaaa00,be0000,2026-01-28,-7.0,0.0,Upset Loss,Ranked vs Unranked,Close (6-10),Close,6-10,2.0,Unranked,Big East,2,1.0,1.0,1.5,3.0,10.0,-7.0,1.0,0.0,1.0,0.0,0.0,2.0,19,25,6,#19 – #25,None,,,,,,,,22.0,18.1,17.0,5.0,17-5,0.773,7.0,3.0,7-3,0.7,6.0,1.0,6-1,0.857,9.0,3.0,9-3,0.75,2.0,2.0,2-2,0.5,4.0,#22 West Virginia lost to Unranked Utah,Utah vs West Virginia,-4.0
2026,West Virginia,Big 12,1/26,11,22.0,22,22.0,0.0,Stable,5,2,Steady,5,3,2,0.6,2026-02-10,2,401827370.0,2026-02-01T18:00Z,Baylor,Home,W,70.0,60.0,22.0,14.0,8.0,8.0,,,True,,https://a.espncdn.com/i/teamlogos/ncaa/500/277.png,https://a.espncdn.com/i/teamlogos/ncaa/500/239.png,Big 12,WVU,BAY,eaaa00,154734,2026-02-01,10.0,1.0,No Upset,Top 25 Matchup,Close (6-10),Close,6-10,2.0,Top 25,Big East,2,1.0,1.0,1.5,3.0,10.0,-7.0,1.0,0.0,1.0,0.0,0.0,2.0,19,25,6,#19 – #25,None,,,,,,,,23.0,17.8,18.0,5.0,18-5,0.783,8.0,3.0,8-3,0.727,6.0,1.0,6-1,0.857,10.0,3.0,10-3,0.769,3.0,2.0,3-2,0.6,8.0,,Baylor vs West Virginia,8.0
2026,West Virginia,Big 12,2/2,12,20.0,20,22.0,2.0,Rising,6,3,Steady,5,3,2,0.6,2026-02-10,2,401827375.0,2026-02-05T02:00Z,Colorado,Away,W,61.0,55.0,20.0,99.0,8.0,8.0,,,True,,https://a.espncdn.com/i/teamlogos/ncaa/500/277.png,https://a.espncdn.com/i/teamlogos/ncaa/500/38.png,Big 12,WVU,COLO,eaaa00,cfb87c,2026-02-05,6.0,1.0,No Upset,Ranked vs Unranked,Close (6-10),Close,6-10,2.0,Unranked,Big East,2,2.0,0.0,12.5,25.0,19.0,6.0,0.0,0.0,0.0,0.0,0.0,2.0,19,25,6,#19 – #25,None,,,,,,,,24.0,17.3,19.0,5.0,19-5,0.792,9.0,3.0,9-3,0.75,7.0,1.0,7-1,0.875,10.0,3.0,10-3,0.769,3.0,2.0,3-2,0.6,6.0,,Colorado vs West Virginia,-6.0
2026,West Virginia,Big 12,2/2,12,20.0,20,22.0,2.0,Rising,6,3,Steady,5,3,2,0.6,2026-02-10,2,401827384.0,2026-02-07T19:00Z,Arizona,Home,W,87.0,68.0,20.0,99.0,8.0,8.0,,,True,,https://a.espncdn.com/i/teamlogos/ncaa/500/277.png,https://a.espncdn.com/i/teamlogos/ncaa/500/12.png,Big 12,WVU,ARIZ,eaaa00,cc0033,2026-02-07,19.0,1.0,No Upset,Ranked vs Unranked,Comfortable (11-20),Comfortable,11-20,3.0,Unranked,Big East,2,2.0,0.0,12.5,25.0,19.0,6.0,0.0,0.0,0.0,0.0,0.0,2.0,19,25,6,#19 – #25,None,,,,,,,,25.0,17.4,20.0,5.0,20-5,0.8,10.0,3.0,10-3,0.769,7.0,1.0,7-1,0.875,11.0,3.0,11-3,0.786,3.0,2.0,3-2,0.6,6.0,,Arizona vs West Virginia,-6.0
2026,West Virginia,Big 12,2/9,13,19.0,19,20.0,1.0,Rising,7,4,Steady,5,3,2,0.6,2026-02-10,2,,,,,,,,,,,,,,,,,,,,,,,,,,,,,,,,,,0,,,,,,,,,,,,,19,25,6,#19 – #25,None,,,,,,,,,,,,,,,,,,,,,,,,,,,,,,,,,
