season,team,conference,poll_week,rank,rank_numeric,prev_rank_numeric,rank_change,movement_category,weeks_in_top25,ranked_streak,run_date,table_id
2026,Alabama,SEC,1/12,21.0,21,,,Unknown,1,1,2026-01-13,2
2026,Alabama,SEC,1/12,21.0,21,21.0,0.0,Stable,2,2,2026-01-17,2
2026,Alabama,SEC,1/12,21.0,21,21.0,0.0,Stable,3,3,2026-01-20,2
2026,Alabama,SEC,1/12,21.0,21,21.0,0.0,Stable,4,4,2026-01-22,2
2026,Alabama,SEC,1/12,21.0,21,21.0,0.0,Stable,5,5,2026-01-22,2
2026,Alabama,SEC,1/19,23.0,23,21.0,-2.0,Falling,6,6,2026-01-22,2
2026,Alabama,SEC,1/19,23.0,23,23.0,0.0,Stable,7,7,2026-01-22,2
2026,Alabama,SEC,1/5,,26,23.0,-3.0,Dropped,7,0,2026-01-13,2
2026,Alabama,SEC,1/5,,26,26.0,0.0,Unranked,7,0,2026-01-17,2
2026,Alabama,SEC,1/5,,26,26.0,0.0,Unranked,7,0,2026-01-20,2
2026,Alabama,SEC,1/5,,26,26.0,0.0,Unranked,7,0,2026-01-22,2
2026,Alabama,SEC,1/5,,26,26.0,0.0,Unranked,7,0,2026-01-22,2
2026,Alabama,SEC,11/10,,26,26.0,0.0,Unranked,7,0,2026-01-13,2
2026,Alabama,SEC,11/10,,26,26.0,0.0,Unranked,7,0,2026-01-17,2
2026,Alabama,SEC,11/10,,26,26.0,0.0,Unranked,7,0,2026-01-20,2
2026,Alabama,SEC,11/10,,26,26.0,0.0,Unranked,7,0,2026-01-22,2
2026,Alabama,SEC,11/10,,26,26.0,0.0,Unranked,7,0,2026-01-22,2
2026,Alabama,SEC,11/17,,26,26.0,0.0,Unranked,7,0,2026-01-13,2
2026,Alabama,SEC,11/17,,26,26.0,0.0,Unranked,7,0,2026-01-17,2
2026,Alabama,SEC,11/17,,26,26.0,0.0,Unranked,7,0,2026-01-20,2
2026,Alabama,SEC,11/17,,26,26.0,0.0,Unranked,7,0,2026-01-22,2
2026,Alabama,SEC,11/17,,26,26.0,0.0,Unranked,7,0,2026-01-22,2
2026,Alabama,SEC,11/24,,26,26.0,0.0,Unranked,7,0,2026-01-13,2
2026,Alabama,SEC,11/24,,26,26.0,0.0,Unranked,7,0,2026-01-17,2
2026,Alabama,SEC,11/24,,26,26.0,0.0,Unranked,7,0,2026-01-20,2
2026,Alabama,SEC,11/24,,26,26.0,0.0,Unranked,7,0,2026-01-22,2
2026,Alabama,SEC,11/24,,26,26.0,0.0,Unranked,7,0,2026-01-22,2
2026,Alabama,SEC,12/1,,26,26.0,0.0,Unranked,7,0,2026-01-13,2
2026,Alabama,SEC,12/1,,26,26.0,0.0,Unranked,7,0,2026-01-17,2
2026,Alabama,SEC,12/1,,26,26.0,0.0,Unranked,7,0,2026-01-20,2
2026,Alabama,SEC,12/1,,26,26.0,0.0,Unranked,7,0,2026-01-22,2
2026,Alabama,SEC,12/1,,26,26.0,0.0,Unranked,7,0,2026-01-22,2
2026,Alabama,SEC,12/15,,26,26.0,0.0,Unranked,7,0,2026-01-13,2
2026,Alabama,SEC,12/15,,26,26.0,0.0,Unranked,7,0,2026-01-17,2
2026,Alabama,SEC,12/15,,26,26.0,0.0,Unranked,7,0,2026-01-20,2
2026,Alabama,SEC,12/15,,26,26.0,0.0,Unranked,7,0,2026-01-22,2
2026,Alabama,SEC,12/15,,26,26.0,0.0,Unranked,7,0,2026-01-22,2
2026,Alabama,SEC,12/22,,26,26.0,0.0,Unranked,7,0,2026-01-13,2
2026,Alabama,SEC,12/22,,26,26.0,0.0,Unranked,7,0,2026-01-17,2
2026,Alabama,SEC,12/22,,26,26.0,0.0,Unranked,7,0,2026-01-20,2
2026,Alabama,SEC,12/22,,26,26.0,0.0,Unranked,7,0,2026-01-22,2
2026,Alabama,SEC,12/22,,26,26.0,0.0,Unranked,7,0,2026-01-22,2
2026,Alabama,SEC,12/8,,26,26.0,0.0,Unranked,7,0,2026-01-13,2
2026,Alabama,SEC,12/8,,26,26.0,0.0,Unranked,7,0,2026-01-17,2
2026,Alabama,SEC,12/8,,26,26.0,0.0,Unranked,7,0,2026-01-20,2
2026,Alabama,SEC,12/8,,26,26.0,0.0,Unranked,7,0,2026-01-22,2
2026,Alabama,SEC,12/8,,26,26.0,0.0,Unranked,7,0,2026-01-22,2
2026,Alabama,SEC,Pre,,26,26.0,0.0,Unranked,7,0,2026-01-13,2
2026,Alabama,SEC,Pre,,26,26.0,0.0,Unranked,7,0,2026-01-17,2
2026,Alabama,SEC,Pre,,26,26.0,0.0,Unranked,7,0,2026-01-20,2
2026,Alabama,SEC,Pre,,26,26.0,0.0,Unranked,7,0,2026-01-22,2
2026,Alabama,SEC,Pre,,26,26.0,0.0,Unranked,7,0,2026-01-22,2
2026,Baylor,Big 12,1/12,18.0,18,,,Unknown,1,1,2026-01-13,2
2026,Baylor,Big 12,1/12,18.0,18,18.0,0.0,Stable,2,2,2026-01-17,2
2026,Baylor,Big 12,1/12,18.0,18,18.0,0.0,Stable,3,3,2026-01-20,2
2026,Baylor,Big 12,1/12,18.0,18,18.0,0.0,Stable,4,4,2026-01-22,2
2026,Baylor,Big 12,1/12,18.0,18,18.0,0.0,Stable,5,5,2026-01-22,2
2026,Baylor,Big 12,1/19,14.0,14,18.0,4.0,Rising,6,6,2026-01-22,2
2026,Baylor,Big 12,1/19,14.0,14,14.0,0.0,Stable,7,7,2026-01-22,2
2026,Baylor,Big 12,1/5,16.0,16,14.0,-2.0,Falling,8,8,2026-01-09,2
2026,Baylor,Big 12,1/5,16.0,16,16.0,0.0,Stable,9,9,2026-01-10,2
2026,Baylor,Big 12,1/5,16.0,16,16.0,0.0,Stable,10,10,2026-01-12,2
2026,Baylor,Big 12,1/5,16.0,16,16.0,0.0,Stable,11,11,2026-01-13,2
2026,Baylor,Big 12,1/5,16.0,16,16.0,0.0,Stable,12,12,2026-01-17,2
2026,Baylor,Big 12,1/5,16.0,16,16.0,0.0,Stable,13,13,2026-01-20,2
2026,Baylor,Big 12,1/5,16.0,16,16.0,0.0,Stable,14,14,2026-01-22,2
2026,Baylor,Big 12,1/5,16.0,16,16.0,0.0,Stable,15,15,2026-01-22,2
2026,Baylor,Big 12,11/10,7.0,7,16.0,9.0,Rising,16,16,2026-01-09,2
2026,Baylor,Big 12,11/10,7.0,7,7.0,0.0,Stable,17,17,2026-01-10,2
2026,Baylor,Big 12,11/10,7.0,7,7.0,0.0,Stable,18,18,2026-01-12,2
2026,Baylor,Big 12,11/10,7.0,7,7.0,0.0,Stable,19,19,2026-01-13,2
2026,Baylor,Big 12,11/10,7.0,7,7.0,0.0,Stable,20,20,2026-01-17,2
2026,Baylor,Big 12,11/10,7.0,7,7.0,0.0,Stable,21,21,2026-01-20,2
2026,Baylor,Big 12,11/10,7.0,7,7.0,0.0,Stable,22,22,2026-01-22,2
2026,Baylor,Big 12,11/10,7.0,7,7.0,0.0,Stable,23,23,2026-01-22,2
2026,Baylor,Big 12,11/17,7.0,7,7.0,0.0,Stable,24,24,2026-01-09,2
2026,Baylor,Big 12,11/17,7.0,7,7.0,0.0,Stable,25,25,2026-01-10,2
2026,Baylor,Big 12,11/17,7.0,7,7.0,0.0,Stable,26,26,2026-01-12,2
2026,Baylor,Big 12,11/17,7.0,7,7.0,0.0,Stable,27,27,2026-01-13,2
2026,Baylor,Big 12,11/17,7.0,7,7.0,0.0,Stable,28,28,2026-01-17,2
2026,Baylor,Big 12,11/17,7.0,7,7.0,0.0,Stable,29,29,2026-01-20,2
2026,Baylor,Big 12,11/17,7.0,7,7.0,0.0,Stable,30,30,2026-01-22,2
2026,Baylor,Big 12,11/17,7.0,7,7.0,0.0,Stable,31,31,2026-01-22,2
2026,Baylor,Big 12,11/24,15.0,15,7.0,-8.0,Falling,32,32,2026-01-09,2
2026,Baylor,Big 12,11/24,15.0,15,15.0,0.0,Stable,33,33,2026-01-10,2
2026,Baylor,Big 12,11/24,15.0,15,15.0,0.0,Stable,34,34,2026-01-12,2
2026,Baylor,Big 12,11/24,15.0,15,15.0,0.0,Stable,35,35,2026-01-13,2
2026,Baylor,Big 12,11/24,15.0,15,15.0,0.0,Stable,36,36,2026-01-17,2
2026,Baylor,Big 12,11/24,15.0,15,15.0,0.0,Stable,37,37,2026-01-20,2
2026,Baylor,Big 12,11/24,15.0,15,15.0,0.0,Stable,38,38,2026-01-22,2
2026,Baylor,Big 12,11/24,15.0,15,15.0,0.0,Stable,39,39,2026-01-22,2
2026,Baylor,Big 12,12/1,14.0,14,15.0,1.0,Rising,40,40,2026-01-09,2
2026,Baylor,Big 12,12/1,14.0,14,14.0,0.0,Stable,41,41,2026-01-10,2
2026,Baylor,Big 12,12/1,14.0,14,14.0,0.0,Stable,42,42,2026-01-12,2
2026,Baylor,Big 12,12/1,14.0,14,14.0,0.0,Stable,43,43,2026-01-13,2
2026,Baylor,Big 12,12/1,14.0,14,14.0,0.0,Stable,44,44,2026-01-17,2
2026,Baylor,Big 12,12/1,14.0,14,14.0,0.0,Stable,45,45,2026-01-20,2
2026,Baylor,Big 12,12/1,14.0,14,14.0,0.0,Stable,46,46,2026-01-22,2
2026,Baylor,Big 12,12/1,14.0,14,14.0,0.0,Stable,47,47,2026-01-22,2
2026,Baylor,Big 12,12/15,15.0,15,14.0,-1.0,Falling,48,48,2026-01-09,2
2026,Baylor,Big 12,12/15,15.0,15,15.0,0.0,Stable,49,49,2026-01-10,2
2026,Baylor,Big 12,12/15,15.0,15,15.0,0.0,Stable,50,50,2026-01-12,2
2026,Baylor,Big 12,12/15,15.0,15,15.0,0.0,Stable,51,51,2026-01-13,2
2026,Baylor,Big 12,12/15,15.0,15,15.0,0.0,Stable,52,52,2026-01-17,2
2026,Baylor,Big 12,12/15,15.0,15,15.0,0.0,Stable,53,53,2026-01-20,2
2026,Baylor,Big 12,12/15,15.0,15,15.0,0.0,Stable,54,54,2026-01-22,2
2026,Baylor,Big 12,12/15,15.0,15,15.0,0.0,Stable,55,55,2026-01-22,2
2026,Baylor,Big 12,12/22,22.0,22,15.0,-7.0,Falling,56,56,2026-01-09,2
2026,Baylor,Big 12,12/22,22.0,22,22.0,0.0,Stable,57,57,2026-01-10,2
2026,Baylor,Big 12,12/22,22.0,22,22.0,0.0,Stable,58,58,2026-01-12,2
2026,Baylor,Big 12,12/22,22.0,22,22.0,0.0,Stable,59,59,2026-01-13,2
2026,Baylor,Big 12,12/22,22.0,22,22.0,0.0,Stable,60,60,2026-01-17,2
2026,Baylor,Big 12,12/22,22.0,22,22.0,0.0,Stable,61,61,2026-01-20,2
2026,Baylor,Big 12,12/22,22.0,22,22.0,0.0,Stable,62,62,2026-01-22,2
2026,Baylor,Big 12,12/22,22.0,22,22.0,0.0,Stable,63,63,2026-01-22,2
2026,Baylor,Big 12,12/8,13.0,13,22.0,9.0,Rising,64,64,2026-01-09,2
2026,Baylor,Big 12,12/8,13.0,13,13.0,0.0,Stable,65,65,2026-01-10,2
2026,Baylor,Big 12,12/8,13.0,13,13.0,0.0,Stable,66,66,2026-01-12,2
2026,Baylor,Big 12,12/8,13.0,13,13.0,0.0,Stable,67,67,2026-01-13,2
2026,Baylor,Big 12,12/8,13.0,13,13.0,0.0,Stable,68,68,2026-01-17,2
2026,Baylor,Big 12,12/8,13.0,13,13.0,0.0,Stable,69,69,2026-01-20,2
2026,Baylor,Big 12,12/8,13.0,13,13.0,0.0,Stable,70,70,2026-01-22,2
2026,Baylor,Big 12,12/8,13.0,13,13.0,0.0,Stable,71,71,2026-01-22,2
2026,Baylor,Big 12,Pre,16.0,16,13.0,-3.0,Falling,72,72,2026-01-09,2
2026,Baylor,Big 12,Pre,16.0,16,16.0,0.0,Stable,73,73,2026-01-10,2
2026,Baylor,Big 12,Pre,16.0,16,16.0,0.0,Stable,74,74,2026-01-12,2
2026,Baylor,Big 12,Pre,16.0,16,16.0,0.0,Stable,75,75,2026-01-13,2
2026,Baylor,Big 12,Pre,16.0,16,16.0,0.0,Stable,76,76,2026-01-17,2
2026,Baylor,Big 12,Pre,16.0,16,16.0,0.0,Stable,77,77,2026-01-20,2
2026,Baylor,Big 12,Pre,16.0,16,16.0,0.0,Stable,78,78,2026-01-22,2
2026,Baylor,Big 12,Pre,16.0,16,16.0,0.0,Stable,79,79,2026-01-22,2
2026,Duke,ACC,1/12,,26,,,Unknown,0,0,2026-01-13,2
2026,Duke,ACC,1/12,,26,26.0,0.0,Unranked,0,0,2026-01-17,2
2026,Duke,ACC,1/12,,26,26.0,0.0,Unranked,0,0,2026-01-20,2
2026,Duke,ACC,1/12,,26,26.0,0.0,Unranked,0,0,2026-01-22,2
2026,Duke,ACC,1/12,,26,26.0,0.0,Unranked,0,0,2026-01-22,2
2026,Duke,ACC,1/19,21.0,21,26.0,5.0,New,1,1,2026-01-22,2
2026,Duke,ACC,1/19,21.0,21,21.0,0.0,Stable,2,2,2026-01-22,2
2026,Duke,ACC,1/5,,26,21.0,-5.0,Dropped,2,0,2026-01-09,2
2026,Duke,ACC,1/5,,26,26.0,0.0,Unranked,2,0,2026-01-10,2
2026,Duke,ACC,1/5,,26,26.0,0.0,Unranked,2,0,2026-01-12,2
2026,Duke,ACC,1/5,,26,26.0,0.0,Unranked,2,0,2026-01-13,2
2026,Duke,ACC,1/5,,26,26.0,0.0,Unranked,2,0,2026-01-17,2
2026,Duke,ACC,1/5,,26,26.0,0.0,Unranked,2,0,2026-01-20,2
2026,Duke,ACC,1/5,,26,26.0,0.0,Unranked,2,0,2026-01-22,2
2026,Duke,ACC,1/5,,26,26.0,0.0,Unranked,2,0,2026-01-22,2
2026,Duke,ACC,11/10,15.0,15,26.0,11.0,New,3,1,2026-01-09,2
2026,Duke,ACC,11/10,15.0,15,15.0,0.0,Stable,4,2,2026-01-10,2
2026,Duke,ACC,11/10,15.0,15,15.0,0.0,Stable,5,3,2026-01-12,2
2026,Duke,ACC,11/10,15.0,15,15.0,0.0,Stable,6,4,2026-01-13,2
2026,Duke,ACC,11/10,15.0,15,15.0,0.0,Stable,7,5,2026-01-17,2
2026,Duke,ACC,11/10,15.0,15,15.0,0.0,Stable,8,6,2026-01-20,2
2026,Duke,ACC,11/10,15.0,15,15.0,0.0,Stable,9,7,2026-01-22,2
2026,Duke,ACC,11/10,15.0,15,15.0,0.0,Stable,10,8,2026-01-22,2
2026,Duke,ACC,11/17,,26,15.0,-11.0,Dropped,10,0,2026-01-09,2
2026,Duke,ACC,11/17,,26,26.0,0.0,Unranked,10,0,2026-01-10,2
2026,Duke,ACC,11/17,,26,26.0,0.0,Unranked,10,0,2026-01-12,2
2026,Duke,ACC,11/17,,26,26.0,0.0,Unranked,10,0,2026-01-13,2
2026,Duke,ACC,11/17,,26,26.0,0.0,Unranked,10,0,2026-01-17,2
2026,Duke,ACC,11/17,,26,26.0,0.0,Unranked,10,0,2026-01-20,2
2026,Duke,ACC,11/17,,26,26.0,0.0,Unranked,10,0,2026-01-22,2
2026,Duke,ACC,11/17,,26,26.0,0.0,Unranked,10,0,2026-01-22,2
2026,Duke,ACC,11/24,,26,26.0,0.0,Unranked,10,0,2026-01-09,2
2026,Duke,ACC,11/24,,26,26.0,0.0,Unranked,10,0,2026-01-10,2
2026,Duke,ACC,11/24,,26,26.0,0.0,Unranked,10,0,2026-01-12,2
2026,Duke,ACC,11/24,,26,26.0,0.0,Unranked,10,0,2026-01-13,2
2026,Duke,ACC,11/24,,26,26.0,0.0,Unranked,10,0,2026-01-17,2
2026,Duke,ACC,11/24,,26,26.0,0.0,Unranked,10,0,2026-01-20,2
2026,Duke,ACC,11/24,,26,26.0,0.0,Unranked,10,0,2026-01-22,2
2026,Duke,ACC,11/24,,26,26.0,0.0,Unranked,10,0,2026-01-22,2
2026,Duke,ACC,12/1,,26,26.0,0.0,Unranked,10,0,2026-01-09,2
2026,Duke,ACC,12/1,,26,26.0,0.0,Unranked,10,0,2026-01-10,2
2026,Duke,ACC,12/1,,26,26.0,0.0,Unranked,10,0,2026-01-12,2
2026,Duke,ACC,12/1,,26,26.0,0.0,Unranked,10,0,2026-01-13,2
2026,Duke,ACC,12/1,,26,26.0,0.0,Unranked,10,0,2026-01-17,2
2026,Duke,ACC,12/1,,26,26.0,0.0,Unranked,10,0,2026-01-20,2
2026,Duke,ACC,12/1,,26,26.0,0.0,Unranked,10,0,2026-01-22,2
2026,Duke,ACC,12/1,,26,26.0,0.0,Unranked,10,0,2026-01-22,2
2026,Duke,ACC,12/15,,26,26.0,0.0,Unranked,10,0,2026-01-09,2
2026,Duke,ACC,12/15,,26,26.0,0.0,Unranked,10,0,2026-01-10,2
2026,Duke,ACC,12/15,,26,26.0,0.0,Unranked,10,0,2026-01-12,2
2026,Duke,ACC,12/15,,26,26.0,0.0,Unranked,10,0,2026-01-13,2
2026,Duke,ACC,12/15,,26,26.0,0.0,Unranked,10,0,2026-01-17,2
2026,Duke,ACC,12/15,,26,26.0,0.0,Unranked,10,0,2026-01-20,2
2026,Duke,ACC,12/15,,26,26.0,0.0,Unranked,10,0,2026-01-22,2
2026,Duke,ACC,12/15,,26,26.0,0.0,Unranked,10,0,2026-01-22,2
2026,Duke,ACC,12/22,,26,26.0,0.0,Unranked,10,0,2026-01-09,2
2026,Duke,ACC,12/22,,26,26.0,0.0,Unranked,10,0,2026-01-10,2
2026,Duke,ACC,12/22,,26,26.0,0.0,Unranked,10,0,2026-01-12,2
2026,Duke,ACC,12/22,,26,26.0,0.0,Unranked,10,0,2026-01-13,2
2026,Duke,ACC,12/22,,26,26.0,0.0,Unranked,10,0,2026-01-17,2
2026,Duke,ACC,12/22,,26,26.0,0.0,Unranked,10,0,2026-01-20,2
2026,Duke,ACC,12/22,,26,26.0,0.0,Unranked,10,0,2026-01-22,2
2026,Duke,ACC,12/22,,26,26.0,0.0,Unranked,10,0,2026-01-22,2
2026,Duke,ACC,12/8,,26,26.0,0.0,Unranked,10,0,2026-01-09,2
2026,Duke,ACC,12/8,,26,26.0,0.0,Unranked,10,0,2026-01-10,2
2026,Duke,ACC,12/8,,26,26.0,0.0,Unranked,10,0,2026-01-12,2
2026,Duke,ACC,12/8,,26,26.0,0.0,Unranked,10,0,2026-01-13,2
2026,Duke,ACC,12/8,,26,26.0,0.0,Unranked,10,0,2026-01-17,2
2026,Duke,ACC,12/8,,26,26.0,0.0,Unranked,10,0,2026-01-20,2
2026,Duke,ACC,12/8,,26,26.0,0.0,Unranked,10,0,2026-01-22,2
2026,Duke,ACC,12/8,,26,26.0,0.0,Unranked,10,0,2026-01-22,2
2026,Duke,ACC,Pre,7.0,7,26.0,19.0,New,11,1,2026-01-09,2
2026,Duke,ACC,Pre,7.0,7,7.0,0.0,Stable,12,2,2026-01-10,2
2026,Duke,ACC,Pre,7.0,7,7.0,0.0,Stable,13,3,2026-01-12,2
2026,Duke,ACC,Pre,7.0,7,7.0,0.0,Stable,14,4,2026-01-13,2
2026,Duke,ACC,Pre,7.0,7,7.0,0.0,Stable,15,5,2026-01-17,2
2026,Duke,ACC,Pre,7.0,7,7.0,0.0,Stable,16,6,2026-01-20,2
2026,Duke,ACC,Pre,7.0,7,7.0,0.0,Stable,17,7,2026-01-22,2
2026,Duke,ACC,Pre,7.0,7,7.0,0.0,Stable,18,8,2026-01-22,2
2026,Illinois,Big Ten,1/12,25.0,25,,,Unknown,1,1,2026-01-13,2
2026,Illinois,Big Ten,1/12,25.0,25,25.0,0.0,Stable,2,2,2026-01-17,2
2026,Illinois,Big Ten,1/12,25.0,25,25.0,0.0,Stable,3,3,2026-01-20,2
2026,Illinois,Big Ten,1/12,25.0,25,25.0,0.0,Stable,4,4,2026-01-22,2
2026,Illinois,Big Ten,1/12,25.0,25,25.0,0.0,Stable,5,5,2026-01-22,2
2026,Illinois,Big Ten,1/19,,26,25.0,-1.0,Dropped,5,0,2026-01-22,2
2026,Illinois,Big Ten,1/19,,26,26.0,0.0,Unranked,5,0,2026-01-22,2
2026,Illinois,Big Ten,1/5,,26,26.0,0.0,Unranked,5,0,2026-01-13,2
2026,Illinois,Big Ten,1/5,,26,26.0,0.0,Unranked,5,0,2026-01-17,2
2026,Illinois,Big Ten,1/5,,26,26.0,0.0,Unranked,5,0,2026-01-20,2
2026,Illinois,Big Ten,1/5,,26,26.0,0.0,Unranked,5,0,2026-01-22,2
2026,Illinois,Big Ten,1/5,,26,26.0,0.0,Unranked,5,0,2026-01-22,2
2026,Illinois,Big Ten,11/10,,26,26.0,0.0,Unranked,5,0,2026-01-13,2
2026,Illinois,Big Ten,11/10,,26,26.0,0.0,Unranked,5,0,2026-01-17,2
2026,Illinois,Big Ten,11/10,,26,26.0,0.0,Unranked,5,0,2026-01-20,2
2026,Illinois,Big Ten,11/10,,26,26.0,0.0,Unranked,5,0,2026-01-22,2
2026,Illinois,Big Ten,11/10,,26,26.0,0.0,Unranked,5,0,2026-01-22,2
2026,Illinois,Big Ten,11/17,,26,26.0,0.0,Unranked,5,0,2026-01-13,2
2026,Illinois,Big Ten,11/17,,26,26.0,0.0,Unranked,5,0,2026-01-17,2
2026,Illinois,Big Ten,11/17,,26,26.0,0.0,Unranked,5,0,2026-01-20,2
2026,Illinois,Big Ten,11/17,,26,26.0,0.0,Unranked,5,0,2026-01-22,2
2026,Illinois,Big Ten,11/17,,26,26.0,0.0,Unranked,5,0,2026-01-22,2
2026,Illinois,Big Ten,11/24,,26,26.0,0.0,Unranked,5,0,2026-01-13,2
2026,Illinois,Big Ten,11/24,,26,26.0,0.0,Unranked,5,0,2026-01-17,2
2026,Illinois,Big Ten,11/24,,26,26.0,0.0,Unranked,5,0,2026-01-20,2
2026,Illinois,Big Ten,11/24,,26,26.0,0.0,Unranked,5,0,2026-01-22,2
2026,Illinois,Big Ten,11/24,,26,26.0,0.0,Unranked,5,0,2026-01-22,2
2026,Illinois,Big Ten,12/1,,26,26.0,0.0,Unranked,5,0,2026-01-13,2
2026,Illinois,Big Ten,12/1,,26,26.0,0.0,Unranked,5,0,2026-01-17,2
2026,Illinois,Big Ten,12/1,,26,26.0,0.0,Unranked,5,0,2026-01-20,2
2026,Illinois,Big Ten,12/1,,26,26.0,0.0,Unranked,5,0,2026-01-22,2
2026,Illinois,Big Ten,12/1,,26,26.0,0.0,Unranked,5,0,2026-01-22,2
2026,Illinois,Big Ten,12/15,,26,26.0,0.0,Unranked,5,0,2026-01-13,2
2026,Illinois,Big Ten,12/15,,26,26.0,0.0,Unranked,5,0,2026-01-17,2
2026,Illinois,Big Ten,12/15,,26,26.0,0.0,Unranked,5,0,2026-01-20,2
2026,Illinois,Big Ten,12/15,,26,26.0,0.0,Unranked,5,0,2026-01-22,2
2026,Illinois,Big Ten,12/15,,26,26.0,0.0,Unranked,5,0,2026-01-22,2
2026,Illinois,Big Ten,12/22,,26,26.0,0.0,Unranked,5,0,2026-01-13,2
2026,Illinois,Big Ten,12/22,,26,26.0,0.0,Unranked,5,0,2026-01-17,2
2026,Illinois,Big Ten,12/22,,26,26.0,0.0,Unranked,5,0,2026-01-20,2
2026,Illinois,Big Ten,12/22,,26,26.0,0.0,Unranked,5,0,2026-01-22,2
2026,Illinois,Big Ten,12/22,,26,26.0,0.0,Unranked,5,0,2026-01-22,2
2026,Illinois,Big Ten,12/8,,26,26.0,0.0,Unranked,5,0,2026-01-13,2
2026,Illinois,Big Ten,12/8,,26,26.0,0.0,Unranked,5,0,2026-01-17,2
2026,Illinois,Big Ten,12/8,,26,26.0,0.0,Unranked,5,0,2026-01-20,2
2026,Illinois,Big Ten,12/8,,26,26.0,0.0,Unranked,5,0,2026-01-22,2
2026,Illinois,Big Ten,12/8,,26,26.0,0.0,Unranked,5,0,2026-01-22,2
2026,Illinois,Big Ten,Pre,,26,26.0,0.0,Unranked,5,0,2026-01-13,2
2026,Illinois,Big Ten,Pre,,26,26.0,0.0,Unranked,5,0,2026-01-17,2
2026,Illinois,Big Ten,Pre,,26,26.0,0.0,Unranked,5,0,2026-01-20,2
2026,Illinois,Big Ten,Pre,,26,26.0,0.0,Unranked,5,0,2026-01-22,2
2026,Illinois,Big Ten,Pre,,26,26.0,0.0,Unranked,5,0,2026-01-22,2
2026,Iowa,Big Ten,1/12,11.0,11,,,Unknown,1,1,2026-01-13,2
2026,Iowa,Big Ten,1/12,11.0,11,11.0,0.0,Stable,2,2,2026-01-17,2
2026,Iowa,Big Ten,1/12,11.0,11,11.0,0.0,Stable,3,3,2026-01-20,2
2026,Iowa,Big Ten,1/12,11.0,11,11.0,0.0,Stable,4,4,2026-01-22,2
2026,Iowa,Big Ten,1/12,11.0,11,11.0,0.0,Stable,5,5,2026-01-22,2
2026,Iowa,Big Ten,1/19,10.0,10,11.0,1.0,Rising,6,6,2026-01-22,2
2026,Iowa,Big Ten,1/19,10.0,10,10.0,0.0,Stable,7,7,2026-01-22,2
2026,Iowa,Big Ten,1/5,14.0,14,10.0,-4.0,Falling,8,8,2026-01-09,2
2026,Iowa,Big Ten,1/5,14.0,14,14.0,0.0,Stable,9,9,2026-01-10,2
2026,Iowa,Big Ten,1/5,14.0,14,14.0,0.0,Stable,10,10,2026-01-12,2
2026,Iowa,Big Ten,1/5,14.0,14,14.0,0.0,Stable,11,11,2026-01-13,2
2026,Iowa,Big Ten,1/5,14.0,14,14.0,0.0,Stable,12,12,2026-01-17,2
2026,Iowa,Big Ten,1/5,14.0,14,14.0,0.0,Stable,13,13,2026-01-20,2
2026,Iowa,Big Ten,1/5,14.0,14,14.0,0.0,Stable,14,14,2026-01-22,2
2026,Iowa,Big Ten,1/5,14.0,14,14.0,0.0,Stable,15,15,2026-01-22,2
2026,Iowa,Big Ten,11/10,21.0,21,14.0,-7.0,Falling,16,16,2026-01-09,2
2026,Iowa,Big Ten,11/10,21.0,21,21.0,0.0,Stable,17,17,2026-01-10,2
2026,Iowa,Big Ten,11/10,21.0,21,21.0,0.0,Stable,18,18,2026-01-12,2
2026,Iowa,Big Ten,11/10,21.0,21,21.0,0.0,Stable,19,19,2026-01-13,2
2026,Iowa,Big Ten,11/10,21.0,21,21.0,0.0,Stable,20,20,2026-01-17,2
2026,Iowa,Big Ten,11/10,21.0,21,21.0,0.0,Stable,21,21,2026-01-20,2
2026,Iowa,Big Ten,11/10,21.0,21,21.0,0.0,Stable,22,22,2026-01-22,2
2026,Iowa,Big Ten,11/10,21.0,21,21.0,0.0,Stable,23,23,2026-01-22,2
2026,Iowa,Big Ten,11/17,19.0,19,21.0,2.0,Rising,24,24,2026-01-09,2
2026,Iowa,Big Ten,11/17,19.0,19,19.0,0.0,Stable,25,25,2026-01-10,2
2026,Iowa,Big Ten,11/17,19.0,19,19.0,0.0,Stable,26,26,2026-01-12,2
2026,Iowa,Big Ten,11/17,19.0,19,19.0,0.0,Stable,27,27,2026-01-13,2
2026,Iowa,Big Ten,11/17,19.0,19,19.0,0.0,Stable,28,28,2026-01-17,2
2026,Iowa,Big Ten,11/17,19.0,19,19.0,0.0,Stable,29,29,2026-01-20,2
2026,Iowa,Big Ten,11/17,19.0,19,19.0,0.0,Stable,30,30,2026-01-22,2
2026,Iowa,Big Ten,11/17,19.0,19,19.0,0.0,Stable,31,31,2026-01-22,2
2026,Iowa,Big Ten,11/24,11.0,11,19.0,8.0,Rising,32,32,2026-01-09,2
2026,Iowa,Big Ten,11/24,11.0,11,11.0,0.0,Stable,33,33,2026-01-10,2
2026,Iowa,Big Ten,11/24,11.0,11,11.0,0.0,Stable,34,34,2026-01-12,2
2026,Iowa,Big Ten,11/24,11.0,11,11.0,0.0,Stable,35,35,2026-01-13,2
2026,Iowa,Big Ten,11/24,11.0,11,11.0,0.0,Stable,36,36,2026-01-17,2
2026,Iowa,Big Ten,11/24,11.0,11,11.0,0.0,Stable,37,37,2026-01-20,2
2026,Iowa,Big Ten,11/24,11.0,11,11.0,0.0,Stable,38,38,2026-01-22,2
2026,Iowa,Big Ten,11/24,11.0,11,11.0,0.0,Stable,39,39,2026-01-22,2
2026,Iowa,Big Ten,12/1,12.0,12,11.0,-1.0,Falling,40,40,2026-01-09,2
2026,Iowa,Big Ten,12/1,12.0,12,12.0,0.0,Stable,41,41,2026-01-10,2
2026,Iowa,Big Ten,12/1,12.0,12,12.0,0.0,Stable,42,42,2026-01-12,2
2026,Iowa,Big Ten,12/1,12.0,12,12.0,0.0,Stable,43,43,2026-01-13,2
2026,Iowa,Big Ten,12/1,12.0,12,12.0,0.0,Stable,44,44,2026-01-17,2
2026,Iowa,Big Ten,12/1,12.0,12,12.0,0.0,Stable,45,45,2026-01-20,2
2026,Iowa,Big Ten,12/1,12.0,12,12.0,0.0,Stable,46,46,2026-01-22,2
2026,Iowa,Big Ten,12/1,12.0,12,12.0,0.0,Stable,47,47,2026-01-22,2
2026,Iowa,Big Ten,12/15,11.0,11,12.0,1.0,Rising,48,48,2026-01-09,2
2026,Iowa,Big Ten,12/15,11.0,11,11.0,0.0,Stable,49,49,2026-01-10,2
2026,Iowa,Big Ten,12/15,11.0,11,11.0,0.0,Stable,50,50,2026-01-12,2
2026,Iowa,Big Ten,12/15,11.0,11,11.0,0.0,Stable,51,51,2026-01-13,2
2026,Iowa,Big Ten,12/15,11.0,11,11.0,0.0,Stable,52,52,2026-01-17,2
2026,Iowa,Big Ten,12/15,11.0,11,11.0,0.0,Stable,53,53,2026-01-20,2
2026,Iowa,Big Ten,12/15,11.0,11,11.0,0.0,Stable,54,54,2026-01-22,2
2026,Iowa,Big Ten,12/15,11.0,11,11.0,0.0,Stable,55,55,2026-01-22,2
2026,Iowa,Big Ten,12/22,14.0,14,11.0,-3.0,Falling,56,56,2026-01-09,2
2026,Iowa,Big Ten,12/22,14.0,14,14.0,0.0,Stable,57,57,2026-01-10,2
2026,Iowa,Big Ten,12/22,14.0,14,14.0,0.0,Stable,58,58,2026-01-12,2
2026,Iowa,Big Ten,12/22,14.0,14,14.0,0.0,Stable,59,59,2026-01-13,2
2026,Iowa,Big Ten,12/22,14.0,14,14.0,0.0,Stable,60,60,2026-01-17,2
2026,Iowa,Big Ten,12/22,14.0,14,14.0,0.0,Stable,61,61,2026-01-20,2
2026,Iowa,Big Ten,12/22,14.0,14,14.0,0.0,Stable,62,62,2026-01-22,2
2026,Iowa,Big Ten,12/22,14.0,14,14.0,0.0,Stable,63,63,2026-01-22,2
2026,Iowa,Big Ten,12/8,11.0,11,14.0,3.0,Rising,64,64,2026-01-09,2
2026,Iowa,Big Ten,12/8,11.0,11,11.0,0.0,Stable,65,65,2026-01-10,2
2026,Iowa,Big Ten,12/8,11.0,11,11.0,0.0,Stable,66,66,2026-01-12,2
2026,Iowa,Big Ten,12/8,11.0,11,11.0,0.0,Stable,67,67,2026-01-13,2
2026,Iowa,Big Ten,12/8,11.0,11,11.0,0.0,Stable,68,68,2026-01-17,2
2026,Iowa,Big Ten,12/8,11.0,11,11.0,0.0,Stable,69,69,2026-01-20,2
2026,Iowa,Big Ten,12/8,11.0,11,11.0,0.0,Stable,70,70,2026-01-22,2
2026,Iowa,Big Ten,12/8,11.0,11,11.0,0.0,Stable,71,71,2026-01-22,2
2026,Iowa,Big Ten,Pre,21.0,21,11.0,-10.0,Falling,72,72,2026-01-09,2
2026,Iowa,Big Ten,Pre,21.0,21,21.0,0.0,Stable,73,73,2026-01-10,2
2026,Iowa,Big Ten,Pre,21.0,21,21.0,0.0,Stable,74,74,2026-01-12,2
2026,Iowa,Big Ten,Pre,21.0,21,21.0,0.0,Stable,75,75,2026-01-13,2
2026,Iowa,Big Ten,Pre,21.0,21,21.0,0.0,Stable,76,76,2026-01-17,2
2026,Iowa,Big Ten,Pre,21.0,21,21.0,0.0,Stable,77,77,2026-01-20,2
2026,Iowa,Big Ten,Pre,21.0,21,21.0,0.0,Stable,78,78,2026-01-22,2
2026,Iowa,Big Ten,Pre,21.0,21,21.0,0.0,Stable,79,79,2026-01-22,2
2026,Iowa State,Big 12,1/12,19.0,19,,,Unknown,1,1,2026-01-13,2
2026,Iowa State,Big 12,1/12,19.0,19,19.0,0.0,Stable,2,2,2026-01-17,2
2026,Iowa State,Big 12,1/12,19.0,19,19.0,0.0,Stable,3,3,2026-01-20,2
2026,Iowa State,Big 12,1/12,19.0,19,19.0,0.0,Stable,4,4,2026-01-22,2
2026,Iowa State,Big 12,1/12,19.0,19,19.0,0.0,Stable,5,5,2026-01-22,2
2026,Iowa State,Big 12,1/19,,26,19.0,-7.0,Dropped,5,0,2026-01-22,2
2026,Iowa State,Big 12,1/19,,26,26.0,0.0,Unranked,5,0,2026-01-22,2
2026,Iowa State,Big 12,1/5,11.0,11,26.0,15.0,New,6,1,2026-01-09,2
2026,Iowa State,Big 12,1/5,11.0,11,11.0,0.0,Stable,7,2,2026-01-10,2
2026,Iowa State,Big 12,1/5,11.0,11,11.0,0.0,Stable,8,3,2026-01-12,2
2026,Iowa State,Big 12,1/5,11.0,11,11.0,0.0,Stable,9,4,2026-01-13,2
2026,Iowa State,Big 12,1/5,11.0,11,11.0,0.0,Stable,10,5,2026-01-17,2
2026,Iowa State,Big 12,1/5,11.0,11,11.0,0.0,Stable,11,6,2026-01-20,2
2026,Iowa State,Big 12,1/5,11.0,11,11.0,0.0,Stable,12,7,2026-01-22,2
2026,Iowa State,Big 12,1/5,11.0,11,11.0,0.0,Stable,13,8,2026-01-22,2
2026,Iowa State,Big 12,11/10,16.0,16,11.0,-5.0,Falling,14,9,2026-01-09,2
2026,Iowa State,Big 12,11/10,16.0,16,16.0,0.0,Stable,15,10,2026-01-10,2
2026,Iowa State,Big 12,11/10,16.0,16,16.0,0.0,Stable,16,11,2026-01-12,2
2026,Iowa State,Big 12,11/10,16.0,16,16.0,0.0,Stable,17,12,2026-01-13,2
2026,Iowa State,Big 12,11/10,16.0,16,16.0,0.0,Stable,18,13,2026-01-17,2
2026,Iowa State,Big 12,11/10,16.0,16,16.0,0.0,Stable,19,14,2026-01-20,2
2026,Iowa State,Big 12,11/10,16.0,16,16.0,0.0,Stable,20,15,2026-01-22,2
2026,Iowa State,Big 12,11/10,16.0,16,16.0,0.0,Stable,21,16,2026-01-22,2
2026,Iowa State,Big 12,11/17,12.0,12,16.0,4.0,Rising,22,17,2026-01-09,2
2026,Iowa State,Big 12,11/17,12.0,12,12.0,0.0,Stable,23,18,2026-01-10,2
2026,Iowa State,Big 12,11/17,12.0,12,12.0,0.0,Stable,24,19,2026-01-12,2
2026,Iowa State,Big 12,11/17,12.0,12,12.0,0.0,Stable,25,20,2026-01-13,2
2026,Iowa State,Big 12,11/17,12.0,12,12.0,0.0,Stable,26,21,2026-01-17,2
2026,Iowa State,Big 12,11/17,12.0,12,12.0,0.0,Stable,27,22,2026-01-20,2
2026,Iowa State,Big 12,11/17,12.0,12,12.0,0.0,Stable,28,23,2026-01-22,2
2026,Iowa State,Big 12,11/17,12.0,12,12.0,0.0,Stable,29,24,2026-01-22,2
2026,Iowa State,Big 12,11/24,10.0,10,12.0,2.0,Rising,30,25,2026-01-09,2
2026,Iowa State,Big 12,11/24,10.0,10,10.0,0.0,Stable,31,26,2026-01-10,2
2026,Iowa State,Big 12,11/24,10.0,10,10.0,0.0,Stable,32,27,2026-01-12,2
2026,Iowa State,Big 12,11/24,10.0,10,10.0,0.0,Stable,33,28,2026-01-13,2
2026,Iowa State,Big 12,11/24,10.0,10,10.0,0.0,Stable,34,29,2026-01-17,2
2026,Iowa State,Big 12,11/24,10.0,10,10.0,0.0,Stable,35,30,2026-01-20,2
2026,Iowa State,Big 12,11/24,10.0,10,10.0,0.0,Stable,36,31,2026-01-22,2
2026,Iowa State,Big 12,11/24,10.0,10,10.0,0.0,Stable,37,32,2026-01-22,2
2026,Iowa State,Big 12,12/1,10.0,10,10.0,0.0,Stable,38,33,2026-01-09,2
2026,Iowa State,Big 12,12/1,10.0,10,10.0,0.0,Stable,39,34,2026-01-10,2
2026,Iowa State,Big 12,12/1,10.0,10,10.0,0.0,Stable,40,35,2026-01-12,2
2026,Iowa State,Big 12,12/1,10.0,10,10.0,0.0,Stable,41,36,2026-01-13,2
2026,Iowa State,Big 12,12/1,10.0,10,10.0,0.0,Stable,42,37,2026-01-17,2
2026,Iowa State,Big 12,12/1,10.0,10,10.0,0.0,Stable,43,38,2026-01-20,2
2026,Iowa State,Big 12,12/1,10.0,10,10.0,0.0,Stable,44,39,2026-01-22,2
2026,Iowa State,Big 12,12/1,10.0,10,10.0,0.0,Stable,45,40,2026-01-22,2
2026,Iowa State,Big 12,12/15,10.0,10,10.0,0.0,Stable,46,41,2026-01-09,2
2026,Iowa State,Big 12,12/15,10.0,10,10.0,0.0,Stable,47,42,2026-01-10,2
2026,Iowa State,Big 12,12/15,10.0,10,10.0,0.0,Stable,48,43,2026-01-12,2
2026,Iowa State,Big 12,12/15,10.0,10,10.0,0.0,Stable,49,44,2026-01-13,2
2026,Iowa State,Big 12,12/15,10.0,10,10.0,0.0,Stable,50,45,2026-01-17,2
2026,Iowa State,Big 12,12/15,10.0,10,10.0,0.0,Stable,51,46,2026-01-20,2
2026,Iowa State,Big 12,12/15,10.0,10,10.0,0.0,Stable,52,47,2026-01-22,2
2026,Iowa State,Big 12,12/15,10.0,10,10.0,0.0,Stable,53,48,2026-01-22,2
2026,Iowa State,Big 12,12/22,10.0,10,10.0,0.0,Stable,54,49,2026-01-09,2
2026,Iowa State,Big 12,12/22,10.0,10,10.0,0.0,Stable,55,50,2026-01-10,2
2026,Iowa State,Big 12,12/22,10.0,10,10.0,0.0,Stable,56,51,2026-01-12,2
2026,Iowa State,Big 12,12/22,10.0,10,10.0,0.0,Stable,57,52,2026-01-13,2
2026,Iowa State,Big 12,12/22,10.0,10,10.0,0.0,Stable,58,53,2026-01-17,2
2026,Iowa State,Big 12,12/22,10.0,10,10.0,0.0,Stable,59,54,2026-01-20,2
2026,Iowa State,Big 12,12/22,10.0,10,10.0,0.0,Stable,60,55,2026-01-22,2
2026,Iowa State,Big 12,12/22,10.0,10,10.0,0.0,Stable,61,56,2026-01-22,2
2026,Iowa State,Big 12,12/8,10.0,10,10.0,0.0,Stable,62,57,2026-01-09,2
2026,Iowa State,Big 12,12/8,10.0,10,10.0,0.0,Stable,63,58,2026-01-10,2
2026,Iowa State,Big 12,12/8,10.0,10,10.0,0.0,Stable,64,59,2026-01-12,2
2026,Iowa State,Big 12,12/8,10.0,10,10.0,0.0,Stable,65,60,2026-01-13,2
2026,Iowa State,Big 12,12/8,10.0,10,10.0,0.0,Stable,66,61,2026-01-17,2
2026,Iowa State,Big 12,12/8,10.0,10,10.0,0.0,Stable,67,62,2026-01-20,2
2026,Iowa State,Big 12,12/8,10.0,10,10.0,0.0,Stable,68,63,2026-01-22,2
2026,Iowa State,Big 12,12/8,10.0,10,10.0,0.0,Stable,69,64,2026-01-22,2
2026,Iowa State,Big 12,Pre,14.0,14,10.0,-4.0,Falling,70,65,2026-01-09,2
2026,Iowa State,Big 12,Pre,14.0,14,14.0,0.0,Stable,71,66,2026-01-10,2
2026,Iowa State,Big 12,Pre,14.0,14,14.0,0.0,Stable,72,67,2026-01-12,2
2026,Iowa State,Big 12,Pre,14.0,14,14.0,0.0,Stable,73,68,2026-01-13,2
2026,Iowa State,Big 12,Pre,14.0,14,14.0,0.0,Stable,74,69,2026-01-17,2
2026,Iowa State,Big 12,Pre,14.0,14,14.0,0.0,Stable,75,70,2026-01-20,2
2026,Iowa State,Big 12,Pre,14.0,14,14.0,0.0,Stable,76,71,2026-01-22,2
2026,Iowa State,Big 12,Pre,14.0,14,14.0,0.0,Stable,77,72,2026-01-22,2
2026,Kentucky,SEC,1/12,7.0,7,,,Unknown,1,1,2026-01-13,2
2026,Kentucky,SEC,1/12,7.0,7,7.0,0.0,Stable,2,2,2026-01-17,2
2026,Kentucky,SEC,1/12,7.0,7,7.0,0.0,Stable,3,3,2026-01-20,2
2026,Kentucky,SEC,1/12,7.0,7,7.0,0.0,Stable,4,4,2026-01-22,2
2026,Kentucky,SEC,1/12,7.0,7,7.0,0.0,Stable,5,5,2026-01-22,2
2026,Kentucky,SEC,1/19,11.0,11,7.0,-4.0,Falling,6,6,2026-01-22,2
2026,Kentucky,SEC,1/19,11.0,11,11.0,0.0,Stable,7,7,2026-01-22,2
2026,Kentucky,SEC,1/5,6.0,6,11.0,5.0,Rising,8,8,2026-01-09,2
2026,Kentucky,SEC,1/5,6.0,6,6.0,0.0,Stable,9,9,2026-01-10,2
2026,Kentucky,SEC,1/5,6.0,6,6.0,0.0,Stable,10,10,2026-01-12,2
2026,Kentucky,SEC,1/5,6.0,6,6.0,0.0,Stable,11,11,2026-01-13,2
2026,Kentucky,SEC,1/5,6.0,6,6.0,0.0,Stable,12,12,2026-01-17,2
2026,Kentucky,SEC,1/5,6.0,6,6.0,0.0,Stable,13,13,2026-01-20,2
2026,Kentucky,SEC,1/5,6.0,6,6.0,0.0,Stable,14,14,2026-01-22,2
2026,Kentucky,SEC,1/5,6.0,6,6.0,0.0,Stable,15,15,2026-01-22,2
2026,Kentucky,SEC,11/10,23.0,23,6.0,-17.0,Falling,16,16,2026-01-09,2
2026,Kentucky,SEC,11/10,23.0,23,23.0,0.0,Stable,17,17,2026-01-10,2
2026,Kentucky,SEC,11/10,23.0,23,23.0,0.0,Stable,18,18,2026-01-12,2
2026,Kentucky,SEC,11/10,23.0,23,23.0,0.0,Stable,19,19,2026-01-13,2
2026,Kentucky,SEC,11/10,23.0,23,23.0,0.0,Stable,20,20,2026-01-17,2
2026,Kentucky,SEC,11/10,23.0,23,23.0,0.0,Stable,21,21,2026-01-20,2
2026,Kentucky,SEC,11/10,23.0,23,23.0,0.0,Stable,22,22,2026-01-22,2
2026,Kentucky,SEC,11/10,23.0,23,23.0,0.0,Stable,23,23,2026-01-22,2
2026,Kentucky,SEC,11/17,20.0,20,23.0,3.0,Rising,24,24,2026-01-09,2
2026,Kentucky,SEC,11/17,20.0,20,20.0,0.0,Stable,25,25,2026-01-10,2
2026,Kentucky,SEC,11/17,20.0,20,20.0,0.0,Stable,26,26,2026-01-12,2
2026,Kentucky,SEC,11/17,20.0,20,20.0,0.0,Stable,27,27,2026-01-13,2
2026,Kentucky,SEC,11/17,20.0,20,20.0,0.0,Stable,28,28,2026-01-17,2
2026,Kentucky,SEC,11/17,20.0,20,20.0,0.0,Stable,29,29,2026-01-20,2
2026,Kentucky,SEC,11/17,20.0,20,20.0,0.0,Stable,30,30,2026-01-22,2
2026,Kentucky,SEC,11/17,20.0,20,20.0,0.0,Stable,31,31,2026-01-22,2
2026,Kentucky,SEC,11/24,16.0,16,20.0,4.0,Rising,32,32,2026-01-09,2
2026,Kentucky,SEC,11/24,16.0,16,16.0,0.0,Stable,33,33,2026-01-10,2
2026,Kentucky,SEC,11/24,16.0,16,16.0,0.0,Stable,34,34,2026-01-12,2
2026,Kentucky,SEC,11/24,16.0,16,16.0,0.0,Stable,35,35,2026-01-13,2
2026,Kentucky,SEC,11/24,16.0,16,16.0,0.0,Stable,36,36,2026-01-17,2
2026,Kentucky,SEC,11/24,16.0,16,16.0,0.0,Stable,37,37,2026-01-20,2
2026,Kentucky,SEC,11/24,16.0,16,16.0,0.0,Stable,38,38,2026-01-22,2
2026,Kentucky,SEC,11/24,16.0,16,16.0,0.0,Stable,39,39,2026-01-22,2
2026,Kentucky,SEC,12/1,17.0,17,16.0,-1.0,Falling,40,40,2026-01-09,2
2026,Kentucky,SEC,12/1,17.0,17,17.0,0.0,Stable,41,41,2026-01-10,2
2026,Kentucky,SEC,12/1,17.0,17,17.0,0.0,Stable,42,42,2026-01-12,2
2026,Kentucky,SEC,12/1,17.0,17,17.0,0.0,Stable,43,43,2026-01-13,2
2026,Kentucky,SEC,12/1,17.0,17,17.0,0.0,Stable,44,44,2026-01-17,2
2026,Kentucky,SEC,12/1,17.0,17,17.0,0.0,Stable,45,45,2026-01-20,2
2026,Kentucky,SEC,12/1,17.0,17,17.0,0.0,Stable,46,46,2026-01-22,2
2026,Kentucky,SEC,12/1,17.0,17,17.0,0.0,Stable,47,47,2026-01-22,2
2026,Kentucky,SEC,12/15,12.0,12,17.0,5.0,Rising,48,48,2026-01-09,2
2026,Kentucky,SEC,12/15,12.0,12,12.0,0.0,Stable,49,49,2026-01-10,2
2026,Kentucky,SEC,12/15,12.0,12,12.0,0.0,Stable,50,50,2026-01-12,2
2026,Kentucky,SEC,12/15,12.0,12,12.0,0.0,Stable,51,51,2026-01-13,2
2026,Kentucky,SEC,12/15,12.0,12,12.0,0.0,Stable,52,52,2026-01-17,2
2026,Kentucky,SEC,12/15,12.0,12,12.0,0.0,Stable,53,53,2026-01-20,2
2026,Kentucky,SEC,12/15,12.0,12,12.0,0.0,Stable,54,54,2026-01-22,2
2026,Kentucky,SEC,12/15,12.0,12,12.0,0.0,Stable,55,55,2026-01-22,2
2026,Kentucky,SEC,12/22,11.0,11,12.0,1.0,Rising,56,56,2026-01-09,2
2026,Kentucky,SEC,12/22,11.0,11,11.0,0.0,Stable,57,57,2026-01-10,2
2026,Kentucky,SEC,12/22,11.0,11,11.0,0.0,Stable,58,58,2026-01-12,2
2026,Kentucky,SEC,12/22,11.0,11,11.0,0.0,Stable,59,59,2026-01-13,2
2026,Kentucky,SEC,12/22,11.0,11,11.0,0.0,Stable,60,60,2026-01-17,2
2026,Kentucky,SEC,12/22,11.0,11,11.0,0.0,Stable,61,61,2026-01-20,2
2026,Kentucky,SEC,12/22,11.0,11,11.0,0.0,Stable,62,62,2026-01-22,2
2026,Kentucky,SEC,12/22,11.0,11,11.0,0.0,Stable,63,63,2026-01-22,2
2026,Kentucky,SEC,12/8,15.0,15,11.0,-4.0,Falling,64,64,2026-01-09,2
2026,Kentucky,SEC,12/8,15.0,15,15.0,0.0,Stable,65,65,2026-01-10,2
2026,Kentucky,SEC,12/8,15.0,15,15.0,0.0,Stable,66,66,2026-01-12,2
2026,Kentucky,SEC,12/8,15.0,15,15.0,0.0,Stable,67,67,2026-01-13,2
2026,Kentucky,SEC,12/8,15.0,15,15.0,0.0,Stable,68,68,2026-01-17,2
2026,Kentucky,SEC,12/8,15.0,15,15.0,0.0,Stable,69,69,2026-01-20,2
2026,Kentucky,SEC,12/8,15.0,15,15.0,0.0,Stable,70,70,2026-01-22,2
2026,Kentucky,SEC,12/8,15.0,15,15.0,0.0,Stable,71,71,2026-01-22,2
2026,Kentucky,SEC,Pre,24.0,24,15.0,-9.0,Falling,72,72,2026-01-09,2
2026,Kentucky,SEC,Pre,24.0,24,24.0,0.0,Stable,73,73,2026-01-10,2
2026,Kentucky,SEC,Pre,24.0,24,24.0,0.0,Stable,74,74,2026-01-12,2
2026,Kentucky,SEC,Pre,24.0,24,24.0,0.0,Stable,75,75,2026-01-13,2
2026,Kentucky,SEC,Pre,24.0,24,24.0,0.0,Stable,76,76,2026-01-17,2
2026,Kentucky,SEC,Pre,24.0,24,24.0,0.0,Stable,77,77,2026-01-20,2
2026,Kentucky,SEC,Pre,24.0,24,24.0,0.0,Stable,78,78,2026-01-22,2
2026,Kentucky,SEC,Pre,24.0,24,24.0,0.0,Stable,79,79,2026-01-22,2
2026,LSU,SEC,1/12,6.0,6,,,Unknown,1,1,2026-01-13,2
2026,LSU,SEC,1/12,6.0,6,6.0,0.0,Stable,2,2,2026-01-17,2
2026,LSU,SEC,1/12,6.0,6,6.0,0.0,Stable,3,3,2026-01-20,2
2026,LSU,SEC,1/12,6.0,6,6.0,0.0,Stable,4,4,2026-01-22,2
2026,LSU,SEC,1/12,6.0,6,6.0,0.0,Stable,5,5,2026-01-22,2
2026,LSU,SEC,1/19,6.0,6,6.0,0.0,Stable,6,6,2026-01-22,2
2026,LSU,SEC,1/19,6.0,6,6.0,0.0,Stable,7,7,2026-01-22,2
2026,LSU,SEC,1/5,12.0,12,6.0,-6.0,Falling,8,8,2026-01-09,2
2026,LSU,SEC,1/5,12.0,12,12.0,0.0,Stable,9,9,2026-01-10,2
2026,LSU,SEC,1/5,12.0,12,12.0,0.0,Stable,10,10,2026-01-12,2
2026,LSU,SEC,1/5,12.0,12,12.0,0.0,Stable,11,11,2026-01-13,2
2026,LSU,SEC,1/5,12.0,12,12.0,0.0,Stable,12,12,2026-01-17,2
2026,LSU,SEC,1/5,12.0,12,12.0,0.0,Stable,13,13,2026-01-20,2
2026,LSU,SEC,1/5,12.0,12,12.0,0.0,Stable,14,14,2026-01-22,2
2026,LSU,SEC,1/5,12.0,12,12.0,0.0,Stable,15,15,2026-01-22,2
2026,LSU,SEC,11/10,5.0,5,12.0,7.0,Rising,16,16,2026-01-09,2
2026,LSU,SEC,11/10,5.0,5,5.0,0.0,Stable,17,17,2026-01-10,2
2026,LSU,SEC,11/10,5.0,5,5.0,0.0,Stable,18,18,2026-01-12,2
2026,LSU,SEC,11/10,5.0,5,5.0,0.0,Stable,19,19,2026-01-13,2
2026,LSU,SEC,11/10,5.0,5,5.0,0.0,Stable,20,20,2026-01-17,2
2026,LSU,SEC,11/10,5.0,5,5.0,0.0,Stable,21,21,2026-01-20,2
2026,LSU,SEC,11/10,5.0,5,5.0,0.0,Stable,22,22,2026-01-22,2
2026,LSU,SEC,11/10,5.0,5,5.0,0.0,Stable,23,23,2026-01-22,2
2026,LSU,SEC,11/17,5.0,5,5.0,0.0,Stable,24,24,2026-01-09,2
2026,LSU,SEC,11/17,5.0,5,5.0,0.0,Stable,25,25,2026-01-10,2
2026,LSU,SEC,11/17,5.0,5,5.0,0.0,Stable,26,26,2026-01-12,2
2026,LSU,SEC,11/17,5.0,5,5.0,0.0,Stable,27,27,2026-01-13,2
2026,LSU,SEC,11/17,5.0,5,5.0,0.0,Stable,28,28,2026-01-17,2
2026,LSU,SEC,11/17,5.0,5,5.0,0.0,Stable,29,29,2026-01-20,2
2026,LSU,SEC,11/17,5.0,5,5.0,0.0,Stable,30,30,2026-01-22,2
2026,LSU,SEC,11/17,5.0,5,5.0,0.0,Stable,31,31,2026-01-22,2
2026,LSU,SEC,11/24,5.0,5,5.0,0.0,Stable,32,32,2026-01-09,2
2026,LSU,SEC,11/24,5.0,5,5.0,0.0,Stable,33,33,2026-01-10,2
2026,LSU,SEC,11/24,5.0,5,5.0,0.0,Stable,34,34,2026-01-12,2
2026,LSU,SEC,11/24,5.0,5,5.0,0.0,Stable,35,35,2026-01-13,2
2026,LSU,SEC,11/24,5.0,5,5.0,0.0,Stable,36,36,2026-01-17,2
2026,LSU,SEC,11/24,5.0,5,5.0,0.0,Stable,37,37,2026-01-20,2
2026,LSU,SEC,11/24,5.0,5,5.0,0.0,Stable,38,38,2026-01-22,2
2026,LSU,SEC,11/24,5.0,5,5.0,0.0,Stable,39,39,2026-01-22,2
2026,LSU,SEC,12/1,5.0,5,5.0,0.0,Stable,40,40,2026-01-09,2
2026,LSU,SEC,12/1,5.0,5,5.0,0.0,Stable,41,41,2026-01-10,2
2026,LSU,SEC,12/1,5.0,5,5.0,0.0,Stable,42,42,2026-01-12,2
2026,LSU,SEC,12/1,5.0,5,5.0,0.0,Stable,43,43,2026-01-13,2
2026,LSU,SEC,12/1,5.0,5,5.0,0.0,Stable,44,44,2026-01-17,2
2026,LSU,SEC,12/1,5.0,5,5.0,0.0,Stable,45,45,2026-01-20,2
2026,LSU,SEC,12/1,5.0,5,5.0,0.0,Stable,46,46,2026-01-22,2
2026,LSU,SEC,12/1,5.0,5,5.0,0.0,Stable,47,47,2026-01-22,2
2026,LSU,SEC,12/15,5.0,5,5.0,0.0,Stable,48,48,2026-01-09,2
2026,LSU,SEC,12/15,5.0,5,5.0,0.0,Stable,49,49,2026-01-10,2
2026,LSU,SEC,12/15,5.0,5,5.0,0.0,Stable,50,50,2026-01-12,2
2026,LSU,SEC,12/15,5.0,5,5.0,0.0,Stable,51,51,2026-01-13,2
2026,LSU,SEC,12/15,5.0,5,5.0,0.0,Stable,52,52,2026-01-17,2
2026,LSU,SEC,12/15,5.0,5,5.0,0.0,Stable,53,53,2026-01-20,2
2026,LSU,SEC,12/15,5.0,5,5.0,0.0,Stable,54,54,2026-01-22,2
2026,LSU,SEC,12/15,5.0,5,5.0,0.0,Stable,55,55,2026-01-22,2
2026,LSU,SEC,12/22,5.0,5,5.0,0.0,Stable,56,56,2026-01-09,2
2026,LSU,SEC,12/22,5.0,5,5.0,0.0,Stable,57,57,2026-01-10,2
2026,LSU,SEC,12/22,5.0,5,5.0,0.0,Stable,58,58,2026-01-12,2
2026,LSU,SEC,12/22,5.0,5,5.0,0.0,Stable,59,59,2026-01-13,2
2026,LSU,SEC,12/22,5.0,5,5.0,0.0,Stable,60,60,2026-01-17,2
2026,LSU,SEC,12/22,5.0,5,5.0,0.0,Stable,61,61,2026-01-20,2
2026,LSU,SEC,12/22,5.0,5,5.0,0.0,Stable,62,62,2026-01-22,2
2026,LSU,SEC,12/22,5.0,5,5.0,0.0,Stable,63,63,2026-01-22,2
2026,LSU,SEC,12/8,5.0,5,5.0,0.0,Stable,64,64,2026-01-09,2
2026,LSU,SEC,12/8,5.0,5,5.0,0.0,Stable,65,65,2026-01-10,2
2026,LSU,SEC,12/8,5.0,5,5.0,0.0,Stable,66,66,2026-01-12,2
2026,LSU,SEC,12/8,5.0,5,5.0,0.0,Stable,67,67,2026-01-13,2
2026,LSU,SEC,12/8,5.0,5,5.0,0.0,Stable,68,68,2026-01-17,2
2026,LSU,SEC,12/8,5.0,5,5.0,0.0,Stable,69,69,2026-01-20,2
2026,LSU,SEC,12/8,5.0,5,5.0,0.0,Stable,70,70,2026-01-22,2
2026,LSU,SEC,12/8,5.0,5,5.0,0.0,Stable,71,71,2026-01-22,2
2026,LSU,SEC,Pre,5.0,5,5.0,0.0,Stable,72,72,2026-01-09,2
2026,LSU,SEC,Pre,5.0,5,5.0,0.0,Stable,73,73,2026-01-10,2
2026,LSU,SEC,Pre,5.0,5,5.0,0.0,Stable,74,74,2026-01-12,2
2026,LSU,SEC,Pre,5.0,5,5.0,0.0,Stable,75,75,2026-01-13,2
2026,LSU,SEC,Pre,5.0,5,5.0,0.0,Stable,76,76,2026-01-17,2
2026,LSU,SEC,Pre,5.0,5,5.0,0.0,Stable,77,77,2026-01-20,2
2026,LSU,SEC,Pre,5.0,5,5.0,0.0,Stable,78,78,2026-01-22,2
2026,LSU,SEC,Pre,5.0,5,5.0,0.0,Stable,79,79,2026-01-22,2
2026,Louisville,ACC,1/12,9.0,9,,,Unknown,1,1,2026-01-13,2
2026,Louisville,ACC,1/12,9.0,9,9.0,0.0,Stable,2,2,2026-01-17,2
2026,Louisville,ACC,1/12,9.0,9,9.0,0.0,Stable,3,3,2026-01-20,2
2026,Louisville,ACC,1/12,9.0,9,9.0,0.0,Stable,4,4,2026-01-22,2
2026,Louisville,ACC,1/12,9.0,9,9.0,0.0,Stable,5,5,2026-01-22,2
2026,Louisville,ACC,1/19,8.0,8,9.0,1.0,Rising,6,6,2026-01-22,2
2026,Louisville,ACC,1/19,8.0,8,8.0,0.0,Stable,7,7,2026-01-22,2
2026,Louisville,ACC,1/5,10.0,10,8.0,-2.0,Falling,8,8,2026-01-09,2
2026,Louisville,ACC,1/5,10.0,10,10.0,0.0,Stable,9,9,2026-01-10,2
2026,Louisville,ACC,1/5,10.0,10,10.0,0.0,Stable,10,10,2026-01-12,2
2026,Louisville,ACC,1/5,10.0,10,10.0,0.0,Stable,11,11,2026-01-13,2
2026,Louisville,ACC,1/5,10.0,10,10.0,0.0,Stable,12,12,2026-01-17,2
2026,Louisville,ACC,1/5,10.0,10,10.0,0.0,Stable,13,13,2026-01-20,2
2026,Louisville,ACC,1/5,10.0,10,10.0,0.0,Stable,14,14,2026-01-22,2
2026,Louisville,ACC,1/5,10.0,10,10.0,0.0,Stable,15,15,2026-01-22,2
2026,Louisville,ACC,11/10,22.0,22,10.0,-12.0,Falling,16,16,2026-01-09,2
2026,Louisville,ACC,11/10,22.0,22,22.0,0.0,Stable,17,17,2026-01-10,2
2026,Louisville,ACC,11/10,22.0,22,22.0,0.0,Stable,18,18,2026-01-12,2
2026,Louisville,ACC,11/10,22.0,22,22.0,0.0,Stable,19,19,2026-01-13,2
2026,Louisville,ACC,11/10,22.0,22,22.0,0.0,Stable,20,20,2026-01-17,2
2026,Louisville,ACC,11/10,22.0,22,22.0,0.0,Stable,21,21,2026-01-20,2
2026,Louisville,ACC,11/10,22.0,22,22.0,0.0,Stable,22,22,2026-01-22,2
2026,Louisville,ACC,11/10,22.0,22,22.0,0.0,Stable,23,23,2026-01-22,2
2026,Louisville,ACC,11/17,21.0,21,22.0,1.0,Rising,24,24,2026-01-09,2
2026,Louisville,ACC,11/17,21.0,21,21.0,0.0,Stable,25,25,2026-01-10,2
2026,Louisville,ACC,11/17,21.0,21,21.0,0.0,Stable,26,26,2026-01-12,2
2026,Louisville,ACC,11/17,21.0,21,21.0,0.0,Stable,27,27,2026-01-13,2
2026,Louisville,ACC,11/17,21.0,21,21.0,0.0,Stable,28,28,2026-01-17,2
2026,Louisville,ACC,11/17,21.0,21,21.0,0.0,Stable,29,29,2026-01-20,2
2026,Louisville,ACC,11/17,21.0,21,21.0,0.0,Stable,30,30,2026-01-22,2
2026,Louisville,ACC,11/17,21.0,21,21.0,0.0,Stable,31,31,2026-01-22,2
2026,Louisville,ACC,11/24,23.0,23,21.0,-2.0,Falling,32,32,2026-01-09,2
2026,Louisville,ACC,11/24,23.0,23,23.0,0.0,Stable,33,33,2026-01-10,2
2026,Louisville,ACC,11/24,23.0,23,23.0,0.0,Stable,34,34,2026-01-12,2
2026,Louisville,ACC,11/24,23.0,23,23.0,0.0,Stable,35,35,2026-01-13,2
2026,Louisville,ACC,11/24,23.0,23,23.0,0.0,Stable,36,36,2026-01-17,2
2026,Louisville,ACC,11/24,23.0,23,23.0,0.0,Stable,37,37,2026-01-20,2
2026,Louisville,ACC,11/24,23.0,23,23.0,0.0,Stable,38,38,2026-01-22,2
2026,Louisville,ACC,11/24,23.0,23,23.0,0.0,Stable,39,39,2026-01-22,2
2026,Louisville,ACC,12/1,22.0,22,23.0,1.0,Rising,40,40,2026-01-09,2
2026,Louisville,ACC,12/1,22.0,22,22.0,0.0,Stable,41,41,2026-01-10,2
2026,Louisville,ACC,12/1,22.0,22,22.0,0.0,Stable,42,42,2026-01-12,2
2026,Louisville,ACC,12/1,22.0,22,22.0,0.0,Stable,43,43,2026-01-13,2
2026,Louisville,ACC,12/1,22.0,22,22.0,0.0,Stable,44,44,2026-01-17,2
2026,Louisville,ACC,12/1,22.0,22,22.0,0.0,Stable,45,45,2026-01-20,2
2026,Louisville,ACC,12/1,22.0,22,22.0,0.0,Stable,46,46,2026-01-22,2
2026,Louisville,ACC,12/1,22.0,22,22.0,0.0,Stable,47,47,2026-01-22,2
2026,Louisville,ACC,12/15,16.0,16,22.0,6.0,Rising,48,48,2026-01-09,2
2026,Louisville,ACC,12/15,16.0,16,16.0,0.0,Stable,49,49,2026-01-10,2
2026,Louisville,ACC,12/15,16.0,16,16.0,0.0,Stable,50,50,2026-01-12,2
2026,Louisville,ACC,12/15,16.0,16,16.0,0.0,Stable,51,51,2026-01-13,2
2026,Louisville,ACC,12/15,16.0,16,16.0,0.0,Stable,52,52,2026-01-17,2
2026,Louisville,ACC,12/15,16.0,16,16.0,0.0,Stable,53,53,2026-01-20,2
2026,Louisville,ACC,12/15,16.0,16,16.0,0.0,Stable,54,54,2026-01-22,2
2026,Louisville,ACC,12/15,16.0,16,16.0,0.0,Stable,55,55,2026-01-22,2
2026,Louisville,ACC,12/22,13.0,13,16.0,3.0,Rising,56,56,2026-01-09,2
2026,Louisville,ACC,12/22,13.0,13,13.0,0.0,Stable,57,57,2026-01-10,2
2026,Louisville,ACC,12/22,13.0,13,13.0,0.0,Stable,58,58,2026-01-12,2
2026,Louisville,ACC,12/22,13.0,13,13.0,0.0,Stable,59,59,2026-01-13,2
2026,Louisville,ACC,12/22,13.0,13,13.0,0.0,Stable,60,60,2026-01-17,2
2026,Louisville,ACC,12/22,13.0,13,13.0,0.0,Stable,61,61,2026-01-20,2
2026,Louisville,ACC,12/22,13.0,13,13.0,0.0,Stable,62,62,2026-01-22,2
2026,Louisville,ACC,12/22,13.0,13,13.0,0.0,Stable,63,63,2026-01-22,2
2026,Louisville,ACC,12/8,22.0,22,13.0,-9.0,Falling,64,64,2026-01-09,2
2026,Louisville,ACC,12/8,22.0,22,22.0,0.0,Stable,65,65,2026-01-10,2
2026,Louisville,ACC,12/8,22.0,22,22.0,0.0,Stable,66,66,2026-01-12,2
2026,Louisville,ACC,12/8,22.0,22,22.0,0.0,Stable,67,67,2026-01-13,2
2026,Louisville,ACC,12/8,22.0,22,22.0,0.0,Stable,68,68,2026-01-17,2
2026,Louisville,ACC,12/8,22.0,22,22.0,0.0,Stable,69,69,2026-01-20,2
2026,Louisville,ACC,12/8,22.0,22,22.0,0.0,Stable,70,70,2026-01-22,2
2026,Louisville,ACC,12/8,22.0,22,22.0,0.0,Stable,71,71,2026-01-22,2
2026,Louisville,ACC,Pre,20.0,20,22.0,2.0,Rising,72,72,2026-01-09,2
2026,Louisville,ACC,Pre,20.0,20,20.0,0.0,Stable,73,73,2026-01-10,2
2026,Louisville,ACC,Pre,20.0,20,20.0,0.0,Stable,74,74,2026-01-12,2
2026,Louisville,ACC,Pre,20.0,20,20.0,0.0,Stable,75,75,2026-01-13,2
2026,Louisville,ACC,Pre,20.0,20,20.0,0.0,Stable,76,76,2026-01-17,2
2026,Louisville,ACC,Pre,20.0,20,20.0,0.0,Stable,77,77,2026-01-20,2
2026,Louisville,ACC,Pre,20.0,20,20.0,0.0,Stable,78,78,2026-01-22,2
2026,Louisville,ACC,Pre,20.0,20,20.0,0.0,Stable,79,79,2026-01-22,2
2026,Maryland,Big Ten,1/12,12.0,12,,,Unknown,1,1,2026-01-13,2
2026,Maryland,Big Ten,1/12,12.0,12,12.0,0.0,Stable,2,2,2026-01-17,2
2026,Maryland,Big Ten,1/12,12.0,12,12.0,0.0,Stable,3,3,2026-01-20,2
2026,Maryland,Big Ten,1/12,12.0,12,12.0,0.0,Stable,4,4,2026-01-22,2
2026,Maryland,Big Ten,1/12,12.0,12,12.0,0.0,Stable,5,5,2026-01-22,2
2026,Maryland,Big Ten,1/19,15.0,15,12.0,-3.0,Falling,6,6,2026-01-22,2
2026,Maryland,Big Ten,1/19,15.0,15,15.0,0.0,Stable,7,7,2026-01-22,2
2026,Maryland,Big Ten,1/5,8.0,8,15.0,7.0,Rising,8,8,2026-01-09,2
2026,Maryland,Big Ten,1/5,8.0,8,8.0,0.0,Stable,9,9,2026-01-10,2
2026,Maryland,Big Ten,1/5,8.0,8,8.0,0.0,Stable,10,10,2026-01-12,2
2026,Maryland,Big Ten,1/5,8.0,8,8.0,0.0,Stable,11,11,2026-01-13,2
2026,Maryland,Big Ten,1/5,8.0,8,8.0,0.0,Stable,12,12,2026-01-17,2
2026,Maryland,Big Ten,1/5,8.0,8,8.0,0.0,Stable,13,13,2026-01-20,2
2026,Maryland,Big Ten,1/5,8.0,8,8.0,0.0,Stable,14,14,2026-01-22,2
2026,Maryland,Big Ten,1/5,8.0,8,8.0,0.0,Stable,15,15,2026-01-22,2
2026,Maryland,Big Ten,11/10,9.0,9,8.0,-1.0,Falling,16,16,2026-01-09,2
2026,Maryland,Big Ten,11/10,9.0,9,9.0,0.0,Stable,17,17,2026-01-10,2
2026,Maryland,Big Ten,11/10,9.0,9,9.0,0.0,Stable,18,18,2026-01-12,2
2026,Maryland,Big Ten,11/10,9.0,9,9.0,0.0,Stable,19,19,2026-01-13,2
2026,Maryland,Big Ten,11/10,9.0,9,9.0,0.0,Stable,20,20,2026-01-17,2
2026,Maryland,Big Ten,11/10,9.0,9,9.0,0.0,Stable,21,21,2026-01-20,2
2026,Maryland,Big Ten,11/10,9.0,9,9.0,0.0,Stable,22,22,2026-01-22,2
2026,Maryland,Big Ten,11/10,9.0,9,9.0,0.0,Stable,23,23,2026-01-22,2
2026,Maryland,Big Ten,11/17,9.0,9,9.0,0.0,Stable,24,24,2026-01-09,2
2026,Maryland,Big Ten,11/17,9.0,9,9.0,0.0,Stable,25,25,2026-01-10,2
2026,Maryland,Big Ten,11/17,9.0,9,9.0,0.0,Stable,26,26,2026-01-12,2
2026,Maryland,Big Ten,11/17,9.0,9,9.0,0.0,Stable,27,27,2026-01-13,2
2026,Maryland,Big Ten,11/17,9.0,9,9.0,0.0,Stable,28,28,2026-01-17,2
2026,Maryland,Big Ten,11/17,9.0,9,9.0,0.0,Stable,29,29,2026-01-20,2
2026,Maryland,Big Ten,11/17,9.0,9,9.0,0.0,Stable,30,30,2026-01-22,2
2026,Maryland,Big Ten,11/17,9.0,9,9.0,0.0,Stable,31,31,2026-01-22,2
2026,Maryland,Big Ten,11/24,7.0,7,9.0,2.0,Rising,32,32,2026-01-09,2
2026,Maryland,Big Ten,11/24,7.0,7,7.0,0.0,Stable,33,33,2026-01-10,2
2026,Maryland,Big Ten,11/24,7.0,7,7.0,0.0,Stable,34,34,2026-01-12,2
2026,Maryland,Big Ten,11/24,7.0,7,7.0,0.0,Stable,35,35,2026-01-13,2
2026,Maryland,Big Ten,11/24,7.0,7,7.0,0.0,Stable,36,36,2026-01-17,2
2026,Maryland,Big Ten,11/24,7.0,7,7.0,0.0,Stable,37,37,2026-01-20,2
2026,Maryland,Big Ten,11/24,7.0,7,7.0,0.0,Stable,38,38,2026-01-22,2
2026,Maryland,Big Ten,11/24,7.0,7,7.0,0.0,Stable,39,39,2026-01-22,2
2026,Maryland,Big Ten,12/1,7.0,7,7.0,0.0,Stable,40,40,2026-01-09,2
2026,Maryland,Big Ten,12/1,7.0,7,7.0,0.0,Stable,41,41,2026-01-10,2
2026,Maryland,Big Ten,12/1,7.0,7,7.0,0.0,Stable,42,42,2026-01-12,2
2026,Maryland,Big Ten,12/1,7.0,7,7.0,0.0,Stable,43,43,2026-01-13,2
2026,Maryland,Big Ten,12/1,7.0,7,7.0,0.0,Stable,44,44,2026-01-17,2
2026,Maryland,Big Ten,12/1,7.0,7,7.0,0.0,Stable,45,45,2026-01-20,2
2026,Maryland,Big Ten,12/1,7.0,7,7.0,0.0,Stable,46,46,2026-01-22,2
2026,Maryland,Big Ten,12/1,7.0,7,7.0,0.0,Stable,47,47,2026-01-22,2
2026,Maryland,Big Ten,12/15,7.0,7,7.0,0.0,Stable,48,48,2026-01-09,2
2026,Maryland,Big Ten,12/15,7.0,7,7.0,0.0,Stable,49,49,2026-01-10,2
2026,Maryland,Big Ten,12/15,7.0,7,7.0,0.0,Stable,50,50,2026-01-12,2
2026,Maryland,Big Ten,12/15,7.0,7,7.0,0.0,Stable,51,51,2026-01-13,2
2026,Maryland,Big Ten,12/15,7.0,7,7.0,0.0,Stable,52,52,2026-01-17,2
2026,Maryland,Big Ten,12/15,7.0,7,7.0,0.0,Stable,53,53,2026-01-20,2
2026,Maryland,Big Ten,12/15,7.0,7,7.0,0.0,Stable,54,54,2026-01-22,2
2026,Maryland,Big Ten,12/15,7.0,7,7.0,0.0,Stable,55,55,2026-01-22,2
2026,Maryland,Big Ten,12/22,7.0,7,7.0,0.0,Stable,56,56,2026-01-09,2
2026,Maryland,Big Ten,12/22,7.0,7,7.0,0.0,Stable,57,57,2026-01-10,2
2026,Maryland,Big Ten,12/22,7.0,7,7.0,0.0,Stable,58,58,2026-01-12,2
2026,Maryland,Big Ten,12/22,7.0,7,7.0,0.0,Stable,59,59,2026-01-13,2
2026,Maryland,Big Ten,12/22,7.0,7,7.0,0.0,Stable,60,60,2026-01-17,2
2026,Maryland,Big Ten,12/22,7.0,7,7.0,0.0,Stable,61,61,2026-01-20,2
2026,Maryland,Big Ten,12/22,7.0,7,7.0,0.0,Stable,62,62,2026-01-22,2
2026,Maryland,Big Ten,12/22,7.0,7,7.0,0.0,Stable,63,63,2026-01-22,2
2026,Maryland,Big Ten,12/8,7.0,7,7.0,0.0,Stable,64,64,2026-01-09,2
2026,Maryland,Big Ten,12/8,7.0,7,7.0,0.0,Stable,65,65,2026-01-10,2
2026,Maryland,Big Ten,12/8,7.0,7,7.0,0.0,Stable,66,66,2026-01-12,2
2026,Maryland,Big Ten,12/8,7.0,7,7.0,0.0,Stable,67,67,2026-01-13,2
2026,Maryland,Big Ten,12/8,7.0,7,7.0,0.0,Stable,68,68,2026-01-17,2
2026,Maryland,Big Ten,12/8,7.0,7,7.0,0.0,Stable,69,69,2026-01-20,2
2026,Maryland,Big Ten,12/8,7.0,7,7.0,0.0,Stable,70,70,2026-01-22,2
2026,Maryland,Big Ten,12/8,7.0,7,7.0,0.0,Stable,71,71,2026-01-22,2
2026,Maryland,Big Ten,Pre,10.0,10,7.0,-3.0,Falling,72,72,2026-01-09,2
2026,Maryland,Big Ten,Pre,10.0,10,10.0,0.0,Stable,73,73,2026-01-10,2
2026,Maryland,Big Ten,Pre,10.0,10,10.0,0.0,Stable,74,74,2026-01-12,2
2026,Maryland,Big Ten,Pre,10.0,10,10.0,0.0,Stable,75,75,2026-01-13,2
2026,Maryland,Big Ten,Pre,10.0,10,10.0,0.0,Stable,76,76,2026-01-17,2
2026,Maryland,Big Ten,Pre,10.0,10,10.0,0.0,Stable,77,77,2026-01-20,2
2026,Maryland,Big Ten,Pre,10.0,10,10.0,0.0,Stable,78,78,2026-01-22,2
2026,Maryland,Big Ten,Pre,10.0,10,10.0,0.0,Stable,79,79,2026-01-22,2
2026,Michigan,Big Ten,1/12,8.0,8,,,Unknown,1,1,2026-01-13,2
2026,Michigan,Big Ten,1/12,8.0,8,8.0,0.0,Stable,2,2,2026-01-17,2
2026,Michigan,Big Ten,1/12,8.0,8,8.0,0.0,Stable,3,3,2026-01-20,2
2026,Michigan,Big Ten,1/12,8.0,8,8.0,0.0,Stable,4,4,2026-01-22,2
2026,Michigan,Big Ten,1/12,8.0,8,8.0,0.0,Stable,5,5,2026-01-22,2
2026,Michigan,Big Ten,1/19,7.0,7,8.0,1.0,Rising,6,6,2026-01-22,2
2026,Michigan,Big Ten,1/19,7.0,7,7.0,0.0,Stable,7,7,2026-01-22,2
2026,Michigan,Big Ten,1/5,9.0,9,7.0,-2.0,Falling,8,8,2026-01-09,2
2026,Michigan,Big Ten,1/5,9.0,9,9.0,0.0,Stable,9,9,2026-01-10,2
2026,Michigan,Big Ten,1/5,9.0,9,9.0,0.0,Stable,10,10,2026-01-12,2
2026,Michigan,Big Ten,1/5,9.0,9,9.0,0.0,Stable,11,11,2026-01-13,2
2026,Michigan,Big Ten,1/5,9.0,9,9.0,0.0,Stable,12,12,2026-01-17,2
2026,Michigan,Big Ten,1/5,9.0,9,9.0,0.0,Stable,13,13,2026-01-20,2
2026,Michigan,Big Ten,1/5,9.0,9,9.0,0.0,Stable,14,14,2026-01-22,2
2026,Michigan,Big Ten,1/5,9.0,9,9.0,0.0,Stable,15,15,2026-01-22,2
2026,Michigan,Big Ten,11/10,14.0,14,9.0,-5.0,Falling,16,16,2026-01-09,2
2026,Michigan,Big Ten,11/10,14.0,14,14.0,0.0,Stable,17,17,2026-01-10,2
2026,Michigan,Big Ten,11/10,14.0,14,14.0,0.0,Stable,18,18,2026-01-12,2
2026,Michigan,Big Ten,11/10,14.0,14,14.0,0.0,Stable,19,19,2026-01-13,2
2026,Michigan,Big Ten,11/10,14.0,14,14.0,0.0,Stable,20,20,2026-01-17,2
2026,Michigan,Big Ten,11/10,14.0,14,14.0,0.0,Stable,21,21,2026-01-20,2
2026,Michigan,Big Ten,11/10,14.0,14,14.0,0.0,Stable,22,22,2026-01-22,2
2026,Michigan,Big Ten,11/10,14.0,14,14.0,0.0,Stable,23,23,2026-01-22,2
2026,Michigan,Big Ten,11/17,6.0,6,14.0,8.0,Rising,24,24,2026-01-09,2
2026,Michigan,Big Ten,11/17,6.0,6,6.0,0.0,Stable,25,25,2026-01-10,2
2026,Michigan,Big Ten,11/17,6.0,6,6.0,0.0,Stable,26,26,2026-01-12,2
2026,Michigan,Big Ten,11/17,6.0,6,6.0,0.0,Stable,27,27,2026-01-13,2
2026,Michigan,Big Ten,11/17,6.0,6,6.0,0.0,Stable,28,28,2026-01-17,2
2026,Michigan,Big Ten,11/17,6.0,6,6.0,0.0,Stable,29,29,2026-01-20,2
2026,Michigan,Big Ten,11/17,6.0,6,6.0,0.0,Stable,30,30,2026-01-22,2
2026,Michigan,Big Ten,11/17,6.0,6,6.0,0.0,Stable,31,31,2026-01-22,2
2026,Michigan,Big Ten,11/24,6.0,6,6.0,0.0,Stable,32,32,2026-01-09,2
2026,Michigan,Big Ten,11/24,6.0,6,6.0,0.0,Stable,33,33,2026-01-10,2
2026,Michigan,Big Ten,11/24,6.0,6,6.0,0.0,Stable,34,34,2026-01-12,2
2026,Michigan,Big Ten,11/24,6.0,6,6.0,0.0,Stable,35,35,2026-01-13,2
2026,Michigan,Big Ten,11/24,6.0,6,6.0,0.0,Stable,36,36,2026-01-17,2
2026,Michigan,Big Ten,11/24,6.0,6,6.0,0.0,Stable,37,37,2026-01-20,2
2026,Michigan,Big Ten,11/24,6.0,6,6.0,0.0,Stable,38,38,2026-01-22,2
2026,Michigan,Big Ten,11/24,6.0,6,6.0,0.0,Stable,39,39,2026-01-22,2
2026,Michigan,Big Ten,12/1,6.0,6,6.0,0.0,Stable,40,40,2026-01-09,2
2026,Michigan,Big Ten,12/1,6.0,6,6.0,0.0,Stable,41,41,2026-01-10,2
2026,Michigan,Big Ten,12/1,6.0,6,6.0,0.0,Stable,42,42,2026-01-12,2
2026,Michigan,Big Ten,12/1,6.0,6,6.0,0.0,Stable,43,43,2026-01-13,2
2026,Michigan,Big Ten,12/1,6.0,6,6.0,0.0,Stable,44,44,2026-01-17,2
2026,Michigan,Big Ten,12/1,6.0,6,6.0,0.0,Stable,45,45,2026-01-20,2
2026,Michigan,Big Ten,12/1,6.0,6,6.0,0.0,Stable,46,46,2026-01-22,2
2026,Michigan,Big Ten,12/1,6.0,6,6.0,0.0,Stable,47,47,2026-01-22,2
2026,Michigan,Big Ten,12/15,6.0,6,6.0,0.0,Stable,48,48,2026-01-09,2
2026,Michigan,Big Ten,12/15,6.0,6,6.0,0.0,Stable,49,49,2026-01-10,2
2026,Michigan,Big Ten,12/15,6.0,6,6.0,0.0,Stable,50,50,2026-01-12,2
2026,Michigan,Big Ten,12/15,6.0,6,6.0,0.0,Stable,51,51,2026-01-13,2
2026,Michigan,Big Ten,12/15,6.0,6,6.0,0.0,Stable,52,52,2026-01-17,2
2026,Michigan,Big Ten,12/15,6.0,6,6.0,0.0,Stable,53,53,2026-01-20,2
2026,Michigan,Big Ten,12/15,6.0,6,6.0,0.0,Stable,54,54,2026-01-22,2
2026,Michigan,Big Ten,12/15,6.0,6,6.0,0.0,Stable,55,55,2026-01-22,2
2026,Michigan,Big Ten,12/22,6.0,6,6.0,0.0,Stable,56,56,2026-01-09,2
2026,Michigan,Big Ten,12/22,6.0,6,6.0,0.0,Stable,57,57,2026-01-10,2
2026,Michigan,Big Ten,12/22,6.0,6,6.0,0.0,Stable,58,58,2026-01-12,2
2026,Michigan,Big Ten,12/22,6.0,6,6.0,0.0,Stable,59,59,2026-01-13,2
2026,Michigan,Big Ten,12/22,6.0,6,6.0,0.0,Stable,60,60,2026-01-17,2
2026,Michigan,Big Ten,12/22,6.0,6,6.0,0.0,Stable,61,61,2026-01-20,2
2026,Michigan,Big Ten,12/22,6.0,6,6.0,0.0,Stable,62,62,2026-01-22,2
2026,Michigan,Big Ten,12/22,6.0,6,6.0,0.0,Stable,63,63,2026-01-22,2
2026,Michigan,Big Ten,12/8,6.0,6,6.0,0.0,Stable,64,64,2026-01-09,2
2026,Michigan,Big Ten,12/8,6.0,6,6.0,0.0,Stable,65,65,2026-01-10,2
2026,Michigan,Big Ten,12/8,6.0,6,6.0,0.0,Stable,66,66,2026-01-12,2
2026,Michigan,Big Ten,12/8,6.0,6,6.0,0.0,Stable,67,67,2026-01-13,2
2026,Michigan,Big Ten,12/8,6.0,6,6.0,0.0,Stable,68,68,2026-01-17,2
2026,Michigan,Big Ten,12/8,6.0,6,6.0,0.0,Stable,69,69,2026-01-20,2
2026,Michigan,Big Ten,12/8,6.0,6,6.0,0.0,Stable,70,70,2026-01-22,2
2026,Michigan,Big Ten,12/8,6.0,6,6.0,0.0,Stable,71,71,2026-01-22,2
2026,Michigan,Big Ten,Pre,13.0,13,6.0,-7.0,Falling,72,72,2026-01-09,2
2026,Michigan,Big Ten,Pre,13.0,13,13.0,0.0,Stable,73,73,2026-01-10,2
2026,Michigan,Big Ten,Pre,13.0,13,13.0,0.0,Stable,74,74,2026-01-12,2
2026,Michigan,Big Ten,Pre,13.0,13,13.0,0.0,Stable,75,75,2026-01-13,2
2026,Michigan,Big Ten,Pre,13.0,13,13.0,0.0,Stable,76,76,2026-01-17,2
2026,Michigan,Big Ten,Pre,13.0,13,13.0,0.0,Stable,77,77,2026-01-20,2
2026,Michigan,Big Ten,Pre,13.0,13,13.0,0.0,Stable,78,78,2026-01-22,2
2026,Michigan,Big Ten,Pre,13.0,13,13.0,0.0,Stable,79,79,2026-01-22,2
2026,Michigan State,Big Ten,1/12,15.0,15,,,Unknown,1,1,2026-01-13,2
2026,Michigan State,Big Ten,1/12,15.0,15,15.0,0.0,Stable,2,2,2026-01-17,2
2026,Michigan State,Big Ten,1/12,15.0,15,15.0,0.0,Stable,3,3,2026-01-20,2
2026,Michigan State,Big Ten,1/12,15.0,15,15.0,0.0,Stable,4,4,2026-01-22,2
2026,Michigan State,Big Ten,1/12,15.0,15,15.0,0.0,Stable,5,5,2026-01-22,2
2026,Michigan State,Big Ten,1/19,13.0,13,15.0,2.0,Rising,6,6,2026-01-22,2
2026,Michigan State,Big Ten,1/19,13.0,13,13.0,0.0,Stable,7,7,2026-01-22,2
2026,Michigan State,Big Ten,1/5,15.0,15,13.0,-2.0,Falling,8,8,2026-01-09,2
2026,Michigan State,Big Ten,1/5,15.0,15,15.0,0.0,Stable,9,9,2026-01-10,2
2026,Michigan State,Big Ten,1/5,15.0,15,15.0,0.0,Stable,10,10,2026-01-12,2
2026,Michigan State,Big Ten,1/5,15.0,15,15.0,0.0,Stable,11,11,2026-01-13,2
2026,Michigan State,Big Ten,1/5,15.0,15,15.0,0.0,Stable,12,12,2026-01-17,2
2026,Michigan State,Big Ten,1/5,15.0,15,15.0,0.0,Stable,13,13,2026-01-20,2
2026,Michigan State,Big Ten,1/5,15.0,15,15.0,0.0,Stable,14,14,2026-01-22,2
2026,Michigan State,Big Ten,1/5,15.0,15,15.0,0.0,Stable,15,15,2026-01-22,2
2026,Michigan State,Big Ten,11/10,24.0,24,15.0,-9.0,Falling,16,16,2026-01-09,2
2026,Michigan State,Big Ten,11/10,24.0,24,24.0,0.0,Stable,17,17,2026-01-10,2
2026,Michigan State,Big Ten,11/10,24.0,24,24.0,0.0,Stable,18,18,2026-01-12,2
2026,Michigan State,Big Ten,11/10,24.0,24,24.0,0.0,Stable,19,19,2026-01-13,2
2026,Michigan State,Big Ten,11/10,24.0,24,24.0,0.0,Stable,20,20,2026-01-17,2
2026,Michigan State,Big Ten,11/10,24.0,24,24.0,0.0,Stable,21,21,2026-01-20,2
2026,Michigan State,Big Ten,11/10,24.0,24,24.0,0.0,Stable,22,22,2026-01-22,2
2026,Michigan State,Big Ten,11/10,24.0,24,24.0,0.0,Stable,23,23,2026-01-22,2
2026,Michigan State,Big Ten,11/17,22.0,22,24.0,2.0,Rising,24,24,2026-01-09,2
2026,Michigan State,Big Ten,11/17,22.0,22,22.0,0.0,Stable,25,25,2026-01-10,2
2026,Michigan State,Big Ten,11/17,22.0,22,22.0,0.0,Stable,26,26,2026-01-12,2
2026,Michigan State,Big Ten,11/17,22.0,22,22.0,0.0,Stable,27,27,2026-01-13,2
2026,Michigan State,Big Ten,11/17,22.0,22,22.0,0.0,Stable,28,28,2026-01-17,2
2026,Michigan State,Big Ten,11/17,22.0,22,22.0,0.0,Stable,29,29,2026-01-20,2
2026,Michigan State,Big Ten,11/17,22.0,22,22.0,0.0,Stable,30,30,2026-01-22,2
2026,Michigan State,Big Ten,11/17,22.0,22,22.0,0.0,Stable,31,31,2026-01-22,2
2026,Michigan State,Big Ten,11/24,20.0,20,22.0,2.0,Rising,32,32,2026-01-09,2
2026,Michigan State,Big Ten,11/24,20.0,20,20.0,0.0,Stable,33,33,2026-01-10,2
2026,Michigan State,Big Ten,11/24,20.0,20,20.0,0.0,Stable,34,34,2026-01-12,2
2026,Michigan State,Big Ten,11/24,20.0,20,20.0,0.0,Stable,35,35,2026-01-13,2
2026,Michigan State,Big Ten,11/24,20.0,20,20.0,0.0,Stable,36,36,2026-01-17,2
2026,Michigan State,Big Ten,11/24,20.0,20,20.0,0.0,Stable,37,37,2026-01-20,2
2026,Michigan State,Big Ten,11/24,20.0,20,20.0,0.0,Stable,38,38,2026-01-22,2
2026,Michigan State,Big Ten,11/24,20.0,20,20.0,0.0,Stable,39,39,2026-01-22,2
2026,Michigan State,Big Ten,12/1,20.0,20,20.0,0.0,Stable,40,40,2026-01-09,2
2026,Michigan State,Big Ten,12/1,20.0,20,20.0,0.0,Stable,41,41,2026-01-10,2
2026,Michigan State,Big Ten,12/1,20.0,20,20.0,0.0,Stable,42,42,2026-01-12,2
2026,Michigan State,Big Ten,12/1,20.0,20,20.0,0.0,Stable,43,43,2026-01-13,2
2026,Michigan State,Big Ten,12/1,20.0,20,20.0,0.0,Stable,44,44,2026-01-17,2
2026,Michigan State,Big Ten,12/1,20.0,20,20.0,0.0,Stable,45,45,2026-01-20,2
2026,Michigan State,Big Ten,12/1,20.0,20,20.0,0.0,Stable,46,46,2026-01-22,2
2026,Michigan State,Big Ten,12/1,20.0,20,20.0,0.0,Stable,47,47,2026-01-22,2
2026,Michigan State,Big Ten,12/15,24.0,24,20.0,-4.0,Falling,48,48,2026-01-09,2
2026,Michigan State,Big Ten,12/15,24.0,24,24.0,0.0,Stable,49,49,2026-01-10,2
2026,Michigan State,Big Ten,12/15,24.0,24,24.0,0.0,Stable,50,50,2026-01-12,2
2026,Michigan State,Big Ten,12/15,24.0,24,24.0,0.0,Stable,51,51,2026-01-13,2
2026,Michigan State,Big Ten,12/15,24.0,24,24.0,0.0,Stable,52,52,2026-01-17,2
2026,Michigan State,Big Ten,12/15,24.0,24,24.0,0.0,Stable,53,53,2026-01-20,2
2026,Michigan State,Big Ten,12/15,24.0,24,24.0,0.0,Stable,54,54,2026-01-22,2
2026,Michigan State,Big Ten,12/15,24.0,24,24.0,0.0,Stable,55,55,2026-01-22,2
2026,Michigan State,Big Ten,12/22,24.0,24,24.0,0.0,Stable,56,56,2026-01-09,2
2026,Michigan State,Big Ten,12/22,24.0,24,24.0,0.0,Stable,57,57,2026-01-10,2
2026,Michigan State,Big Ten,12/22,24.0,24,24.0,0.0,Stable,58,58,2026-01-12,2
2026,Michigan State,Big Ten,12/22,24.0,24,24.0,0.0,Stable,59,59,2026-01-13,2
2026,Michigan State,Big Ten,12/22,24.0,24,24.0,0.0,Stable,60,60,2026-01-17,2
2026,Michigan State,Big Ten,12/22,24.0,24,24.0,0.0,Stable,61,61,2026-01-20,2
2026,Michigan State,Big Ten,12/22,24.0,24,24.0,0.0,Stable,62,62,2026-01-22,2
2026,Michigan State,Big Ten,12/22,24.0,24,24.0,0.0,Stable,63,63,2026-01-22,2
2026,Michigan State,Big Ten,12/8,25.0,25,24.0,-1.0,Falling,64,64,2026-01-09,2
2026,Michigan State,Big Ten,12/8,25.0,25,25.0,0.0,Stable,65,65,2026-01-10,2
2026,Michigan State,Big Ten,12/8,25.0,25,25.0,0.0,Stable,66,66,2026-01-12,2
2026,Michigan State,Big Ten,12/8,25.0,25,25.0,0.0,Stable,67,67,2026-01-13,2
2026,Michigan State,Big Ten,12/8,25.0,25,25.0,0.0,Stable,68,68,2026-01-17,2
2026,Michigan State,Big Ten,12/8,25.0,25,25.0,0.0,Stable,69,69,2026-01-20,2
2026,Michigan State,Big Ten,12/8,25.0,25,25.0,0.0,Stable,70,70,2026-01-22,2
2026,Michigan State,Big Ten,12/8,25.0,25,25.0,0.0,Stable,71,71,2026-01-22,2
2026,Michigan State,Big Ten,Pre,23.0,23,25.0,2.0,Rising,72,72,2026-01-09,2
2026,Michigan State,Big Ten,Pre,23.0,23,23.0,0.0,Stable,73,73,2026-01-10,2
2026,Michigan State,Big Ten,Pre,23.0,23,23.0,0.0,Stable,74,74,2026-01-12,2
2026,Michigan State,Big Ten,Pre,23.0,23,23.0,0.0,Stable,75,75,2026-01-13,2
2026,Michigan State,Big Ten,Pre,23.0,23,23.0,0.0,Stable,76,76,2026-01-17,2
2026,Michigan State,Big Ten,Pre,23.0,23,23.0,0.0,Stable,77,77,2026-01-20,2
2026,Michigan State,Big Ten,Pre,23.0,23,23.0,0.0,Stable,78,78,2026-01-22,2
2026,Michigan State,Big Ten,Pre,23.0,23,23.0,0.0,Stable,79,79,2026-01-22,2
2026,NC State,ACC,1/12,,26,,,Unknown,0,0,2026-01-13,2
2026,NC State,ACC,1/12,,26,26.0,0.0,Unranked,0,0,2026-01-17,2
2026,NC State,ACC,1/12,,26,26.0,0.0,Unranked,0,0,2026-01-20,2
2026,NC State,ACC,1/12,,26,26.0,0.0,Unranked,0,0,2026-01-22,2
2026,NC State,ACC,1/12,,26,26.0,0.0,Unranked,0,0,2026-01-22,2
2026,NC State,ACC,1/19,,26,26.0,0.0,Unranked,0,0,2026-01-22,2
2026,NC State,ACC,1/19,,26,26.0,0.0,Unranked,0,0,2026-01-22,2
2026,NC State,ACC,1/5,,26,26.0,0.0,Unranked,0,0,2026-01-09,2
2026,NC State,ACC,1/5,,26,26.0,0.0,Unranked,0,0,2026-01-10,2
2026,NC State,ACC,1/5,,26,26.0,0.0,Unranked,0,0,2026-01-12,2
2026,NC State,ACC,1/5,,26,26.0,0.0,Unranked,0,0,2026-01-13,2
2026,NC State,ACC,1/5,,26,26.0,0.0,Unranked,0,0,2026-01-17,2
2026,NC State,ACC,1/5,,26,26.0,0.0,Unranked,0,0,2026-01-20,2
2026,NC State,ACC,1/5,,26,26.0,0.0,Unranked,0,0,2026-01-22,2
2026,NC State,ACC,1/5,,26,26.0,0.0,Unranked,0,0,2026-01-22,2
2026,NC State,ACC,11/10,10.0,10,26.0,16.0,New,1,1,2026-01-09,2
2026,NC State,ACC,11/10,10.0,10,10.0,0.0,Stable,2,2,2026-01-10,2
2026,NC State,ACC,11/10,10.0,10,10.0,0.0,Stable,3,3,2026-01-12,2
2026,NC State,ACC,11/10,10.0,10,10.0,0.0,Stable,4,4,2026-01-13,2
2026,NC State,ACC,11/10,10.0,10,10.0,0.0,Stable,5,5,2026-01-17,2
2026,NC State,ACC,11/10,10.0,10,10.0,0.0,Stable,6,6,2026-01-20,2
2026,NC State,ACC,11/10,10.0,10,10.0,0.0,Stable,7,7,2026-01-22,2
2026,NC State,ACC,11/10,10.0,10,10.0,0.0,Stable,8,8,2026-01-22,2
2026,NC State,ACC,11/17,16.0,16,10.0,-6.0,Falling,9,9,2026-01-09,2
2026,NC State,ACC,11/17,16.0,16,16.0,0.0,Stable,10,10,2026-01-10,2
2026,NC State,ACC,11/17,16.0,16,16.0,0.0,Stable,11,11,2026-01-12,2
2026,NC State,ACC,11/17,16.0,16,16.0,0.0,Stable,12,12,2026-01-13,2
2026,NC State,ACC,11/17,16.0,16,16.0,0.0,Stable,13,13,2026-01-17,2
2026,NC State,ACC,11/17,16.0,16,16.0,0.0,Stable,14,14,2026-01-20,2
2026,NC State,ACC,11/17,16.0,16,16.0,0.0,Stable,15,15,2026-01-22,2
2026,NC State,ACC,11/17,16.0,16,16.0,0.0,Stable,16,16,2026-01-22,2
2026,NC State,ACC,11/24,25.0,25,16.0,-9.0,Falling,17,17,2026-01-09,2
2026,NC State,ACC,11/24,25.0,25,25.0,0.0,Stable,18,18,2026-01-10,2
2026,NC State,ACC,11/24,25.0,25,25.0,0.0,Stable,19,19,2026-01-12,2
2026,NC State,ACC,11/24,25.0,25,25.0,0.0,Stable,20,20,2026-01-13,2
2026,NC State,ACC,11/24,25.0,25,25.0,0.0,Stable,21,21,2026-01-17,2
2026,NC State,ACC,11/24,25.0,25,25.0,0.0,Stable,22,22,2026-01-20,2
2026,NC State,ACC,11/24,25.0,25,25.0,0.0,Stable,23,23,2026-01-22,2
2026,NC State,ACC,11/24,25.0,25,25.0,0.0,Stable,24,24,2026-01-22,2
2026,NC State,ACC,12/1,,26,25.0,-1.0,Dropped,24,0,2026-01-09,2
2026,NC State,ACC,12/1,,26,26.0,0.0,Unranked,24,0,2026-01-10,2
2026,NC State,ACC,12/1,,26,26.0,0.0,Unranked,24,0,2026-01-12,2
2026,NC State,ACC,12/1,,26,26.0,0.0,Unranked,24,0,2026-01-13,2
2026,NC State,ACC,12/1,,26,26.0,0.0,Unranked,24,0,2026-01-17,2
2026,NC State,ACC,12/1,,26,26.0,0.0,Unranked,24,0,2026-01-20,2
2026,NC State,ACC,12/1,,26,26.0,0.0,Unranked,24,0,2026-01-22,2
2026,NC State,ACC,12/1,,26,26.0,0.0,Unranked,24,0,2026-01-22,2
2026,NC State,ACC,12/15,,26,26.0,0.0,Unranked,24,0,2026-01-09,2
2026,NC State,ACC,12/15,,26,26.0,0.0,Unranked,24,0,2026-01-10,2
2026,NC State,ACC,12/15,,26,26.0,0.0,Unranked,24,0,2026-01-12,2
2026,NC State,ACC,12/15,,26,26.0,0.0,Unranked,24,0,2026-01-13,2
2026,NC State,ACC,12/15,,26,26.0,0.0,Unranked,24,0,2026-01-17,2
2026,NC State,ACC,12/15,,26,26.0,0.0,Unranked,24,0,2026-01-20,2
2026,NC State,ACC,12/15,,26,26.0,0.0,Unranked,24,0,2026-01-22,2
2026,NC State,ACC,12/15,,26,26.0,0.0,Unranked,24,0,2026-01-22,2
2026,NC State,ACC,12/22,,26,26.0,0.0,Unranked,24,0,2026-01-09,2
2026,NC State,ACC,12/22,,26,26.0,0.0,Unranked,24,0,2026-01-10,2
2026,NC State,ACC,12/22,,26,26.0,0.0,Unranked,24,0,2026-01-12,2
2026,NC State,ACC,12/22,,26,26.0,0.0,Unranked,24,0,2026-01-13,2
2026,NC State,ACC,12/22,,26,26.0,0.0,Unranked,24,0,2026-01-17,2
2026,NC State,ACC,12/22,,26,26.0,0.0,Unranked,24,0,2026-01-20,2
2026,NC State,ACC,12/22,,26,26.0,0.0,Unranked,24,0,2026-01-22,2
2026,NC State,ACC,12/22,,26,26.0,0.0,Unranked,24,0,2026-01-22,2
2026,NC State,ACC,12/8,,26,26.0,0.0,Unranked,24,0,2026-01-09,2
2026,NC State,ACC,12/8,,26,26.0,0.0,Unranked,24,0,2026-01-10,2
2026,NC State,ACC,12/8,,26,26.0,0.0,Unranked,24,0,2026-01-12,2
2026,NC State,ACC,12/8,,26,26.0,0.0,Unranked,24,0,2026-01-13,2
2026,NC State,ACC,12/8,,26,26.0,0.0,Unranked,24,0,2026-01-17,2
2026,NC State,ACC,12/8,,26,26.0,0.0,Unranked,24,0,2026-01-20,2
2026,NC State,ACC,12/8,,26,26.0,0.0,Unranked,24,0,2026-01-22,2
2026,NC State,ACC,12/8,,26,26.0,0.0,Unranked,24,0,2026-01-22,2
2026,NC State,ACC,Pre,9.0,9,26.0,17.0,New,25,1,2026-01-09,2
2026,NC State,ACC,Pre,9.0,9,9.0,0.0,Stable,26,2,2026-01-10,2
2026,NC State,ACC,Pre,9.0,9,9.0,0.0,Stable,27,3,2026-01-12,2
2026,NC State,ACC,Pre,9.0,9,9.0,0.0,Stable,28,4,2026-01-13,2
2026,NC State,ACC,Pre,9.0,9,9.0,0.0,Stable,29,5,2026-01-17,2
2026,NC State,ACC,Pre,9.0,9,9.0,0.0,Stable,30,6,2026-01-20,2
2026,NC State,ACC,Pre,9.0,9,9.0,0.0,Stable,31,7,2026-01-22,2
2026,NC State,ACC,Pre,9.0,9,9.0,0.0,Stable,32,8,2026-01-22,2
2026,Nebraska,Big Ten,1/12,24.0,24,,,Unknown,1,1,2026-01-13,2
2026,Nebraska,Big Ten,1/12,24.0,24,24.0,0.0,Stable,2,2,2026-01-17,2
2026,Nebraska,Big Ten,1/12,24.0,24,24.0,0.0,Stable,3,3,2026-01-20,2
2026,Nebraska,Big Ten,1/12,24.0,24,24.0,0.0,Stable,4,4,2026-01-22,2
2026,Nebraska,Big Ten,1/12,24.0,24,24.0,0.0,Stable,5,5,2026-01-22,2
2026,Nebraska,Big Ten,1/19,24.0,24,24.0,0.0,Stable,6,6,2026-01-22,2
2026,Nebraska,Big Ten,1/19,24.0,24,24.0,0.0,Stable,7,7,2026-01-22,2
2026,Nebraska,Big Ten,1/5,25.0,25,24.0,-1.0,Falling,8,8,2026-01-09,2
2026,Nebraska,Big Ten,1/5,25.0,25,25.0,0.0,Stable,9,9,2026-01-10,2
2026,Nebraska,Big Ten,1/5,25.0,25,25.0,0.0,Stable,10,10,2026-01-12,2
2026,Nebraska,Big Ten,1/5,25.0,25,25.0,0.0,Stable,11,11,2026-01-13,2
2026,Nebraska,Big Ten,1/5,25.0,25,25.0,0.0,Stable,12,12,2026-01-17,2
2026,Nebraska,Big Ten,1/5,25.0,25,25.0,0.0,Stable,13,13,2026-01-20,2
2026,Nebraska,Big Ten,1/5,25.0,25,25.0,0.0,Stable,14,14,2026-01-22,2
2026,Nebraska,Big Ten,1/5,25.0,25,25.0,0.0,Stable,15,15,2026-01-22,2
2026,Nebraska,Big Ten,11/10,,26,25.0,-1.0,Dropped,15,0,2026-01-09,2
2026,Nebraska,Big Ten,11/10,,26,26.0,0.0,Unranked,15,0,2026-01-10,2
2026,Nebraska,Big Ten,11/10,,26,26.0,0.0,Unranked,15,0,2026-01-12,2
2026,Nebraska,Big Ten,11/10,,26,26.0,0.0,Unranked,15,0,2026-01-13,2
2026,Nebraska,Big Ten,11/10,,26,26.0,0.0,Unranked,15,0,2026-01-17,2
2026,Nebraska,Big Ten,11/10,,26,26.0,0.0,Unranked,15,0,2026-01-20,2
2026,Nebraska,Big Ten,11/10,,26,26.0,0.0,Unranked,15,0,2026-01-22,2
2026,Nebraska,Big Ten,11/10,,26,26.0,0.0,Unranked,15,0,2026-01-22,2
2026,Nebraska,Big Ten,11/17,,26,26.0,0.0,Unranked,15,0,2026-01-09,2
2026,Nebraska,Big Ten,11/17,,26,26.0,0.0,Unranked,15,0,2026-01-10,2
2026,Nebraska,Big Ten,11/17,,26,26.0,0.0,Unranked,15,0,2026-01-12,2
2026,Nebraska,Big Ten,11/17,,26,26.0,0.0,Unranked,15,0,2026-01-13,2
2026,Nebraska,Big Ten,11/17,,26,26.0,0.0,Unranked,15,0,2026-01-17,2
2026,Nebraska,Big Ten,11/17,,26,26.0,0.0,Unranked,15,0,2026-01-20,2
2026,Nebraska,Big Ten,11/17,,26,26.0,0.0,Unranked,15,0,2026-01-22,2
2026,Nebraska,Big Ten,11/17,,26,26.0,0.0,Unranked,15,0,2026-01-22,2
2026,Nebraska,Big Ten,11/24,,26,26.0,0.0,Unranked,15,0,2026-01-09,2
2026,Nebraska,Big Ten,11/24,,26,26.0,0.0,Unranked,15,0,2026-01-10,2
2026,Nebraska,Big Ten,11/24,,26,26.0,0.0,Unranked,15,0,2026-01-12,2
2026,Nebraska,Big Ten,11/24,,26,26.0,0.0,Unranked,15,0,2026-01-13,2
2026,Nebraska,Big Ten,11/24,,26,26.0,0.0,Unranked,15,0,2026-01-17,2
2026,Nebraska,Big Ten,11/24,,26,26.0,0.0,Unranked,15,0,2026-01-20,2
2026,Nebraska,Big Ten,11/24,,26,26.0,0.0,Unranked,15,0,2026-01-22,2
2026,Nebraska,Big Ten,11/24,,26,26.0,0.0,Unranked,15,0,2026-01-22,2
2026,Nebraska,Big Ten,12/1,,26,26.0,0.0,Unranked,15,0,2026-01-09,2
2026,Nebraska,Big Ten,12/1,,26,26.0,0.0,Unranked,15,0,2026-01-10,2
2026,Nebraska,Big Ten,12/1,,26,26.0,0.0,Unranked,15,0,2026-01-12,2
2026,Nebraska,Big Ten,12/1,,26,26.0,0.0,Unranked,15,0,2026-01-13,2
2026,Nebraska,Big Ten,12/1,,26,26.0,0.0,Unranked,15,0,2026-01-17,2
2026,Nebraska,Big Ten,12/1,,26,26.0,0.0,Unranked,15,0,2026-01-20,2
2026,Nebraska,Big Ten,12/1,,26,26.0,0.0,Unranked,15,0,2026-01-22,2
2026,Nebraska,Big Ten,12/1,,26,26.0,0.0,Unranked,15,0,2026-01-22,2
2026,Nebraska,Big Ten,12/15,23.0,23,26.0,3.0,New,16,1,2026-01-09,2
2026,Nebraska,Big Ten,12/15,23.0,23,23.0,0.0,Stable,17,2,2026-01-10,2
2026,Nebraska,Big Ten,12/15,23.0,23,23.0,0.0,Stable,18,3,2026-01-12,2
2026,Nebraska,Big Ten,12/15,23.0,23,23.0,0.0,Stable,19,4,2026-01-13,2
2026,Nebraska,Big Ten,12/15,23.0,23,23.0,0.0,Stable,20,5,2026-01-17,2
2026,Nebraska,Big Ten,12/15,23.0,23,23.0,0.0,Stable,21,6,2026-01-20,2
2026,Nebraska,Big Ten,12/15,23.0,23,23.0,0.0,Stable,22,7,2026-01-22,2
2026,Nebraska,Big Ten,12/15,23.0,23,23.0,0.0,Stable,23,8,2026-01-22,2
2026,Nebraska,Big Ten,12/22,20.0,20,23.0,3.0,Rising,24,9,2026-01-09,2
2026,Nebraska,Big Ten,12/22,20.0,20,20.0,0.0,Stable,25,10,2026-01-10,2
2026,Nebraska,Big Ten,12/22,20.0,20,20.0,0.0,Stable,26,11,2026-01-12,2
2026,Nebraska,Big Ten,12/22,20.0,20,20.0,0.0,Stable,27,12,2026-01-13,2
2026,Nebraska,Big Ten,12/22,20.0,20,20.0,0.0,Stable,28,13,2026-01-17,2
2026,Nebraska,Big Ten,12/22,20.0,20,20.0,0.0,Stable,29,14,2026-01-20,2
2026,Nebraska,Big Ten,12/22,20.0,20,20.0,0.0,Stable,30,15,2026-01-22,2
2026,Nebraska,Big Ten,12/22,20.0,20,20.0,0.0,Stable,31,16,2026-01-22,2
2026,Nebraska,Big Ten,12/8,24.0,24,20.0,-4.0,Falling,32,17,2026-01-09,2
2026,Nebraska,Big Ten,12/8,24.0,24,24.0,0.0,Stable,33,18,2026-01-10,2
2026,Nebraska,Big Ten,12/8,24.0,24,24.0,0.0,Stable,34,19,2026-01-12,2
2026,Nebraska,Big Ten,12/8,24.0,24,24.0,0.0,Stable,35,20,2026-01-13,2
2026,Nebraska,Big Ten,12/8,24.0,24,24.0,0.0,Stable,36,21,2026-01-17,2
2026,Nebraska,Big Ten,12/8,24.0,24,24.0,0.0,Stable,37,22,2026-01-20,2
2026,Nebraska,Big Ten,12/8,24.0,24,24.0,0.0,Stable,38,23,2026-01-22,2
2026,Nebraska,Big Ten,12/8,24.0,24,24.0,0.0,Stable,39,24,2026-01-22,2
2026,Nebraska,Big Ten,Pre,,26,24.0,-2.0,Dropped,39,0,2026-01-09,2
2026,Nebraska,Big Ten,Pre,,26,26.0,0.0,Unranked,39,0,2026-01-10,2
2026,Nebraska,Big Ten,Pre,,26,26.0,0.0,Unranked,39,0,2026-01-12,2
2026,Nebraska,Big Ten,Pre,,26,26.0,0.0,Unranked,39,0,2026-01-13,2
2026,Nebraska,Big Ten,Pre,,26,26.0,0.0,Unranked,39,0,2026-01-17,2
2026,Nebraska,Big Ten,Pre,,26,26.0,0.0,Unranked,39,0,2026-01-20,2
2026,Nebraska,Big Ten,Pre,,26,26.0,0.0,Unranked,39,0,2026-01-22,2
2026,Nebraska,Big Ten,Pre,,26,26.0,0.0,Unranked,39,0,2026-01-22,2
2026,Notre Dame,ACC,1/12,23.0,23,,,Unknown,1,1,2026-01-13,2
2026,Notre Dame,ACC,1/12,23.0,23,23.0,0.0,Stable,2,2,2026-01-17,2
2026,Notre Dame,ACC,1/12,23.0,23,23.0,0.0,Stable,3,3,2026-01-20,2
2026,Notre Dame,ACC,1/12,23.0,23,23.0,0.0,Stable,4,4,2026-01-22,2
2026,Notre Dame,ACC,1/12,23.0,23,23.0,0.0,Stable,5,5,2026-01-22,2
2026,Notre Dame,ACC,1/19,,26,23.0,-3.0,Dropped,5,0,2026-01-22,2
2026,Notre Dame,ACC,1/19,,26,26.0,0.0,Unranked,5,0,2026-01-22,2
2026,Notre Dame,ACC,1/5,,26,26.0,0.0,Unranked,5,0,2026-01-09,2
2026,Notre Dame,ACC,1/5,,26,26.0,0.0,Unranked,5,0,2026-01-10,2
2026,Notre Dame,ACC,1/5,,26,26.0,0.0,Unranked,5,0,2026-01-12,2
2026,Notre Dame,ACC,1/5,,26,26.0,0.0,Unranked,5,0,2026-01-13,2
2026,Notre Dame,ACC,1/5,,26,26.0,0.0,Unranked,5,0,2026-01-17,2
2026,Notre Dame,ACC,1/5,,26,26.0,0.0,Unranked,5,0,2026-01-20,2
2026,Notre Dame,ACC,1/5,,26,26.0,0.0,Unranked,5,0,2026-01-22,2
2026,Notre Dame,ACC,1/5,,26,26.0,0.0,Unranked,5,0,2026-01-22,2
2026,Notre Dame,ACC,11/10,18.0,18,26.0,8.0,New,6,1,2026-01-09,2
2026,Notre Dame,ACC,11/10,18.0,18,18.0,0.0,Stable,7,2,2026-01-10,2
2026,Notre Dame,ACC,11/10,18.0,18,18.0,0.0,Stable,8,3,2026-01-12,2
2026,Notre Dame,ACC,11/10,18.0,18,18.0,0.0,Stable,9,4,2026-01-13,2
2026,Notre Dame,ACC,11/10,18.0,18,18.0,0.0,Stable,10,5,2026-01-17,2
2026,Notre Dame,ACC,11/10,18.0,18,18.0,0.0,Stable,11,6,2026-01-20,2
2026,Notre Dame,ACC,11/10,18.0,18,18.0,0.0,Stable,12,7,2026-01-22,2
2026,Notre Dame,ACC,11/10,18.0,18,18.0,0.0,Stable,13,8,2026-01-22,2
2026,Notre Dame,ACC,11/17,24.0,24,18.0,-6.0,Falling,14,9,2026-01-09,2
2026,Notre Dame,ACC,11/17,24.0,24,24.0,0.0,Stable,15,10,2026-01-10,2
2026,Notre Dame,ACC,11/17,24.0,24,24.0,0.0,Stable,16,11,2026-01-12,2
2026,Notre Dame,ACC,11/17,24.0,24,24.0,0.0,Stable,17,12,2026-01-13,2
2026,Notre Dame,ACC,11/17,24.0,24,24.0,0.0,Stable,18,13,2026-01-17,2
2026,Notre Dame,ACC,11/17,24.0,24,24.0,0.0,Stable,19,14,2026-01-20,2
2026,Notre Dame,ACC,11/17,24.0,24,24.0,0.0,Stable,20,15,2026-01-22,2
2026,Notre Dame,ACC,11/17,24.0,24,24.0,0.0,Stable,21,16,2026-01-22,2
2026,Notre Dame,ACC,11/24,19.0,19,24.0,5.0,Rising,22,17,2026-01-09,2
2026,Notre Dame,ACC,11/24,19.0,19,19.0,0.0,Stable,23,18,2026-01-10,2
2026,Notre Dame,ACC,11/24,19.0,19,19.0,0.0,Stable,24,19,2026-01-12,2
2026,Notre Dame,ACC,11/24,19.0,19,19.0,0.0,Stable,25,20,2026-01-13,2
2026,Notre Dame,ACC,11/24,19.0,19,19.0,0.0,Stable,26,21,2026-01-17,2
2026,Notre Dame,ACC,11/24,19.0,19,19.0,0.0,Stable,27,22,2026-01-20,2
2026,Notre Dame,ACC,11/24,19.0,19,19.0,0.0,Stable,28,23,2026-01-22,2
2026,Notre Dame,ACC,11/24,19.0,19,19.0,0.0,Stable,29,24,2026-01-22,2
2026,Notre Dame,ACC,12/1,18.0,18,19.0,1.0,Rising,30,25,2026-01-09,2
2026,Notre Dame,ACC,12/1,18.0,18,18.0,0.0,Stable,31,26,2026-01-10,2
2026,Notre Dame,ACC,12/1,18.0,18,18.0,0.0,Stable,32,27,2026-01-12,2
2026,Notre Dame,ACC,12/1,18.0,18,18.0,0.0,Stable,33,28,2026-01-13,2
2026,Notre Dame,ACC,12/1,18.0,18,18.0,0.0,Stable,34,29,2026-01-17,2
2026,Notre Dame,ACC,12/1,18.0,18,18.0,0.0,Stable,35,30,2026-01-20,2
2026,Notre Dame,ACC,12/1,18.0,18,18.0,0.0,Stable,36,31,2026-01-22,2
2026,Notre Dame,ACC,12/1,18.0,18,18.0,0.0,Stable,37,32,2026-01-22,2
2026,Notre Dame,ACC,12/15,20.0,20,18.0,-2.0,Falling,38,33,2026-01-09,2
2026,Notre Dame,ACC,12/15,20.0,20,20.0,0.0,Stable,39,34,2026-01-10,2
2026,Notre Dame,ACC,12/15,20.0,20,20.0,0.0,Stable,40,35,2026-01-12,2
2026,Notre Dame,ACC,12/15,20.0,20,20.0,0.0,Stable,41,36,2026-01-13,2
2026,Notre Dame,ACC,12/15,20.0,20,20.0,0.0,Stable,42,37,2026-01-17,2
2026,Notre Dame,ACC,12/15,20.0,20,20.0,0.0,Stable,43,38,2026-01-20,2
2026,Notre Dame,ACC,12/15,20.0,20,20.0,0.0,Stable,44,39,2026-01-22,2
2026,Notre Dame,ACC,12/15,20.0,20,20.0,0.0,Stable,45,40,2026-01-22,2
2026,Notre Dame,ACC,12/22,18.0,18,20.0,2.0,Rising,46,41,2026-01-09,2
2026,Notre Dame,ACC,12/22,18.0,18,18.0,0.0,Stable,47,42,2026-01-10,2
2026,Notre Dame,ACC,12/22,18.0,18,18.0,0.0,Stable,48,43,2026-01-12,2
2026,Notre Dame,ACC,12/22,18.0,18,18.0,0.0,Stable,49,44,2026-01-13,2
2026,Notre Dame,ACC,12/22,18.0,18,18.0,0.0,Stable,50,45,2026-01-17,2
2026,Notre Dame,ACC,12/22,18.0,18,18.0,0.0,Stable,51,46,2026-01-20,2
2026,Notre Dame,ACC,12/22,18.0,18,18.0,0.0,Stable,52,47,2026-01-22,2
2026,Notre Dame,ACC,12/22,18.0,18,18.0,0.0,Stable,53,48,2026-01-22,2
2026,Notre Dame,ACC,12/8,19.0,19,18.0,-1.0,Falling,54,49,2026-01-09,2
2026,Notre Dame,ACC,12/8,19.0,19,19.0,0.0,Stable,55,50,2026-01-10,2
2026,Notre Dame,ACC,12/8,19.0,19,19.0,0.0,Stable,56,51,2026-01-12,2
2026,Notre Dame,ACC,12/8,19.0,19,19.0,0.0,Stable,57,52,2026-01-13,2
2026,Notre Dame,ACC,12/8,19.0,19,19.0,0.0,Stable,58,53,2026-01-17,2
2026,Notre Dame,ACC,12/8,19.0,19,19.0,0.0,Stable,59,54,2026-01-20,2
2026,Notre Dame,ACC,12/8,19.0,19,19.0,0.0,Stable,60,55,2026-01-22,2
2026,Notre Dame,ACC,12/8,19.0,19,19.0,0.0,Stable,61,56,2026-01-22,2
2026,Notre Dame,ACC,Pre,15.0,15,19.0,4.0,Rising,62,57,2026-01-09,2
2026,Notre Dame,ACC,Pre,15.0,15,15.0,0.0,Stable,63,58,2026-01-10,2
2026,Notre Dame,ACC,Pre,15.0,15,15.0,0.0,Stable,64,59,2026-01-12,2
2026,Notre Dame,ACC,Pre,15.0,15,15.0,0.0,Stable,65,60,2026-01-13,2
2026,Notre Dame,ACC,Pre,15.0,15,15.0,0.0,Stable,66,61,2026-01-17,2
2026,Notre Dame,ACC,Pre,15.0,15,15.0,0.0,Stable,67,62,2026-01-20,2
2026,Notre Dame,ACC,Pre,15.0,15,15.0,0.0,Stable,68,63,2026-01-22,2
2026,Notre Dame,ACC,Pre,15.0,15,15.0,0.0,Stable,69,64,2026-01-22,2
2026,Ohio State,Big Ten,1/12,14.0,14,,,Unknown,1,1,2026-01-13,2
2026,Ohio State,Big Ten,1/12,14.0,14,14.0,0.0,Stable,2,2,2026-01-17,2
2026,Ohio State,Big Ten,1/12,14.0,14,14.0,0.0,Stable,3,3,2026-01-20,2
2026,Ohio State,Big Ten,1/12,14.0,14,14.0,0.0,Stable,4,4,2026-01-22,2
2026,Ohio State,Big Ten,1/12,14.0,14,14.0,0.0,Stable,5,5,2026-01-22,2
2026,Ohio State,Big Ten,1/19,12.0,12,14.0,2.0,Rising,6,6,2026-01-22,2
2026,Ohio State,Big Ten,1/19,12.0,12,12.0,0.0,Stable,7,7,2026-01-22,2
2026,Ohio State,Big Ten,1/5,19.0,19,12.0,-7.0,Falling,8,8,2026-01-09,2
2026,Ohio State,Big Ten,1/5,19.0,19,19.0,0.0,Stable,9,9,2026-01-10,2
2026,Ohio State,Big Ten,1/5,19.0,19,19.0,0.0,Stable,10,10,2026-01-12,2
2026,Ohio State,Big Ten,1/5,19.0,19,19.0,0.0,Stable,11,11,2026-01-13,2
2026,Ohio State,Big Ten,1/5,19.0,19,19.0,0.0,Stable,12,12,2026-01-17,2
2026,Ohio State,Big Ten,1/5,19.0,19,19.0,0.0,Stable,13,13,2026-01-20,2
2026,Ohio State,Big Ten,1/5,19.0,19,19.0,0.0,Stable,14,14,2026-01-22,2
2026,Ohio State,Big Ten,1/5,19.0,19,19.0,0.0,Stable,15,15,2026-01-22,2
2026,Ohio State,Big Ten,11/10,,26,19.0,-7.0,Dropped,15,0,2026-01-09,2
2026,Ohio State,Big Ten,11/10,,26,26.0,0.0,Unranked,15,0,2026-01-10,2
2026,Ohio State,Big Ten,11/10,,26,26.0,0.0,Unranked,15,0,2026-01-12,2
2026,Ohio State,Big Ten,11/10,,26,26.0,0.0,Unranked,15,0,2026-01-13,2
2026,Ohio State,Big Ten,11/10,,26,26.0,0.0,Unranked,15,0,2026-01-17,2
2026,Ohio State,Big Ten,11/10,,26,26.0,0.0,Unranked,15,0,2026-01-20,2
2026,Ohio State,Big Ten,11/10,,26,26.0,0.0,Unranked,15,0,2026-01-22,2
2026,Ohio State,Big Ten,11/10,,26,26.0,0.0,Unranked,15,0,2026-01-22,2
2026,Ohio State,Big Ten,11/17,,26,26.0,0.0,Unranked,15,0,2026-01-09,2
2026,Ohio State,Big Ten,11/17,,26,26.0,0.0,Unranked,15,0,2026-01-10,2
2026,Ohio State,Big Ten,11/17,,26,26.0,0.0,Unranked,15,0,2026-01-12,2
2026,Ohio State,Big Ten,11/17,,26,26.0,0.0,Unranked,15,0,2026-01-13,2
2026,Ohio State,Big Ten,11/17,,26,26.0,0.0,Unranked,15,0,2026-01-17,2
2026,Ohio State,Big Ten,11/17,,26,26.0,0.0,Unranked,15,0,2026-01-20,2
2026,Ohio State,Big Ten,11/17,,26,26.0,0.0,Unranked,15,0,2026-01-22,2
2026,Ohio State,Big Ten,11/17,,26,26.0,0.0,Unranked,15,0,2026-01-22,2
2026,Ohio State,Big Ten,11/24,,26,26.0,0.0,Unranked,15,0,2026-01-09,2
2026,Ohio State,Big Ten,11/24,,26,26.0,0.0,Unranked,15,0,2026-01-10,2
2026,Ohio State,Big Ten,11/24,,26,26.0,0.0,Unranked,15,0,2026-01-12,2
2026,Ohio State,Big Ten,11/24,,26,26.0,0.0,Unranked,15,0,2026-01-13,2
2026,Ohio State,Big Ten,11/24,,26,26.0,0.0,Unranked,15,0,2026-01-17,2
2026,Ohio State,Big Ten,11/24,,26,26.0,0.0,Unranked,15,0,2026-01-20,2
2026,Ohio State,Big Ten,11/24,,26,26.0,0.0,Unranked,15,0,2026-01-22,2
2026,Ohio State,Big Ten,11/24,,26,26.0,0.0,Unranked,15,0,2026-01-22,2
2026,Ohio State,Big Ten,12/1,23.0,23,26.0,3.0,New,16,1,2026-01-09,2
2026,Ohio State,Big Ten,12/1,23.0,23,23.0,0.0,Stable,17,2,2026-01-10,2
2026,Ohio State,Big Ten,12/1,23.0,23,23.0,0.0,Stable,18,3,2026-01-12,2
2026,Ohio State,Big Ten,12/1,23.0,23,23.0,0.0,Stable,19,4,2026-01-13,2
2026,Ohio State,Big Ten,12/1,23.0,23,23.0,0.0,Stable,20,5,2026-01-17,2
2026,Ohio State,Big Ten,12/1,23.0,23,23.0,0.0,Stable,21,6,2026-01-20,2
2026,Ohio State,Big Ten,12/1,23.0,23,23.0,0.0,Stable,22,7,2026-01-22,2
2026,Ohio State,Big Ten,12/1,23.0,23,23.0,0.0,Stable,23,8,2026-01-22,2
2026,Ohio State,Big Ten,12/15,21.0,21,23.0,2.0,Rising,24,9,2026-01-09,2
2026,Ohio State,Big Ten,12/15,21.0,21,21.0,0.0,Stable,25,10,2026-01-10,2
2026,Ohio State,Big Ten,12/15,21.0,21,21.0,0.0,Stable,26,11,2026-01-12,2
2026,Ohio State,Big Ten,12/15,21.0,21,21.0,0.0,Stable,27,12,2026-01-13,2
2026,Ohio State,Big Ten,12/15,21.0,21,21.0,0.0,Stable,28,13,2026-01-17,2
2026,Ohio State,Big Ten,12/15,21.0,21,21.0,0.0,Stable,29,14,2026-01-20,2
2026,Ohio State,Big Ten,12/15,21.0,21,21.0,0.0,Stable,30,15,2026-01-22,2
2026,Ohio State,Big Ten,12/15,21.0,21,21.0,0.0,Stable,31,16,2026-01-22,2
2026,Ohio State,Big Ten,12/22,19.0,19,21.0,2.0,Rising,32,17,2026-01-09,2
2026,Ohio State,Big Ten,12/22,19.0,19,19.0,0.0,Stable,33,18,2026-01-10,2
2026,Ohio State,Big Ten,12/22,19.0,19,19.0,0.0,Stable,34,19,2026-01-12,2
2026,Ohio State,Big Ten,12/22,19.0,19,19.0,0.0,Stable,35,20,2026-01-13,2
2026,Ohio State,Big Ten,12/22,19.0,19,19.0,0.0,Stable,36,21,2026-01-17,2
2026,Ohio State,Big Ten,12/22,19.0,19,19.0,0.0,Stable,37,22,2026-01-20,2
2026,Ohio State,Big Ten,12/22,19.0,19,19.0,0.0,Stable,38,23,2026-01-22,2
2026,Ohio State,Big Ten,12/22,19.0,19,19.0,0.0,Stable,39,24,2026-01-22,2
2026,Ohio State,Big Ten,12/8,21.0,21,19.0,-2.0,Falling,40,25,2026-01-09,2
2026,Ohio State,Big Ten,12/8,21.0,21,21.0,0.0,Stable,41,26,2026-01-10,2
2026,Ohio State,Big Ten,12/8,21.0,21,21.0,0.0,Stable,42,27,2026-01-12,2
2026,Ohio State,Big Ten,12/8,21.0,21,21.0,0.0,Stable,43,28,2026-01-13,2
2026,Ohio State,Big Ten,12/8,21.0,21,21.0,0.0,Stable,44,29,2026-01-17,2
2026,Ohio State,Big Ten,12/8,21.0,21,21.0,0.0,Stable,45,30,2026-01-20,2
2026,Ohio State,Big Ten,12/8,21.0,21,21.0,0.0,Stable,46,31,2026-01-22,2
2026,Ohio State,Big Ten,12/8,21.0,21,21.0,0.0,Stable,47,32,2026-01-22,2
2026,Ohio State,Big Ten,Pre,,26,21.0,-5.0,Dropped,47,0,2026-01-09,2
2026,Ohio State,Big Ten,Pre,,26,26.0,0.0,Unranked,47,0,2026-01-10,2
2026,Ohio State,Big Ten,Pre,,26,26.0,0.0,Unranked,47,0,2026-01-12,2
2026,Ohio State,Big Ten,Pre,,26,26.0,0.0,Unranked,47,0,2026-01-13,2
2026,Ohio State,Big Ten,Pre,,26,26.0,0.0,Unranked,47,0,2026-01-17,2
2026,Ohio State,Big Ten,Pre,,26,26.0,0.0,Unranked,47,0,2026-01-20,2
2026,Ohio State,Big Ten,Pre,,26,26.0,0.0,Unranked,47,0,2026-01-22,2
2026,Ohio State,Big Ten,Pre,,26,26.0,0.0,Unranked,47,0,2026-01-22,2
2026,Oklahoma,SEC,1/12,13.0,13,,,Unknown,1,1,2026-01-13,2
2026,Oklahoma,SEC,1/12,13.0,13,13.0,0.0,Stable,2,2,2026-01-17,2
2026,Oklahoma,SEC,1/12,13.0,13,13.0,0.0,Stable,3,3,2026-01-20,2
2026,Oklahoma,SEC,1/12,13.0,13,13.0,0.0,Stable,4,4,2026-01-22,2
2026,Oklahoma,SEC,1/12,13.0,13,13.0,0.0,Stable,5,5,2026-01-22,2
2026,Oklahoma,SEC,1/19,16.0,16,13.0,-3.0,Falling,6,6,2026-01-22,2
2026,Oklahoma,SEC,1/19,16.0,16,16.0,0.0,Stable,7,7,2026-01-22,2
2026,Oklahoma,SEC,1/5,5.0,5,16.0,11.0,Rising,8,8,2026-01-09,2
2026,Oklahoma,SEC,1/5,5.0,5,5.0,0.0,Stable,9,9,2026-01-10,2
2026,Oklahoma,SEC,1/5,5.0,5,5.0,0.0,Stable,10,10,2026-01-12,2
2026,Oklahoma,SEC,1/5,5.0,5,5.0,0.0,Stable,11,11,2026-01-13,2
2026,Oklahoma,SEC,1/5,5.0,5,5.0,0.0,Stable,12,12,2026-01-17,2
2026,Oklahoma,SEC,1/5,5.0,5,5.0,0.0,Stable,13,13,2026-01-20,2
2026,Oklahoma,SEC,1/5,5.0,5,5.0,0.0,Stable,14,14,2026-01-22,2
2026,Oklahoma,SEC,1/5,5.0,5,5.0,0.0,Stable,15,15,2026-01-22,2
2026,Oklahoma,SEC,11/10,6.0,6,5.0,-1.0,Falling,16,16,2026-01-09,2
2026,Oklahoma,SEC,11/10,6.0,6,6.0,0.0,Stable,17,17,2026-01-10,2
2026,Oklahoma,SEC,11/10,6.0,6,6.0,0.0,Stable,18,18,2026-01-12,2
2026,Oklahoma,SEC,11/10,6.0,6,6.0,0.0,Stable,19,19,2026-01-13,2
2026,Oklahoma,SEC,11/10,6.0,6,6.0,0.0,Stable,20,20,2026-01-17,2
2026,Oklahoma,SEC,11/10,6.0,6,6.0,0.0,Stable,21,21,2026-01-20,2
2026,Oklahoma,SEC,11/10,6.0,6,6.0,0.0,Stable,22,22,2026-01-22,2
2026,Oklahoma,SEC,11/10,6.0,6,6.0,0.0,Stable,23,23,2026-01-22,2
2026,Oklahoma,SEC,11/17,8.0,8,6.0,-2.0,Falling,24,24,2026-01-09,2
2026,Oklahoma,SEC,11/17,8.0,8,8.0,0.0,Stable,25,25,2026-01-10,2
2026,Oklahoma,SEC,11/17,8.0,8,8.0,0.0,Stable,26,26,2026-01-12,2
2026,Oklahoma,SEC,11/17,8.0,8,8.0,0.0,Stable,27,27,2026-01-13,2
2026,Oklahoma,SEC,11/17,8.0,8,8.0,0.0,Stable,28,28,2026-01-17,2
2026,Oklahoma,SEC,11/17,8.0,8,8.0,0.0,Stable,29,29,2026-01-20,2
2026,Oklahoma,SEC,11/17,8.0,8,8.0,0.0,Stable,30,30,2026-01-22,2
2026,Oklahoma,SEC,11/17,8.0,8,8.0,0.0,Stable,31,31,2026-01-22,2
2026,Oklahoma,SEC,11/24,9.0,9,8.0,-1.0,Falling,32,32,2026-01-09,2
2026,Oklahoma,SEC,11/24,9.0,9,9.0,0.0,Stable,33,33,2026-01-10,2
2026,Oklahoma,SEC,11/24,9.0,9,9.0,0.0,Stable,34,34,2026-01-12,2
2026,Oklahoma,SEC,11/24,9.0,9,9.0,0.0,Stable,35,35,2026-01-13,2
2026,Oklahoma,SEC,11/24,9.0,9,9.0,0.0,Stable,36,36,2026-01-17,2
2026,Oklahoma,SEC,11/24,9.0,9,9.0,0.0,Stable,37,37,2026-01-20,2
2026,Oklahoma,SEC,11/24,9.0,9,9.0,0.0,Stable,38,38,2026-01-22,2
2026,Oklahoma,SEC,11/24,9.0,9,9.0,0.0,Stable,39,39,2026-01-22,2
2026,Oklahoma,SEC,12/1,9.0,9,9.0,0.0,Stable,40,40,2026-01-09,2
2026,Oklahoma,SEC,12/1,9.0,9,9.0,0.0,Stable,41,41,2026-01-10,2
2026,Oklahoma,SEC,12/1,9.0,9,9.0,0.0,Stable,42,42,2026-01-12,2
2026,Oklahoma,SEC,12/1,9.0,9,9.0,0.0,Stable,43,43,2026-01-13,2
2026,Oklahoma,SEC,12/1,9.0,9,9.0,0.0,Stable,44,44,2026-01-17,2
2026,Oklahoma,SEC,12/1,9.0,9,9.0,0.0,Stable,45,45,2026-01-20,2
2026,Oklahoma,SEC,12/1,9.0,9,9.0,0.0,Stable,46,46,2026-01-22,2
2026,Oklahoma,SEC,12/1,9.0,9,9.0,0.0,Stable,47,47,2026-01-22,2
2026,Oklahoma,SEC,12/15,8.0,8,9.0,1.0,Rising,48,48,2026-01-09,2
2026,Oklahoma,SEC,12/15,8.0,8,8.0,0.0,Stable,49,49,2026-01-10,2
2026,Oklahoma,SEC,12/15,8.0,8,8.0,0.0,Stable,50,50,2026-01-12,2
2026,Oklahoma,SEC,12/15,8.0,8,8.0,0.0,Stable,51,51,2026-01-13,2
2026,Oklahoma,SEC,12/15,8.0,8,8.0,0.0,Stable,52,52,2026-01-17,2
2026,Oklahoma,SEC,12/15,8.0,8,8.0,0.0,Stable,53,53,2026-01-20,2
2026,Oklahoma,SEC,12/15,8.0,8,8.0,0.0,Stable,54,54,2026-01-22,2
2026,Oklahoma,SEC,12/15,8.0,8,8.0,0.0,Stable,55,55,2026-01-22,2
2026,Oklahoma,SEC,12/22,8.0,8,8.0,0.0,Stable,56,56,2026-01-09,2
2026,Oklahoma,SEC,12/22,8.0,8,8.0,0.0,Stable,57,57,2026-01-10,2
2026,Oklahoma,SEC,12/22,8.0,8,8.0,0.0,Stable,58,58,2026-01-12,2
2026,Oklahoma,SEC,12/22,8.0,8,8.0,0.0,Stable,59,59,2026-01-13,2
2026,Oklahoma,SEC,12/22,8.0,8,8.0,0.0,Stable,60,60,2026-01-17,2
2026,Oklahoma,SEC,12/22,8.0,8,8.0,0.0,Stable,61,61,2026-01-20,2
2026,Oklahoma,SEC,12/22,8.0,8,8.0,0.0,Stable,62,62,2026-01-22,2
2026,Oklahoma,SEC,12/22,8.0,8,8.0,0.0,Stable,63,63,2026-01-22,2
2026,Oklahoma,SEC,12/8,9.0,9,8.0,-1.0,Falling,64,64,2026-01-09,2
2026,Oklahoma,SEC,12/8,9.0,9,9.0,0.0,Stable,65,65,2026-01-10,2
2026,Oklahoma,SEC,12/8,9.0,9,9.0,0.0,Stable,66,66,2026-01-12,2
2026,Oklahoma,SEC,12/8,9.0,9,9.0,0.0,Stable,67,67,2026-01-13,2
2026,Oklahoma,SEC,12/8,9.0,9,9.0,0.0,Stable,68,68,2026-01-17,2
2026,Oklahoma,SEC,12/8,9.0,9,9.0,0.0,Stable,69,69,2026-01-20,2
2026,Oklahoma,SEC,12/8,9.0,9,9.0,0.0,Stable,70,70,2026-01-22,2
2026,Oklahoma,SEC,12/8,9.0,9,9.0,0.0,Stable,71,71,2026-01-22,2
2026,Oklahoma,SEC,Pre,6.0,6,9.0,3.0,Rising,72,72,2026-01-09,2
2026,Oklahoma,SEC,Pre,6.0,6,6.0,0.0,Stable,73,73,2026-01-10,2
2026,Oklahoma,SEC,Pre,6.0,6,6.0,0.0,Stable,74,74,2026-01-12,2
2026,Oklahoma,SEC,Pre,6.0,6,6.0,0.0,Stable,75,75,2026-01-13,2
2026,Oklahoma,SEC,Pre,6.0,6,6.0,0.0,Stable,76,76,2026-01-17,2
2026,Oklahoma,SEC,Pre,6.0,6,6.0,0.0,Stable,77,77,2026-01-20,2
2026,Oklahoma,SEC,Pre,6.0,6,6.0,0.0,Stable,78,78,2026-01-22,2
2026,Oklahoma,SEC,Pre,6.0,6,6.0,0.0,Stable,79,79,2026-01-22,2
2026,Oklahoma State,Big 12,1/12,,26,,,Unknown,0,0,2026-01-13,2
2026,Oklahoma State,Big 12,1/12,,26,26.0,0.0,Unranked,0,0,2026-01-17,2
2026,Oklahoma State,Big 12,1/12,,26,26.0,0.0,Unranked,0,0,2026-01-20,2
2026,Oklahoma State,Big 12,1/12,,26,26.0,0.0,Unranked,0,0,2026-01-22,2
2026,Oklahoma State,Big 12,1/12,,26,26.0,0.0,Unranked,0,0,2026-01-22,2
2026,Oklahoma State,Big 12,1/19,,26,26.0,0.0,Unranked,0,0,2026-01-22,2
2026,Oklahoma State,Big 12,1/19,,26,26.0,0.0,Unranked,0,0,2026-01-22,2
2026,Oklahoma State,Big 12,1/5,,26,26.0,0.0,Unranked,0,0,2026-01-09,2
2026,Oklahoma State,Big 12,1/5,,26,26.0,0.0,Unranked,0,0,2026-01-10,2
2026,Oklahoma State,Big 12,1/5,,26,26.0,0.0,Unranked,0,0,2026-01-12,2
2026,Oklahoma State,Big 12,1/5,,26,26.0,0.0,Unranked,0,0,2026-01-13,2
2026,Oklahoma State,Big 12,1/5,,26,26.0,0.0,Unranked,0,0,2026-01-17,2
2026,Oklahoma State,Big 12,1/5,,26,26.0,0.0,Unranked,0,0,2026-01-20,2
2026,Oklahoma State,Big 12,1/5,,26,26.0,0.0,Unranked,0,0,2026-01-22,2
2026,Oklahoma State,Big 12,1/5,,26,26.0,0.0,Unranked,0,0,2026-01-22,2
2026,Oklahoma State,Big 12,11/10,20.0,20,26.0,6.0,New,1,1,2026-01-09,2
2026,Oklahoma State,Big 12,11/10,20.0,20,20.0,0.0,Stable,2,2,2026-01-10,2
2026,Oklahoma State,Big 12,11/10,20.0,20,20.0,0.0,Stable,3,3,2026-01-12,2
2026,Oklahoma State,Big 12,11/10,20.0,20,20.0,0.0,Stable,4,4,2026-01-13,2
2026,Oklahoma State,Big 12,11/10,20.0,20,20.0,0.0,Stable,5,5,2026-01-17,2
2026,Oklahoma State,Big 12,11/10,20.0,20,20.0,0.0,Stable,6,6,2026-01-20,2
2026,Oklahoma State,Big 12,11/10,20.0,20,20.0,0.0,Stable,7,7,2026-01-22,2
2026,Oklahoma State,Big 12,11/10,20.0,20,20.0,0.0,Stable,8,8,2026-01-22,2
2026,Oklahoma State,Big 12,11/17,18.0,18,20.0,2.0,Rising,9,9,2026-01-09,2
2026,Oklahoma State,Big 12,11/17,18.0,18,18.0,0.0,Stable,10,10,2026-01-10,2
2026,Oklahoma State,Big 12,11/17,18.0,18,18.0,0.0,Stable,11,11,2026-01-12,2
2026,Oklahoma State,Big 12,11/17,18.0,18,18.0,0.0,Stable,12,12,2026-01-13,2
2026,Oklahoma State,Big 12,11/17,18.0,18,18.0,0.0,Stable,13,13,2026-01-17,2
2026,Oklahoma State,Big 12,11/17,18.0,18,18.0,0.0,Stable,14,14,2026-01-20,2
2026,Oklahoma State,Big 12,11/17,18.0,18,18.0,0.0,Stable,15,15,2026-01-22,2
2026,Oklahoma State,Big 12,11/17,18.0,18,18.0,0.0,Stable,16,16,2026-01-22,2
2026,Oklahoma State,Big 12,11/24,24.0,24,18.0,-6.0,Falling,17,17,2026-01-09,2
2026,Oklahoma State,Big 12,11/24,24.0,24,24.0,0.0,Stable,18,18,2026-01-10,2
2026,Oklahoma State,Big 12,11/24,24.0,24,24.0,0.0,Stable,19,19,2026-01-12,2
2026,Oklahoma State,Big 12,11/24,24.0,24,24.0,0.0,Stable,20,20,2026-01-13,2
2026,Oklahoma State,Big 12,11/24,24.0,24,24.0,0.0,Stable,21,21,2026-01-17,2
2026,Oklahoma State,Big 12,11/24,24.0,24,24.0,0.0,Stable,22,22,2026-01-20,2
2026,Oklahoma State,Big 12,11/24,24.0,24,24.0,0.0,Stable,23,23,2026-01-22,2
2026,Oklahoma State,Big 12,11/24,24.0,24,24.0,0.0,Stable,24,24,2026-01-22,2
2026,Oklahoma State,Big 12,12/1,24.0,24,24.0,0.0,Stable,25,25,2026-01-09,2
2026,Oklahoma State,Big 12,12/1,24.0,24,24.0,0.0,Stable,26,26,2026-01-10,2
2026,Oklahoma State,Big 12,12/1,24.0,24,24.0,0.0,Stable,27,27,2026-01-12,2
2026,Oklahoma State,Big 12,12/1,24.0,24,24.0,0.0,Stable,28,28,2026-01-13,2
2026,Oklahoma State,Big 12,12/1,24.0,24,24.0,0.0,Stable,29,29,2026-01-17,2
2026,Oklahoma State,Big 12,12/1,24.0,24,24.0,0.0,Stable,30,30,2026-01-20,2
2026,Oklahoma State,Big 12,12/1,24.0,24,24.0,0.0,Stable,31,31,2026-01-22,2
2026,Oklahoma State,Big 12,12/1,24.0,24,24.0,0.0,Stable,32,32,2026-01-22,2
2026,Oklahoma State,Big 12,12/15,,26,24.0,-2.0,Dropped,32,0,2026-01-09,2
2026,Oklahoma State,Big 12,12/15,,26,26.0,0.0,Unranked,32,0,2026-01-10,2
2026,Oklahoma State,Big 12,12/15,,26,26.0,0.0,Unranked,32,0,2026-01-12,2
2026,Oklahoma State,Big 12,12/15,,26,26.0,0.0,Unranked,32,0,2026-01-13,2
2026,Oklahoma State,Big 12,12/15,,26,26.0,0.0,Unranked,32,0,2026-01-17,2
2026,Oklahoma State,Big 12,12/15,,26,26.0,0.0,Unranked,32,0,2026-01-20,2
2026,Oklahoma State,Big 12,12/15,,26,26.0,0.0,Unranked,32,0,2026-01-22,2
2026,Oklahoma State,Big 12,12/15,,26,26.0,0.0,Unranked,32,0,2026-01-22,2
2026,Oklahoma State,Big 12,12/22,,26,26.0,0.0,Unranked,32,0,2026-01-09,2
2026,Oklahoma State,Big 12,12/22,,26,26.0,0.0,Unranked,32,0,2026-01-10,2
2026,Oklahoma State,Big 12,12/22,,26,26.0,0.0,Unranked,32,0,2026-01-12,2
2026,Oklahoma State,Big 12,12/22,,26,26.0,0.0,Unranked,32,0,2026-01-13,2
2026,Oklahoma State,Big 12,12/22,,26,26.0,0.0,Unranked,32,0,2026-01-17,2
2026,Oklahoma State,Big 12,12/22,,26,26.0,0.0,Unranked,32,0,2026-01-20,2
2026,Oklahoma State,Big 12,12/22,,26,26.0,0.0,Unranked,32,0,2026-01-22,2
2026,Oklahoma State,Big 12,12/22,,26,26.0,0.0,Unranked,32,0,2026-01-22,2
2026,Oklahoma State,Big 12,12/8,23.0,23,26.0,3.0,New,33,1,2026-01-09,2
2026,Oklahoma State,Big 12,12/8,23.0,23,23.0,0.0,Stable,34,2,2026-01-10,2
2026,Oklahoma State,Big 12,12/8,23.0,23,23.0,0.0,Stable,35,3,2026-01-12,2
2026,Oklahoma State,Big 12,12/8,23.0,23,23.0,0.0,Stable,36,4,2026-01-13,2
2026,Oklahoma State,Big 12,12/8,23.0,23,23.0,0.0,Stable,37,5,2026-01-17,2
2026,Oklahoma State,Big 12,12/8,23.0,23,23.0,0.0,Stable,38,6,2026-01-20,2
2026,Oklahoma State,Big 12,12/8,23.0,23,23.0,0.0,Stable,39,7,2026-01-22,2
2026,Oklahoma State,Big 12,12/8,23.0,23,23.0,0.0,Stable,40,8,2026-01-22,2
2026,Oklahoma State,Big 12,Pre,22.0,22,23.0,1.0,Rising,41,9,2026-01-09,2
2026,Oklahoma State,Big 12,Pre,22.0,22,22.0,0.0,Stable,42,10,2026-01-10,2
2026,Oklahoma State,Big 12,Pre,22.0,22,22.0,0.0,Stable,43,11,2026-01-12,2
2026,Oklahoma State,Big 12,Pre,22.0,22,22.0,0.0,Stable,44,12,2026-01-13,2
2026,Oklahoma State,Big 12,Pre,22.0,22,22.0,0.0,Stable,45,13,2026-01-17,2
2026,Oklahoma State,Big 12,Pre,22.0,22,22.0,0.0,Stable,46,14,2026-01-20,2
2026,Oklahoma State,Big 12,Pre,22.0,22,22.0,0.0,Stable,47,15,2026-01-22,2
2026,Oklahoma State,Big 12,Pre,22.0,22,22.0,0.0,Stable,48,16,2026-01-22,2
2026,Ole Miss,SEC,1/12,16.0,16,,,Unknown,1,1,2026-01-13,2
2026,Ole Miss,SEC,1/12,16.0,16,16.0,0.0,Stable,2,2,2026-01-17,2
2026,Ole Miss,SEC,1/12,16.0,16,16.0,0.0,Stable,3,3,2026-01-20,2
2026,Ole Miss,SEC,1/12,16.0,16,16.0,0.0,Stable,4,4,2026-01-22,2
2026,Ole Miss,SEC,1/12,16.0,16,16.0,0.0,Stable,5,5,2026-01-22,2
2026,Ole Miss,SEC,1/19,18.0,18,16.0,-2.0,Falling,6,6,2026-01-22,2
2026,Ole Miss,SEC,1/19,18.0,18,18.0,0.0,Stable,7,7,2026-01-22,2
2026,Ole Miss,SEC,1/5,18.0,18,18.0,0.0,Stable,8,8,2026-01-09,2
2026,Ole Miss,SEC,1/5,18.0,18,18.0,0.0,Stable,9,9,2026-01-10,2
2026,Ole Miss,SEC,1/5,18.0,18,18.0,0.0,Stable,10,10,2026-01-12,2
2026,Ole Miss,SEC,1/5,18.0,18,18.0,0.0,Stable,11,11,2026-01-13,2
2026,Ole Miss,SEC,1/5,18.0,18,18.0,0.0,Stable,12,12,2026-01-17,2
2026,Ole Miss,SEC,1/5,18.0,18,18.0,0.0,Stable,13,13,2026-01-20,2
2026,Ole Miss,SEC,1/5,18.0,18,18.0,0.0,Stable,14,14,2026-01-22,2
2026,Ole Miss,SEC,1/5,18.0,18,18.0,0.0,Stable,15,15,2026-01-22,2
2026,Ole Miss,SEC,11/10,13.0,13,18.0,5.0,Rising,16,16,2026-01-09,2
2026,Ole Miss,SEC,11/10,13.0,13,13.0,0.0,Stable,17,17,2026-01-10,2
2026,Ole Miss,SEC,11/10,13.0,13,13.0,0.0,Stable,18,18,2026-01-12,2
2026,Ole Miss,SEC,11/10,13.0,13,13.0,0.0,Stable,19,19,2026-01-13,2
2026,Ole Miss,SEC,11/10,13.0,13,13.0,0.0,Stable,20,20,2026-01-17,2
2026,Ole Miss,SEC,11/10,13.0,13,13.0,0.0,Stable,21,21,2026-01-20,2
2026,Ole Miss,SEC,11/10,13.0,13,13.0,0.0,Stable,22,22,2026-01-22,2
2026,Ole Miss,SEC,11/10,13.0,13,13.0,0.0,Stable,23,23,2026-01-22,2
2026,Ole Miss,SEC,11/17,13.0,13,13.0,0.0,Stable,24,24,2026-01-09,2
2026,Ole Miss,SEC,11/17,13.0,13,13.0,0.0,Stable,25,25,2026-01-10,2
2026,Ole Miss,SEC,11/17,13.0,13,13.0,0.0,Stable,26,26,2026-01-12,2
2026,Ole Miss,SEC,11/17,13.0,13,13.0,0.0,Stable,27,27,2026-01-13,2
2026,Ole Miss,SEC,11/17,13.0,13,13.0,0.0,Stable,28,28,2026-01-17,2
2026,Ole Miss,SEC,11/17,13.0,13,13.0,0.0,Stable,29,29,2026-01-20,2
2026,Ole Miss,SEC,11/17,13.0,13,13.0,0.0,Stable,30,30,2026-01-22,2
2026,Ole Miss,SEC,11/17,13.0,13,13.0,0.0,Stable,31,31,2026-01-22,2
2026,Ole Miss,SEC,11/24,13.0,13,13.0,0.0,Stable,32,32,2026-01-09,2
2026,Ole Miss,SEC,11/24,13.0,13,13.0,0.0,Stable,33,33,2026-01-10,2
2026,Ole Miss,SEC,11/24,13.0,13,13.0,0.0,Stable,34,34,2026-01-12,2
2026,Ole Miss,SEC,11/24,13.0,13,13.0,0.0,Stable,35,35,2026-01-13,2
2026,Ole Miss,SEC,11/24,13.0,13,13.0,0.0,Stable,36,36,2026-01-17,2
2026,Ole Miss,SEC,11/24,13.0,13,13.0,0.0,Stable,37,37,2026-01-20,2
2026,Ole Miss,SEC,11/24,13.0,13,13.0,0.0,Stable,38,38,2026-01-22,2
2026,Ole Miss,SEC,11/24,13.0,13,13.0,0.0,Stable,39,39,2026-01-22,2
2026,Ole Miss,SEC,12/1,13.0,13,13.0,0.0,Stable,40,40,2026-01-09,2
2026,Ole Miss,SEC,12/1,13.0,13,13.0,0.0,Stable,41,41,2026-01-10,2
2026,Ole Miss,SEC,12/1,13.0,13,13.0,0.0,Stable,42,42,2026-01-12,2
2026,Ole Miss,SEC,12/1,13.0,13,13.0,0.0,Stable,43,43,2026-01-13,2
2026,Ole Miss,SEC,12/1,13.0,13,13.0,0.0,Stable,44,44,2026-01-17,2
2026,Ole Miss,SEC,12/1,13.0,13,13.0,0.0,Stable,45,45,2026-01-20,2
2026,Ole Miss,SEC,12/1,13.0,13,13.0,0.0,Stable,46,46,2026-01-22,2
2026,Ole Miss,SEC,12/1,13.0,13,13.0,0.0,Stable,47,47,2026-01-22,2
2026,Ole Miss,SEC,12/15,14.0,14,13.0,-1.0,Falling,48,48,2026-01-09,2
2026,Ole Miss,SEC,12/15,14.0,14,14.0,0.0,Stable,49,49,2026-01-10,2
2026,Ole Miss,SEC,12/15,14.0,14,14.0,0.0,Stable,50,50,2026-01-12,2
2026,Ole Miss,SEC,12/15,14.0,14,14.0,0.0,Stable,51,51,2026-01-13,2
2026,Ole Miss,SEC,12/15,14.0,14,14.0,0.0,Stable,52,52,2026-01-17,2
2026,Ole Miss,SEC,12/15,14.0,14,14.0,0.0,Stable,53,53,2026-01-20,2
2026,Ole Miss,SEC,12/15,14.0,14,14.0,0.0,Stable,54,54,2026-01-22,2
2026,Ole Miss,SEC,12/15,14.0,14,14.0,0.0,Stable,55,55,2026-01-22,2
2026,Ole Miss,SEC,12/22,15.0,15,14.0,-1.0,Falling,56,56,2026-01-09,2
2026,Ole Miss,SEC,12/22,15.0,15,15.0,0.0,Stable,57,57,2026-01-10,2
2026,Ole Miss,SEC,12/22,15.0,15,15.0,0.0,Stable,58,58,2026-01-12,2
2026,Ole Miss,SEC,12/22,15.0,15,15.0,0.0,Stable,59,59,2026-01-13,2
2026,Ole Miss,SEC,12/22,15.0,15,15.0,0.0,Stable,60,60,2026-01-17,2
2026,Ole Miss,SEC,12/22,15.0,15,15.0,0.0,Stable,61,61,2026-01-20,2
2026,Ole Miss,SEC,12/22,15.0,15,15.0,0.0,Stable,62,62,2026-01-22,2
2026,Ole Miss,SEC,12/22,15.0,15,15.0,0.0,Stable,63,63,2026-01-22,2
2026,Ole Miss,SEC,12/8,17.0,17,15.0,-2.0,Falling,64,64,2026-01-09,2
2026,Ole Miss,SEC,12/8,17.0,17,17.0,0.0,Stable,65,65,2026-01-10,2
2026,Ole Miss,SEC,12/8,17.0,17,17.0,0.0,Stable,66,66,2026-01-12,2
2026,Ole Miss,SEC,12/8,17.0,17,17.0,0.0,Stable,67,67,2026-01-13,2
2026,Ole Miss,SEC,12/8,17.0,17,17.0,0.0,Stable,68,68,2026-01-17,2
2026,Ole Miss,SEC,12/8,17.0,17,17.0,0.0,Stable,69,69,2026-01-20,2
2026,Ole Miss,SEC,12/8,17.0,17,17.0,0.0,Stable,70,70,2026-01-22,2
2026,Ole Miss,SEC,12/8,17.0,17,17.0,0.0,Stable,71,71,2026-01-22,2
2026,Ole Miss,SEC,Pre,12.0,12,17.0,5.0,Rising,72,72,2026-01-09,2
2026,Ole Miss,SEC,Pre,12.0,12,12.0,0.0,Stable,73,73,2026-01-10,2
2026,Ole Miss,SEC,Pre,12.0,12,12.0,0.0,Stable,74,74,2026-01-12,2
2026,Ole Miss,SEC,Pre,12.0,12,12.0,0.0,Stable,75,75,2026-01-13,2
2026,Ole Miss,SEC,Pre,12.0,12,12.0,0.0,Stable,76,76,2026-01-17,2
2026,Ole Miss,SEC,Pre,12.0,12,12.0,0.0,Stable,77,77,2026-01-20,2
2026,Ole Miss,SEC,Pre,12.0,12,12.0,0.0,Stable,78,78,2026-01-22,2
2026,Ole Miss,SEC,Pre,12.0,12,12.0,0.0,Stable,79,79,2026-01-22,2
2026,Princeton,Ivy,1/12,22.0,22,,,Unknown,1,1,2026-01-13,2
2026,Princeton,Ivy,1/12,22.0,22,22.0,0.0,Stable,2,2,2026-01-17,2
2026,Princeton,Ivy,1/12,22.0,22,22.0,0.0,Stable,3,3,2026-01-20,2
2026,Princeton,Ivy,1/12,22.0,22,22.0,0.0,Stable,4,4,2026-01-22,2
2026,Princeton,Ivy,1/12,22.0,22,22.0,0.0,Stable,5,5,2026-01-22,2
2026,Princeton,Ivy,1/19,20.0,20,22.0,2.0,Rising,6,6,2026-01-22,2
2026,Princeton,Ivy,1/19,20.0,20,20.0,0.0,Stable,7,7,2026-01-22,2
2026,Princeton,Ivy,1/5,24.0,24,20.0,-4.0,Falling,8,8,2026-01-09,2
2026,Princeton,Ivy,1/5,24.0,24,24.0,0.0,Stable,9,9,2026-01-10,2
2026,Princeton,Ivy,1/5,24.0,24,24.0,0.0,Stable,10,10,2026-01-12,2
2026,Princeton,Ivy,1/5,24.0,24,24.0,0.0,Stable,11,11,2026-01-13,2
2026,Princeton,Ivy,1/5,24.0,24,24.0,0.0,Stable,12,12,2026-01-17,2
2026,Princeton,Ivy,1/5,24.0,24,24.0,0.0,Stable,13,13,2026-01-20,2
2026,Princeton,Ivy,1/5,24.0,24,24.0,0.0,Stable,14,14,2026-01-22,2
2026,Princeton,Ivy,1/5,24.0,24,24.0,0.0,Stable,15,15,2026-01-22,2
2026,Princeton,Ivy,11/10,,26,24.0,-2.0,Dropped,15,0,2026-01-09,2
2026,Princeton,Ivy,11/10,,26,26.0,0.0,Unranked,15,0,2026-01-10,2
2026,Princeton,Ivy,11/10,,26,26.0,0.0,Unranked,15,0,2026-01-12,2
2026,Princeton,Ivy,11/10,,26,26.0,0.0,Unranked,15,0,2026-01-13,2
2026,Princeton,Ivy,11/10,,26,26.0,0.0,Unranked,15,0,2026-01-17,2
2026,Princeton,Ivy,11/10,,26,26.0,0.0,Unranked,15,0,2026-01-20,2
2026,Princeton,Ivy,11/10,,26,26.0,0.0,Unranked,15,0,2026-01-22,2
2026,Princeton,Ivy,11/10,,26,26.0,0.0,Unranked,15,0,2026-01-22,2
2026,Princeton,Ivy,11/17,,26,26.0,0.0,Unranked,15,0,2026-01-09,2
2026,Princeton,Ivy,11/17,,26,26.0,0.0,Unranked,15,0,2026-01-10,2
2026,Princeton,Ivy,11/17,,26,26.0,0.0,Unranked,15,0,2026-01-12,2
2026,Princeton,Ivy,11/17,,26,26.0,0.0,Unranked,15,0,2026-01-13,2
2026,Princeton,Ivy,11/17,,26,26.0,0.0,Unranked,15,0,2026-01-17,2
2026,Princeton,Ivy,11/17,,26,26.0,0.0,Unranked,15,0,2026-01-20,2
2026,Princeton,Ivy,11/17,,26,26.0,0.0,Unranked,15,0,2026-01-22,2
2026,Princeton,Ivy,11/17,,26,26.0,0.0,Unranked,15,0,2026-01-22,2
2026,Princeton,Ivy,11/24,,26,26.0,0.0,Unranked,15,0,2026-01-09,2
2026,Princeton,Ivy,11/24,,26,26.0,0.0,Unranked,15,0,2026-01-10,2
2026,Princeton,Ivy,11/24,,26,26.0,0.0,Unranked,15,0,2026-01-12,2
2026,Princeton,Ivy,11/24,,26,26.0,0.0,Unranked,15,0,2026-01-13,2
2026,Princeton,Ivy,11/24,,26,26.0,0.0,Unranked,15,0,2026-01-17,2
2026,Princeton,Ivy,11/24,,26,26.0,0.0,Unranked,15,0,2026-01-20,2
2026,Princeton,Ivy,11/24,,26,26.0,0.0,Unranked,15,0,2026-01-22,2
2026,Princeton,Ivy,11/24,,26,26.0,0.0,Unranked,15,0,2026-01-22,2
2026,Princeton,Ivy,12/1,,26,26.0,0.0,Unranked,15,0,2026-01-09,2
2026,Princeton,Ivy,12/1,,26,26.0,0.0,Unranked,15,0,2026-01-10,2
2026,Princeton,Ivy,12/1,,26,26.0,0.0,Unranked,15,0,2026-01-12,2
2026,Princeton,Ivy,12/1,,26,26.0,0.0,Unranked,15,0,2026-01-13,2
2026,Princeton,Ivy,12/1,,26,26.0,0.0,Unranked,15,0,2026-01-17,2
2026,Princeton,Ivy,12/1,,26,26.0,0.0,Unranked,15,0,2026-01-20,2
2026,Princeton,Ivy,12/1,,26,26.0,0.0,Unranked,15,0,2026-01-22,2
2026,Princeton,Ivy,12/1,,26,26.0,0.0,Unranked,15,0,2026-01-22,2
2026,Princeton,Ivy,12/15,25.0,25,26.0,1.0,New,16,1,2026-01-09,2
2026,Princeton,Ivy,12/15,25.0,25,25.0,0.0,Stable,17,2,2026-01-10,2
2026,Princeton,Ivy,12/15,25.0,25,25.0,0.0,Stable,18,3,2026-01-12,2
2026,Princeton,Ivy,12/15,25.0,25,25.0,0.0,Stable,19,4,2026-01-13,2
2026,Princeton,Ivy,12/15,25.0,25,25.0,0.0,Stable,20,5,2026-01-17,2
2026,Princeton,Ivy,12/15,25.0,25,25.0,0.0,Stable,21,6,2026-01-20,2
2026,Princeton,Ivy,12/15,25.0,25,25.0,0.0,Stable,22,7,2026-01-22,2
2026,Princeton,Ivy,12/15,25.0,25,25.0,0.0,Stable,23,8,2026-01-22,2
2026,Princeton,Ivy,12/22,25.0,25,25.0,0.0,Stable,24,9,2026-01-09,2
2026,Princeton,Ivy,12/22,25.0,25,25.0,0.0,Stable,25,10,2026-01-10,2
2026,Princeton,Ivy,12/22,25.0,25,25.0,0.0,Stable,26,11,2026-01-12,2
2026,Princeton,Ivy,12/22,25.0,25,25.0,0.0,Stable,27,12,2026-01-13,2
2026,Princeton,Ivy,12/22,25.0,25,25.0,0.0,Stable,28,13,2026-01-17,2
2026,Princeton,Ivy,12/22,25.0,25,25.0,0.0,Stable,29,14,2026-01-20,2
2026,Princeton,Ivy,12/22,25.0,25,25.0,0.0,Stable,30,15,2026-01-22,2
2026,Princeton,Ivy,12/22,25.0,25,25.0,0.0,Stable,31,16,2026-01-22,2
2026,Princeton,Ivy,12/8,,26,25.0,-1.0,Dropped,31,0,2026-01-09,2
2026,Princeton,Ivy,12/8,,26,26.0,0.0,Unranked,31,0,2026-01-10,2
2026,Princeton,Ivy,12/8,,26,26.0,0.0,Unranked,31,0,2026-01-12,2
2026,Princeton,Ivy,12/8,,26,26.0,0.0,Unranked,31,0,2026-01-13,2
2026,Princeton,Ivy,12/8,,26,26.0,0.0,Unranked,31,0,2026-01-17,2
2026,Princeton,Ivy,12/8,,26,26.0,0.0,Unranked,31,0,2026-01-20,2
2026,Princeton,Ivy,12/8,,26,26.0,0.0,Unranked,31,0,2026-01-22,2
2026,Princeton,Ivy,12/8,,26,26.0,0.0,Unranked,31,0,2026-01-22,2
2026,Princeton,Ivy,Pre,,26,26.0,0.0,Unranked,31,0,2026-01-09,2
2026,Princeton,Ivy,Pre,,26,26.0,0.0,Unranked,31,0,2026-01-10,2
2026,Princeton,Ivy,Pre,,26,26.0,0.0,Unranked,31,0,2026-01-12,2
2026,Princeton,Ivy,Pre,,26,26.0,0.0,Unranked,31,0,2026-01-13,2
2026,Princeton,Ivy,Pre,,26,26.0,0.0,Unranked,31,0,2026-01-17,2
2026,Princeton,Ivy,Pre,,26,26.0,0.0,Unranked,31,0,2026-01-20,2
2026,Princeton,Ivy,Pre,,26,26.0,0.0,Unranked,31,0,2026-01-22,2
2026,Princeton,Ivy,Pre,,26,26.0,0.0,Unranked,31,0,2026-01-22,2
2026,Richmond,A-10,1/12,,26,,,Unknown,0,0,2026-01-13,2
2026,Richmond,A-10,1/12,,26,26.0,0.0,Unranked,0,0,2026-01-17,2
2026,Richmond,A-10,1/12,,26,26.0,0.0,Unranked,0,0,2026-01-20,2
2026,Richmond,A-10,1/12,,26,26.0,0.0,Unranked,0,0,2026-01-22,2
2026,Richmond,A-10,1/12,,26,26.0,0.0,Unranked,0,0,2026-01-22,2
2026,Richmond,A-10,1/19,,26,26.0,0.0,Unranked,0,0,2026-01-22,2
2026,Richmond,A-10,1/19,,26,26.0,0.0,Unranked,0,0,2026-01-22,2
2026,Richmond,A-10,1/5,,26,26.0,0.0,Unranked,0,0,2026-01-09,2
2026,Richmond,A-10,1/5,,26,26.0,0.0,Unranked,0,0,2026-01-10,2
2026,Richmond,A-10,1/5,,26,26.0,0.0,Unranked,0,0,2026-01-12,2
2026,Richmond,A-10,1/5,,26,26.0,0.0,Unranked,0,0,2026-01-13,2
2026,Richmond,A-10,1/5,,26,26.0,0.0,Unranked,0,0,2026-01-17,2
2026,Richmond,A-10,1/5,,26,26.0,0.0,Unranked,0,0,2026-01-20,2
2026,Richmond,A-10,1/5,,26,26.0,0.0,Unranked,0,0,2026-01-22,2
2026,Richmond,A-10,1/5,,26,26.0,0.0,Unranked,0,0,2026-01-22,2
2026,Richmond,A-10,11/10,,26,26.0,0.0,Unranked,0,0,2026-01-09,2
2026,Richmond,A-10,11/10,,26,26.0,0.0,Unranked,0,0,2026-01-10,2
2026,Richmond,A-10,11/10,,26,26.0,0.0,Unranked,0,0,2026-01-12,2
2026,Richmond,A-10,11/10,,26,26.0,0.0,Unranked,0,0,2026-01-13,2
2026,Richmond,A-10,11/10,,26,26.0,0.0,Unranked,0,0,2026-01-17,2
2026,Richmond,A-10,11/10,,26,26.0,0.0,Unranked,0,0,2026-01-20,2
2026,Richmond,A-10,11/10,,26,26.0,0.0,Unranked,0,0,2026-01-22,2
2026,Richmond,A-10,11/10,,26,26.0,0.0,Unranked,0,0,2026-01-22,2
2026,Richmond,A-10,11/17,,26,26.0,0.0,Unranked,0,0,2026-01-09,2
2026,Richmond,A-10,11/17,,26,26.0,0.0,Unranked,0,0,2026-01-10,2
2026,Richmond,A-10,11/17,,26,26.0,0.0,Unranked,0,0,2026-01-12,2
2026,Richmond,A-10,11/17,,26,26.0,0.0,Unranked,0,0,2026-01-13,2
2026,Richmond,A-10,11/17,,26,26.0,0.0,Unranked,0,0,2026-01-17,2
2026,Richmond,A-10,11/17,,26,26.0,0.0,Unranked,0,0,2026-01-20,2
2026,Richmond,A-10,11/17,,26,26.0,0.0,Unranked,0,0,2026-01-22,2
2026,Richmond,A-10,11/17,,26,26.0,0.0,Unranked,0,0,2026-01-22,2
2026,Richmond,A-10,11/24,,26,26.0,0.0,Unranked,0,0,2026-01-09,2
2026,Richmond,A-10,11/24,,26,26.0,0.0,Unranked,0,0,2026-01-10,2
2026,Richmond,A-10,11/24,,26,26.0,0.0,Unranked,0,0,2026-01-12,2
2026,Richmond,A-10,11/24,,26,26.0,0.0,Unranked,0,0,2026-01-13,2
2026,Richmond,A-10,11/24,,26,26.0,0.0,Unranked,0,0,2026-01-17,2
2026,Richmond,A-10,11/24,,26,26.0,0.0,Unranked,0,0,2026-01-20,2
2026,Richmond,A-10,11/24,,26,26.0,0.0,Unranked,0,0,2026-01-22,2
2026,Richmond,A-10,11/24,,26,26.0,0.0,Unranked,0,0,2026-01-22,2
2026,Richmond,A-10,12/1,,26,26.0,0.0,Unranked,0,0,2026-01-09,2
2026,Richmond,A-10,12/1,,26,26.0,0.0,Unranked,0,0,2026-01-10,2
2026,Richmond,A-10,12/1,,26,26.0,0.0,Unranked,0,0,2026-01-12,2
2026,Richmond,A-10,12/1,,26,26.0,0.0,Unranked,0,0,2026-01-13,2
2026,Richmond,A-10,12/1,,26,26.0,0.0,Unranked,0,0,2026-01-17,2
2026,Richmond,A-10,12/1,,26,26.0,0.0,Unranked,0,0,2026-01-20,2
2026,Richmond,A-10,12/1,,26,26.0,0.0,Unranked,0,0,2026-01-22,2
2026,Richmond,A-10,12/1,,26,26.0,0.0,Unranked,0,0,2026-01-22,2
2026,Richmond,A-10,12/15,,26,26.0,0.0,Unranked,0,0,2026-01-09,2
2026,Richmond,A-10,12/15,,26,26.0,0.0,Unranked,0,0,2026-01-10,2
2026,Richmond,A-10,12/15,,26,26.0,0.0,Unranked,0,0,2026-01-12,2
2026,Richmond,A-10,12/15,,26,26.0,0.0,Unranked,0,0,2026-01-13,2
2026,Richmond,A-10,12/15,,26,26.0,0.0,Unranked,0,0,2026-01-17,2
2026,Richmond,A-10,12/15,,26,26.0,0.0,Unranked,0,0,2026-01-20,2
2026,Richmond,A-10,12/15,,26,26.0,0.0,Unranked,0,0,2026-01-22,2
2026,Richmond,A-10,12/15,,26,26.0,0.0,Unranked,0,0,2026-01-22,2
2026,Richmond,A-10,12/22,,26,26.0,0.0,Unranked,0,0,2026-01-09,2
2026,Richmond,A-10,12/22,,26,26.0,0.0,Unranked,0,0,2026-01-10,2
2026,Richmond,A-10,12/22,,26,26.0,0.0,Unranked,0,0,2026-01-12,2
2026,Richmond,A-10,12/22,,26,26.0,0.0,Unranked,0,0,2026-01-13,2
2026,Richmond,A-10,12/22,,26,26.0,0.0,Unranked,0,0,2026-01-17,2
2026,Richmond,A-10,12/22,,26,26.0,0.0,Unranked,0,0,2026-01-20,2
2026,Richmond,A-10,12/22,,26,26.0,0.0,Unranked,0,0,2026-01-22,2
2026,Richmond,A-10,12/22,,26,26.0,0.0,Unranked,0,0,2026-01-22,2
2026,Richmond,A-10,12/8,,26,26.0,0.0,Unranked,0,0,2026-01-09,2
2026,Richmond,A-10,12/8,,26,26.0,0.0,Unranked,0,0,2026-01-10,2
2026,Richmond,A-10,12/8,,26,26.0,0.0,Unranked,0,0,2026-01-12,2
2026,Richmond,A-10,12/8,,26,26.0,0.0,Unranked,0,0,2026-01-13,2
2026,Richmond,A-10,12/8,,26,26.0,0.0,Unranked,0,0,2026-01-17,2
2026,Richmond,A-10,12/8,,26,26.0,0.0,Unranked,0,0,2026-01-20,2
2026,Richmond,A-10,12/8,,26,26.0,0.0,Unranked,0,0,2026-01-22,2
2026,Richmond,A-10,12/8,,26,26.0,0.0,Unranked,0,0,2026-01-22,2
2026,Richmond,A-10,Pre,24.0,24,26.0,2.0,New,1,1,2026-01-09,2
2026,Richmond,A-10,Pre,24.0,24,24.0,0.0,Stable,2,2,2026-01-10,2
2026,Richmond,A-10,Pre,24.0,24,24.0,0.0,Stable,3,3,2026-01-12,2
2026,Richmond,A-10,Pre,24.0,24,24.0,0.0,Stable,4,4,2026-01-13,2
2026,Richmond,A-10,Pre,24.0,24,24.0,0.0,Stable,5,5,2026-01-17,2
2026,Richmond,A-10,Pre,24.0,24,24.0,0.0,Stable,6,6,2026-01-20,2
2026,Richmond,A-10,Pre,24.0,24,24.0,0.0,Stable,7,7,2026-01-22,2
2026,Richmond,A-10,Pre,24.0,24,24.0,0.0,Stable,8,8,2026-01-22,2
2026,South Carolina,SEC,1/12,2.0,2,,,Unknown,1,1,2026-01-13,2
2026,South Carolina,SEC,1/12,2.0,2,2.0,0.0,Stable,2,2,2026-01-17,2
2026,South Carolina,SEC,1/12,2.0,2,2.0,0.0,Stable,3,3,2026-01-20,2
2026,South Carolina,SEC,1/12,2.0,2,2.0,0.0,Stable,4,4,2026-01-22,2
2026,South Carolina,SEC,1/12,2.0,2,2.0,0.0,Stable,5,5,2026-01-22,2
2026,South Carolina,SEC,1/19,2.0,2,2.0,0.0,Stable,6,6,2026-01-22,2
2026,South Carolina,SEC,1/19,2.0,2,2.0,0.0,Stable,7,7,2026-01-22,2
2026,South Carolina,SEC,1/5,3.0,3,2.0,-1.0,Falling,8,8,2026-01-09,2
2026,South Carolina,SEC,1/5,3.0,3,3.0,0.0,Stable,9,9,2026-01-10,2
2026,South Carolina,SEC,1/5,3.0,3,3.0,0.0,Stable,10,10,2026-01-12,2
2026,South Carolina,SEC,1/5,3.0,3,3.0,0.0,Stable,11,11,2026-01-13,2
2026,South Carolina,SEC,1/5,3.0,3,3.0,0.0,Stable,12,12,2026-01-17,2
2026,South Carolina,SEC,1/5,3.0,3,3.0,0.0,Stable,13,13,2026-01-20,2
2026,South Carolina,SEC,1/5,3.0,3,3.0,0.0,Stable,14,14,2026-01-22,2
2026,South Carolina,SEC,1/5,3.0,3,3.0,0.0,Stable,15,15,2026-01-22,2
2026,South Carolina,SEC,11/10,2.0,2,3.0,1.0,Rising,16,16,2026-01-09,2
2026,South Carolina,SEC,11/10,2.0,2,2.0,0.0,Stable,17,17,2026-01-10,2
2026,South Carolina,SEC,11/10,2.0,2,2.0,0.0,Stable,18,18,2026-01-12,2
2026,South Carolina,SEC,11/10,2.0,2,2.0,0.0,Stable,19,19,2026-01-13,2
2026,South Carolina,SEC,11/10,2.0,2,2.0,0.0,Stable,20,20,2026-01-17,2
2026,South Carolina,SEC,11/10,2.0,2,2.0,0.0,Stable,21,21,2026-01-20,2
2026,South Carolina,SEC,11/10,2.0,2,2.0,0.0,Stable,22,22,2026-01-22,2
2026,South Carolina,SEC,11/10,2.0,2,2.0,0.0,Stable,23,23,2026-01-22,2
2026,South Carolina,SEC,11/17,2.0,2,2.0,0.0,Stable,24,24,2026-01-09,2
2026,South Carolina,SEC,11/17,2.0,2,2.0,0.0,Stable,25,25,2026-01-10,2
2026,South Carolina,SEC,11/17,2.0,2,2.0,0.0,Stable,26,26,2026-01-12,2
2026,South Carolina,SEC,11/17,2.0,2,2.0,0.0,Stable,27,27,2026-01-13,2
2026,South Carolina,SEC,11/17,2.0,2,2.0,0.0,Stable,28,28,2026-01-17,2
2026,South Carolina,SEC,11/17,2.0,2,2.0,0.0,Stable,29,29,2026-01-20,2
2026,South Carolina,SEC,11/17,2.0,2,2.0,0.0,Stable,30,30,2026-01-22,2
2026,South Carolina,SEC,11/17,2.0,2,2.0,0.0,Stable,31,31,2026-01-22,2
2026,South Carolina,SEC,11/24,2.0,2,2.0,0.0,Stable,32,32,2026-01-09,2
2026,South Carolina,SEC,11/24,2.0,2,2.0,0.0,Stable,33,33,2026-01-10,2
2026,South Carolina,SEC,11/24,2.0,2,2.0,0.0,Stable,34,34,2026-01-12,2
2026,South Carolina,SEC,11/24,2.0,2,2.0,0.0,Stable,35,35,2026-01-13,2
2026,South Carolina,SEC,11/24,2.0,2,2.0,0.0,Stable,36,36,2026-01-17,2
2026,South Carolina,SEC,11/24,2.0,2,2.0,0.0,Stable,37,37,2026-01-20,2
2026,South Carolina,SEC,11/24,2.0,2,2.0,0.0,Stable,38,38,2026-01-22,2
2026,South Carolina,SEC,11/24,2.0,2,2.0,0.0,Stable,39,39,2026-01-22,2
2026,South Carolina,SEC,12/1,3.0,3,2.0,-1.0,Falling,40,40,2026-01-09,2
2026,South Carolina,SEC,12/1,3.0,3,3.0,0.0,Stable,41,41,2026-01-10,2
2026,South Carolina,SEC,12/1,3.0,3,3.0,0.0,Stable,42,42,2026-01-12,2
2026,South Carolina,SEC,12/1,3.0,3,3.0,0.0,Stable,43,43,2026-01-13,2
2026,South Carolina,SEC,12/1,3.0,3,3.0,0.0,Stable,44,44,2026-01-17,2
2026,South Carolina,SEC,12/1,3.0,3,3.0,0.0,Stable,45,45,2026-01-20,2
2026,South Carolina,SEC,12/1,3.0,3,3.0,0.0,Stable,46,46,2026-01-22,2
2026,South Carolina,SEC,12/1,3.0,3,3.0,0.0,Stable,47,47,2026-01-22,2
2026,South Carolina,SEC,12/15,3.0,3,3.0,0.0,Stable,48,48,2026-01-09,2
2026,South Carolina,SEC,12/15,3.0,3,3.0,0.0,Stable,49,49,2026-01-10,2
2026,South Carolina,SEC,12/15,3.0,3,3.0,0.0,Stable,50,50,2026-01-12,2
2026,South Carolina,SEC,12/15,3.0,3,3.0,0.0,Stable,51,51,2026-01-13,2
2026,South Carolina,SEC,12/15,3.0,3,3.0,0.0,Stable,52,52,2026-01-17,2
2026,South Carolina,SEC,12/15,3.0,3,3.0,0.0,Stable,53,53,2026-01-20,2
2026,South Carolina,SEC,12/15,3.0,3,3.0,0.0,Stable,54,54,2026-01-22,2
2026,South Carolina,SEC,12/15,3.0,3,3.0,0.0,Stable,55,55,2026-01-22,2
2026,South Carolina,SEC,12/22,3.0,3,3.0,0.0,Stable,56,56,2026-01-09,2
2026,South Carolina,SEC,12/22,3.0,3,3.0,0.0,Stable,57,57,2026-01-10,2
2026,South Carolina,SEC,12/22,3.0,3,3.0,0.0,Stable,58,58,2026-01-12,2
2026,South Carolina,SEC,12/22,3.0,3,3.0,0.0,Stable,59,59,2026-01-13,2
2026,South Carolina,SEC,12/22,3.0,3,3.0,0.0,Stable,60,60,2026-01-17,2
2026,South Carolina,SEC,12/22,3.0,3,3.0,0.0,Stable,61,61,2026-01-20,2
2026,South Carolina,SEC,12/22,3.0,3,3.0,0.0,Stable,62,62,2026-01-22,2
2026,South Carolina,SEC,12/22,3.0,3,3.0,0.0,Stable,63,63,2026-01-22,2
2026,South Carolina,SEC,12/8,3.0,3,3.0,0.0,Stable,64,64,2026-01-09,2
2026,South Carolina,SEC,12/8,3.0,3,3.0,0.0,Stable,65,65,2026-01-10,2
2026,South Carolina,SEC,12/8,3.0,3,3.0,0.0,Stable,66,66,2026-01-12,2
2026,South Carolina,SEC,12/8,3.0,3,3.0,0.0,Stable,67,67,2026-01-13,2
2026,South Carolina,SEC,12/8,3.0,3,3.0,0.0,Stable,68,68,2026-01-17,2
2026,South Carolina,SEC,12/8,3.0,3,3.0,0.0,Stable,69,69,2026-01-20,2
2026,South Carolina,SEC,12/8,3.0,3,3.0,0.0,Stable,70,70,2026-01-22,2
2026,South Carolina,SEC,12/8,3.0,3,3.0,0.0,Stable,71,71,2026-01-22,2
2026,South Carolina,SEC,Pre,2.0,2,3.0,1.0,Rising,72,72,2026-01-09,2
2026,South Carolina,SEC,Pre,2.0,2,2.0,0.0,Stable,73,73,2026-01-10,2
2026,South Carolina,SEC,Pre,2.0,2,2.0,0.0,Stable,74,74,2026-01-12,2
2026,South Carolina,SEC,Pre,2.0,2,2.0,0.0,Stable,75,75,2026-01-13,2
2026,South Carolina,SEC,Pre,2.0,2,2.0,0.0,Stable,76,76,2026-01-17,2
2026,South Carolina,SEC,Pre,2.0,2,2.0,0.0,Stable,77,77,2026-01-20,2
2026,South Carolina,SEC,Pre,2.0,2,2.0,0.0,Stable,78,78,2026-01-22,2
2026,South Carolina,SEC,Pre,2.0,2,2.0,0.0,Stable,79,79,2026-01-22,2
2026,TCU,Big 12,1/12,10.0,10,,,Unknown,1,1,2026-01-13,2
2026,TCU,Big 12,1/12,10.0,10,10.0,0.0,Stable,2,2,2026-01-17,2
2026,TCU,Big 12,1/12,10.0,10,10.0,0.0,Stable,3,3,2026-01-20,2
2026,TCU,Big 12,1/12,10.0,10,10.0,0.0,Stable,4,4,2026-01-22,2
2026,TCU,Big 12,1/12,10.0,10,10.0,0.0,Stable,5,5,2026-01-22,2
2026,TCU,Big 12,1/19,9.0,9,10.0,1.0,Rising,6,6,2026-01-22,2
2026,TCU,Big 12,1/19,9.0,9,9.0,0.0,Stable,7,7,2026-01-22,2
2026,TCU,Big 12,1/5,13.0,13,9.0,-4.0,Falling,8,8,2026-01-09,2
2026,TCU,Big 12,1/5,13.0,13,13.0,0.0,Stable,9,9,2026-01-10,2
2026,TCU,Big 12,1/5,13.0,13,13.0,0.0,Stable,10,10,2026-01-12,2
2026,TCU,Big 12,1/5,13.0,13,13.0,0.0,Stable,11,11,2026-01-13,2
2026,TCU,Big 12,1/5,13.0,13,13.0,0.0,Stable,12,12,2026-01-17,2
2026,TCU,Big 12,1/5,13.0,13,13.0,0.0,Stable,13,13,2026-01-20,2
2026,TCU,Big 12,1/5,13.0,13,13.0,0.0,Stable,14,14,2026-01-22,2
2026,TCU,Big 12,1/5,13.0,13,13.0,0.0,Stable,15,15,2026-01-22,2
2026,TCU,Big 12,11/10,17.0,17,13.0,-4.0,Falling,16,16,2026-01-09,2
2026,TCU,Big 12,11/10,17.0,17,17.0,0.0,Stable,17,17,2026-01-10,2
2026,TCU,Big 12,11/10,17.0,17,17.0,0.0,Stable,18,18,2026-01-12,2
2026,TCU,Big 12,11/10,17.0,17,17.0,0.0,Stable,19,19,2026-01-13,2
2026,TCU,Big 12,11/10,17.0,17,17.0,0.0,Stable,20,20,2026-01-17,2
2026,TCU,Big 12,11/10,17.0,17,17.0,0.0,Stable,21,21,2026-01-20,2
2026,TCU,Big 12,11/10,17.0,17,17.0,0.0,Stable,22,22,2026-01-22,2
2026,TCU,Big 12,11/10,17.0,17,17.0,0.0,Stable,23,23,2026-01-22,2
2026,TCU,Big 12,11/17,10.0,10,17.0,7.0,Rising,24,24,2026-01-09,2
2026,TCU,Big 12,11/17,10.0,10,10.0,0.0,Stable,25,25,2026-01-10,2
2026,TCU,Big 12,11/17,10.0,10,10.0,0.0,Stable,26,26,2026-01-12,2
2026,TCU,Big 12,11/17,10.0,10,10.0,0.0,Stable,27,27,2026-01-13,2
2026,TCU,Big 12,11/17,10.0,10,10.0,0.0,Stable,28,28,2026-01-17,2
2026,TCU,Big 12,11/17,10.0,10,10.0,0.0,Stable,29,29,2026-01-20,2
2026,TCU,Big 12,11/17,10.0,10,10.0,0.0,Stable,30,30,2026-01-22,2
2026,TCU,Big 12,11/17,10.0,10,10.0,0.0,Stable,31,31,2026-01-22,2
2026,TCU,Big 12,11/24,8.0,8,10.0,2.0,Rising,32,32,2026-01-09,2
2026,TCU,Big 12,11/24,8.0,8,8.0,0.0,Stable,33,33,2026-01-10,2
2026,TCU,Big 12,11/24,8.0,8,8.0,0.0,Stable,34,34,2026-01-12,2
2026,TCU,Big 12,11/24,8.0,8,8.0,0.0,Stable,35,35,2026-01-13,2
2026,TCU,Big 12,11/24,8.0,8,8.0,0.0,Stable,36,36,2026-01-17,2
2026,TCU,Big 12,11/24,8.0,8,8.0,0.0,Stable,37,37,2026-01-20,2
2026,TCU,Big 12,11/24,8.0,8,8.0,0.0,Stable,38,38,2026-01-22,2
2026,TCU,Big 12,11/24,8.0,8,8.0,0.0,Stable,39,39,2026-01-22,2
2026,TCU,Big 12,12/1,8.0,8,8.0,0.0,Stable,40,40,2026-01-09,2
2026,TCU,Big 12,12/1,8.0,8,8.0,0.0,Stable,41,41,2026-01-10,2
2026,TCU,Big 12,12/1,8.0,8,8.0,0.0,Stable,42,42,2026-01-12,2
2026,TCU,Big 12,12/1,8.0,8,8.0,0.0,Stable,43,43,2026-01-13,2
2026,TCU,Big 12,12/1,8.0,8,8.0,0.0,Stable,44,44,2026-01-17,2
2026,TCU,Big 12,12/1,8.0,8,8.0,0.0,Stable,45,45,2026-01-20,2
2026,TCU,Big 12,12/1,8.0,8,8.0,0.0,Stable,46,46,2026-01-22,2
2026,TCU,Big 12,12/1,8.0,8,8.0,0.0,Stable,47,47,2026-01-22,2
2026,TCU,Big 12,12/15,9.0,9,8.0,-1.0,Falling,48,48,2026-01-09,2
2026,TCU,Big 12,12/15,9.0,9,9.0,0.0,Stable,49,49,2026-01-10,2
2026,TCU,Big 12,12/15,9.0,9,9.0,0.0,Stable,50,50,2026-01-12,2
2026,TCU,Big 12,12/15,9.0,9,9.0,0.0,Stable,51,51,2026-01-13,2
2026,TCU,Big 12,12/15,9.0,9,9.0,0.0,Stable,52,52,2026-01-17,2
2026,TCU,Big 12,12/15,9.0,9,9.0,0.0,Stable,53,53,2026-01-20,2
2026,TCU,Big 12,12/15,9.0,9,9.0,0.0,Stable,54,54,2026-01-22,2
2026,TCU,Big 12,12/15,9.0,9,9.0,0.0,Stable,55,55,2026-01-22,2
2026,TCU,Big 12,12/22,8.0,8,9.0,1.0,Rising,56,56,2026-01-09,2
2026,TCU,Big 12,12/22,8.0,8,8.0,0.0,Stable,57,57,2026-01-10,2
2026,TCU,Big 12,12/22,8.0,8,8.0,0.0,Stable,58,58,2026-01-12,2
2026,TCU,Big 12,12/22,8.0,8,8.0,0.0,Stable,59,59,2026-01-13,2
2026,TCU,Big 12,12/22,8.0,8,8.0,0.0,Stable,60,60,2026-01-17,2
2026,TCU,Big 12,12/22,8.0,8,8.0,0.0,Stable,61,61,2026-01-20,2
2026,TCU,Big 12,12/22,8.0,8,8.0,0.0,Stable,62,62,2026-01-22,2
2026,TCU,Big 12,12/22,8.0,8,8.0,0.0,Stable,63,63,2026-01-22,2
2026,TCU,Big 12,12/8,8.0,8,8.0,0.0,Stable,64,64,2026-01-09,2
2026,TCU,Big 12,12/8,8.0,8,8.0,0.0,Stable,65,65,2026-01-10,2
2026,TCU,Big 12,12/8,8.0,8,8.0,0.0,Stable,66,66,2026-01-12,2
2026,TCU,Big 12,12/8,8.0,8,8.0,0.0,Stable,67,67,2026-01-13,2
2026,TCU,Big 12,12/8,8.0,8,8.0,0.0,Stable,68,68,2026-01-17,2
2026,TCU,Big 12,12/8,8.0,8,8.0,0.0,Stable,69,69,2026-01-20,2
2026,TCU,Big 12,12/8,8.0,8,8.0,0.0,Stable,70,70,2026-01-22,2
2026,TCU,Big 12,12/8,8.0,8,8.0,0.0,Stable,71,71,2026-01-22,2
2026,TCU,Big 12,Pre,17.0,17,8.0,-9.0,Falling,72,72,2026-01-09,2
2026,TCU,Big 12,Pre,17.0,17,17.0,0.0,Stable,73,73,2026-01-10,2
2026,TCU,Big 12,Pre,17.0,17,17.0,0.0,Stable,74,74,2026-01-12,2
2026,TCU,Big 12,Pre,17.0,17,17.0,0.0,Stable,75,75,2026-01-13,2
2026,TCU,Big 12,Pre,17.0,17,17.0,0.0,Stable,76,76,2026-01-17,2
2026,TCU,Big 12,Pre,17.0,17,17.0,0.0,Stable,77,77,2026-01-20,2
2026,TCU,Big 12,Pre,17.0,17,17.0,0.0,Stable,78,78,2026-01-22,2
2026,TCU,Big 12,Pre,17.0,17,17.0,0.0,Stable,79,79,2026-01-22,2
2026,Tennessee,SEC,1/12,20.0,20,,,Unknown,1,1,2026-01-13,2
2026,Tennessee,SEC,1/12,20.0,20,20.0,0.0,Stable,2,2,2026-01-17,2
2026,Tennessee,SEC,1/12,20.0,20,20.0,0.0,Stable,3,3,2026-01-20,2
2026,Tennessee,SEC,1/12,20.0,20,20.0,0.0,Stable,4,4,2026-01-22,2
2026,Tennessee,SEC,1/12,20.0,20,20.0,0.0,Stable,5,5,2026-01-22,2
2026,Tennessee,SEC,1/19,17.0,17,20.0,3.0,Rising,6,6,2026-01-22,2
2026,Tennessee,SEC,1/19,17.0,17,17.0,0.0,Stable,7,7,2026-01-22,2
2026,Tennessee,SEC,1/5,20.0,20,17.0,-3.0,Falling,8,8,2026-01-09,2
2026,Tennessee,SEC,1/5,20.0,20,20.0,0.0,Stable,9,9,2026-01-10,2
2026,Tennessee,SEC,1/5,20.0,20,20.0,0.0,Stable,10,10,2026-01-12,2
2026,Tennessee,SEC,1/5,20.0,20,20.0,0.0,Stable,11,11,2026-01-13,2
2026,Tennessee,SEC,1/5,20.0,20,20.0,0.0,Stable,12,12,2026-01-17,2
2026,Tennessee,SEC,1/5,20.0,20,20.0,0.0,Stable,13,13,2026-01-20,2
2026,Tennessee,SEC,1/5,20.0,20,20.0,0.0,Stable,14,14,2026-01-22,2
2026,Tennessee,SEC,1/5,20.0,20,20.0,0.0,Stable,15,15,2026-01-22,2
2026,Tennessee,SEC,11/10,12.0,12,20.0,8.0,Rising,16,16,2026-01-09,2
2026,Tennessee,SEC,11/10,12.0,12,12.0,0.0,Stable,17,17,2026-01-10,2
2026,Tennessee,SEC,11/10,12.0,12,12.0,0.0,Stable,18,18,2026-01-12,2
2026,Tennessee,SEC,11/10,12.0,12,12.0,0.0,Stable,19,19,2026-01-13,2
2026,Tennessee,SEC,11/10,12.0,12,12.0,0.0,Stable,20,20,2026-01-17,2
2026,Tennessee,SEC,11/10,12.0,12,12.0,0.0,Stable,21,21,2026-01-20,2
2026,Tennessee,SEC,11/10,12.0,12,12.0,0.0,Stable,22,22,2026-01-22,2
2026,Tennessee,SEC,11/10,12.0,12,12.0,0.0,Stable,23,23,2026-01-22,2
2026,Tennessee,SEC,11/17,15.0,15,12.0,-3.0,Falling,24,24,2026-01-09,2
2026,Tennessee,SEC,11/17,15.0,15,15.0,0.0,Stable,25,25,2026-01-10,2
2026,Tennessee,SEC,11/17,15.0,15,15.0,0.0,Stable,26,26,2026-01-12,2
2026,Tennessee,SEC,11/17,15.0,15,15.0,0.0,Stable,27,27,2026-01-13,2
2026,Tennessee,SEC,11/17,15.0,15,15.0,0.0,Stable,28,28,2026-01-17,2
2026,Tennessee,SEC,11/17,15.0,15,15.0,0.0,Stable,29,29,2026-01-20,2
2026,Tennessee,SEC,11/17,15.0,15,15.0,0.0,Stable,30,30,2026-01-22,2
2026,Tennessee,SEC,11/17,15.0,15,15.0,0.0,Stable,31,31,2026-01-22,2
2026,Tennessee,SEC,11/24,14.0,14,15.0,1.0,Rising,32,32,2026-01-09,2
2026,Tennessee,SEC,11/24,14.0,14,14.0,0.0,Stable,33,33,2026-01-10,2
2026,Tennessee,SEC,11/24,14.0,14,14.0,0.0,Stable,34,34,2026-01-12,2
2026,Tennessee,SEC,11/24,14.0,14,14.0,0.0,Stable,35,35,2026-01-13,2
2026,Tennessee,SEC,11/24,14.0,14,14.0,0.0,Stable,36,36,2026-01-17,2
2026,Tennessee,SEC,11/24,14.0,14,14.0,0.0,Stable,37,37,2026-01-20,2
2026,Tennessee,SEC,11/24,14.0,14,14.0,0.0,Stable,38,38,2026-01-22,2
2026,Tennessee,SEC,11/24,14.0,14,14.0,0.0,Stable,39,39,2026-01-22,2
2026,Tennessee,SEC,12/1,19.0,19,14.0,-5.0,Falling,40,40,2026-01-09,2
2026,Tennessee,SEC,12/1,19.0,19,19.0,0.0,Stable,41,41,2026-01-10,2
2026,Tennessee,SEC,12/1,19.0,19,19.0,0.0,Stable,42,42,2026-01-12,2
2026,Tennessee,SEC,12/1,19.0,19,19.0,0.0,Stable,43,43,2026-01-13,2
2026,Tennessee,SEC,12/1,19.0,19,19.0,0.0,Stable,44,44,2026-01-17,2
2026,Tennessee,SEC,12/1,19.0,19,19.0,0.0,Stable,45,45,2026-01-20,2
2026,Tennessee,SEC,12/1,19.0,19,19.0,0.0,Stable,46,46,2026-01-22,2
2026,Tennessee,SEC,12/1,19.0,19,19.0,0.0,Stable,47,47,2026-01-22,2
2026,Tennessee,SEC,12/15,17.0,17,19.0,2.0,Rising,48,48,2026-01-09,2
2026,Tennessee,SEC,12/15,17.0,17,17.0,0.0,Stable,49,49,2026-01-10,2
2026,Tennessee,SEC,12/15,17.0,17,17.0,0.0,Stable,50,50,2026-01-12,2
2026,Tennessee,SEC,12/15,17.0,17,17.0,0.0,Stable,51,51,2026-01-13,2
2026,Tennessee,SEC,12/15,17.0,17,17.0,0.0,Stable,52,52,2026-01-17,2
2026,Tennessee,SEC,12/15,17.0,17,17.0,0.0,Stable,53,53,2026-01-20,2
2026,Tennessee,SEC,12/15,17.0,17,17.0,0.0,Stable,54,54,2026-01-22,2
2026,Tennessee,SEC,12/15,17.0,17,17.0,0.0,Stable,55,55,2026-01-22,2
2026,Tennessee,SEC,12/22,23.0,23,17.0,-6.0,Falling,56,56,2026-01-09,2
2026,Tennessee,SEC,12/22,23.0,23,23.0,0.0,Stable,57,57,2026-01-10,2
2026,Tennessee,SEC,12/22,23.0,23,23.0,0.0,Stable,58,58,2026-01-12,2
2026,Tennessee,SEC,12/22,23.0,23,23.0,0.0,Stable,59,59,2026-01-13,2
2026,Tennessee,SEC,12/22,23.0,23,23.0,0.0,Stable,60,60,2026-01-17,2
2026,Tennessee,SEC,12/22,23.0,23,23.0,0.0,Stable,61,61,2026-01-20,2
2026,Tennessee,SEC,12/22,23.0,23,23.0,0.0,Stable,62,62,2026-01-22,2
2026,Tennessee,SEC,12/22,23.0,23,23.0,0.0,Stable,63,63,2026-01-22,2
2026,Tennessee,SEC,12/8,18.0,18,23.0,5.0,Rising,64,64,2026-01-09,2
2026,Tennessee,SEC,12/8,18.0,18,18.0,0.0,Stable,65,65,2026-01-10,2
2026,Tennessee,SEC,12/8,18.0,18,18.0,0.0,Stable,66,66,2026-01-12,2
2026,Tennessee,SEC,12/8,18.0,18,18.0,0.0,Stable,67,67,2026-01-13,2
2026,Tennessee,SEC,12/8,18.0,18,18.0,0.0,Stable,68,68,2026-01-17,2
2026,Tennessee,SEC,12/8,18.0,18,18.0,0.0,Stable,69,69,2026-01-20,2
2026,Tennessee,SEC,12/8,18.0,18,18.0,0.0,Stable,70,70,2026-01-22,2
2026,Tennessee,SEC,12/8,18.0,18,18.0,0.0,Stable,71,71,2026-01-22,2
2026,Tennessee,SEC,Pre,8.0,8,18.0,10.0,Rising,72,72,2026-01-09,2
2026,Tennessee,SEC,Pre,8.0,8,8.0,0.0,Stable,73,73,2026-01-10,2
2026,Tennessee,SEC,Pre,8.0,8,8.0,0.0,Stable,74,74,2026-01-12,2
2026,Tennessee,SEC,Pre,8.0,8,8.0,0.0,Stable,75,75,2026-01-13,2
2026,Tennessee,SEC,Pre,8.0,8,8.0,0.0,Stable,76,76,2026-01-17,2
2026,Tennessee,SEC,Pre,8.0,8,8.0,0.0,Stable,77,77,2026-01-20,2
2026,Tennessee,SEC,Pre,8.0,8,8.0,0.0,Stable,78,78,2026-01-22,2
2026,Tennessee,SEC,Pre,8.0,8,8.0,0.0,Stable,79,79,2026-01-22,2
2026,Texas,SEC,1/12,4.0,4,,,Unknown,1,1,2026-01-13,2
2026,Texas,SEC,1/12,4.0,4,4.0,0.0,Stable,2,2,2026-01-17,2
2026,Texas,SEC,1/12,4.0,4,4.0,0.0,Stable,3,3,2026-01-20,2
2026,Texas,SEC,1/12,4.0,4,4.0,0.0,Stable,4,4,2026-01-22,2
2026,Texas,SEC,1/12,4.0,4,4.0,0.0,Stable,5,5,2026-01-22,2
2026,Texas,SEC,1/19,4.0,4,4.0,0.0,Stable,6,6,2026-01-22,2
2026,Texas,SEC,1/19,4.0,4,4.0,0.0,Stable,7,7,2026-01-22,2
2026,Texas,SEC,1/5,2.0,2,4.0,2.0,Rising,8,8,2026-01-09,2
2026,Texas,SEC,1/5,2.0,2,2.0,0.0,Stable,9,9,2026-01-10,2
2026,Texas,SEC,1/5,2.0,2,2.0,0.0,Stable,10,10,2026-01-12,2
2026,Texas,SEC,1/5,2.0,2,2.0,0.0,Stable,11,11,2026-01-13,2
2026,Texas,SEC,1/5,2.0,2,2.0,0.0,Stable,12,12,2026-01-17,2
2026,Texas,SEC,1/5,2.0,2,2.0,0.0,Stable,13,13,2026-01-20,2
2026,Texas,SEC,1/5,2.0,2,2.0,0.0,Stable,14,14,2026-01-22,2
2026,Texas,SEC,1/5,2.0,2,2.0,0.0,Stable,15,15,2026-01-22,2
2026,Texas,SEC,11/10,4.0,4,2.0,-2.0,Falling,16,16,2026-01-09,2
2026,Texas,SEC,11/10,4.0,4,4.0,0.0,Stable,17,17,2026-01-10,2
2026,Texas,SEC,11/10,4.0,4,4.0,0.0,Stable,18,18,2026-01-12,2
2026,Texas,SEC,11/10,4.0,4,4.0,0.0,Stable,19,19,2026-01-13,2
2026,Texas,SEC,11/10,4.0,4,4.0,0.0,Stable,20,20,2026-01-17,2
2026,Texas,SEC,11/10,4.0,4,4.0,0.0,Stable,21,21,2026-01-20,2
2026,Texas,SEC,11/10,4.0,4,4.0,0.0,Stable,22,22,2026-01-22,2
2026,Texas,SEC,11/10,4.0,4,4.0,0.0,Stable,23,23,2026-01-22,2
2026,Texas,SEC,11/17,4.0,4,4.0,0.0,Stable,24,24,2026-01-09,2
2026,Texas,SEC,11/17,4.0,4,4.0,0.0,Stable,25,25,2026-01-10,2
2026,Texas,SEC,11/17,4.0,4,4.0,0.0,Stable,26,26,2026-01-12,2
2026,Texas,SEC,11/17,4.0,4,4.0,0.0,Stable,27,27,2026-01-13,2
2026,Texas,SEC,11/17,4.0,4,4.0,0.0,Stable,28,28,2026-01-17,2
2026,Texas,SEC,11/17,4.0,4,4.0,0.0,Stable,29,29,2026-01-20,2
2026,Texas,SEC,11/17,4.0,4,4.0,0.0,Stable,30,30,2026-01-22,2
2026,Texas,SEC,11/17,4.0,4,4.0,0.0,Stable,31,31,2026-01-22,2
2026,Texas,SEC,11/24,4.0,4,4.0,0.0,Stable,32,32,2026-01-09,2
2026,Texas,SEC,11/24,4.0,4,4.0,0.0,Stable,33,33,2026-01-10,2
2026,Texas,SEC,11/24,4.0,4,4.0,0.0,Stable,34,34,2026-01-12,2
2026,Texas,SEC,11/24,4.0,4,4.0,0.0,Stable,35,35,2026-01-13,2
2026,Texas,SEC,11/24,4.0,4,4.0,0.0,Stable,36,36,2026-01-17,2
2026,Texas,SEC,11/24,4.0,4,4.0,0.0,Stable,37,37,2026-01-20,2
2026,Texas,SEC,11/24,4.0,4,4.0,0.0,Stable,38,38,2026-01-22,2
2026,Texas,SEC,11/24,4.0,4,4.0,0.0,Stable,39,39,2026-01-22,2
2026,Texas,SEC,12/1,2.0,2,4.0,2.0,Rising,40,40,2026-01-09,2
2026,Texas,SEC,12/1,2.0,2,2.0,0.0,Stable,41,41,2026-01-10,2
2026,Texas,SEC,12/1,2.0,2,2.0,0.0,Stable,42,42,2026-01-12,2
2026,Texas,SEC,12/1,2.0,2,2.0,0.0,Stable,43,43,2026-01-13,2
2026,Texas,SEC,12/1,2.0,2,2.0,0.0,Stable,44,44,2026-01-17,2
2026,Texas,SEC,12/1,2.0,2,2.0,0.0,Stable,45,45,2026-01-20,2
2026,Texas,SEC,12/1,2.0,2,2.0,0.0,Stable,46,46,2026-01-22,2
2026,Texas,SEC,12/1,2.0,2,2.0,0.0,Stable,47,47,2026-01-22,2
2026,Texas,SEC,12/15,2.0,2,2.0,0.0,Stable,48,48,2026-01-09,2
2026,Texas,SEC,12/15,2.0,2,2.0,0.0,Stable,49,49,2026-01-10,2
2026,Texas,SEC,12/15,2.0,2,2.0,0.0,Stable,50,50,2026-01-12,2
2026,Texas,SEC,12/15,2.0,2,2.0,0.0,Stable,51,51,2026-01-13,2
2026,Texas,SEC,12/15,2.0,2,2.0,0.0,Stable,52,52,2026-01-17,2
2026,Texas,SEC,12/15,2.0,2,2.0,0.0,Stable,53,53,2026-01-20,2
2026,Texas,SEC,12/15,2.0,2,2.0,0.0,Stable,54,54,2026-01-22,2
2026,Texas,SEC,12/15,2.0,2,2.0,0.0,Stable,55,55,2026-01-22,2
2026,Texas,SEC,12/22,2.0,2,2.0,0.0,Stable,56,56,2026-01-09,2
2026,Texas,SEC,12/22,2.0,2,2.0,0.0,Stable,57,57,2026-01-10,2
2026,Texas,SEC,12/22,2.0,2,2.0,0.0,Stable,58,58,2026-01-12,2
2026,Texas,SEC,12/22,2.0,2,2.0,0.0,Stable,59,59,2026-01-13,2
2026,Texas,SEC,12/22,2.0,2,2.0,0.0,Stable,60,60,2026-01-17,2
2026,Texas,SEC,12/22,2.0,2,2.0,0.0,Stable,61,61,2026-01-20,2
2026,Texas,SEC,12/22,2.0,2,2.0,0.0,Stable,62,62,2026-01-22,2
2026,Texas,SEC,12/22,2.0,2,2.0,0.0,Stable,63,63,2026-01-22,2
2026,Texas,SEC,12/8,2.0,2,2.0,0.0,Stable,64,64,2026-01-09,2
2026,Texas,SEC,12/8,2.0,2,2.0,0.0,Stable,65,65,2026-01-10,2
2026,Texas,SEC,12/8,2.0,2,2.0,0.0,Stable,66,66,2026-01-12,2
2026,Texas,SEC,12/8,2.0,2,2.0,0.0,Stable,67,67,2026-01-13,2
2026,Texas,SEC,12/8,2.0,2,2.0,0.0,Stable,68,68,2026-01-17,2
2026,Texas,SEC,12/8,2.0,2,2.0,0.0,Stable,69,69,2026-01-20,2
2026,Texas,SEC,12/8,2.0,2,2.0,0.0,Stable,70,70,2026-01-22,2
2026,Texas,SEC,12/8,2.0,2,2.0,0.0,Stable,71,71,2026-01-22,2
2026,Texas,SEC,Pre,4.0,4,2.0,-2.0,Falling,72,72,2026-01-09,2
2026,Texas,SEC,Pre,4.0,4,4.0,0.0,Stable,73,73,2026-01-10,2
2026,Texas,SEC,Pre,4.0,4,4.0,0.0,Stable,74,74,2026-01-12,2
2026,Texas,SEC,Pre,4.0,4,4.0,0.0,Stable,75,75,2026-01-13,2
2026,Texas,SEC,Pre,4.0,4,4.0,0.0,Stable,76,76,2026-01-17,2
2026,Texas,SEC,Pre,4.0,4,4.0,0.0,Stable,77,77,2026-01-20,2
2026,Texas,SEC,Pre,4.0,4,4.0,0.0,Stable,78,78,2026-01-22,2
2026,Texas,SEC,Pre,4.0,4,4.0,0.0,Stable,79,79,2026-01-22,2
2026,Texas Tech,Big 12,1/12,17.0,17,,,Unknown,1,1,2026-01-13,2
2026,Texas Tech,Big 12,1/12,17.0,17,17.0,0.0,Stable,2,2,2026-01-17,2
2026,Texas Tech,Big 12,1/12,17.0,17,17.0,0.0,Stable,3,3,2026-01-20,2
2026,Texas Tech,Big 12,1/12,17.0,17,17.0,0.0,Stable,4,4,2026-01-22,2
2026,Texas Tech,Big 12,1/12,17.0,17,17.0,0.0,Stable,5,5,2026-01-22,2
2026,Texas Tech,Big 12,1/19,19.0,19,17.0,-2.0,Falling,6,6,2026-01-22,2
2026,Texas Tech,Big 12,1/19,19.0,19,19.0,0.0,Stable,7,7,2026-01-22,2
2026,Texas Tech,Big 12,1/5,17.0,17,19.0,2.0,Rising,8,8,2026-01-09,2
2026,Texas Tech,Big 12,1/5,17.0,17,17.0,0.0,Stable,9,9,2026-01-10,2
2026,Texas Tech,Big 12,1/5,17.0,17,17.0,0.0,Stable,10,10,2026-01-12,2
2026,Texas Tech,Big 12,1/5,17.0,17,17.0,0.0,Stable,11,11,2026-01-13,2
2026,Texas Tech,Big 12,1/5,17.0,17,17.0,0.0,Stable,12,12,2026-01-17,2
2026,Texas Tech,Big 12,1/5,17.0,17,17.0,0.0,Stable,13,13,2026-01-20,2
2026,Texas Tech,Big 12,1/5,17.0,17,17.0,0.0,Stable,14,14,2026-01-22,2
2026,Texas Tech,Big 12,1/5,17.0,17,17.0,0.0,Stable,15,15,2026-01-22,2
2026,Texas Tech,Big 12,11/10,,26,17.0,-9.0,Dropped,15,0,2026-01-09,2
2026,Texas Tech,Big 12,11/10,,26,26.0,0.0,Unranked,15,0,2026-01-10,2
2026,Texas Tech,Big 12,11/10,,26,26.0,0.0,Unranked,15,0,2026-01-12,2
2026,Texas Tech,Big 12,11/10,,26,26.0,0.0,Unranked,15,0,2026-01-13,2
2026,Texas Tech,Big 12,11/10,,26,26.0,0.0,Unranked,15,0,2026-01-17,2
2026,Texas Tech,Big 12,11/10,,26,26.0,0.0,Unranked,15,0,2026-01-20,2
2026,Texas Tech,Big 12,11/10,,26,26.0,0.0,Unranked,15,0,2026-01-22,2
2026,Texas Tech,Big 12,11/10,,26,26.0,0.0,Unranked,15,0,2026-01-22,2
2026,Texas Tech,Big 12,11/17,,26,26.0,0.0,Unranked,15,0,2026-01-09,2
2026,Texas Tech,Big 12,11/17,,26,26.0,0.0,Unranked,15,0,2026-01-10,2
2026,Texas Tech,Big 12,11/17,,26,26.0,0.0,Unranked,15,0,2026-01-12,2
2026,Texas Tech,Big 12,11/17,,26,26.0,0.0,Unranked,15,0,2026-01-13,2
2026,Texas Tech,Big 12,11/17,,26,26.0,0.0,Unranked,15,0,2026-01-17,2
2026,Texas Tech,Big 12,11/17,,26,26.0,0.0,Unranked,15,0,2026-01-20,2
2026,Texas Tech,Big 12,11/17,,26,26.0,0.0,Unranked,15,0,2026-01-22,2
2026,Texas Tech,Big 12,11/17,,26,26.0,0.0,Unranked,15,0,2026-01-22,2
2026,Texas Tech,Big 12,11/24,,26,26.0,0.0,Unranked,15,0,2026-01-09,2
2026,Texas Tech,Big 12,11/24,,26,26.0,0.0,Unranked,15,0,2026-01-10,2
2026,Texas Tech,Big 12,11/24,,26,26.0,0.0,Unranked,15,0,2026-01-12,2
2026,Texas Tech,Big 12,11/24,,26,26.0,0.0,Unranked,15,0,2026-01-13,2
2026,Texas Tech,Big 12,11/24,,26,26.0,0.0,Unranked,15,0,2026-01-17,2
2026,Texas Tech,Big 12,11/24,,26,26.0,0.0,Unranked,15,0,2026-01-20,2
2026,Texas Tech,Big 12,11/24,,26,26.0,0.0,Unranked,15,0,2026-01-22,2
2026,Texas Tech,Big 12,11/24,,26,26.0,0.0,Unranked,15,0,2026-01-22,2
2026,Texas Tech,Big 12,12/1,,26,26.0,0.0,Unranked,15,0,2026-01-09,2
2026,Texas Tech,Big 12,12/1,,26,26.0,0.0,Unranked,15,0,2026-01-10,2
2026,Texas Tech,Big 12,12/1,,26,26.0,0.0,Unranked,15,0,2026-01-12,2
2026,Texas Tech,Big 12,12/1,,26,26.0,0.0,Unranked,15,0,2026-01-13,2
2026,Texas Tech,Big 12,12/1,,26,26.0,0.0,Unranked,15,0,2026-01-17,2
2026,Texas Tech,Big 12,12/1,,26,26.0,0.0,Unranked,15,0,2026-01-20,2
2026,Texas Tech,Big 12,12/1,,26,26.0,0.0,Unranked,15,0,2026-01-22,2
2026,Texas Tech,Big 12,12/1,,26,26.0,0.0,Unranked,15,0,2026-01-22,2
2026,Texas Tech,Big 12,12/15,,26,26.0,0.0,Unranked,15,0,2026-01-09,2
2026,Texas Tech,Big 12,12/15,,26,26.0,0.0,Unranked,15,0,2026-01-10,2
2026,Texas Tech,Big 12,12/15,,26,26.0,0.0,Unranked,15,0,2026-01-12,2
2026,Texas Tech,Big 12,12/15,,26,26.0,0.0,Unranked,15,0,2026-01-13,2
2026,Texas Tech,Big 12,12/15,,26,26.0,0.0,Unranked,15,0,2026-01-17,2
2026,Texas Tech,Big 12,12/15,,26,26.0,0.0,Unranked,15,0,2026-01-20,2
2026,Texas Tech,Big 12,12/15,,26,26.0,0.0,Unranked,15,0,2026-01-22,2
2026,Texas Tech,Big 12,12/15,,26,26.0,0.0,Unranked,15,0,2026-01-22,2
2026,Texas Tech,Big 12,12/22,21.0,21,26.0,5.0,New,16,1,2026-01-09,2
2026,Texas Tech,Big 12,12/22,21.0,21,21.0,0.0,Stable,17,2,2026-01-10,2
2026,Texas Tech,Big 12,12/22,21.0,21,21.0,0.0,Stable,18,3,2026-01-12,2
2026,Texas Tech,Big 12,12/22,21.0,21,21.0,0.0,Stable,19,4,2026-01-13,2
2026,Texas Tech,Big 12,12/22,21.0,21,21.0,0.0,Stable,20,5,2026-01-17,2
2026,Texas Tech,Big 12,12/22,21.0,21,21.0,0.0,Stable,21,6,2026-01-20,2
2026,Texas Tech,Big 12,12/22,21.0,21,21.0,0.0,Stable,22,7,2026-01-22,2
2026,Texas Tech,Big 12,12/22,21.0,21,21.0,0.0,Stable,23,8,2026-01-22,2
2026,Texas Tech,Big 12,12/8,,26,21.0,-5.0,Dropped,23,0,2026-01-09,2
2026,Texas Tech,Big 12,12/8,,26,26.0,0.0,Unranked,23,0,2026-01-10,2
2026,Texas Tech,Big 12,12/8,,26,26.0,0.0,Unranked,23,0,2026-01-12,2
2026,Texas Tech,Big 12,12/8,,26,26.0,0.0,Unranked,23,0,2026-01-13,2
2026,Texas Tech,Big 12,12/8,,26,26.0,0.0,Unranked,23,0,2026-01-17,2
2026,Texas Tech,Big 12,12/8,,26,26.0,0.0,Unranked,23,0,2026-01-20,2
2026,Texas Tech,Big 12,12/8,,26,26.0,0.0,Unranked,23,0,2026-01-22,2
2026,Texas Tech,Big 12,12/8,,26,26.0,0.0,Unranked,23,0,2026-01-22,2
2026,Texas Tech,Big 12,Pre,,26,26.0,0.0,Unranked,23,0,2026-01-09,2
2026,Texas Tech,Big 12,Pre,,26,26.0,0.0,Unranked,23,0,2026-01-10,2
2026,Texas Tech,Big 12,Pre,,26,26.0,0.0,Unranked,23,0,2026-01-12,2
2026,Texas Tech,Big 12,Pre,,26,26.0,0.0,Unranked,23,0,2026-01-13,2
2026,Texas Tech,Big 12,Pre,,26,26.0,0.0,Unranked,23,0,2026-01-17,2
2026,Texas Tech,Big 12,Pre,,26,26.0,0.0,Unranked,23,0,2026-01-20,2
2026,Texas Tech,Big 12,Pre,,26,26.0,0.0,Unranked,23,0,2026-01-22,2
2026,Texas Tech,Big 12,Pre,,26,26.0,0.0,Unranked,23,0,2026-01-22,2
2026,UCLA,Big Ten,1/12,3.0,3,,,Unknown,1,1,2026-01-13,2
2026,UCLA,Big Ten,1/12,3.0,3,3.0,0.0,Stable,2,2,2026-01-17,2
2026,UCLA,Big Ten,1/12,3.0,3,3.0,0.0,Stable,3,3,2026-01-20,2
2026,UCLA,Big Ten,1/12,3.0,3,3.0,0.0,Stable,4,4,2026-01-22,2
2026,UCLA,Big Ten,1/12,3.0,3,3.0,0.0,Stable,5,5,2026-01-22,2
2026,UCLA,Big Ten,1/19,3.0,3,3.0,0.0,Stable,6,6,2026-01-22,2
2026,UCLA,Big Ten,1/19,3.0,3,3.0,0.0,Stable,7,7,2026-01-22,2
2026,UCLA,Big Ten,1/5,4.0,4,3.0,-1.0,Falling,8,8,2026-01-09,2
2026,UCLA,Big Ten,1/5,4.0,4,4.0,0.0,Stable,9,9,2026-01-10,2
2026,UCLA,Big Ten,1/5,4.0,4,4.0,0.0,Stable,10,10,2026-01-12,2
2026,UCLA,Big Ten,1/5,4.0,4,4.0,0.0,Stable,11,11,2026-01-13,2
2026,UCLA,Big Ten,1/5,4.0,4,4.0,0.0,Stable,12,12,2026-01-17,2
2026,UCLA,Big Ten,1/5,4.0,4,4.0,0.0,Stable,13,13,2026-01-20,2
2026,UCLA,Big Ten,1/5,4.0,4,4.0,0.0,Stable,14,14,2026-01-22,2
2026,UCLA,Big Ten,1/5,4.0,4,4.0,0.0,Stable,15,15,2026-01-22,2
2026,UCLA,Big Ten,11/10,3.0,3,4.0,1.0,Rising,16,16,2026-01-09,2
2026,UCLA,Big Ten,11/10,3.0,3,3.0,0.0,Stable,17,17,2026-01-10,2
2026,UCLA,Big Ten,11/10,3.0,3,3.0,0.0,Stable,18,18,2026-01-12,2
2026,UCLA,Big Ten,11/10,3.0,3,3.0,0.0,Stable,19,19,2026-01-13,2
2026,UCLA,Big Ten,11/10,3.0,3,3.0,0.0,Stable,20,20,2026-01-17,2
2026,UCLA,Big Ten,11/10,3.0,3,3.0,0.0,Stable,21,21,2026-01-20,2
2026,UCLA,Big Ten,11/10,3.0,3,3.0,0.0,Stable,22,22,2026-01-22,2
2026,UCLA,Big Ten,11/10,3.0,3,3.0,0.0,Stable,23,23,2026-01-22,2
2026,UCLA,Big Ten,11/17,3.0,3,3.0,0.0,Stable,24,24,2026-01-09,2
2026,UCLA,Big Ten,11/17,3.0,3,3.0,0.0,Stable,25,25,2026-01-10,2
2026,UCLA,Big Ten,11/17,3.0,3,3.0,0.0,Stable,26,26,2026-01-12,2
2026,UCLA,Big Ten,11/17,3.0,3,3.0,0.0,Stable,27,27,2026-01-13,2
2026,UCLA,Big Ten,11/17,3.0,3,3.0,0.0,Stable,28,28,2026-01-17,2
2026,UCLA,Big Ten,11/17,3.0,3,3.0,0.0,Stable,29,29,2026-01-20,2
2026,UCLA,Big Ten,11/17,3.0,3,3.0,0.0,Stable,30,30,2026-01-22,2
2026,UCLA,Big Ten,11/17,3.0,3,3.0,0.0,Stable,31,31,2026-01-22,2
2026,UCLA,Big Ten,11/24,3.0,3,3.0,0.0,Stable,32,32,2026-01-09,2
2026,UCLA,Big Ten,11/24,3.0,3,3.0,0.0,Stable,33,33,2026-01-10,2
2026,UCLA,Big Ten,11/24,3.0,3,3.0,0.0,Stable,34,34,2026-01-12,2
2026,UCLA,Big Ten,11/24,3.0,3,3.0,0.0,Stable,35,35,2026-01-13,2
2026,UCLA,Big Ten,11/24,3.0,3,3.0,0.0,Stable,36,36,2026-01-17,2
2026,UCLA,Big Ten,11/24,3.0,3,3.0,0.0,Stable,37,37,2026-01-20,2
2026,UCLA,Big Ten,11/24,3.0,3,3.0,0.0,Stable,38,38,2026-01-22,2
2026,UCLA,Big Ten,11/24,3.0,3,3.0,0.0,Stable,39,39,2026-01-22,2
2026,UCLA,Big Ten,12/1,4.0,4,3.0,-1.0,Falling,40,40,2026-01-09,2
2026,UCLA,Big Ten,12/1,4.0,4,4.0,0.0,Stable,41,41,2026-01-10,2
2026,UCLA,Big Ten,12/1,4.0,4,4.0,0.0,Stable,42,42,2026-01-12,2
2026,UCLA,Big Ten,12/1,4.0,4,4.0,0.0,Stable,43,43,2026-01-13,2
2026,UCLA,Big Ten,12/1,4.0,4,4.0,0.0,Stable,44,44,2026-01-17,2
2026,UCLA,Big Ten,12/1,4.0,4,4.0,0.0,Stable,45,45,2026-01-20,2
2026,UCLA,Big Ten,12/1,4.0,4,4.0,0.0,Stable,46,46,2026-01-22,2
2026,UCLA,Big Ten,12/1,4.0,4,4.0,0.0,Stable,47,47,2026-01-22,2
2026,UCLA,Big Ten,12/15,4.0,4,4.0,0.0,Stable,48,48,2026-01-09,2
2026,UCLA,Big Ten,12/15,4.0,4,4.0,0.0,Stable,49,49,2026-01-10,2
2026,UCLA,Big Ten,12/15,4.0,4,4.0,0.0,Stable,50,50,2026-01-12,2
2026,UCLA,Big Ten,12/15,4.0,4,4.0,0.0,Stable,51,51,2026-01-13,2
2026,UCLA,Big Ten,12/15,4.0,4,4.0,0.0,Stable,52,52,2026-01-17,2
2026,UCLA,Big Ten,12/15,4.0,4,4.0,0.0,Stable,53,53,2026-01-20,2
2026,UCLA,Big Ten,12/15,4.0,4,4.0,0.0,Stable,54,54,2026-01-22,2
2026,UCLA,Big Ten,12/15,4.0,4,4.0,0.0,Stable,55,55,2026-01-22,2
2026,UCLA,Big Ten,12/22,4.0,4,4.0,0.0,Stable,56,56,2026-01-09,2
2026,UCLA,Big Ten,12/22,4.0,4,4.0,0.0,Stable,57,57,2026-01-10,2
2026,UCLA,Big Ten,12/22,4.0,4,4.0,0.0,Stable,58,58,2026-01-12,2
2026,UCLA,Big Ten,12/22,4.0,4,4.0,0.0,Stable,59,59,2026-01-13,2
2026,UCLA,Big Ten,12/22,4.0,4,4.0,0.0,Stable,60,60,2026-01-17,2
2026,UCLA,Big Ten,12/22,4.0,4,4.0,0.0,Stable,61,61,2026-01-20,2
2026,UCLA,Big Ten,12/22,4.0,4,4.0,0.0,Stable,62,62,2026-01-22,2
2026,UCLA,Big Ten,12/22,4.0,4,4.0,0.0,Stable,63,63,2026-01-22,2
2026,UCLA,Big Ten,12/8,4.0,4,4.0,0.0,Stable,64,64,2026-01-09,2
2026,UCLA,Big Ten,12/8,4.0,4,4.0,0.0,Stable,65,65,2026-01-10,2
2026,UCLA,Big Ten,12/8,4.0,4,4.0,0.0,Stable,66,66,2026-01-12,2
2026,UCLA,Big Ten,12/8,4.0,4,4.0,0.0,Stable,67,67,2026-01-13,2
2026,UCLA,Big Ten,12/8,4.0,4,4.0,0.0,Stable,68,68,2026-01-17,2
2026,UCLA,Big Ten,12/8,4.0,4,4.0,0.0,Stable,69,69,2026-01-20,2
2026,UCLA,Big Ten,12/8,4.0,4,4.0,0.0,Stable,70,70,2026-01-22,2
2026,UCLA,Big Ten,12/8,4.0,4,4.0,0.0,Stable,71,71,2026-01-22,2
2026,UCLA,Big Ten,Pre,3.0,3,4.0,1.0,Rising,72,72,2026-01-09,2
2026,UCLA,Big Ten,Pre,3.0,3,3.0,0.0,Stable,73,73,2026-01-10,2
2026,UCLA,Big Ten,Pre,3.0,3,3.0,0.0,Stable,74,74,2026-01-12,2
2026,UCLA,Big Ten,Pre,3.0,3,3.0,0.0,Stable,75,75,2026-01-13,2
2026,UCLA,Big Ten,Pre,3.0,3,3.0,0.0,Stable,76,76,2026-01-17,2
2026,UCLA,Big Ten,Pre,3.0,3,3.0,0.0,Stable,77,77,2026-01-20,2
2026,UCLA,Big Ten,Pre,3.0,3,3.0,0.0,Stable,78,78,2026-01-22,2
2026,UCLA,Big Ten,Pre,3.0,3,3.0,0.0,Stable,79,79,2026-01-22,2
2026,UConn,Big East,1/12,1.0,1,,,Unknown,1,1,2026-01-13,2
2026,UConn,Big East,1/12,1.0,1,1.0,0.0,Stable,2,2,2026-01-17,2
2026,UConn,Big East,1/12,1.0,1,1.0,0.0,Stable,3,3,2026-01-20,2
2026,UConn,Big East,1/12,1.0,1,1.0,0.0,Stable,4,4,2026-01-22,2
2026,UConn,Big East,1/12,1.0,1,1.0,0.0,Stable,5,5,2026-01-22,2
2026,UConn,Big East,1/19,1.0,1,1.0,0.0,Stable,6,6,2026-01-22,2
2026,UConn,Big East,1/19,1.0,1,1.0,0.0,Stable,7,7,2026-01-22,2
2026,UConn,Big East,1/5,1.0,1,1.0,0.0,Stable,8,8,2026-01-09,2
2026,UConn,Big East,1/5,1.0,1,1.0,0.0,Stable,9,9,2026-01-10,2
2026,UConn,Big East,1/5,1.0,1,1.0,0.0,Stable,10,10,2026-01-12,2
2026,UConn,Big East,1/5,1.0,1,1.0,0.0,Stable,11,11,2026-01-13,2
2026,UConn,Big East,1/5,1.0,1,1.0,0.0,Stable,12,12,2026-01-17,2
2026,UConn,Big East,1/5,1.0,1,1.0,0.0,Stable,13,13,2026-01-20,2
2026,UConn,Big East,1/5,1.0,1,1.0,0.0,Stable,14,14,2026-01-22,2
2026,UConn,Big East,1/5,1.0,1,1.0,0.0,Stable,15,15,2026-01-22,2
2026,UConn,Big East,11/10,1.0,1,1.0,0.0,Stable,16,16,2026-01-09,2
2026,UConn,Big East,11/10,1.0,1,1.0,0.0,Stable,17,17,2026-01-10,2
2026,UConn,Big East,11/10,1.0,1,1.0,0.0,Stable,18,18,2026-01-12,2
2026,UConn,Big East,11/10,1.0,1,1.0,0.0,Stable,19,19,2026-01-13,2
2026,UConn,Big East,11/10,1.0,1,1.0,0.0,Stable,20,20,2026-01-17,2
2026,UConn,Big East,11/10,1.0,1,1.0,0.0,Stable,21,21,2026-01-20,2
2026,UConn,Big East,11/10,1.0,1,1.0,0.0,Stable,22,22,2026-01-22,2
2026,UConn,Big East,11/10,1.0,1,1.0,0.0,Stable,23,23,2026-01-22,2
2026,UConn,Big East,11/17,1.0,1,1.0,0.0,Stable,24,24,2026-01-09,2
2026,UConn,Big East,11/17,1.0,1,1.0,0.0,Stable,25,25,2026-01-10,2
2026,UConn,Big East,11/17,1.0,1,1.0,0.0,Stable,26,26,2026-01-12,2
2026,UConn,Big East,11/17,1.0,1,1.0,0.0,Stable,27,27,2026-01-13,2
2026,UConn,Big East,11/17,1.0,1,1.0,0.0,Stable,28,28,2026-01-17,2
2026,UConn,Big East,11/17,1.0,1,1.0,0.0,Stable,29,29,2026-01-20,2
2026,UConn,Big East,11/17,1.0,1,1.0,0.0,Stable,30,30,2026-01-22,2
2026,UConn,Big East,11/17,1.0,1,1.0,0.0,Stable,31,31,2026-01-22,2
2026,UConn,Big East,11/24,1.0,1,1.0,0.0,Stable,32,32,2026-01-09,2
2026,UConn,Big East,11/24,1.0,1,1.0,0.0,Stable,33,33,2026-01-10,2
2026,UConn,Big East,11/24,1.0,1,1.0,0.0,Stable,34,34,2026-01-12,2
2026,UConn,Big East,11/24,1.0,1,1.0,0.0,Stable,35,35,2026-01-13,2
2026,UConn,Big East,11/24,1.0,1,1.0,0.0,Stable,36,36,2026-01-17,2
2026,UConn,Big East,11/24,1.0,1,1.0,0.0,Stable,37,37,2026-01-20,2
2026,UConn,Big East,11/24,1.0,1,1.0,0.0,Stable,38,38,2026-01-22,2
2026,UConn,Big East,11/24,1.0,1,1.0,0.0,Stable,39,39,2026-01-22,2
2026,UConn,Big East,12/1,1.0,1,1.0,0.0,Stable,40,40,2026-01-09,2
2026,UConn,Big East,12/1,1.0,1,1.0,0.0,Stable,41,41,2026-01-10,2
2026,UConn,Big East,12/1,1.0,1,1.0,0.0,Stable,42,42,2026-01-12,2
2026,UConn,Big East,12/1,1.0,1,1.0,0.0,Stable,43,43,2026-01-13,2
2026,UConn,Big East,12/1,1.0,1,1.0,0.0,Stable,44,44,2026-01-17,2
2026,UConn,Big East,12/1,1.0,1,1.0,0.0,Stable,45,45,2026-01-20,2
2026,UConn,Big East,12/1,1.0,1,1.0,0.0,Stable,46,46,2026-01-22,2
2026,UConn,Big East,12/1,1.0,1,1.0,0.0,Stable,47,47,2026-01-22,2
2026,UConn,Big East,12/15,1.0,1,1.0,0.0,Stable,48,48,2026-01-09,2
2026,UConn,Big East,12/15,1.0,1,1.0,0.0,Stable,49,49,2026-01-10,2
2026,UConn,Big East,12/15,1.0,1,1.0,0.0,Stable,50,50,2026-01-12,2
2026,UConn,Big East,12/15,1.0,1,1.0,0.0,Stable,51,51,2026-01-13,2
2026,UConn,Big East,12/15,1.0,1,1.0,0.0,Stable,52,52,2026-01-17,2
2026,UConn,Big East,12/15,1.0,1,1.0,0.0,Stable,53,53,2026-01-20,2
2026,UConn,Big East,12/15,1.0,1,1.0,0.0,Stable,54,54,2026-01-22,2
2026,UConn,Big East,12/15,1.0,1,1.0,0.0,Stable,55,55,2026-01-22,2
2026,UConn,Big East,12/22,1.0,1,1.0,0.0,Stable,56,56,2026-01-09,2
2026,UConn,Big East,12/22,1.0,1,1.0,0.0,Stable,57,57,2026-01-10,2
2026,UConn,Big East,12/22,1.0,1,1.0,0.0,Stable,58,58,2026-01-12,2
2026,UConn,Big East,12/22,1.0,1,1.0,0.0,Stable,59,59,2026-01-13,2
2026,UConn,Big East,12/22,1.0,1,1.0,0.0,Stable,60,60,2026-01-17,2
2026,UConn,Big East,12/22,1.0,1,1.0,0.0,Stable,61,61,2026-01-20,2
2026,UConn,Big East,12/22,1.0,1,1.0,0.0,Stable,62,62,2026-01-22,2
2026,UConn,Big East,12/22,1.0,1,1.0,0.0,Stable,63,63,2026-01-22,2
2026,UConn,Big East,12/8,1.0,1,1.0,0.0,Stable,64,64,2026-01-09,2
2026,UConn,Big East,12/8,1.0,1,1.0,0.0,Stable,65,65,2026-01-10,2
2026,UConn,Big East,12/8,1.0,1,1.0,0.0,Stable,66,66,2026-01-12,2
2026,UConn,Big East,12/8,1.0,1,1.0,0.0,Stable,67,67,2026-01-13,2
2026,UConn,Big East,12/8,1.0,1,1.0,0.0,Stable,68,68,2026-01-17,2
2026,UConn,Big East,12/8,1.0,1,1.0,0.0,Stable,69,69,2026-01-20,2
2026,UConn,Big East,12/8,1.0,1,1.0,0.0,Stable,70,70,2026-01-22,2
2026,UConn,Big East,12/8,1.0,1,1.0,0.0,Stable,71,71,2026-01-22,2
2026,UConn,Big East,Pre,1.0,1,1.0,0.0,Stable,72,72,2026-01-09,2
2026,UConn,Big East,Pre,1.0,1,1.0,0.0,Stable,73,73,2026-01-10,2
2026,UConn,Big East,Pre,1.0,1,1.0,0.0,Stable,74,74,2026-01-12,2
2026,UConn,Big East,Pre,1.0,1,1.0,0.0,Stable,75,75,2026-01-13,2
2026,UConn,Big East,Pre,1.0,1,1.0,0.0,Stable,76,76,2026-01-17,2
2026,UConn,Big East,Pre,1.0,1,1.0,0.0,Stable,77,77,2026-01-20,2
2026,UConn,Big East,Pre,1.0,1,1.0,0.0,Stable,78,78,2026-01-22,2
2026,UConn,Big East,Pre,1.0,1,1.0,0.0,Stable,79,79,2026-01-22,2
2026,UNC,ACC,1/12,,26,,,Unknown,0,0,2026-01-13,2
2026,UNC,ACC,1/12,,26,26.0,0.0,Unranked,0,0,2026-01-17,2
2026,UNC,ACC,1/12,,26,26.0,0.0,Unranked,0,0,2026-01-20,2
2026,UNC,ACC,1/12,,26,26.0,0.0,Unranked,0,0,2026-01-22,2
2026,UNC,ACC,1/12,,26,26.0,0.0,Unranked,0,0,2026-01-22,2
2026,UNC,ACC,1/19,,26,26.0,0.0,Unranked,0,0,2026-01-22,2
2026,UNC,ACC,1/19,,26,26.0,0.0,Unranked,0,0,2026-01-22,2
2026,UNC,ACC,1/5,22.0,22,26.0,4.0,New,1,1,2026-01-09,2
2026,UNC,ACC,1/5,22.0,22,22.0,0.0,Stable,2,2,2026-01-10,2
2026,UNC,ACC,1/5,22.0,22,22.0,0.0,Stable,3,3,2026-01-12,2
2026,UNC,ACC,1/5,22.0,22,22.0,0.0,Stable,4,4,2026-01-13,2
2026,UNC,ACC,1/5,22.0,22,22.0,0.0,Stable,5,5,2026-01-17,2
2026,UNC,ACC,1/5,22.0,22,22.0,0.0,Stable,6,6,2026-01-20,2
2026,UNC,ACC,1/5,22.0,22,22.0,0.0,Stable,7,7,2026-01-22,2
2026,UNC,ACC,1/5,22.0,22,22.0,0.0,Stable,8,8,2026-01-22,2
2026,UNC,ACC,11/10,11.0,11,22.0,11.0,Rising,9,9,2026-01-09,2
2026,UNC,ACC,11/10,11.0,11,11.0,0.0,Stable,10,10,2026-01-10,2
2026,UNC,ACC,11/10,11.0,11,11.0,0.0,Stable,11,11,2026-01-12,2
2026,UNC,ACC,11/10,11.0,11,11.0,0.0,Stable,12,12,2026-01-13,2
2026,UNC,ACC,11/10,11.0,11,11.0,0.0,Stable,13,13,2026-01-17,2
2026,UNC,ACC,11/10,11.0,11,11.0,0.0,Stable,14,14,2026-01-20,2
2026,UNC,ACC,11/10,11.0,11,11.0,0.0,Stable,15,15,2026-01-22,2
2026,UNC,ACC,11/10,11.0,11,11.0,0.0,Stable,16,16,2026-01-22,2
2026,UNC,ACC,11/17,14.0,14,11.0,-3.0,Falling,17,17,2026-01-09,2
2026,UNC,ACC,11/17,14.0,14,14.0,0.0,Stable,18,18,2026-01-10,2
2026,UNC,ACC,11/17,14.0,14,14.0,0.0,Stable,19,19,2026-01-12,2
2026,UNC,ACC,11/17,14.0,14,14.0,0.0,Stable,20,20,2026-01-13,2
2026,UNC,ACC,11/17,14.0,14,14.0,0.0,Stable,21,21,2026-01-17,2
2026,UNC,ACC,11/17,14.0,14,14.0,0.0,Stable,22,22,2026-01-20,2
2026,UNC,ACC,11/17,14.0,14,14.0,0.0,Stable,23,23,2026-01-22,2
2026,UNC,ACC,11/17,14.0,14,14.0,0.0,Stable,24,24,2026-01-22,2
2026,UNC,ACC,11/24,12.0,12,14.0,2.0,Rising,25,25,2026-01-09,2
2026,UNC,ACC,11/24,12.0,12,12.0,0.0,Stable,26,26,2026-01-10,2
2026,UNC,ACC,11/24,12.0,12,12.0,0.0,Stable,27,27,2026-01-12,2
2026,UNC,ACC,11/24,12.0,12,12.0,0.0,Stable,28,28,2026-01-13,2
2026,UNC,ACC,11/24,12.0,12,12.0,0.0,Stable,29,29,2026-01-17,2
2026,UNC,ACC,11/24,12.0,12,12.0,0.0,Stable,30,30,2026-01-20,2
2026,UNC,ACC,11/24,12.0,12,12.0,0.0,Stable,31,31,2026-01-22,2
2026,UNC,ACC,11/24,12.0,12,12.0,0.0,Stable,32,32,2026-01-22,2
2026,UNC,ACC,12/1,11.0,11,12.0,1.0,Rising,33,33,2026-01-09,2
2026,UNC,ACC,12/1,11.0,11,11.0,0.0,Stable,34,34,2026-01-10,2
2026,UNC,ACC,12/1,11.0,11,11.0,0.0,Stable,35,35,2026-01-12,2
2026,UNC,ACC,12/1,11.0,11,11.0,0.0,Stable,36,36,2026-01-13,2
2026,UNC,ACC,12/1,11.0,11,11.0,0.0,Stable,37,37,2026-01-17,2
2026,UNC,ACC,12/1,11.0,11,11.0,0.0,Stable,38,38,2026-01-20,2
2026,UNC,ACC,12/1,11.0,11,11.0,0.0,Stable,39,39,2026-01-22,2
2026,UNC,ACC,12/1,11.0,11,11.0,0.0,Stable,40,40,2026-01-22,2
2026,UNC,ACC,12/15,18.0,18,11.0,-7.0,Falling,41,41,2026-01-09,2
2026,UNC,ACC,12/15,18.0,18,18.0,0.0,Stable,42,42,2026-01-10,2
2026,UNC,ACC,12/15,18.0,18,18.0,0.0,Stable,43,43,2026-01-12,2
2026,UNC,ACC,12/15,18.0,18,18.0,0.0,Stable,44,44,2026-01-13,2
2026,UNC,ACC,12/15,18.0,18,18.0,0.0,Stable,45,45,2026-01-17,2
2026,UNC,ACC,12/15,18.0,18,18.0,0.0,Stable,46,46,2026-01-20,2
2026,UNC,ACC,12/15,18.0,18,18.0,0.0,Stable,47,47,2026-01-22,2
2026,UNC,ACC,12/15,18.0,18,18.0,0.0,Stable,48,48,2026-01-22,2
2026,UNC,ACC,12/22,16.0,16,18.0,2.0,Rising,49,49,2026-01-09,2
2026,UNC,ACC,12/22,16.0,16,16.0,0.0,Stable,50,50,2026-01-10,2
2026,UNC,ACC,12/22,16.0,16,16.0,0.0,Stable,51,51,2026-01-12,2
2026,UNC,ACC,12/22,16.0,16,16.0,0.0,Stable,52,52,2026-01-13,2
2026,UNC,ACC,12/22,16.0,16,16.0,0.0,Stable,53,53,2026-01-17,2
2026,UNC,ACC,12/22,16.0,16,16.0,0.0,Stable,54,54,2026-01-20,2
2026,UNC,ACC,12/22,16.0,16,16.0,0.0,Stable,55,55,2026-01-22,2
2026,UNC,ACC,12/22,16.0,16,16.0,0.0,Stable,56,56,2026-01-22,2
2026,UNC,ACC,12/8,12.0,12,16.0,4.0,Rising,57,57,2026-01-09,2
2026,UNC,ACC,12/8,12.0,12,12.0,0.0,Stable,58,58,2026-01-10,2
2026,UNC,ACC,12/8,12.0,12,12.0,0.0,Stable,59,59,2026-01-12,2
2026,UNC,ACC,12/8,12.0,12,12.0,0.0,Stable,60,60,2026-01-13,2
2026,UNC,ACC,12/8,12.0,12,12.0,0.0,Stable,61,61,2026-01-17,2
2026,UNC,ACC,12/8,12.0,12,12.0,0.0,Stable,62,62,2026-01-20,2
2026,UNC,ACC,12/8,12.0,12,12.0,0.0,Stable,63,63,2026-01-22,2
2026,UNC,ACC,12/8,12.0,12,12.0,0.0,Stable,64,64,2026-01-22,2
2026,UNC,ACC,Pre,11.0,11,12.0,1.0,Rising,65,65,2026-01-09,2
2026,UNC,ACC,Pre,11.0,11,11.0,0.0,Stable,66,66,2026-01-10,2
2026,UNC,ACC,Pre,11.0,11,11.0,0.0,Stable,67,67,2026-01-12,2
2026,UNC,ACC,Pre,11.0,11,11.0,0.0,Stable,68,68,2026-01-13,2
2026,UNC,ACC,Pre,11.0,11,11.0,0.0,Stable,69,69,2026-01-17,2
2026,UNC,ACC,Pre,11.0,11,11.0,0.0,Stable,70,70,2026-01-20,2
2026,UNC,ACC,Pre,11.0,11,11.0,0.0,Stable,71,71,2026-01-22,2
2026,UNC,ACC,Pre,11.0,11,11.0,0.0,Stable,72,72,2026-01-22,2
2026,USC,Big Ten,1/12,,26,,,Unknown,0,0,2026-01-13,2
2026,USC,Big Ten,1/12,,26,26.0,0.0,Unranked,0,0,2026-01-17,2
2026,USC,Big Ten,1/12,,26,26.0,0.0,Unranked,0,0,2026-01-20,2
2026,USC,Big Ten,1/12,,26,26.0,0.0,Unranked,0,0,2026-01-22,2
2026,USC,Big Ten,1/12,,26,26.0,0.0,Unranked,0,0,2026-01-22,2
2026,USC,Big Ten,1/19,,26,26.0,0.0,Unranked,0,0,2026-01-22,2
2026,USC,Big Ten,1/19,,26,26.0,0.0,Unranked,0,0,2026-01-22,2
2026,USC,Big Ten,1/5,21.0,21,26.0,5.0,New,1,1,2026-01-09,2
2026,USC,Big Ten,1/5,21.0,21,21.0,0.0,Stable,2,2,2026-01-10,2
2026,USC,Big Ten,1/5,21.0,21,21.0,0.0,Stable,3,3,2026-01-12,2
2026,USC,Big Ten,1/5,21.0,21,21.0,0.0,Stable,4,4,2026-01-13,2
2026,USC,Big Ten,1/5,21.0,21,21.0,0.0,Stable,5,5,2026-01-17,2
2026,USC,Big Ten,1/5,21.0,21,21.0,0.0,Stable,6,6,2026-01-20,2
2026,USC,Big Ten,1/5,21.0,21,21.0,0.0,Stable,7,7,2026-01-22,2
2026,USC,Big Ten,1/5,21.0,21,21.0,0.0,Stable,8,8,2026-01-22,2
2026,USC,Big Ten,11/10,8.0,8,21.0,13.0,Rising,9,9,2026-01-09,2
2026,USC,Big Ten,11/10,8.0,8,8.0,0.0,Stable,10,10,2026-01-10,2
2026,USC,Big Ten,11/10,8.0,8,8.0,0.0,Stable,11,11,2026-01-12,2
2026,USC,Big Ten,11/10,8.0,8,8.0,0.0,Stable,12,12,2026-01-13,2
2026,USC,Big Ten,11/10,8.0,8,8.0,0.0,Stable,13,13,2026-01-17,2
2026,USC,Big Ten,11/10,8.0,8,8.0,0.0,Stable,14,14,2026-01-20,2
2026,USC,Big Ten,11/10,8.0,8,8.0,0.0,Stable,15,15,2026-01-22,2
2026,USC,Big Ten,11/10,8.0,8,8.0,0.0,Stable,16,16,2026-01-22,2
2026,USC,Big Ten,11/17,11.0,11,8.0,-3.0,Falling,17,17,2026-01-09,2
2026,USC,Big Ten,11/17,11.0,11,11.0,0.0,Stable,18,18,2026-01-10,2
2026,USC,Big Ten,11/17,11.0,11,11.0,0.0,Stable,19,19,2026-01-12,2
2026,USC,Big Ten,11/17,11.0,11,11.0,0.0,Stable,20,20,2026-01-13,2
2026,USC,Big Ten,11/17,11.0,11,11.0,0.0,Stable,21,21,2026-01-17,2
2026,USC,Big Ten,11/17,11.0,11,11.0,0.0,Stable,22,22,2026-01-20,2
2026,USC,Big Ten,11/17,11.0,11,11.0,0.0,Stable,23,23,2026-01-22,2
2026,USC,Big Ten,11/17,11.0,11,11.0,0.0,Stable,24,24,2026-01-22,2
2026,USC,Big Ten,11/24,18.0,18,11.0,-7.0,Falling,25,25,2026-01-09,2
2026,USC,Big Ten,11/24,18.0,18,18.0,0.0,Stable,26,26,2026-01-10,2
2026,USC,Big Ten,11/24,18.0,18,18.0,0.0,Stable,27,27,2026-01-12,2
2026,USC,Big Ten,11/24,18.0,18,18.0,0.0,Stable,28,28,2026-01-13,2
2026,USC,Big Ten,11/24,18.0,18,18.0,0.0,Stable,29,29,2026-01-17,2
2026,USC,Big Ten,11/24,18.0,18,18.0,0.0,Stable,30,30,2026-01-20,2
2026,USC,Big Ten,11/24,18.0,18,18.0,0.0,Stable,31,31,2026-01-22,2
2026,USC,Big Ten,11/24,18.0,18,18.0,0.0,Stable,32,32,2026-01-22,2
2026,USC,Big Ten,12/1,16.0,16,18.0,2.0,Rising,33,33,2026-01-09,2
2026,USC,Big Ten,12/1,16.0,16,16.0,0.0,Stable,34,34,2026-01-10,2
2026,USC,Big Ten,12/1,16.0,16,16.0,0.0,Stable,35,35,2026-01-12,2
2026,USC,Big Ten,12/1,16.0,16,16.0,0.0,Stable,36,36,2026-01-13,2
2026,USC,Big Ten,12/1,16.0,16,16.0,0.0,Stable,37,37,2026-01-17,2
2026,USC,Big Ten,12/1,16.0,16,16.0,0.0,Stable,38,38,2026-01-20,2
2026,USC,Big Ten,12/1,16.0,16,16.0,0.0,Stable,39,39,2026-01-22,2
2026,USC,Big Ten,12/1,16.0,16,16.0,0.0,Stable,40,40,2026-01-22,2
2026,USC,Big Ten,12/15,19.0,19,16.0,-3.0,Falling,41,41,2026-01-09,2
2026,USC,Big Ten,12/15,19.0,19,19.0,0.0,Stable,42,42,2026-01-10,2
2026,USC,Big Ten,12/15,19.0,19,19.0,0.0,Stable,43,43,2026-01-12,2
2026,USC,Big Ten,12/15,19.0,19,19.0,0.0,Stable,44,44,2026-01-13,2
2026,USC,Big Ten,12/15,19.0,19,19.0,0.0,Stable,45,45,2026-01-17,2
2026,USC,Big Ten,12/15,19.0,19,19.0,0.0,Stable,46,46,2026-01-20,2
2026,USC,Big Ten,12/15,19.0,19,19.0,0.0,Stable,47,47,2026-01-22,2
2026,USC,Big Ten,12/15,19.0,19,19.0,0.0,Stable,48,48,2026-01-22,2
2026,USC,Big Ten,12/22,17.0,17,19.0,2.0,Rising,49,49,2026-01-09,2
2026,USC,Big Ten,12/22,17.0,17,17.0,0.0,Stable,50,50,2026-01-10,2
2026,USC,Big Ten,12/22,17.0,17,17.0,0.0,Stable,51,51,2026-01-12,2
2026,USC,Big Ten,12/22,17.0,17,17.0,0.0,Stable,52,52,2026-01-13,2
2026,USC,Big Ten,12/22,17.0,17,17.0,0.0,Stable,53,53,2026-01-17,2
2026,USC,Big Ten,12/22,17.0,17,17.0,0.0,Stable,54,54,2026-01-20,2
2026,USC,Big Ten,12/22,17.0,17,17.0,0.0,Stable,55,55,2026-01-22,2
2026,USC,Big Ten,12/22,17.0,17,17.0,0.0,Stable,56,56,2026-01-22,2
2026,USC,Big Ten,12/8,16.0,16,17.0,1.0,Rising,57,57,2026-01-09,2
2026,USC,Big Ten,12/8,16.0,16,16.0,0.0,Stable,58,58,2026-01-10,2
2026,USC,Big Ten,12/8,16.0,16,16.0,0.0,Stable,59,59,2026-01-12,2
2026,USC,Big Ten,12/8,16.0,16,16.0,0.0,Stable,60,60,2026-01-13,2
2026,USC,Big Ten,12/8,16.0,16,16.0,0.0,Stable,61,61,2026-01-17,2
2026,USC,Big Ten,12/8,16.0,16,16.0,0.0,Stable,62,62,2026-01-20,2
2026,USC,Big Ten,12/8,16.0,16,16.0,0.0,Stable,63,63,2026-01-22,2
2026,USC,Big Ten,12/8,16.0,16,16.0,0.0,Stable,64,64,2026-01-22,2
2026,USC,Big Ten,Pre,18.0,18,16.0,-2.0,Falling,65,65,2026-01-09,2
2026,USC,Big Ten,Pre,18.0,18,18.0,0.0,Stable,66,66,2026-01-10,2
2026,USC,Big Ten,Pre,18.0,18,18.0,0.0,Stable,67,67,2026-01-12,2
2026,USC,Big Ten,Pre,18.0,18,18.0,0.0,Stable,68,68,2026-01-13,2
2026,USC,Big Ten,Pre,18.0,18,18.0,0.0,Stable,69,69,2026-01-17,2
2026,USC,Big Ten,Pre,18.0,18,18.0,0.0,Stable,70,70,2026-01-20,2
2026,USC,Big Ten,Pre,18.0,18,18.0,0.0,Stable,71,71,2026-01-22,2
2026,USC,Big Ten,Pre,18.0,18,18.0,0.0,Stable,72,72,2026-01-22,2
2026,Vanderbilt,SEC,1/12,5.0,5,,,Unknown,1,1,2026-01-13,2
2026,Vanderbilt,SEC,1/12,5.0,5,5.0,0.0,Stable,2,2,2026-01-17,2
2026,Vanderbilt,SEC,1/12,5.0,5,5.0,0.0,Stable,3,3,2026-01-20,2
2026,Vanderbilt,SEC,1/12,5.0,5,5.0,0.0,Stable,4,4,2026-01-22,2
2026,Vanderbilt,SEC,1/12,5.0,5,5.0,0.0,Stable,5,5,2026-01-22,2
2026,Vanderbilt,SEC,1/19,5.0,5,5.0,0.0,Stable,6,6,2026-01-22,2
2026,Vanderbilt,SEC,1/19,5.0,5,5.0,0.0,Stable,7,7,2026-01-22,2
2026,Vanderbilt,SEC,1/5,7.0,7,5.0,-2.0,Falling,8,8,2026-01-09,2
2026,Vanderbilt,SEC,1/5,7.0,7,7.0,0.0,Stable,9,9,2026-01-10,2
2026,Vanderbilt,SEC,1/5,7.0,7,7.0,0.0,Stable,10,10,2026-01-12,2
2026,Vanderbilt,SEC,1/5,7.0,7,7.0,0.0,Stable,11,11,2026-01-13,2
2026,Vanderbilt,SEC,1/5,7.0,7,7.0,0.0,Stable,12,12,2026-01-17,2
2026,Vanderbilt,SEC,1/5,7.0,7,7.0,0.0,Stable,13,13,2026-01-20,2
2026,Vanderbilt,SEC,1/5,7.0,7,7.0,0.0,Stable,14,14,2026-01-22,2
2026,Vanderbilt,SEC,1/5,7.0,7,7.0,0.0,Stable,15,15,2026-01-22,2
2026,Vanderbilt,SEC,11/10,19.0,19,7.0,-12.0,Falling,16,16,2026-01-09,2
2026,Vanderbilt,SEC,11/10,19.0,19,19.0,0.0,Stable,17,17,2026-01-10,2
2026,Vanderbilt,SEC,11/10,19.0,19,19.0,0.0,Stable,18,18,2026-01-12,2
2026,Vanderbilt,SEC,11/10,19.0,19,19.0,0.0,Stable,19,19,2026-01-13,2
2026,Vanderbilt,SEC,11/10,19.0,19,19.0,0.0,Stable,20,20,2026-01-17,2
2026,Vanderbilt,SEC,11/10,19.0,19,19.0,0.0,Stable,21,21,2026-01-20,2
2026,Vanderbilt,SEC,11/10,19.0,19,19.0,0.0,Stable,22,22,2026-01-22,2
2026,Vanderbilt,SEC,11/10,19.0,19,19.0,0.0,Stable,23,23,2026-01-22,2
2026,Vanderbilt,SEC,11/17,17.0,17,19.0,2.0,Rising,24,24,2026-01-09,2
2026,Vanderbilt,SEC,11/17,17.0,17,17.0,0.0,Stable,25,25,2026-01-10,2
2026,Vanderbilt,SEC,11/17,17.0,17,17.0,0.0,Stable,26,26,2026-01-12,2
2026,Vanderbilt,SEC,11/17,17.0,17,17.0,0.0,Stable,27,27,2026-01-13,2
2026,Vanderbilt,SEC,11/17,17.0,17,17.0,0.0,Stable,28,28,2026-01-17,2
2026,Vanderbilt,SEC,11/17,17.0,17,17.0,0.0,Stable,29,29,2026-01-20,2
2026,Vanderbilt,SEC,11/17,17.0,17,17.0,0.0,Stable,30,30,2026-01-22,2
2026,Vanderbilt,SEC,11/17,17.0,17,17.0,0.0,Stable,31,31,2026-01-22,2
2026,Vanderbilt,SEC,11/24,17.0,17,17.0,0.0,Stable,32,32,2026-01-09,2
2026,Vanderbilt,SEC,11/24,17.0,17,17.0,0.0,Stable,33,33,2026-01-10,2
2026,Vanderbilt,SEC,11/24,17.0,17,17.0,0.0,Stable,34,34,2026-01-12,2
2026,Vanderbilt,SEC,11/24,17.0,17,17.0,0.0,Stable,35,35,2026-01-13,2
2026,Vanderbilt,SEC,11/24,17.0,17,17.0,0.0,Stable,36,36,2026-01-17,2
2026,Vanderbilt,SEC,11/24,17.0,17,17.0,0.0,Stable,37,37,2026-01-20,2
2026,Vanderbilt,SEC,11/24,17.0,17,17.0,0.0,Stable,38,38,2026-01-22,2
2026,Vanderbilt,SEC,11/24,17.0,17,17.0,0.0,Stable,39,39,2026-01-22,2
2026,Vanderbilt,SEC,12/1,15.0,15,17.0,2.0,Rising,40,40,2026-01-09,2
2026,Vanderbilt,SEC,12/1,15.0,15,15.0,0.0,Stable,41,41,2026-01-10,2
2026,Vanderbilt,SEC,12/1,15.0,15,15.0,0.0,Stable,42,42,2026-01-12,2
2026,Vanderbilt,SEC,12/1,15.0,15,15.0,0.0,Stable,43,43,2026-01-13,2
2026,Vanderbilt,SEC,12/1,15.0,15,15.0,0.0,Stable,44,44,2026-01-17,2
2026,Vanderbilt,SEC,12/1,15.0,15,15.0,0.0,Stable,45,45,2026-01-20,2
2026,Vanderbilt,SEC,12/1,15.0,15,15.0,0.0,Stable,46,46,2026-01-22,2
2026,Vanderbilt,SEC,12/1,15.0,15,15.0,0.0,Stable,47,47,2026-01-22,2
2026,Vanderbilt,SEC,12/15,13.0,13,15.0,2.0,Rising,48,48,2026-01-09,2
2026,Vanderbilt,SEC,12/15,13.0,13,13.0,0.0,Stable,49,49,2026-01-10,2
2026,Vanderbilt,SEC,12/15,13.0,13,13.0,0.0,Stable,50,50,2026-01-12,2
2026,Vanderbilt,SEC,12/15,13.0,13,13.0,0.0,Stable,51,51,2026-01-13,2
2026,Vanderbilt,SEC,12/15,13.0,13,13.0,0.0,Stable,52,52,2026-01-17,2
2026,Vanderbilt,SEC,12/15,13.0,13,13.0,0.0,Stable,53,53,2026-01-20,2
2026,Vanderbilt,SEC,12/15,13.0,13,13.0,0.0,Stable,54,54,2026-01-22,2
2026,Vanderbilt,SEC,12/15,13.0,13,13.0,0.0,Stable,55,55,2026-01-22,2
2026,Vanderbilt,SEC,12/22,12.0,12,13.0,1.0,Rising,56,56,2026-01-09,2
2026,Vanderbilt,SEC,12/22,12.0,12,12.0,0.0,Stable,57,57,2026-01-10,2
2026,Vanderbilt,SEC,12/22,12.0,12,12.0,0.0,Stable,58,58,2026-01-12,2
2026,Vanderbilt,SEC,12/22,12.0,12,12.0,0.0,Stable,59,59,2026-01-13,2
2026,Vanderbilt,SEC,12/22,12.0,12,12.0,0.0,Stable,60,60,2026-01-17,2
2026,Vanderbilt,SEC,12/22,12.0,12,12.0,0.0,Stable,61,61,2026-01-20,2
2026,Vanderbilt,SEC,12/22,12.0,12,12.0,0.0,Stable,62,62,2026-01-22,2
2026,Vanderbilt,SEC,12/22,12.0,12,12.0,0.0,Stable,63,63,2026-01-22,2
2026,Vanderbilt,SEC,12/8,14.0,14,12.0,-2.0,Falling,64,64,2026-01-09,2
2026,Vanderbilt,SEC,12/8,14.0,14,14.0,0.0,Stable,65,65,2026-01-10,2
2026,Vanderbilt,SEC,12/8,14.0,14,14.0,0.0,Stable,66,66,2026-01-12,2
2026,Vanderbilt,SEC,12/8,14.0,14,14.0,0.0,Stable,67,67,2026-01-13,2
2026,Vanderbilt,SEC,12/8,14.0,14,14.0,0.0,Stable,68,68,2026-01-17,2
2026,Vanderbilt,SEC,12/8,14.0,14,14.0,0.0,Stable,69,69,2026-01-20,2
2026,Vanderbilt,SEC,12/8,14.0,14,14.0,0.0,Stable,70,70,2026-01-22,2
2026,Vanderbilt,SEC,12/8,14.0,14,14.0,0.0,Stable,71,71,2026-01-22,2
2026,Vanderbilt,SEC,Pre,19.0,19,14.0,-5.0,Falling,72,72,2026-01-09,2
2026,Vanderbilt,SEC,Pre,19.0,19,19.0,0.0,Stable,73,73,2026-01-10,2
2026,Vanderbilt,SEC,Pre,19.0,19,19.0,0.0,Stable,74,74,2026-01-12,2
2026,Vanderbilt,SEC,Pre,19.0,19,19.0,0.0,Stable,75,75,2026-01-13,2
2026,Vanderbilt,SEC,Pre,19.0,19,19.0,0.0,Stable,76,76,2026-01-17,2
2026,Vanderbilt,SEC,Pre,19.0,19,19.0,0.0,Stable,77,77,2026-01-20,2
2026,Vanderbilt,SEC,Pre,19.0,19,19.0,0.0,Stable,78,78,2026-01-22,2
2026,Vanderbilt,SEC,Pre,19.0,19,19.0,0.0,Stable,79,79,2026-01-22,2
2026,Washington,Big Ten,1/12,,26,,,Unknown,0,0,2026-01-13,2
2026,Washington,Big Ten,1/12,,26,26.0,0.0,Unranked,0,0,2026-01-17,2
2026,Washington,Big Ten,1/12,,26,26.0,0.0,Unranked,0,0,2026-01-20,2
2026,Washington,Big Ten,1/12,,26,26.0,0.0,Unranked,0,0,2026-01-22,2
2026,Washington,Big Ten,1/12,,26,26.0,0.0,Unranked,0,0,2026-01-22,2
2026,Washington,Big Ten,1/19,25.0,25,26.0,1.0,New,1,1,2026-01-22,2
2026,Washington,Big Ten,1/19,25.0,25,25.0,0.0,Stable,2,2,2026-01-22,2
2026,Washington,Big Ten,1/5,23.0,23,25.0,2.0,Rising,3,3,2026-01-09,2
2026,Washington,Big Ten,1/5,23.0,23,23.0,0.0,Stable,4,4,2026-01-10,2
2026,Washington,Big Ten,1/5,23.0,23,23.0,0.0,Stable,5,5,2026-01-12,2
2026,Washington,Big Ten,1/5,23.0,23,23.0,0.0,Stable,6,6,2026-01-13,2
2026,Washington,Big Ten,1/5,23.0,23,23.0,0.0,Stable,7,7,2026-01-17,2
2026,Washington,Big Ten,1/5,23.0,23,23.0,0.0,Stable,8,8,2026-01-20,2
2026,Washington,Big Ten,1/5,23.0,23,23.0,0.0,Stable,9,9,2026-01-22,2
2026,Washington,Big Ten,1/5,23.0,23,23.0,0.0,Stable,10,10,2026-01-22,2
2026,Washington,Big Ten,11/10,25.0,25,23.0,-2.0,Falling,11,11,2026-01-09,2
2026,Washington,Big Ten,11/10,25.0,25,25.0,0.0,Stable,12,12,2026-01-10,2
2026,Washington,Big Ten,11/10,25.0,25,25.0,0.0,Stable,13,13,2026-01-12,2
2026,Washington,Big Ten,11/10,25.0,25,25.0,0.0,Stable,14,14,2026-01-13,2
2026,Washington,Big Ten,11/10,25.0,25,25.0,0.0,Stable,15,15,2026-01-17,2
2026,Washington,Big Ten,11/10,25.0,25,25.0,0.0,Stable,16,16,2026-01-20,2
2026,Washington,Big Ten,11/10,25.0,25,25.0,0.0,Stable,17,17,2026-01-22,2
2026,Washington,Big Ten,11/10,25.0,25,25.0,0.0,Stable,18,18,2026-01-22,2
2026,Washington,Big Ten,11/17,25.0,25,25.0,0.0,Stable,19,19,2026-01-09,2
2026,Washington,Big Ten,11/17,25.0,25,25.0,0.0,Stable,20,20,2026-01-10,2
2026,Washington,Big Ten,11/17,25.0,25,25.0,0.0,Stable,21,21,2026-01-12,2
2026,Washington,Big Ten,11/17,25.0,25,25.0,0.0,Stable,22,22,2026-01-13,2
2026,Washington,Big Ten,11/17,25.0,25,25.0,0.0,Stable,23,23,2026-01-17,2
2026,Washington,Big Ten,11/17,25.0,25,25.0,0.0,Stable,24,24,2026-01-20,2
2026,Washington,Big Ten,11/17,25.0,25,25.0,0.0,Stable,25,25,2026-01-22,2
2026,Washington,Big Ten,11/17,25.0,25,25.0,0.0,Stable,26,26,2026-01-22,2
2026,Washington,Big Ten,11/24,22.0,22,25.0,3.0,Rising,27,27,2026-01-09,2
2026,Washington,Big Ten,11/24,22.0,22,22.0,0.0,Stable,28,28,2026-01-10,2
2026,Washington,Big Ten,11/24,22.0,22,22.0,0.0,Stable,29,29,2026-01-12,2
2026,Washington,Big Ten,11/24,22.0,22,22.0,0.0,Stable,30,30,2026-01-13,2
2026,Washington,Big Ten,11/24,22.0,22,22.0,0.0,Stable,31,31,2026-01-17,2
2026,Washington,Big Ten,11/24,22.0,22,22.0,0.0,Stable,32,32,2026-01-20,2
2026,Washington,Big Ten,11/24,22.0,22,22.0,0.0,Stable,33,33,2026-01-22,2
2026,Washington,Big Ten,11/24,22.0,22,22.0,0.0,Stable,34,34,2026-01-22,2
2026,Washington,Big Ten,12/1,21.0,21,22.0,1.0,Rising,35,35,2026-01-09,2
2026,Washington,Big Ten,12/1,21.0,21,21.0,0.0,Stable,36,36,2026-01-10,2
2026,Washington,Big Ten,12/1,21.0,21,21.0,0.0,Stable,37,37,2026-01-12,2
2026,Washington,Big Ten,12/1,21.0,21,21.0,0.0,Stable,38,38,2026-01-13,2
2026,Washington,Big Ten,12/1,21.0,21,21.0,0.0,Stable,39,39,2026-01-17,2
2026,Washington,Big Ten,12/1,21.0,21,21.0,0.0,Stable,40,40,2026-01-20,2
2026,Washington,Big Ten,12/1,21.0,21,21.0,0.0,Stable,41,41,2026-01-22,2
2026,Washington,Big Ten,12/1,21.0,21,21.0,0.0,Stable,42,42,2026-01-22,2
2026,Washington,Big Ten,12/15,22.0,22,21.0,-1.0,Falling,43,43,2026-01-09,2
2026,Washington,Big Ten,12/15,22.0,22,22.0,0.0,Stable,44,44,2026-01-10,2
2026,Washington,Big Ten,12/15,22.0,22,22.0,0.0,Stable,45,45,2026-01-12,2
2026,Washington,Big Ten,12/15,22.0,22,22.0,0.0,Stable,46,46,2026-01-13,2
2026,Washington,Big Ten,12/15,22.0,22,22.0,0.0,Stable,47,47,2026-01-17,2
2026,Washington,Big Ten,12/15,22.0,22,22.0,0.0,Stable,48,48,2026-01-20,2
2026,Washington,Big Ten,12/15,22.0,22,22.0,0.0,Stable,49,49,2026-01-22,2
2026,Washington,Big Ten,12/15,22.0,22,22.0,0.0,Stable,50,50,2026-01-22,2
2026,Washington,Big Ten,12/22,,26,22.0,-4.0,Dropped,50,0,2026-01-09,2
2026,Washington,Big Ten,12/22,,26,26.0,0.0,Unranked,50,0,2026-01-10,2
2026,Washington,Big Ten,12/22,,26,26.0,0.0,Unranked,50,0,2026-01-12,2
2026,Washington,Big Ten,12/22,,26,26.0,0.0,Unranked,50,0,2026-01-13,2
2026,Washington,Big Ten,12/22,,26,26.0,0.0,Unranked,50,0,2026-01-17,2
2026,Washington,Big Ten,12/22,,26,26.0,0.0,Unranked,50,0,2026-01-20,2
2026,Washington,Big Ten,12/22,,26,26.0,0.0,Unranked,50,0,2026-01-22,2
2026,Washington,Big Ten,12/22,,26,26.0,0.0,Unranked,50,0,2026-01-22,2
2026,Washington,Big Ten,12/8,20.0,20,26.0,6.0,New,51,1,2026-01-09,2
2026,Washington,Big Ten,12/8,20.0,20,20.0,0.0,Stable,52,2,2026-01-10,2
2026,Washington,Big Ten,12/8,20.0,20,20.0,0.0,Stable,53,3,2026-01-12,2
2026,Washington,Big Ten,12/8,20.0,20,20.0,0.0,Stable,54,4,2026-01-13,2
2026,Washington,Big Ten,12/8,20.0,20,20.0,0.0,Stable,55,5,2026-01-17,2
2026,Washington,Big Ten,12/8,20.0,20,20.0,0.0,Stable,56,6,2026-01-20,2
2026,Washington,Big Ten,12/8,20.0,20,20.0,0.0,Stable,57,7,2026-01-22,2
2026,Washington,Big Ten,12/8,20.0,20,20.0,0.0,Stable,58,8,2026-01-22,2
2026,Washington,Big Ten,Pre,,26,20.0,-6.0,Dropped,58,0,2026-01-09,2
2026,Washington,Big Ten,Pre,,26,26.0,0.0,Unranked,58,0,2026-01-10,2
2026,Washington,Big Ten,Pre,,26,26.0,0.0,Unranked,58,0,2026-01-12,2
2026,Washington,Big Ten,Pre,,26,26.0,0.0,Unranked,58,0,2026-01-13,2
2026,Washington,Big Ten,Pre,,26,26.0,0.0,Unranked,58,0,2026-01-17,2
2026,Washington,Big Ten,Pre,,26,26.0,0.0,Unranked,58,0,2026-01-20,2
2026,Washington,Big Ten,Pre,,26,26.0,0.0,Unranked,58,0,2026-01-22,2
2026,Washington,Big Ten,Pre,,26,26.0,0.0,Unranked,58,0,2026-01-22,2
2026,West Virginia,Big 12,1/12,,26,,,Unknown,0,0,2026-01-13,2
2026,West Virginia,Big 12,1/12,,26,26.0,0.0,Unranked,0,0,2026-01-17,2
2026,West Virginia,Big 12,1/12,,26,26.0,0.0,Unranked,0,0,2026-01-20,2
2026,West Virginia,Big 12,1/12,,26,26.0,0.0,Unranked,0,0,2026-01-22,2
2026,West Virginia,Big 12,1/12,,26,26.0,0.0,Unranked,0,0,2026-01-22,2
2026,West Virginia,Big 12,1/19,22.0,22,26.0,4.0,New,1,1,2026-01-22,2
2026,West Virginia,Big 12,1/19,22.0,22,22.0,0.0,Stable,2,2,2026-01-22,2
2026,West Virginia,Big 12,1/5,,26,22.0,-4.0,Dropped,2,0,2026-01-09,2
2026,West Virginia,Big 12,1/5,,26,26.0,0.0,Unranked,2,0,2026-01-10,2
2026,West Virginia,Big 12,1/5,,26,26.0,0.0,Unranked,2,0,2026-01-12,2
2026,West Virginia,Big 12,1/5,,26,26.0,0.0,Unranked,2,0,2026-01-13,2
2026,West Virginia,Big 12,1/5,,26,26.0,0.0,Unranked,2,0,2026-01-17,2
2026,West Virginia,Big 12,1/5,,26,26.0,0.0,Unranked,2,0,2026-01-20,2
2026,West Virginia,Big 12,1/5,,26,26.0,0.0,Unranked,2,0,2026-01-22,2
2026,West Virginia,Big 12,1/5,,26,26.0,0.0,Unranked,2,0,2026-01-22,2
2026,West Virginia,Big 12,11/10,,26,26.0,0.0,Unranked,2,0,2026-01-09,2
2026,West Virginia,Big 12,11/10,,26,26.0,0.0,Unranked,2,0,2026-01-10,2
2026,West Virginia,Big 12,11/10,,26,26.0,0.0,Unranked,2,0,2026-01-12,2
2026,West Virginia,Big 12,11/10,,26,26.0,0.0,Unranked,2,0,2026-01-13,2
2026,West Virginia,Big 12,11/10,,26,26.0,0.0,Unranked,2,0,2026-01-17,2
2026,West Virginia,Big 12,11/10,,26,26.0,0.0,Unranked,2,0,2026-01-20,2
2026,West Virginia,Big 12,11/10,,26,26.0,0.0,Unranked,2,0,2026-01-22,2
2026,West Virginia,Big 12,11/10,,26,26.0,0.0,Unranked,2,0,2026-01-22,2
2026,West Virginia,Big 12,11/17,23.0,23,26.0,3.0,New,3,1,2026-01-09,2
2026,West Virginia,Big 12,11/17,23.0,23,23.0,0.0,Stable,4,2,2026-01-10,2
2026,West Virginia,Big 12,11/17,23.0,23,23.0,0.0,Stable,5,3,2026-01-12,2
2026,West Virginia,Big 12,11/17,23.0,23,23.0,0.0,Stable,6,4,2026-01-13,2
2026,West Virginia,Big 12,11/17,23.0,23,23.0,0.0,Stable,7,5,2026-01-17,2
2026,West Virginia,Big 12,11/17,23.0,23,23.0,0.0,Stable,8,6,2026-01-20,2
2026,West Virginia,Big 12,11/17,23.0,23,23.0,0.0,Stable,9,7,2026-01-22,2
2026,West Virginia,Big 12,11/17,23.0,23,23.0,0.0,Stable,10,8,2026-01-22,2
2026,West Virginia,Big 12,11/24,21.0,21,23.0,2.0,Rising,11,9,2026-01-09,2
2026,West Virginia,Big 12,11/24,21.0,21,21.0,0.0,Stable,12,10,2026-01-10,2
2026,West Virginia,Big 12,11/24,21.0,21,21.0,0.0,Stable,13,11,2026-01-12,2
2026,West Virginia,Big 12,11/24,21.0,21,21.0,0.0,Stable,14,12,2026-01-13,2
2026,West Virginia,Big 12,11/24,21.0,21,21.0,0.0,Stable,15,13,2026-01-17,2
2026,West Virginia,Big 12,11/24,21.0,21,21.0,0.0,Stable,16,14,2026-01-20,2
2026,West Virginia,Big 12,11/24,21.0,21,21.0,0.0,Stable,17,15,2026-01-22,2
2026,West Virginia,Big 12,11/24,21.0,21,21.0,0.0,Stable,18,16,2026-01-22,2
2026,West Virginia,Big 12,12/1,25.0,25,21.0,-4.0,Falling,19,17,2026-01-09,2
2026,West Virginia,Big 12,12/1,25.0,25,25.0,0.0,Stable,20,18,2026-01-10,2
2026,West Virginia,Big 12,12/1,25.0,25,25.0,0.0,Stable,21,19,2026-01-12,2
2026,West Virginia,Big 12,12/1,25.0,25,25.0,0.0,Stable,22,20,2026-01-13,2
2026,West Virginia,Big 12,12/1,25.0,25,25.0,0.0,Stable,23,21,2026-01-17,2
2026,West Virginia,Big 12,12/1,25.0,25,25.0,0.0,Stable,24,22,2026-01-20,2
2026,West Virginia,Big 12,12/1,25.0,25,25.0,0.0,Stable,25,23,2026-01-22,2
2026,West Virginia,Big 12,12/1,25.0,25,25.0,0.0,Stable,26,24,2026-01-22,2
2026,West Virginia,Big 12,12/15,,26,25.0,-1.0,Dropped,26,0,2026-01-09,2
2026,West Virginia,Big 12,12/15,,26,26.0,0.0,Unranked,26,0,2026-01-10,2
2026,West Virginia,Big 12,12/15,,26,26.0,0.0,Unranked,26,0,2026-01-12,2
2026,West Virginia,Big 12,12/15,,26,26.0,0.0,Unranked,26,0,2026-01-13,2
2026,West Virginia,Big 12,12/15,,26,26.0,0.0,Unranked,26,0,2026-01-17,2
2026,West Virginia,Big 12,12/15,,26,26.0,0.0,Unranked,26,0,2026-01-20,2
2026,West Virginia,Big 12,12/15,,26,26.0,0.0,Unranked,26,0,2026-01-22,2
2026,West Virginia,Big 12,12/15,,26,26.0,0.0,Unranked,26,0,2026-01-22,2
2026,West Virginia,Big 12,12/22,,26,26.0,0.0,Unranked,26,0,2026-01-09,2
2026,West Virginia,Big 12,12/22,,26,26.0,0.0,Unranked,26,0,2026-01-10,2
2026,West Virginia,Big 12,12/22,,26,26.0,0.0,Unranked,26,0,2026-01-12,2
2026,West Virginia,Big 12,12/22,,26,26.0,0.0,Unranked,26,0,2026-01-13,2
2026,West Virginia,Big 12,12/22,,26,26.0,0.0,Unranked,26,0,2026-01-17,2
2026,West Virginia,Big 12,12/22,,26,26.0,0.0,Unranked,26,0,2026-01-20,2
2026,West Virginia,Big 12,12/22,,26,26.0,0.0,Unranked,26,0,2026-01-22,2
2026,West Virginia,Big 12,12/22,,26,26.0,0.0,Unranked,26,0,2026-01-22,2
2026,West Virginia,Big 12,12/8,,26,26.0,0.0,Unranked,26,0,2026-01-09,2
2026,West Virginia,Big 12,12/8,,26,26.0,0.0,Unranked,26,0,2026-01-10,2
2026,West Virginia,Big 12,12/8,,26,26.0,0.0,Unranked,26,0,2026-01-12,2
2026,West Virginia,Big 12,12/8,,26,26.0,0.0,Unranked,26,0,2026-01-13,2
2026,West Virginia,Big 12,12/8,,26,26.0,0.0,Unranked,26,0,2026-01-17,2
2026,West Virginia,Big 12,12/8,,26,26.0,0.0,Unranked,26,0,2026-01-20,2
2026,West Virginia,Big 12,12/8,,26,26.0,0.0,Unranked,26,0,2026-01-22,2
2026,West Virginia,Big 12,12/8,,26,26.0,0.0,Unranked,26,0,2026-01-22,2
2026,West Virginia,Big 12,Pre,,26,26.0,0.0,Unranked,26,0,2026-01-09,2
2026,West Virginia,Big 12,Pre,,26,26.0,0.0,Unranked,26,0,2026-01-10,2
2026,West Virginia,Big 12,Pre,,26,26.0,0.0,Unranked,26,0,2026-01-12,2
2026,West Virginia,Big 12,Pre,,26,26.0,0.0,Unranked,26,0,2026-01-13,2
2026,West Virginia,Big 12,Pre,,26,26.0,0.0,Unranked,26,0,2026-01-17,2
2026,West Virginia,Big 12,Pre,,26,26.0,0.0,Unranked,26,0,2026-01-20,2
2026,West Virginia,Big 12,Pre,,26,26.0,0.0,Unranked,26,0,2026-01-22,2
2026,West Virginia,Big 12,Pre,,26,26.0,0.0,Unranked,26,0,2026-01-22,2
