date,team,conference,net_rank,PrevNET,AvgOppNETRank,AvgOppNET,DivIWL,ConfRecord,Non-ConfRecord,RoadWL,NETSOS,NetNonConfSOS,WABRk,WAB,NCWABRk,NCWAB,Last10Games,Q1,Q2,Q3,Q4,run_date,DivI_wins,DivI_losses,DivI_winpct,Q1_wins,Q1_losses,Q1_winpct,Q2_wins,Q2_losses,Q2_winpct,Q3_wins,Q3_losses,Q3_winpct,Q4_wins,Q4_losses,Q4_winpct,Conf_wins,Conf_losses,Conf_winpct,Road_wins,Road_losses,Road_winpct,Last10_wins,Last10_losses,Last10_winpct,Date,Q4.1
2026-01-27,UConn,Big East,1,1,4,83,21-0,11-0,10-0,8-0,12.0,2,2,8.73,1.0,6.13,10-0,5-0,7-0,2-0,7-0,2026-02-04,21,0,1.0,5,0,1.0,7,0,1.0,2,0,1.0,7,0,1.0,11,0,1.0,8,0,1.0,10,0,1.0,,
2026-01-27,UCLA,Big Ten,2,2,3,81,19-1,9-0,10-1,5-0,2.0,13,1,9.81,3.0,4.09,10-0,10-1,0-0,5-0,4-0,2026-02-04,19,1,0.95,10,1,0.909,0,0,,5,0,1.0,4,0,1.0,9,0,1.0,5,0,1.0,10,0,1.0,,
2026-01-27,Texas,SEC,3,3,39,124,19-2,4-2,15-0,3-2,15.0,43,5,6.47,2.0,4.98,8-2,6-2,2-0,2-0,9-0,2026-02-04,19,2,0.905,6,2,0.75,2,0,1.0,2,0,1.0,9,0,1.0,4,2,0.667,3,2,0.6,8,2,0.8,,
2026-01-27,South Carolina,SEC,4,4,23,112,20-2,6-1,14-1,6-1,8.0,47,3,7.68,4.0,3.78,9-1,5-2,5-0,1-0,9-0,2026-02-04,20,2,0.909,5,2,0.714,5,0,1.0,1,0,1.0,9,0,1.0,6,1,0.857,6,1,0.857,9,1,0.9,,
2026-01-27,LSU,SEC,5,5,101,158,19-2,5-2,14-0,7-1,50.0,275,11,4.79,17.0,1.68,8-2,4-2,2-0,2-0,11-0,2026-02-04,19,2,0.905,4,2,0.667,2,0,1.0,2,0,1.0,11,0,1.0,5,2,0.714,7,1,0.875,8,2,0.8,,
2026-01-27,Michigan,Big Ten,6,6,13,105,17-3,8-1,9-2,4-1,10.0,38,8,5.41,16.0,1.69,8-2,4-3,2-0,4-0,7-0,2026-02-04,17,3,0.85,4,3,0.571,2,0,1.0,4,0,1.0,7,0,1.0,8,1,0.889,4,1,0.8,8,2,0.8,,
2026-01-27,Vanderbilt,SEC,7,7,55,133,20-1,6-1,14-0,5-1,53.0,136,7,5.51,6.0,2.92,9-1,3-1,3-0,7-0,7-0,2026-02-04,20,1,0.952,3,1,0.75,3,0,1.0,7,0,1.0,7,0,1.0,6,1,0.857,5,1,0.833,9,1,0.9,,
2026-01-27,Louisville,ACC,8,8,39,124,19-3,9-0,10-3,5-0,17.0,37,6,5.81,22.0,1.42,10-0,5-3,3-0,1-0,10-0,2026-02-04,19,3,0.864,5,3,0.625,3,0,1.0,1,0,1.0,10,0,1.0,9,0,1.0,5,0,1.0,10,0,1.0,,
2026-01-27,Michigan State,Big Ten,9,9,60,134,18-2,7-2,11-0,4-2,31.0,216,9,5.31,18.0,1.67,9-1,5-1,3-1,0-0,10-0,2026-02-04,18,2,0.9,5,1,0.833,3,1,0.75,0,0,,10,0,1.0,7,2,0.778,4,2,0.667,9,1,0.9,,
2026-01-27,Iowa,Big Ten,10,10,5,85,18-2,9-0,9-2,5-1,7.0,31,4,6.82,10.0,1.88,9-1,6-2,3-0,3-0,6-0,2026-02-04,18,2,0.9,6,2,0.75,3,0,1.0,3,0,1.0,6,0,1.0,9,0,1.0,5,1,0.833,9,1,0.9,,
2026-01-27,TCU,Big 12,11,11,71,142,19-2,7-1,12-1,4-1,61.0,168,14,3.97,23.0,1.4,8-2,2-1,4-1,2-0,11-0,2026-02-04,19,2,0.905,2,1,0.667,4,1,0.8,2,0,1.0,11,0,1.0,7,1,0.875,4,1,0.8,8,2,0.8,,
2026-01-27,Oklahoma,SEC,12,12,62,136,16-4,4-3,12-1,3-1,23.0,125,16,3.82,13.0,1.84,7-3,3-4,2-0,1-0,10-0,2026-02-04,16,4,0.8,3,4,0.429,2,0,1.0,1,0,1.0,10,0,1.0,4,3,0.571,3,1,0.75,7,3,0.7,,
2026-01-27,Minnesota,Big Ten,13,13,33,120,14-6,5-4,9-2,3-3,19.0,185,29,1.9,53.0,-0.12,7-3,2-5,1-1,3-0,8-0,2026-02-04,14,6,0.7,2,5,0.286,1,1,0.5,3,0,1.0,8,0,1.0,5,4,0.556,3,3,0.5,7,3,0.7,,
2026-01-27,Kentucky,SEC,14,14,38,123,17-5,4-4,13-1,6-3,14.0,105,15,3.92,7.0,2.36,6-4,3-4,2-1,4-0,8-0,2026-02-04,17,5,0.773,3,4,0.429,2,1,0.667,4,0,1.0,8,0,1.0,4,4,0.5,6,3,0.667,6,4,0.6,,
2026-01-27,Maryland,Big Ten,15,16,69,141,17-4,5-4,12-0,3-2,33.0,211,17,3.65,11.0,1.85,6-4,3-4,1-0,4-0,9-0,2026-02-04,17,4,0.81,3,4,0.429,1,0,1.0,4,0,1.0,9,0,1.0,5,4,0.556,3,2,0.6,6,4,0.6,,
2026-01-27,Duke,ACC,16,15,6,86,14-6,9-0,5-6,7-1,4.0,7,18,3.62,59.0,-0.33,10-0,3-5,4-1,1-0,6-0,2026-02-04,14,6,0.7,3,5,0.375,4,1,0.8,1,0,1.0,6,0,1.0,9,0,1.0,7,1,0.875,10,0,1.0,,
2026-01-27,Tennessee,SEC,17,17,15,107,14-3,6-0,8-3,6-1,11.0,32,13,4.14,30.0,0.84,9-1,4-3,2-0,0-0,8-0,2026-02-04,14,3,0.824,4,3,0.571,2,0,1.0,0,0,,8,0,1.0,6,0,1.0,6,1,0.857,9,1,0.9,,
2026-01-27,Ole Miss,SEC,18,18,63,138,17-4,4-2,13-2,4-2,42.0,173,23,3.04,35.0,0.73,7-3,1-3,4-1,2-0,10-0,2026-02-04,17,4,0.81,1,3,0.25,4,1,0.8,2,0,1.0,10,0,1.0,4,2,0.667,4,2,0.667,7,3,0.7,,
2026-01-27,Ohio State,Big Ten,19,19,52,131,18-3,7-2,11-1,4-2,32.0,96,12,4.67,9.0,2.04,8-2,4-3,1-0,3-0,10-0,2026-02-04,18,3,0.857,4,3,0.571,1,0,1.0,3,0,1.0,10,0,1.0,7,2,0.778,4,2,0.667,8,2,0.8,,
2026-01-27,UNC,ACC,20,21,52,131,17-5,6-3,11-2,4-2,39.0,74,27,2.57,19.0,1.64,8-2,0-4,6-1,3-0,8-0,2026-02-04,17,5,0.773,0,4,0.0,6,1,0.857,3,0,1.0,8,0,1.0,6,3,0.667,4,2,0.667,8,2,0.8,,
2026-01-27,Nebraska,Big Ten,21,22,18,109,15-5,4-5,11-0,1-3,40.0,241,31,1.88,20.0,1.54,5-5,0-4,3-1,3-0,9-0,2026-02-04,15,5,0.75,0,4,0.0,3,1,0.75,3,0,1.0,9,0,1.0,4,5,0.444,1,3,0.25,5,5,0.5,,
2026-01-27,USC,Big Ten,22,23,2,79,11-9,3-6,8-3,1-5,1.0,25,28,2.56,26.0,1.2,4-6,2-9,2-0,1-0,6-0,2026-02-04,11,9,0.55,2,9,0.182,2,0,1.0,1,0,1.0,6,0,1.0,3,6,0.333,1,5,0.167,4,6,0.4,,
2026-01-27,West Virginia,Big 12,23,20,9,101,17-5,7-3,10-2,6-1,29.0,95,22,3.12,28.0,1.05,7-3,2-2,4-3,3-0,8-0,2026-02-04,17,5,0.773,2,2,0.5,4,3,0.571,3,0,1.0,8,0,1.0,7,3,0.7,6,1,0.857,7,3,0.7,,
2026-01-27,Oregon,Big Ten,24,25,12,104,15-7,3-6,12-1,3-3,36.0,252,40,0.83,34.0,0.76,4-6,1-5,1-2,2-0,11-0,2026-02-04,15,7,0.682,1,5,0.167,1,2,0.333,2,0,1.0,11,0,1.0,3,6,0.333,3,3,0.5,4,6,0.4,,
2026-01-27,NC State,ACC,25,26,1,70,14-6,7-2,7-4,4-2,5.0,12,21,3.21,27.0,1.12,8-2,2-5,4-1,3-0,5-0,2026-02-04,14,6,0.7,2,5,0.286,4,1,0.8,3,0,1.0,5,0,1.0,7,2,0.778,4,2,0.667,8,2,0.8,,
2026-01-27,Baylor,Big 12,26,24,29,117,19-3,8-1,11-2,5-0,28.0,58,10,5.14,12.0,1.85,9-1,3-2,5-1,2-0,9-0,2026-02-04,19,3,0.864,3,2,0.6,5,1,0.833,2,0,1.0,9,0,1.0,8,1,0.889,5,0,1.0,9,1,0.9,,
2026-01-27,Texas Tech,Big 12,27,27,47,128,20-2,7-2,13-0,6-1,104.0,291,24,2.86,24.0,1.4,8-2,2-0,2-1,3-1,13-0,2026-02-04,20,2,0.909,2,0,1.0,2,1,0.667,3,1,0.75,13,0,1.0,7,2,0.778,6,1,0.857,8,2,0.8,,
2026-01-27,Washington,Big Ten,28,29,37,122,16-4,6-3,10-1,4-3,44.0,195,26,2.58,33.0,0.81,7-3,2-3,2-1,2-0,10-0,2026-02-04,16,4,0.8,2,3,0.4,2,1,0.667,2,0,1.0,10,0,1.0,6,3,0.667,4,3,0.571,7,3,0.7,,
2026-01-27,Alabama,SEC,29,28,43,126,18-3,4-3,14-0,1-2,55.0,205,20,3.39,8.0,2.26,7-3,2-2,3-1,3-0,10-0,2026-02-04,18,3,0.857,2,2,0.5,3,1,0.75,3,0,1.0,10,0,1.0,4,3,0.571,1,2,0.333,7,3,0.7,,
2026-01-27,Oklahoma State,Big 12,30,30,75,145,15-5,5-3,10-2,3-3,58.0,200,39,0.85,50.0,-0.04,6-4,0-2,4-2,2-1,9-0,2026-02-04,15,5,0.75,0,2,0.0,4,2,0.667,2,1,0.667,9,0,1.0,5,3,0.625,3,3,0.5,6,4,0.6,,
2026-01-27,Notre Dame,ACC,31,31,32,119,13-7,5-4,8-3,2-4,13.0,20,36,1.26,25.0,1.29,5-5,2-5,2-1,1-1,8-0,2026-02-04,13,7,0.65,2,5,0.286,2,1,0.667,1,1,0.5,8,0,1.0,5,4,0.556,2,4,0.333,5,5,0.5,,
2026-01-27,Georgia,SEC,32,32,121,165,18-3,4-3,14-0,4-2,65.0,337,25,2.83,29.0,0.88,7-3,2-3,1-0,2-0,13-0,2026-02-04,18,3,0.857,2,3,0.4,1,0,1.0,2,0,1.0,13,0,1.0,4,3,0.571,4,2,0.667,7,3,0.7,,
2026-01-27,Iowa State,Big 12,33,33,90,153,16-5,4-5,12-0,2-3,75.0,229,45,0.31,14.0,1.76,5-5,1-2,3-2,0-1,12-0,2026-02-04,16,5,0.762,1,2,0.333,3,2,0.6,0,1,0.0,12,0,1.0,4,5,0.444,2,3,0.4,5,5,0.5,,
2026-01-27,Mississippi State,SEC,34,34,81,148,15-6,2-5,13-1,1-4,43.0,294,37,1.01,42.0,0.44,5-5,1-6,0-0,2-0,12-0,2026-02-04,15,6,0.714,1,6,0.143,0,0,,2,0,1.0,12,0,1.0,2,5,0.286,1,4,0.2,5,5,0.5,,
2026-01-27,Illinois,Big Ten,35,35,52,131,15-5,5-4,10-1,4-4,46.0,303,34,1.53,47.0,0.07,6-4,1-4,2-0,3-1,9-0,2026-02-04,15,5,0.75,1,4,0.2,2,0,1.0,3,1,0.75,9,0,1.0,5,4,0.556,4,4,0.5,6,4,0.6,,
2026-01-27,Stanford,ACC,36,36,33,120,15-6,4-4,11-2,4-3,34.0,83,32,1.59,21.0,1.44,6-4,2-4,2-1,3-0,8-1,2026-02-04,15,6,0.714,2,4,0.333,2,1,0.667,3,0,1.0,8,1,0.889,4,4,0.5,4,3,0.571,6,4,0.6,,
2026-01-27,Virginia,ACC,37,37,118,163,14-6,6-3,8-3,3-2,74.0,178,59,-0.92,83.0,-1.06,7-3,0-4,1-1,2-0,11-1,2026-02-04,14,6,0.7,0,4,0.0,1,1,0.5,2,0,1.0,11,1,0.917,6,3,0.667,3,2,0.6,7,3,0.7,,
2026-01-27,Villanova,Big East,38,38,29,117,16-5,9-3,7-2,6-3,79.0,78,48,0.25,41.0,0.46,7-3,1-1,3-3,1-1,11-0,2026-02-04,16,5,0.762,1,1,0.5,3,3,0.5,1,1,0.5,11,0,1.0,9,3,0.75,6,3,0.667,7,3,0.7,,
2026-01-27,Clemson,ACC,39,39,107,160,14-7,5-4,9-3,6-5,30.0,104,41,0.69,54.0,-0.12,7-3,2-6,1-0,0-1,11-0,2026-02-04,14,7,0.667,2,6,0.25,1,0,1.0,0,1,0.0,11,0,1.0,5,4,0.556,6,5,0.545,7,3,0.7,,
2026-01-27,Princeton,Ivy League,40,40,39,124,17-1,5-0,12-1,8-1,81.0,53,19,3.48,5.0,2.97,10-0,1-1,3-0,6-0,7-0,2026-02-04,17,1,0.944,1,1,0.5,3,0,1.0,6,0,1.0,7,0,1.0,5,0,1.0,8,1,0.889,10,0,1.0,,
2026-01-27,Syracuse,ACC,41,41,66,139,16-4,6-3,10-1,3-1,57.0,193,30,1.89,32.0,0.83,7-3,1-3,2-1,3-0,10-0,2026-02-04,16,4,0.8,1,3,0.25,2,1,0.667,3,0,1.0,10,0,1.0,6,3,0.667,3,1,0.75,7,3,0.7,,
2026-01-27,Virginia Tech,ACC,42,42,94,155,16-5,6-3,10-2,4-2,76.0,265,47,0.3,63.0,-0.46,8-2,1-2,2-3,3-0,10-0,2026-02-04,16,5,0.762,1,2,0.333,2,3,0.4,3,0,1.0,10,0,1.0,6,3,0.667,4,2,0.667,8,2,0.8,,
2026-01-27,North Dakota St.,Summit League,43,43,209,191,16-2,7-0,9-2,8-0,210.0,225,44,0.42,62.0,-0.37,10-0,1-1,0-0,2-1,13-0,2026-02-04,16,2,0.889,1,1,0.5,0,0,,2,1,0.667,13,0,1.0,7,0,1.0,8,0,1.0,10,0,1.0,,
2026-01-27,South Dakota St.,Summit League,44,44,88,150,16-5,6-1,10-4,6-1,83.0,42,50,0.15,37.0,0.65,7-3,0-3,1-2,5-0,10-0,2026-02-04,16,5,0.762,0,3,0.0,1,2,0.333,5,0,1.0,10,0,1.0,6,1,0.857,6,1,0.857,7,3,0.7,,
2026-01-27,Richmond,Atlantic 10,45,45,83,149,16-4,6-1,10-3,5-2,111.0,92,46,0.31,43.0,0.32,9-1,0-2,1-2,3-0,12-0,2026-02-04,16,4,0.8,0,2,0.0,1,2,0.333,3,0,1.0,12,0,1.0,6,1,0.857,5,2,0.714,9,1,0.9,,
2026-01-27,Miami (FL),ACC,46,46,33,120,12-8,4-5,8-3,3-2,18.0,72,51,-0.08,46.0,0.09,6-4,1-7,1-1,1-0,9-0,2026-02-04,12,8,0.6,1,7,0.125,1,1,0.5,1,0,1.0,9,0,1.0,4,5,0.444,3,2,0.6,6,4,0.6,,
2026-01-27,Utah,Big 12,47,49,18,109,14-6,6-3,8-3,7-0,25.0,90,35,1.44,56.0,-0.19,7-3,2-1,3-5,0-0,9-0,2026-02-04,14,6,0.7,2,1,0.667,3,5,0.375,0,0,,9,0,1.0,6,3,0.667,7,0,1.0,7,3,0.7,,
2026-01-27,Arizona State,Big 12,48,47,43,126,17-4,4-4,13-0,6-4,70.0,256,33,1.58,15.0,1.74,6-4,0-2,5-1,4-1,8-0,2026-02-04,17,4,0.81,0,2,0.0,5,1,0.833,4,1,0.8,8,0,1.0,4,4,0.5,6,4,0.6,6,4,0.6,,
2026-01-27,Seton Hall,Big East,49,48,47,128,14-6,8-3,6-3,5-4,60.0,100,53,-0.24,74.0,-0.79,7-3,0-5,0-0,4-1,10-0,2026-02-04,14,6,0.7,0,5,0.0,0,0,,4,1,0.8,10,0,1.0,8,3,0.727,5,4,0.556,7,3,0.7,,
2026-01-27,BYU,Big 12,50,50,73,143,15-5,4-4,11-1,4-1,62.0,215,42,0.68,31.0,0.83,6-4,0-3,3-1,1-0,11-1,2026-02-04,15,5,0.75,0,3,0.0,3,1,0.75,1,0,1.0,11,1,0.917,4,4,0.5,4,1,0.8,6,4,0.6,,
2026-01-27,Rhode Island,Atlantic 10,51,51,129,167,17-2,9-0,8-2,9-1,173.0,186,38,0.95,58.0,-0.3,10-0,1-0,2-1,1-0,13-1,2026-02-04,17,2,0.895,1,0,1.0,2,1,0.667,1,0,1.0,13,1,0.929,9,0,1.0,9,1,0.9,10,0,1.0,,
2026-01-27,Colorado,Big 12,52,52,23,112,13-7,4-4,9-3,0-5,59.0,210,64,-1.21,88.0,-1.14,6-4,0-3,2-1,1-3,10-0,2026-02-04,13,7,0.65,0,3,0.0,2,1,0.667,1,3,0.25,10,0,1.0,4,4,0.5,0,5,0.0,6,4,0.6,,
2026-01-27,Fairfield,MAAC,53,53,315,225,17-3,11-0,6-3,8-2,144.0,21,43,0.55,40.0,0.5,10-0,2-2,0-0,1-0,14-1,2026-02-04,17,3,0.85,2,2,0.5,0,0,,1,0,1.0,14,1,0.933,11,0,1.0,8,2,0.8,10,0,1.0,,
2026-01-27,Florida,SEC,54,54,75,145,13-9,1-6,12-3,1-6,72.0,320,102,-3.17,115.0,-1.71,3-7,0-5,0-1,2-1,11-2,2026-02-04,13,9,0.591,0,5,0.0,0,1,0.0,2,1,0.667,11,2,0.846,1,6,0.143,1,6,0.143,3,7,0.3,,
2026-01-27,Kansas,Big 12,55,55,21,111,12-8,3-6,9-2,4-3,41.0,150,63,-1.17,45.0,0.21,4-6,1-4,0-3,4-0,7-1,2026-02-04,12,8,0.6,1,4,0.2,0,3,0.0,4,0,1.0,7,1,0.875,3,6,0.333,4,3,0.571,4,6,0.4,,
2026-01-27,Davidson,Atlantic 10,56,56,83,149,15-7,7-2,8-5,5-4,100.0,86,83,-2.06,106.0,-1.58,7-3,0-4,0-2,2-0,13-1,2026-02-04,15,7,0.682,0,4,0.0,0,2,0.0,2,0,1.0,13,1,0.929,7,2,0.778,5,4,0.556,7,3,0.7,,
2026-01-27,California,ACC,57,57,31,118,12-9,3-5,9-4,1-5,35.0,122,69,-1.43,87.0,-1.11,4-6,0-7,1-1,1-1,10-0,2026-02-04,12,9,0.571,0,7,0.0,1,1,0.5,1,1,0.5,10,0,1.0,3,5,0.375,1,5,0.167,4,6,0.4,,
2026-01-27,James Madison,Sun Belt,58,58,51,130,14-8,6-4,8-4,3-5,103.0,73,101,-3.13,69.0,-0.64,6-4,0-1,1-3,4-3,9-1,2026-02-04,14,8,0.636,0,1,0.0,1,3,0.25,4,3,0.571,9,1,0.9,6,4,0.6,3,5,0.375,6,4,0.6,,
2026-01-27,Columbia,Ivy League,59,59,93,154,13-5,4-1,9-4,6-0,120.0,102,66,-1.36,77.0,-0.83,9-1,0-1,3-2,0-1,10-1,2026-02-04,13,5,0.722,0,1,0.0,3,2,0.6,0,1,0.0,10,1,0.909,4,1,0.8,6,0,1.0,9,1,0.9,,
2026-01-27,Marquette,Big East,60,60,55,133,12-7,7-4,5-3,5-3,68.0,79,79,-1.89,76.0,-0.82,6-4,0-3,1-1,2-2,9-1,2026-02-04,12,7,0.632,0,3,0.0,1,1,0.5,2,2,0.5,9,1,0.9,7,4,0.636,5,3,0.625,6,4,0.6,,
2026-01-27,Indiana,Big Ten,61,61,18,109,11-10,0-9,11-1,2-5,9.0,264,62,-1.13,38.0,0.54,2-8,0-8,0-2,2-0,9-0,2026-02-04,11,10,0.524,0,8,0.0,0,2,0.0,2,0,1.0,9,0,1.0,0,9,0.0,2,5,0.286,2,8,0.2,,
2026-01-27,Purdue,Big Ten,62,62,21,111,11-9,3-6,8-3,1-7,16.0,233,61,-0.97,100.0,-1.42,5-5,0-6,2-1,2-1,7-1,2026-02-04,11,9,0.55,0,6,0.0,2,1,0.667,2,1,0.667,7,1,0.875,3,6,0.333,1,7,0.125,5,5,0.5,,
2026-01-27,Kansas St.,Big 12,63,63,8,95,11-10,4-4,7-6,4-3,38.0,66,96,-2.6,133.0,-2.25,5-5,2-3,1-3,2-2,6-2,2026-02-04,11,10,0.524,2,3,0.4,1,3,0.25,2,2,0.5,6,2,0.75,4,4,0.5,4,3,0.571,5,5,0.5,,
2026-01-27,Santa Clara,WCC,64,64,122,166,15-5,7-2,8-3,9-2,193.0,138,86,-2.12,71.0,-0.72,8-2,0-1,1-1,3-1,11-2,2026-02-04,15,5,0.75,0,1,0.0,1,1,0.5,3,1,0.75,11,2,0.846,7,2,0.778,9,2,0.818,8,2,0.8,,
2026-01-27,Rice,American,65,66,132,168,17-3,7-0,10-3,6-2,218.0,238,55,-0.43,91.0,-1.16,10-0,0-2,1-0,3-0,13-1,2026-02-04,17,3,0.85,0,2,0.0,1,0,1.0,3,0,1.0,13,1,0.929,7,0,1.0,6,2,0.75,10,0,1.0,,
2026-01-27,Harvard,Ivy League,66,65,74,144,10-8,3-2,7-6,5-4,89.0,103,120,-3.76,173.0,-2.86,7-3,0-3,0-1,2-3,8-1,2026-02-04,10,8,0.556,0,3,0.0,0,1,0.0,2,3,0.4,8,1,0.889,3,2,0.6,5,4,0.556,7,3,0.7,,
2026-01-27,Auburn,SEC,67,67,39,124,13-8,2-5,11-3,2-5,21.0,155,49,0.24,57.0,-0.26,5-5,0-7,3-1,0-0,10-0,2026-02-04,13,8,0.619,0,7,0.0,3,1,0.75,0,0,,10,0,1.0,2,5,0.286,2,5,0.286,5,5,0.5,,
2026-01-27,Gonzaga,WCC,68,68,50,129,14-7,6-2,8-5,5-2,122.0,97,98,-2.79,114.0,-1.71,8-2,1-0,1-5,0-2,12-0,2026-02-04,14,7,0.667,1,0,1.0,1,5,0.167,0,2,0.0,12,0,1.0,6,2,0.75,5,2,0.714,8,2,0.8,,
2026-01-27,Troy,Sun Belt,69,69,144,173,15-4,7-2,8-2,6-3,203.0,156,67,-1.38,51.0,-0.05,7-3,0-1,1-1,2-1,12-1,2026-02-04,15,4,0.789,0,1,0.0,1,1,0.5,2,1,0.667,12,1,0.923,7,2,0.778,6,3,0.667,7,3,0.7,,
2026-01-27,George Mason,Atlantic 10,70,70,94,155,13-6,8-0,5-6,5-2,119.0,54,87,-2.15,160.0,-2.7,8-2,0-2,2-1,1-1,10-2,2026-02-04,13,6,0.684,0,2,0.0,2,1,0.667,1,1,0.5,10,2,0.833,8,0,1.0,5,2,0.714,8,2,0.8,,
2026-01-27,Ga. Southern,Sun Belt,71,71,107,160,14-5,8-2,6-3,6-4,170.0,206,81,-1.99,103.0,-1.55,8-2,0-1,1-1,2-1,11-2,2026-02-04,14,5,0.737,0,1,0.0,1,1,0.5,2,1,0.667,11,2,0.846,8,2,0.8,6,4,0.6,8,2,0.8,,
2026-01-27,Georgetown,Big East,72,72,94,155,12-8,5-6,7-2,4-5,97.0,188,109,-3.46,64.0,-0.48,5-5,0-2,1-3,1-0,10-3,2026-02-04,12,8,0.6,0,2,0.0,1,3,0.25,1,0,1.0,10,3,0.769,5,6,0.455,4,5,0.444,5,5,0.5,,
2026-01-27,Ball St.,MAC,73,73,169,177,14-5,7-1,7-4,6-3,174.0,113,82,-2.06,101.0,-1.43,7-3,0-2,0-1,1-1,13-1,2026-02-04,14,5,0.737,0,2,0.0,0,1,0.0,1,1,0.5,13,1,0.929,7,1,0.875,6,3,0.667,7,3,0.7,,
2026-01-27,San Diego St.,Mountain West,74,74,153,175,14-3,9-0,5-3,5-0,190.0,115,56,-0.53,90.0,-1.15,10-0,0-1,1-0,1-2,12-0,2026-02-04,14,3,0.824,0,1,0.0,1,0,1.0,1,2,0.333,12,0,1.0,9,0,1.0,5,0,1.0,10,0,1.0,,
2026-01-27,Wisconsin,Big Ten,75,75,33,120,13-8,5-5,8-3,2-5,26.0,179,52,-0.19,84.0,-1.07,5-5,3-4,0-2,1-2,9-0,2026-02-04,13,8,0.619,3,4,0.429,0,2,0.0,1,2,0.333,9,0,1.0,5,5,0.5,2,5,0.286,5,5,0.5,,
2026-01-27,Montana St.,Big Sky,76,76,81,148,12-5,7-1,5-4,5-4,124.0,41,74,-1.61,80.0,-1.0,8-2,0-2,1-1,1-2,10-0,2026-02-04,12,5,0.706,0,2,0.0,1,1,0.5,1,2,0.333,10,0,1.0,7,1,0.875,5,4,0.556,8,2,0.8,,
2026-01-27,Missouri,SEC,77,77,28,116,14-9,2-6,12-3,2-3,51.0,240,76,-1.75,79.0,-0.9,4-6,0-4,0-4,2-1,12-0,2026-02-04,14,9,0.609,0,4,0.0,0,4,0.0,2,1,0.667,12,0,1.0,2,6,0.25,2,3,0.4,4,6,0.4,,
2026-01-27,Colorado St.,Mountain West,78,78,181,183,16-4,8-2,8-2,7-1,232.0,165,71,-1.53,52.0,-0.1,8-2,0-0,1-2,1-1,14-1,2026-02-04,16,4,0.8,0,0,,1,2,0.333,1,1,0.5,14,1,0.933,8,2,0.8,7,1,0.875,8,2,0.8,,
2026-01-27,South Fla.,American,79,79,55,133,13-9,6-3,7-6,2-3,47.0,9,77,-1.83,39.0,0.51,7-3,1-5,0-1,1-1,11-2,2026-02-04,13,9,0.591,1,5,0.167,0,1,0.0,1,1,0.5,11,2,0.846,6,3,0.667,2,3,0.4,7,3,0.7,,
2026-01-27,Saint Joseph's,Atlantic 10,80,80,90,153,11-6,4-4,7-2,5-3,156.0,174,104,-3.19,61.0,-0.37,6-4,0-1,1-2,1-1,9-2,2026-02-04,11,6,0.647,0,1,0.0,1,2,0.333,1,1,0.5,9,2,0.818,4,4,0.5,5,3,0.625,6,4,0.6,,
2026-01-27,Arkansas St.,Sun Belt,81,81,122,166,17-4,9-1,8-3,6-3,270.0,297,80,-1.89,123.0,-1.88,9-1,0-0,0-2,2-2,15-0,2026-02-04,17,4,0.81,0,0,,0,2,0.0,2,2,0.5,15,0,1.0,9,1,0.9,6,3,0.667,9,1,0.9,,
2026-01-27,Miami (OH),MAC,82,82,184,184,14-4,8-0,6-4,7-3,238.0,226,78,-1.86,152.0,-2.52,9-1,0-0,1-2,3-0,10-2,2026-02-04,14,4,0.778,0,0,,1,2,0.333,3,0,1.0,10,2,0.833,8,0,1.0,7,3,0.7,9,1,0.9,,
2026-01-27,UC Irvine,Big West,83,85,324,228,17-3,8-1,9-2,5-2,359.0,353,91,-2.39,109.0,-1.61,9-1,0-0,0-0,0-1,17-2,2026-02-04,17,3,0.85,0,0,,0,0,,0,1,0.0,17,2,0.895,8,1,0.889,5,2,0.714,9,1,0.9,,
2026-01-27,Oregon St.,WCC,84,84,79,146,13-6,7-1,6-5,4-2,91.0,34,70,-1.53,92.0,-1.18,9-1,0-2,1-2,2-1,10-1,2026-02-04,13,6,0.684,0,2,0.0,1,2,0.333,2,1,0.667,10,1,0.909,7,1,0.875,4,2,0.667,9,1,0.9,,
2026-01-27,UNLV,Mountain West,85,83,103,159,14-6,9-1,5-5,6-4,179.0,93,100,-2.94,147.0,-2.45,9-1,0-0,0-4,1-2,13-0,2026-02-04,14,6,0.7,0,0,,0,4,0.0,1,2,0.333,13,0,1.0,9,1,0.9,6,4,0.6,9,1,0.9,,
2026-01-27,Vermont,America East,86,86,243,200,15-5,6-1,9-4,7-4,257.0,235,99,-2.82,128.0,-2.14,8-2,0-1,1-0,0-2,14-2,2026-02-04,15,5,0.75,0,1,0.0,1,0,1.0,0,2,0.0,14,2,0.875,6,1,0.857,7,4,0.636,8,2,0.8,,
2026-01-27,Green Bay,Horizon,87,87,197,188,16-5,12-0,4-5,7-3,163.0,35,73,-1.6,122.0,-1.88,9-1,0-2,0-2,1-1,15-0,2026-02-04,16,5,0.762,0,2,0.0,0,2,0.0,1,1,0.5,15,0,1.0,12,0,1.0,7,3,0.7,9,1,0.9,,
2026-01-27,Quinnipiac,MAAC,88,88,355,257,16-4,11-0,5-4,10-1,362.0,348,111,-3.52,213.0,-3.61,10-0,0-0,0-0,0-0,16-4,2026-02-04,16,4,0.8,0,0,,0,0,,0,0,,16,4,0.8,11,0,1.0,10,1,0.909,10,0,1.0,,
2026-01-27,McNeese,Southland,89,89,303,220,14-4,10-1,4-3,7-2,186.0,30,65,-1.35,66.0,-0.49,9-1,0-2,0-1,1-0,13-1,2026-02-04,14,4,0.778,0,2,0.0,0,1,0.0,1,0,1.0,13,1,0.929,10,1,0.909,7,2,0.778,9,1,0.9,,
2026-01-27,Lindenwood,OVC,90,91,199,189,13-6,7-3,6-3,6-3,184.0,77,103,-3.18,67.0,-0.49,7-3,0-2,0-1,1-0,12-3,2026-02-04,13,6,0.684,0,2,0.0,0,1,0.0,1,0,1.0,12,3,0.8,7,3,0.7,6,3,0.667,7,3,0.7,,
2026-01-27,Georgia Tech,ACC,91,90,23,112,9-12,4-5,5-7,2-6,27.0,91,127,-4.23,228.0,-3.93,5-5,0-5,2-3,1-3,6-1,2026-02-04,9,12,0.429,0,5,0.0,2,3,0.4,1,3,0.25,6,1,0.857,4,5,0.444,2,6,0.25,5,5,0.5,,
2026-01-27,Texas A&M,SEC,92,92,15,107,8-8,1-6,7-2,2-3,6.0,144,57,-0.77,55.0,-0.17,3-7,0-6,3-1,0-0,5-1,2026-02-04,8,8,0.5,0,6,0.0,3,1,0.75,0,0,,5,1,0.833,1,6,0.143,2,3,0.4,3,7,0.3,,
2026-01-27,Belmont,MVC,93,93,61,135,11-8,7-1,4-7,4-3,54.0,11,88,-2.21,112.0,-1.66,7-3,0-5,0-1,0-2,11-0,2026-02-04,11,8,0.579,0,5,0.0,0,1,0.0,0,2,0.0,11,0,1.0,7,1,0.875,4,3,0.571,7,3,0.7,,
2026-01-27,Louisiana Tech,CUSA,94,94,144,173,11-5,4-1,7-4,4-3,159.0,123,90,-2.37,104.0,-1.57,8-2,0-2,0-0,0-1,11-2,2026-02-04,11,5,0.688,0,2,0.0,0,0,,0,1,0.0,11,2,0.846,4,1,0.8,4,3,0.571,8,2,0.8,,
2026-01-27,Abilene Christian,WAC,95,95,236,198,11-5,5-1,6-4,4-2,293.0,272,113,-3.55,167.0,-2.77,8-2,0-1,0-0,1-0,10-4,2026-02-04,11,5,0.688,0,1,0.0,0,0,,1,0,1.0,10,4,0.714,5,1,0.833,4,2,0.667,8,2,0.8,,
2026-01-27,Central Mich.,MAC,96,96,160,176,11-6,6-2,5-4,6-5,96.0,19,85,-2.1,65.0,-0.49,7-3,0-3,0-1,1-1,10-1,2026-02-04,11,6,0.647,0,3,0.0,0,1,0.0,1,1,0.5,10,1,0.909,6,2,0.75,6,5,0.545,7,3,0.7,,
2026-01-27,Penn St.,Big Ten,97,97,7,89,7-14,0-10,7-4,1-6,3.0,67,114,-3.58,78.0,-0.85,0-10,0-8,1-5,1-0,5-1,2026-02-04,7,14,0.333,0,8,0.0,1,5,0.167,1,0,1.0,5,1,0.833,0,10,0.0,1,6,0.143,0,10,0.0,,
2026-01-27,Murray St.,MVC,98,98,118,163,16-3,8-1,8-2,6-3,207.0,139,54,-0.4,48.0,0.06,9-1,0-2,0-0,3-1,13-0,2026-02-04,16,3,0.842,0,2,0.0,0,0,,3,1,0.75,13,0,1.0,8,1,0.889,6,3,0.667,9,1,0.9,,
2026-01-27,Marshall,Sun Belt,99,99,122,166,15-5,8-2,7-3,6-4,191.0,204,84,-2.1,98.0,-1.39,8-2,0-1,0-2,3-0,12-2,2026-02-04,15,5,0.75,0,1,0.0,0,2,0.0,3,0,1.0,12,2,0.857,8,2,0.8,6,4,0.6,8,2,0.8,,
2026-01-27,Western Ill.,OVC,100,100,319,226,13-3,8-2,5-1,7-3,269.0,183,68,-1.38,49.0,0.04,8-2,0-1,0-0,2-0,11-2,2026-02-04,13,3,0.812,0,1,0.0,0,0,,2,0,1.0,11,2,0.846,8,2,0.8,7,3,0.7,8,2,0.8,,
2026-01-27,Massachusetts,MAC,101,101,252,202,14-4,6-2,8-2,5-3,307.0,340,94,-2.49,97.0,-1.38,7-3,0-0,0-1,1-2,13-1,2026-02-04,14,4,0.778,0,0,,0,1,0.0,1,2,0.333,13,1,0.929,6,2,0.75,5,3,0.625,7,3,0.7,,
2026-01-27,Col. of Charleston,CAA,102,102,323,227,14-3,8-0,6-3,6-1,318.0,257,75,-1.68,118.0,-1.8,9-1,0-0,0-1,2-1,12-1,2026-02-04,14,3,0.824,0,0,,0,1,0.0,2,1,0.667,12,1,0.923,8,0,1.0,6,1,0.857,9,1,0.9,,
2026-01-27,St. John's (NY),Big East,103,103,103,159,16-6,6-5,10-1,5-4,88.0,221,58,-0.8,36.0,0.66,6-4,0-2,3-2,2-1,11-1,2026-02-04,16,6,0.727,0,2,0.0,3,2,0.6,2,1,0.667,11,1,0.917,6,5,0.545,5,4,0.556,6,4,0.6,,
2026-01-27,Central Ark.,ASUN,104,104,231,196,9-8,4-3,5-5,4-7,308.0,283,194,-6.58,226.0,-3.87,5-5,0-0,0-1,1-2,8-5,2026-02-04,9,8,0.529,0,0,,0,1,0.0,1,2,0.333,8,5,0.615,4,3,0.571,4,7,0.364,5,5,0.5,,
2026-01-27,High Point,Big South,105,105,345,245,16-2,7-0,9-2,4-2,346.0,317,60,-0.95,82.0,-1.02,9-1,0-0,0-1,2-0,14-1,2026-02-04,16,2,0.889,0,0,,0,1,0.0,2,0,1.0,14,1,0.933,7,0,1.0,4,2,0.667,9,1,0.9,,
2026-01-27,Florida St.,ACC,106,106,13,105,7-14,2-7,5-7,2-4,20.0,29,165,-5.75,159.0,-2.7,3-7,0-4,0-7,1-1,6-2,2026-02-04,7,14,0.333,0,4,0.0,0,7,0.0,1,1,0.5,6,2,0.75,2,7,0.222,2,4,0.333,3,7,0.3,,
2026-01-27,Arkansas,SEC,107,107,75,145,11-10,0-6,11-4,1-5,56.0,280,115,-3.62,134.0,-2.27,3-7,0-5,0-2,0-2,11-1,2026-02-04,11,10,0.524,0,5,0.0,0,2,0.0,0,2,0.0,11,1,0.917,0,6,0.0,1,5,0.167,3,7,0.3,,
2026-01-27,Eastern Ky.,ASUN,108,108,338,234,15-4,8-0,7-4,6-2,305.0,274,92,-2.4,158.0,-2.68,10-0,0-1,0-0,1-0,14-3,2026-02-04,15,4,0.789,0,1,0.0,0,0,,1,0,1.0,14,3,0.824,8,0,1.0,6,2,0.75,10,0,1.0,,
2026-01-27,New Mexico,Mountain West,109,110,191,186,13-7,5-4,8-3,5-3,208.0,232,128,-4.27,99.0,-1.41,6-4,0-0,1-3,0-1,12-3,2026-02-04,13,7,0.65,0,0,,1,3,0.25,0,1,0.0,12,3,0.8,5,4,0.556,5,3,0.625,6,4,0.6,,
2026-01-27,Creighton,Big East,110,109,47,128,8-12,4-7,4-5,3-7,71.0,121,198,-6.69,178.0,-2.98,3-7,0-3,0-4,1-2,7-3,2026-02-04,8,12,0.4,0,3,0.0,0,4,0.0,1,2,0.333,7,3,0.7,4,7,0.364,3,7,0.3,3,7,0.3,,
2026-01-27,UNI,MVC,111,111,89,152,10-9,6-3,4-6,5-5,115.0,48,146,-5.11,169.0,-2.83,6-4,0-2,0-2,1-3,9-2,2026-02-04,10,9,0.526,0,2,0.0,0,2,0.0,1,3,0.25,9,2,0.818,6,3,0.667,5,5,0.5,6,4,0.6,,
2026-01-27,UC Santa Barbara,Big West,112,113,341,236,14-3,7-2,7-1,8-2,303.0,213,72,-1.55,44.0,0.23,8-2,0-1,0-0,0-0,14-2,2026-02-04,14,3,0.824,0,1,0.0,0,0,,0,0,,14,2,0.875,7,2,0.778,8,2,0.8,8,2,0.8,,
2026-01-27,North Texas,American,113,112,75,145,9-9,5-3,4-6,4-2,121.0,76,154,-5.36,192.0,-3.21,5-5,0-2,0-2,0-2,9-3,2026-02-04,9,9,0.5,0,2,0.0,0,2,0.0,0,2,0.0,9,3,0.75,5,3,0.625,4,2,0.667,5,5,0.5,,
2026-01-27,South Dakota,Summit League,114,114,331,230,12-6,5-2,7-4,6-4,304.0,329,134,-4.46,190.0,-3.17,6-4,0-1,1-0,1-0,10-5,2026-02-04,12,6,0.667,0,1,0.0,1,0,1.0,1,0,1.0,10,5,0.667,5,2,0.714,6,4,0.6,6,4,0.6,,
2026-01-27,Boise St.,Mountain West,115,117,151,174,15-5,7-3,8-2,3-4,243.0,246,97,-2.67,68.0,-0.62,7-3,0-0,0-3,1-1,14-1,2026-02-04,15,5,0.75,0,0,,0,3,0.0,1,1,0.5,14,1,0.933,7,3,0.7,3,4,0.429,7,3,0.7,,
2026-01-27,Cincinnati,Big 12,116,115,10,102,7-13,3-6,4-7,1-6,45.0,259,190,-6.44,284.0,-5.56,3-7,0-2,2-6,2-2,3-3,2026-02-04,7,13,0.35,0,2,0.0,2,6,0.25,2,2,0.5,3,3,0.5,3,6,0.333,1,6,0.143,3,7,0.3,,
2026-01-27,Idaho,Big Sky,117,119,299,219,13-5,6-1,7-4,6-4,333.0,334,119,-3.75,196.0,-3.26,7-3,0-0,0-2,0-0,13-3,2026-02-04,13,5,0.722,0,0,,0,2,0.0,0,0,,13,3,0.812,6,1,0.857,6,4,0.6,7,3,0.7,,
2026-01-27,Southern Ind.,OVC,118,118,219,194,11-5,8-2,3-3,5-3,260.0,146,106,-3.29,116.0,-1.78,7-3,0-1,0-0,0-1,11-3,2026-02-04,11,5,0.688,0,1,0.0,0,0,,0,1,0.0,11,3,0.786,8,2,0.8,5,3,0.625,7,3,0.7,,
2026-01-27,Penn,Ivy League,119,120,184,184,10-6,2-3,8-3,3-3,197.0,263,116,-3.72,105.0,-1.58,7-3,0-1,0-1,0-2,10-2,2026-02-04,10,6,0.625,0,1,0.0,0,1,0.0,0,2,0.0,10,2,0.833,2,3,0.4,3,3,0.5,7,3,0.7,,
2026-01-27,Wake Forest,ACC,120,121,160,176,12-9,2-7,10-2,1-3,108.0,355,133,-4.45,107.0,-1.58,3-7,0-3,0-4,0-1,12-1,2026-02-04,12,9,0.571,0,3,0.0,0,4,0.0,0,1,0.0,12,1,0.923,2,7,0.222,1,3,0.25,3,7,0.3,,
2026-01-27,Army West Point,Patriot,121,123,334,233,14-4,6-2,8-2,7-3,314.0,269,95,-2.54,73.0,-0.76,8-2,0-1,0-0,0-2,14-1,2026-02-04,14,4,0.778,0,1,0.0,0,0,,0,2,0.0,14,1,0.933,6,2,0.75,7,3,0.7,8,2,0.8,,
2026-01-27,UCF,Big 12,122,122,99,157,10-10,2-7,8-3,1-3,80.0,342,144,-5.02,145.0,-2.42,3-7,0-3,2-3,0-0,8-4,2026-02-04,10,10,0.5,0,3,0.0,2,3,0.4,0,0,,8,4,0.667,2,7,0.222,1,3,0.25,3,7,0.3,,
2026-01-27,UTSA,American,123,124,83,149,8-9,4-3,4-6,3-6,116.0,69,161,-5.53,189.0,-3.16,5-5,0-2,0-2,0-2,8-3,2026-02-04,8,9,0.471,0,2,0.0,0,2,0.0,0,2,0.0,8,3,0.727,4,3,0.571,3,6,0.333,5,5,0.5,,
2026-01-27,Austin Peay,ASUN,124,125,283,213,11-5,5-3,6-2,10-0,289.0,223,112,-3.54,75.0,-0.8,7-3,0-1,0-0,0-0,11-4,2026-02-04,11,5,0.688,0,1,0.0,0,0,,0,0,,11,4,0.733,5,3,0.625,10,0,1.0,7,3,0.7,,
2026-01-27,Navy,Patriot,125,126,283,213,11-6,6-1,5-5,5-3,294.0,258,135,-4.46,216.0,-3.66,6-4,0-1,1-1,0-0,10-4,2026-02-04,11,6,0.647,0,1,0.0,1,1,0.5,0,0,,10,4,0.714,6,1,0.857,5,3,0.625,6,4,0.6,,
2026-01-27,Tulsa,American,126,135,197,188,14-6,6-2,8-4,5-3,221.0,227,108,-3.46,132.0,-2.24,8-2,0-1,1-0,1-3,12-2,2026-02-04,14,6,0.7,0,1,0.0,1,0,1.0,1,3,0.25,12,2,0.857,6,2,0.75,5,3,0.625,8,2,0.8,,
2026-01-27,East Carolina,American,127,116,234,197,15-7,7-2,8-5,3-3,343.0,339,163,-5.65,236.0,-4.19,8-2,0-0,0-0,1-3,14-4,2026-02-04,15,7,0.682,0,0,,0,0,,1,3,0.25,14,4,0.778,7,2,0.778,3,3,0.5,8,2,0.8,,
2026-01-27,Idaho St.,Big Sky,128,128,191,186,11-7,5-3,6-4,6-3,292.0,279,156,-5.37,171.0,-2.84,7-3,0-0,0-1,2-1,9-5,2026-02-04,11,7,0.611,0,0,,0,1,0.0,2,1,0.667,9,5,0.643,5,3,0.625,6,3,0.667,7,3,0.7,,
2026-01-27,Coastal Carolina,Sun Belt,129,127,160,176,8-11,3-6,5-5,3-6,148.0,114,232,-7.69,157.0,-2.67,4-6,0-2,0-1,0-4,8-4,2026-02-04,8,11,0.421,0,2,0.0,0,1,0.0,0,4,0.0,8,4,0.667,3,6,0.333,3,6,0.333,4,6,0.4,,
2026-01-27,Northwestern,Big Ten,130,129,17,108,8-12,2-7,6-5,1-6,22.0,251,126,-4.17,207.0,-3.51,2-8,0-7,0-2,2-1,6-2,2026-02-04,8,12,0.4,0,7,0.0,0,2,0.0,2,1,0.667,6,2,0.75,2,7,0.222,1,6,0.143,2,8,0.2,,
2026-01-27,Purdue Fort Wayne,Horizon,131,133,224,195,13-8,8-4,5-4,3-6,216.0,108,151,-5.26,121.0,-1.86,6-4,0-2,0-0,1-1,12-5,2026-02-04,13,8,0.619,0,2,0.0,0,0,,1,1,0.5,12,5,0.706,8,4,0.667,3,6,0.333,6,4,0.6,,
2026-01-27,Portland,WCC,132,130,115,162,9-10,5-4,4-6,4-7,126.0,98,186,-6.28,205.0,-3.5,6-4,0-2,1-2,0-1,8-5,2026-02-04,9,10,0.474,0,2,0.0,1,2,0.333,0,1,0.0,8,5,0.615,5,4,0.556,4,7,0.364,6,4,0.6,,
2026-01-27,Arizona,Big 12,133,132,83,149,10-9,1-7,9-2,0-4,82.0,351,129,-4.31,108.0,-1.58,3-7,0-3,1-3,1-0,8-3,2026-02-04,10,9,0.526,0,3,0.0,1,3,0.25,1,0,1.0,8,3,0.727,1,7,0.125,0,4,0.0,3,7,0.3,,
2026-01-27,Brown,Ivy League,134,131,258,203,10-6,3-2,7-4,6-5,274.0,343,132,-4.41,202.0,-3.43,6-4,0-0,0-2,0-1,10-3,2026-02-04,10,6,0.625,0,0,,0,2,0.0,0,1,0.0,10,3,0.769,3,2,0.6,6,5,0.545,6,4,0.6,,
2026-01-27,Temple,American,135,134,63,138,9-10,3-4,6-6,1-6,78.0,33,149,-5.25,119.0,-1.83,5-5,0-5,0-0,2-2,7-3,2026-02-04,9,10,0.474,0,5,0.0,0,0,,2,2,0.5,7,3,0.7,3,4,0.429,1,6,0.143,5,5,0.5,,
2026-01-27,Illinois St.,MVC,136,136,209,191,11-9,5-4,6-5,2-6,185.0,140,175,-6.04,164.0,-2.74,6-4,0-2,0-1,0-3,11-3,2026-02-04,11,9,0.55,0,2,0.0,0,1,0.0,0,3,0.0,11,3,0.786,5,4,0.556,2,6,0.25,6,4,0.6,,
2026-01-27,UC San Diego,Big West,137,137,299,219,12-6,8-1,4-5,6-3,287.0,267,131,-4.35,224.0,-3.85,8-2,0-1,0-0,1-0,11-5,2026-02-04,12,6,0.667,0,1,0.0,0,0,,1,0,1.0,11,5,0.688,8,1,0.889,6,3,0.667,8,2,0.8,,
2026-01-27,Butler,Big East,138,138,66,139,9-12,3-8,6-4,0-6,77.0,198,199,-6.73,141.0,-2.37,4-6,0-3,0-3,0-5,9-1,2026-02-04,9,12,0.429,0,3,0.0,0,3,0.0,0,5,0.0,9,1,0.9,3,8,0.273,0,6,0.0,4,6,0.4,,
2026-01-27,FDU,NEC,139,139,358,262,15-4,8-0,7-4,9-3,310.0,242,93,-2.44,148.0,-2.46,9-1,0-1,0-1,0-0,15-2,2026-02-04,15,4,0.789,0,1,0.0,0,1,0.0,0,0,,15,2,0.882,8,0,1.0,9,3,0.75,9,1,0.9,,
2026-01-27,Missouri St.,CUSA,140,140,153,175,12-7,3-1,9-6,5-2,309.0,298,159,-5.42,246.0,-4.5,5-5,0-0,0-1,1-2,11-4,2026-02-04,12,7,0.632,0,0,,0,1,0.0,1,2,0.333,11,4,0.733,3,1,0.75,5,2,0.714,5,5,0.5,,
2026-01-27,Pepperdine,WCC,141,141,141,172,10-9,3-6,7-3,3-6,217.0,201,192,-6.54,96.0,-1.37,4-6,0-1,0-2,0-1,10-5,2026-02-04,10,9,0.526,0,1,0.0,0,2,0.0,0,1,0.0,10,5,0.667,3,6,0.333,3,6,0.333,4,6,0.4,,
2026-01-27,Grand Canyon,Mountain West,142,142,26,115,6-14,5-5,1-9,3-6,90.0,45,263,-9.29,291.0,-5.73,5-5,0-2,0-4,2-4,4-4,2026-02-04,6,14,0.3,0,2,0.0,0,4,0.0,2,4,0.333,4,4,0.5,5,5,0.5,3,6,0.333,5,5,0.5,,
2026-01-27,California Baptist,WAC,143,143,249,201,13-8,7-1,6-7,6-5,283.0,266,176,-6.05,272.0,-5.34,7-3,0-1,0-0,0-2,13-5,2026-02-04,13,8,0.619,0,1,0.0,0,0,,0,2,0.0,13,5,0.722,7,1,0.875,6,5,0.545,7,3,0.7,,
2026-01-27,UC Davis,Big West,144,145,191,186,12-6,7-2,5-4,7-4,242.0,191,123,-3.88,150.0,-2.5,6-4,0-1,0-1,0-2,12-2,2026-02-04,12,6,0.667,0,1,0.0,0,1,0.0,0,2,0.0,12,2,0.857,7,2,0.778,7,4,0.636,6,4,0.6,,
2026-01-27,Old Dominion,Sun Belt,145,144,80,147,11-9,4-5,7-4,2-4,106.0,88,139,-4.63,89.0,-1.14,5-5,0-3,0-1,2-3,9-2,2026-02-04,11,9,0.55,0,3,0.0,0,1,0.0,2,3,0.4,9,2,0.818,4,5,0.444,2,4,0.333,5,5,0.5,,
2026-01-27,San Francisco,WCC,146,147,122,166,12-7,6-3,6-4,4-3,222.0,243,137,-4.6,153.0,-2.6,7-3,0-0,0-3,0-4,12-0,2026-02-04,12,7,0.632,0,0,,0,3,0.0,0,4,0.0,12,0,1.0,6,3,0.667,4,3,0.571,7,3,0.7,,
2026-01-27,Bradley,MVC,147,146,252,202,12-7,6-3,6-4,3-6,227.0,187,138,-4.62,136.0,-2.31,7-3,0-1,0-0,1-5,11-1,2026-02-04,12,7,0.632,0,1,0.0,0,0,,1,5,0.167,11,1,0.917,6,3,0.667,3,6,0.333,7,3,0.7,,
2026-01-27,Charlotte,American,148,150,71,142,9-12,3-5,6-7,1-7,93.0,63,211,-7.1,191.0,-3.18,4-6,0-3,0-3,2-2,7-4,2026-02-04,9,12,0.429,0,3,0.0,0,3,0.0,2,2,0.5,7,4,0.636,3,5,0.375,1,7,0.125,4,6,0.4,,
2026-01-27,Sam Houston,CUSA,149,148,144,173,8-6,3-2,5-4,4-4,125.0,85,105,-3.24,111.0,-1.63,5-5,0-2,0-1,1-0,7-3,2026-02-04,8,6,0.571,0,2,0.0,0,1,0.0,1,0,1.0,7,3,0.7,3,2,0.6,4,4,0.5,5,5,0.5,,
2026-01-27,Howard,MEAC,150,149,264,205,15-7,5-1,10-6,8-7,213.0,176,125,-4.08,185.0,-3.12,8-2,0-2,1-1,1-1,13-3,2026-02-04,15,7,0.682,0,2,0.0,1,1,0.5,1,1,0.5,13,3,0.812,5,1,0.833,8,7,0.533,8,2,0.8,,
2026-01-27,Middle Tenn.,CUSA,151,151,139,171,11-9,6-2,5-7,5-4,176.0,126,169,-5.91,239.0,-4.38,7-3,0-2,0-1,0-3,11-3,2026-02-04,11,9,0.55,0,2,0.0,0,1,0.0,0,3,0.0,11,3,0.786,6,2,0.75,5,4,0.556,7,3,0.7,,
2026-01-27,LMU (CA),WCC,152,154,199,189,11-8,6-3,5-5,4-5,326.0,358,196,-6.61,250.0,-4.69,7-3,0-0,0-1,2-0,9-7,2026-02-04,11,8,0.579,0,0,,0,1,0.0,2,0,1.0,9,7,0.562,6,3,0.667,4,5,0.444,7,3,0.7,,
2026-01-27,Bryant,America East,153,152,346,247,12-6,4-3,8-3,6-4,358.0,363,155,-5.37,168.0,-2.81,5-5,0-0,0-0,0-1,12-5,2026-02-04,12,6,0.667,0,0,,0,0,,0,1,0.0,12,5,0.706,4,3,0.571,6,4,0.6,5,5,0.5,,
2026-01-27,Rutgers,Big Ten,154,153,45,127,9-11,1-8,8-3,1-5,24.0,218,110,-3.51,94.0,-1.33,2-8,0-6,1-2,2-2,6-1,2026-02-04,9,11,0.45,0,6,0.0,1,2,0.333,2,2,0.5,6,1,0.857,1,8,0.111,1,5,0.167,2,8,0.2,,
2026-01-27,Northern Colo.,Big Sky,155,155,238,199,12-6,6-2,6-4,5-4,282.0,302,130,-4.33,180.0,-3.03,7-3,0-0,0-2,1-1,11-3,2026-02-04,12,6,0.667,0,0,,0,2,0.0,1,1,0.5,11,3,0.786,6,2,0.75,5,4,0.556,7,3,0.7,,
2026-01-27,Tulane,American,156,157,120,164,8-11,3-4,5-7,2-4,129.0,109,215,-7.31,234.0,-4.15,4-6,0-3,0-1,0-2,8-5,2026-02-04,8,11,0.421,0,3,0.0,0,1,0.0,0,2,0.0,8,5,0.615,3,4,0.429,2,4,0.333,4,6,0.4,,
2026-01-27,Toledo,MAC,157,156,199,189,8-8,4-3,4-5,3-6,169.0,158,160,-5.46,197.0,-3.27,5-5,0-1,0-2,0-2,8-3,2026-02-04,8,8,0.5,0,1,0.0,0,2,0.0,0,2,0.0,8,3,0.727,4,3,0.571,3,6,0.333,5,5,0.5,,
2026-01-27,Binghamton,America East,158,158,219,194,12-6,6-1,6-5,5-4,180.0,128,107,-3.32,155.0,-2.65,8-2,0-2,0-1,1-0,11-3,2026-02-04,12,6,0.667,0,2,0.0,0,1,0.0,1,0,1.0,11,3,0.786,6,1,0.857,5,4,0.556,8,2,0.8,,
2026-01-27,Maine,America East,159,159,136,170,10-11,5-3,5-8,5-7,162.0,118,227,-7.59,261.0,-5.06,7-3,0-1,1-2,1-3,8-5,2026-02-04,10,11,0.476,0,1,0.0,1,2,0.333,1,3,0.25,8,5,0.615,5,3,0.625,5,7,0.417,7,3,0.7,,
2026-01-27,Lamar University,Southland,160,160,306,221,11-6,9-2,2-4,3-6,298.0,170,136,-4.49,177.0,-2.9,8-2,0-0,0-2,0-1,11-3,2026-02-04,11,6,0.647,0,0,,0,2,0.0,0,1,0.0,11,3,0.786,9,2,0.818,3,6,0.333,8,2,0.8,,
2026-01-27,Fresno St.,Mountain West,161,162,181,183,9-11,4-6,5-5,2-8,161.0,152,233,-7.75,179.0,-3.03,4-6,0-1,0-3,0-4,9-3,2026-02-04,9,11,0.45,0,1,0.0,0,3,0.0,0,4,0.0,9,3,0.75,4,6,0.4,2,8,0.2,4,6,0.4,,
2026-01-27,Kent St.,MAC,162,161,98,156,7-10,4-4,3-6,3-7,114.0,49,191,-6.5,188.0,-3.16,4-6,0-2,0-1,0-4,7-3,2026-02-04,7,10,0.412,0,2,0.0,0,1,0.0,0,4,0.0,7,3,0.7,4,4,0.5,3,7,0.3,4,6,0.4,,
2026-01-27,Hawaii,Big West,163,163,144,173,8-9,4-5,4-4,2-3,290.0,278,223,-7.46,182.0,-3.07,5-5,0-0,0-0,0-5,8-4,2026-02-04,8,9,0.471,0,0,,0,0,,0,5,0.0,8,4,0.667,4,5,0.444,2,3,0.4,5,5,0.5,,
2026-01-27,George Washington,Atlantic 10,164,164,178,181,10-11,3-6,7-5,2-6,272.0,289,254,-8.9,217.0,-3.68,4-6,0-0,0-3,0-1,10-7,2026-02-04,10,11,0.476,0,0,,0,3,0.0,0,1,0.0,10,7,0.588,3,6,0.333,2,6,0.25,4,6,0.4,,
2026-01-27,Houston,Big 12,165,175,11,103,6-14,0-9,6-5,1-7,48.0,312,224,-7.48,230.0,-4.0,1-9,0-4,0-4,0-4,6-2,2026-02-04,6,14,0.3,0,4,0.0,0,4,0.0,0,4,0.0,6,2,0.75,0,9,0.0,1,7,0.125,1,9,0.1,,
2026-01-27,Drexel,CAA,166,165,280,212,10-7,4-3,6-4,3-5,341.0,326,172,-5.95,194.0,-3.24,6-4,0-0,0-1,0-2,10-4,2026-02-04,10,7,0.588,0,0,,0,1,0.0,0,2,0.0,10,4,0.714,4,3,0.571,3,5,0.375,6,4,0.6,,
2026-01-27,Saint Mary's (CA),WCC,167,166,144,173,11-9,4-5,7-4,7-3,166.0,116,168,-5.81,102.0,-1.48,5-5,0-2,0-1,0-2,11-4,2026-02-04,11,9,0.55,0,2,0.0,0,1,0.0,0,2,0.0,11,4,0.733,4,5,0.444,7,3,0.7,5,5,0.5,,
2026-01-27,ULM,Sun Belt,168,167,103,159,8-11,3-7,5-4,1-7,134.0,84,222,-7.44,110.0,-1.63,3-7,0-2,0-1,0-4,8-4,2026-02-04,8,11,0.421,0,2,0.0,0,1,0.0,0,4,0.0,8,4,0.667,3,7,0.3,1,7,0.125,3,7,0.3,,
2026-01-27,UAlbany,America East,169,168,277,209,10-9,1-6,9-3,4-6,177.0,166,177,-6.08,72.0,-0.75,3-7,0-2,0-1,0-2,10-4,2026-02-04,10,9,0.526,0,2,0.0,0,1,0.0,0,2,0.0,10,4,0.714,1,6,0.143,4,6,0.4,3,7,0.3,,
2026-01-27,Providence,Big East,170,176,90,153,10-12,3-8,7-4,1-6,85.0,247,197,-6.63,149.0,-2.48,3-7,0-3,0-4,1-1,9-4,2026-02-04,10,12,0.455,0,3,0.0,0,4,0.0,1,1,0.5,9,4,0.692,3,8,0.273,1,6,0.143,3,7,0.3,,
2026-01-27,Oral Roberts,Summit League,171,172,107,160,8-9,4-3,4-6,3-7,84.0,62,142,-4.84,181.0,-3.05,6-4,0-3,0-2,3-1,5-3,2026-02-04,8,9,0.471,0,3,0.0,0,2,0.0,3,1,0.75,5,3,0.625,4,3,0.571,3,7,0.3,6,4,0.6,,
2026-01-27,Jacksonville,ASUN,172,169,224,195,10-7,4-4,6-3,4-5,142.0,57,124,-3.95,60.0,-0.33,5-5,0-2,0-1,1-1,9-3,2026-02-04,10,7,0.588,0,2,0.0,0,1,0.0,1,1,0.5,9,3,0.75,4,4,0.5,4,5,0.444,5,5,0.5,,
2026-01-27,Eastern Mich.,MAC,173,170,160,176,8-9,3-5,5-4,3-8,165.0,167,187,-6.28,137.0,-2.34,4-6,0-1,0-2,0-2,8-4,2026-02-04,8,9,0.471,0,1,0.0,0,2,0.0,0,2,0.0,8,4,0.667,3,5,0.375,3,8,0.273,4,6,0.4,,
2026-01-27,Ohio,MAC,174,174,252,202,11-6,6-2,5-4,5-3,315.0,295,140,-4.64,183.0,-3.07,7-3,0-0,0-1,1-1,10-4,2026-02-04,11,6,0.647,0,0,,0,1,0.0,1,1,0.5,10,4,0.714,6,2,0.75,5,3,0.625,7,3,0.7,,
2026-01-27,FGCU,ASUN,175,173,68,140,7-10,5-3,2-7,4-3,98.0,22,180,-6.15,208.0,-3.51,5-5,0-1,1-1,1-5,5-3,2026-02-04,7,10,0.412,0,1,0.0,1,1,0.5,1,5,0.167,5,3,0.625,5,3,0.625,4,3,0.571,5,5,0.5,,
2026-01-27,Liberty,CUSA,176,171,107,160,7-9,3-3,4-6,4-3,147.0,99,184,-6.21,206.0,-3.5,3-7,0-1,1-2,0-1,6-5,2026-02-04,7,9,0.438,0,1,0.0,1,2,0.333,0,1,0.0,6,5,0.545,3,3,0.5,4,3,0.571,3,7,0.3,,
2026-01-27,Holy Cross,Patriot,177,177,191,186,11-8,5-3,6-5,5-5,196.0,129,153,-5.29,156.0,-2.66,7-3,0-1,0-2,2-1,9-4,2026-02-04,11,8,0.579,0,1,0.0,0,2,0.0,2,1,0.667,9,4,0.692,5,3,0.625,5,5,0.5,7,3,0.7,,
2026-01-27,Youngstown St.,Horizon,178,178,299,219,12-7,7-4,5-3,6-4,285.0,222,150,-5.25,117.0,-1.79,6-4,0-1,0-0,1-1,11-5,2026-02-04,12,7,0.632,0,1,0.0,0,0,,1,1,0.5,11,5,0.688,7,4,0.636,6,4,0.6,6,4,0.6,,
2026-01-27,SMU,ACC,179,179,55,133,8-13,1-8,7-5,2-5,66.0,261,218,-7.34,201.0,-3.43,3-7,0-4,0-3,0-1,8-5,2026-02-04,8,13,0.381,0,4,0.0,0,3,0.0,0,1,0.0,8,5,0.615,1,8,0.111,2,5,0.286,3,7,0.3,,
2026-01-27,Monmouth,CAA,180,180,328,229,9-5,5-1,4-4,5-4,295.0,230,117,-3.74,172.0,-2.84,8-2,0-1,0-0,0-0,9-4,2026-02-04,9,5,0.643,0,1,0.0,0,0,,0,0,,9,4,0.692,5,1,0.833,5,4,0.556,8,2,0.8,,
2026-01-27,App State,Sun Belt,181,181,173,179,7-10,2-7,5-3,3-7,151.0,110,212,-7.13,86.0,-1.1,2-8,0-2,0-1,0-2,7-5,2026-02-04,7,10,0.412,0,2,0.0,0,1,0.0,0,2,0.0,7,5,0.583,2,7,0.222,3,7,0.3,2,8,0.2,,
2026-01-27,Northern Ky.,Horizon,182,182,136,170,10-13,7-5,3-8,4-8,187.0,94,272,-9.63,270.0,-5.2,7-3,0-2,0-1,0-2,10-8,2026-02-04,10,13,0.435,0,2,0.0,0,1,0.0,0,2,0.0,10,8,0.556,7,5,0.583,4,8,0.333,7,3,0.7,,
2026-01-27,La Salle,Atlantic 10,183,184,153,175,10-9,4-5,6-4,6-4,200.0,224,189,-6.34,151.0,-2.51,4-6,0-0,0-4,0-1,10-4,2026-02-04,10,9,0.526,0,0,,0,4,0.0,0,1,0.0,10,4,0.714,4,5,0.444,6,4,0.6,4,6,0.4,,
2026-01-27,UAB,American,184,183,173,179,7-12,0-8,7-4,1-6,225.0,270,271,-9.61,154.0,-2.64,2-8,0-1,0-1,0-3,7-7,2026-02-04,7,12,0.368,0,1,0.0,0,1,0.0,0,3,0.0,7,7,0.5,0,8,0.0,1,6,0.143,2,8,0.2,,
2026-01-27,South Alabama,Sun Belt,185,185,209,191,9-10,2-7,7-3,2-6,278.0,321,240,-8.15,129.0,-2.14,3-7,0-0,0-1,0-5,9-4,2026-02-04,9,10,0.474,0,0,,0,1,0.0,0,5,0.0,9,4,0.692,2,7,0.222,2,6,0.25,3,7,0.3,,
2026-01-27,Southern Miss.,Sun Belt,186,186,151,174,9-9,4-5,5-4,2-4,178.0,151,185,-6.23,131.0,-2.21,4-6,0-2,0-0,1-2,8-5,2026-02-04,9,9,0.5,0,2,0.0,0,0,,1,2,0.333,8,5,0.615,4,5,0.444,2,4,0.333,4,6,0.4,,
2026-01-27,Cleveland St.,Horizon,187,187,338,234,13-7,5-6,8-1,2-6,351.0,350,174,-6.04,70.0,-0.65,5-5,0-0,0-0,1-2,12-5,2026-02-04,13,7,0.65,0,0,,0,0,,1,2,0.333,12,5,0.706,5,6,0.455,2,6,0.25,5,5,0.5,,
2026-01-27,Xavier,Big East,188,188,94,155,10-10,3-8,7-2,3-4,132.0,354,181,-6.16,113.0,-1.68,3-7,0-2,1-1,1-3,8-4,2026-02-04,10,10,0.5,0,2,0.0,1,1,0.5,1,3,0.25,8,4,0.667,3,8,0.273,3,4,0.429,3,7,0.3,,
2026-01-27,Chattanooga,SoCon,189,189,303,220,11-5,5-0,6-5,5-2,317.0,292,118,-3.75,222.0,-3.82,9-1,0-0,0-2,0-0,11-3,2026-02-04,11,5,0.688,0,0,,0,2,0.0,0,0,,11,3,0.786,5,0,1.0,5,2,0.714,9,1,0.9,,
2026-01-27,NJIT,America East,190,190,334,233,13-7,4-3,9-4,7-3,327.0,315,162,-5.55,170.0,-2.84,6-4,0-1,0-0,0-0,13-6,2026-02-04,13,7,0.65,0,1,0.0,0,0,,0,0,,13,6,0.684,4,3,0.571,7,3,0.7,6,4,0.6,,
2026-01-27,Lehigh,Patriot,191,191,231,196,10-8,6-1,4-7,4-5,248.0,190,171,-5.94,265.0,-5.17,7-3,0-1,0-1,2-1,8-5,2026-02-04,10,8,0.556,0,1,0.0,0,1,0.0,2,1,0.667,8,5,0.615,6,1,0.857,4,5,0.444,7,3,0.7,,
2026-01-27,Southern Utah,WAC,192,192,270,207,10-7,5-3,5-4,4-6,332.0,322,167,-5.8,193.0,-3.23,6-4,0-0,0-1,0-3,10-3,2026-02-04,10,7,0.588,0,0,,0,1,0.0,0,3,0.0,10,3,0.769,5,3,0.625,4,6,0.4,6,4,0.6,,
2026-01-27,SFA,Southland,193,193,328,229,12-6,8-3,4-3,4-4,353.0,316,148,-5.18,143.0,-2.38,7-3,0-0,0-0,0-2,12-4,2026-02-04,12,6,0.667,0,0,,0,0,,0,2,0.0,12,4,0.75,8,3,0.727,4,4,0.5,7,3,0.7,,
2026-01-27,Longwood,Big South,194,194,312,223,11-6,5-2,6-4,3-4,215.0,133,121,-3.77,125.0,-1.9,7-3,0-2,0-0,0-2,11-2,2026-02-04,11,6,0.647,0,2,0.0,0,0,,0,2,0.0,11,2,0.846,5,2,0.714,3,4,0.429,7,3,0.7,,
2026-01-27,Georgia St.,Sun Belt,195,195,69,141,7-12,4-5,3-7,3-9,112.0,149,235,-7.97,257.0,-4.99,4-6,0-1,0-5,2-1,5-5,2026-02-04,7,12,0.368,0,1,0.0,0,5,0.0,2,1,0.667,5,5,0.5,4,5,0.444,3,9,0.25,4,6,0.4,,
2026-01-27,Saint Louis,Atlantic 10,196,196,144,173,10-11,5-4,5-7,4-4,329.0,325,268,-9.48,303.0,-6.01,6-4,0-0,0-0,0-3,10-8,2026-02-04,10,11,0.476,0,0,,0,0,,0,3,0.0,10,8,0.556,5,4,0.556,4,4,0.5,6,4,0.6,,
2026-01-27,Loyola Chicago,Atlantic 10,197,197,101,158,9-11,5-4,4-7,6-4,152.0,250,230,-7.64,280.0,-5.5,6-4,0-2,0-2,1-2,8-5,2026-02-04,9,11,0.45,0,2,0.0,0,2,0.0,1,2,0.333,8,5,0.615,5,4,0.556,6,4,0.6,6,4,0.6,,
2026-01-27,VCU,Atlantic 10,198,198,45,127,7-14,3-6,4-8,1-6,87.0,111,257,-9.03,264.0,-5.16,3-7,0-2,0-6,0-3,7-3,2026-02-04,7,14,0.333,0,2,0.0,0,6,0.0,0,3,0.0,7,3,0.7,3,6,0.333,1,6,0.143,3,7,0.3,,
2026-01-27,UT Arlington,WAC,199,200,160,176,8-11,2-5,6-6,1-8,189.0,160,242,-8.23,218.0,-3.69,3-7,0-1,0-2,1-1,7-7,2026-02-04,8,11,0.421,0,1,0.0,0,2,0.0,1,1,0.5,7,7,0.5,2,5,0.286,1,8,0.111,3,7,0.3,,
2026-01-27,Delaware,CUSA,200,199,252,202,8-10,2-2,6-8,5-5,328.0,323,248,-8.69,323.0,-6.82,4-6,0-0,0-2,0-0,8-8,2026-02-04,8,10,0.444,0,0,,0,2,0.0,0,0,,8,8,0.5,2,2,0.5,5,5,0.5,4,6,0.4,,
2026-01-27,Dayton,Atlantic 10,201,201,184,184,10-10,3-6,7-4,4-5,219.0,285,221,-7.43,165.0,-2.77,5-5,0-0,1-4,0-0,9-6,2026-02-04,10,10,0.5,0,0,,1,4,0.2,0,0,,9,6,0.6,3,6,0.333,4,5,0.444,5,5,0.5,,
2026-01-27,Morehead St.,OVC,202,202,184,184,11-9,7-3,4-6,5-6,135.0,50,152,-5.26,174.0,-2.88,7-3,0-3,0-0,1-1,10-5,2026-02-04,11,9,0.55,0,3,0.0,0,0,,1,1,0.5,10,5,0.667,7,3,0.7,5,6,0.455,7,3,0.7,,
2026-01-27,UMBC,America East,203,204,292,215,8-9,5-2,3-7,5-5,237.0,175,207,-6.94,269.0,-5.2,6-4,1-1,0-0,0-0,7-8,2026-02-04,8,9,0.471,1,1,0.5,0,0,,0,0,,7,8,0.467,5,2,0.714,5,5,0.5,6,4,0.6,,
2026-01-27,Jacksonville St.,CUSA,204,205,315,225,8-8,5-1,3-7,4-5,316.0,284,200,-6.75,298.0,-5.88,7-3,0-1,0-0,0-0,8-7,2026-02-04,8,8,0.5,0,1,0.0,0,0,,0,0,,8,7,0.533,5,1,0.833,4,5,0.444,7,3,0.7,,
2026-01-27,Robert Morris,Horizon,205,203,333,231,12-7,7-5,5-2,6-5,354.0,362,183,-6.16,120.0,-1.86,5-5,0-0,0-0,0-1,12-6,2026-02-04,12,7,0.632,0,0,,0,0,,0,1,0.0,12,6,0.667,7,5,0.583,6,5,0.545,5,5,0.5,,
2026-01-27,Stetson,ASUN,206,206,249,201,9-8,4-4,5-4,4-5,235.0,163,170,-5.92,135.0,-2.29,5-5,0-1,0-1,2-0,7-6,2026-02-04,9,8,0.529,0,1,0.0,0,1,0.0,2,0,1.0,7,6,0.538,4,4,0.5,4,5,0.444,5,5,0.5,,
2026-01-27,Southern U.,SWAC,207,207,190,185,8-8,6-1,2-7,4-8,37.0,1,89,-2.33,95.0,-1.34,7-3,0-6,0-0,0-0,8-2,2026-02-04,8,8,0.5,0,6,0.0,0,0,,0,0,,8,2,0.8,6,1,0.857,4,8,0.333,7,3,0.7,,
2026-01-27,Cal St. Fullerton,Big West,208,208,310,222,9-9,7-3,2-6,5-4,352.0,360,241,-8.16,293.0,-5.79,6-4,0-0,0-0,1-1,8-8,2026-02-04,9,9,0.5,0,0,,0,0,,1,1,0.5,8,8,0.5,7,3,0.7,5,4,0.556,6,4,0.6,,
2026-01-27,Bowling Green,MAC,209,209,115,162,6-9,3-5,3-4,3-5,141.0,60,188,-6.29,126.0,-1.93,5-5,0-1,0-2,0-3,6-3,2026-02-04,6,9,0.4,0,1,0.0,0,2,0.0,0,3,0.0,6,3,0.667,3,5,0.375,3,5,0.375,5,5,0.5,,
2026-01-27,UIC,MVC,210,210,224,195,9-11,4-5,5-6,3-6,313.0,282,267,-9.37,253.0,-4.76,4-6,0-0,1-1,0-1,8-9,2026-02-04,9,11,0.45,0,0,,1,1,0.5,0,1,0.0,8,9,0.471,4,5,0.444,3,6,0.333,4,6,0.4,,
2026-01-27,Tarleton St.,WAC,211,211,207,190,8-8,4-3,4-5,2-5,226.0,182,173,-5.99,203.0,-3.44,6-4,0-1,0-0,0-4,8-3,2026-02-04,8,8,0.5,0,1,0.0,0,0,,0,4,0.0,8,3,0.727,4,3,0.571,2,5,0.286,6,4,0.6,,
2026-01-27,William & Mary,CAA,212,212,303,220,9-8,3-4,6-4,7-3,306.0,271,193,-6.58,166.0,-2.77,6-4,0-0,0-2,1-0,8-6,2026-02-04,9,8,0.529,0,0,,0,2,0.0,1,0,1.0,8,6,0.571,3,4,0.429,7,3,0.7,6,4,0.6,,
2026-01-27,FIU,CUSA,213,213,266,206,10-7,4-3,6-4,3-3,349.0,338,178,-6.1,199.0,-3.37,6-4,0-0,0-1,0-1,10-5,2026-02-04,10,7,0.588,0,0,,0,1,0.0,0,1,0.0,10,5,0.667,4,3,0.571,3,3,0.5,6,4,0.6,,
2026-01-27,Eastern Wash.,Big Sky,214,215,199,189,8-10,3-4,5-6,4-7,249.0,245,234,-7.94,245.0,-4.47,4-6,0-0,0-3,1-1,7-6,2026-02-04,8,10,0.444,0,0,,0,3,0.0,1,1,0.5,7,6,0.538,3,4,0.429,4,7,0.364,4,6,0.4,,
2026-01-27,Alabama A&M,SWAC,215,216,249,201,7-9,6-1,1-8,3-5,99.0,17,157,-5.4,241.0,-4.42,7-3,0-3,0-1,0-1,7-4,2026-02-04,7,9,0.438,0,3,0.0,0,1,0.0,0,1,0.0,7,4,0.636,6,1,0.857,3,5,0.375,7,3,0.7,,
2026-01-27,UT Martin,OVC,216,217,216,192,7-8,6-3,1-5,3-7,228.0,117,179,-6.12,215.0,-3.63,6-4,0-1,0-0,1-3,6-4,2026-02-04,7,8,0.467,0,1,0.0,0,0,,1,3,0.25,6,4,0.6,6,3,0.667,3,7,0.3,6,4,0.6,,
2026-01-27,Tennessee Tech,OVC,217,219,292,215,8-9,3-7,5-2,1-7,279.0,239,219,-7.36,81.0,-1.02,3-7,0-1,0-0,0-2,8-6,2026-02-04,8,9,0.471,0,1,0.0,0,0,,0,2,0.0,8,6,0.571,3,7,0.3,1,7,0.125,3,7,0.3,,
2026-01-27,West Ga.,ASUN,218,218,331,230,11-6,6-2,5-4,2-6,229.0,169,122,-3.88,138.0,-2.34,7-3,0-1,0-1,0-3,11-1,2026-02-04,11,6,0.647,0,1,0.0,0,1,0.0,0,3,0.0,11,1,0.917,6,2,0.75,2,6,0.25,7,3,0.7,,
2026-01-27,Utah Valley,WAC,219,221,199,189,7-10,2-6,5-4,3-6,319.0,301,249,-8.7,186.0,-3.13,3-7,0-0,0-1,0-0,7-9,2026-02-04,7,10,0.412,0,0,,0,1,0.0,0,0,,7,9,0.438,2,6,0.25,3,6,0.333,3,7,0.3,,
2026-01-27,Sacramento St.,Big Sky,220,220,238,199,8-10,4-3,4-7,3-6,336.0,318,251,-8.76,304.0,-6.03,4-6,0-0,0-1,0-0,8-9,2026-02-04,8,10,0.444,0,0,,0,1,0.0,0,0,,8,9,0.471,4,3,0.571,3,6,0.333,4,6,0.4,,
2026-01-27,Northwestern St.,Southland,221,222,171,178,7-9,6-4,1-5,5-5,102.0,6,158,-5.42,124.0,-1.89,5-5,0-2,0-2,1-0,6-5,2026-02-04,7,9,0.438,0,2,0.0,0,2,0.0,1,0,1.0,6,5,0.545,6,4,0.6,5,5,0.5,5,5,0.5,,
2026-01-27,Campbell,CAA,222,214,319,226,11-8,6-2,5-6,4-6,340.0,319,204,-6.82,260.0,-5.03,7-3,0-0,0-1,0-1,11-6,2026-02-04,11,8,0.579,0,0,,0,1,0.0,0,1,0.0,11,6,0.647,6,2,0.75,4,6,0.4,7,3,0.7,,
2026-01-27,Washington St.,WCC,223,225,26,115,4-18,3-6,1-12,2-6,69.0,18,316,-12.13,326.0,-6.89,3-7,0-2,0-4,1-5,3-7,2026-02-04,4,18,0.182,0,2,0.0,0,4,0.0,1,5,0.167,3,7,0.3,3,6,0.333,2,6,0.25,3,7,0.3,,
2026-01-27,Little Rock,OVC,224,226,141,172,7-10,5-4,2-6,2-7,160.0,81,214,-7.22,223.0,-3.84,5-5,0-1,0-1,0-4,7-4,2026-02-04,7,10,0.412,0,1,0.0,0,1,0.0,0,4,0.0,7,4,0.636,5,4,0.556,2,7,0.222,5,5,0.5,,
2026-01-27,Memphis,American,225,224,141,172,7-12,2-5,5-7,3-6,202.0,192,266,-9.37,258.0,-5.01,3-7,0-1,0-1,0-6,7-4,2026-02-04,7,12,0.368,0,1,0.0,0,1,0.0,0,6,0.0,7,4,0.636,2,5,0.286,3,6,0.333,3,7,0.3,,
2026-01-27,Wofford,SoCon,226,223,273,208,8-9,5-1,3-8,5-7,240.0,184,208,-6.99,306.0,-6.1,6-4,0-1,0-0,0-4,8-4,2026-02-04,8,9,0.471,0,1,0.0,0,0,,0,4,0.0,8,4,0.667,5,1,0.833,5,7,0.417,6,4,0.6,,
2026-01-27,Drake,MVC,227,227,115,162,6-13,5-4,1-9,4-4,131.0,55,265,-9.34,302.0,-6.01,5-5,0-2,0-1,0-3,6-7,2026-02-04,6,13,0.316,0,2,0.0,0,1,0.0,0,3,0.0,6,7,0.462,5,4,0.556,4,4,0.5,5,5,0.5,,
2026-01-27,Pacific,WCC,228,228,113,161,7-12,3-6,4-6,0-6,182.0,135,262,-9.18,227.0,-3.91,3-7,0-0,0-4,0-1,7-7,2026-02-04,7,12,0.368,0,0,,0,4,0.0,0,1,0.0,7,7,0.5,3,6,0.333,0,6,0.0,3,7,0.3,,
2026-01-27,Elon,CAA,229,229,292,215,8-10,4-3,4-7,3-6,267.0,237,238,-8.14,277.0,-5.44,5-5,0-1,0-1,0-2,8-6,2026-02-04,8,10,0.444,0,1,0.0,0,1,0.0,0,2,0.0,8,6,0.571,4,3,0.571,3,6,0.333,5,5,0.5,,
2026-01-27,St. Bonaventure,Atlantic 10,230,230,287,214,11-9,3-6,8-3,5-5,297.0,359,213,-7.22,161.0,-2.7,4-6,0-0,0-2,1-1,10-6,2026-02-04,11,9,0.55,0,0,,0,2,0.0,1,1,0.5,10,6,0.625,3,6,0.333,5,5,0.5,4,6,0.4,,
2026-01-27,UC Riverside,Big West,231,232,129,167,4-13,4-5,0-8,1-9,223.0,180,296,-10.85,316.0,-6.6,3-7,0-0,0-1,0-5,4-7,2026-02-04,4,13,0.235,0,0,,0,1,0.0,0,5,0.0,4,7,0.364,4,5,0.444,1,9,0.1,3,7,0.3,,
2026-01-27,DePaul,Big East,232,231,63,138,5-17,2-9,3-8,0-9,92.0,154,313,-11.84,296.0,-5.84,2-8,0-3,0-2,1-4,4-8,2026-02-04,5,17,0.227,0,3,0.0,0,2,0.0,1,4,0.2,4,8,0.333,2,9,0.182,0,9,0.0,2,8,0.2,,
2026-01-27,Kennesaw St.,CUSA,233,233,266,206,7-8,3-4,4-4,2-5,234.0,147,182,-6.16,144.0,-2.39,4-6,0-1,0-1,0-0,7-6,2026-02-04,7,8,0.467,0,1,0.0,0,1,0.0,0,0,,7,6,0.538,3,4,0.429,2,5,0.286,4,6,0.4,,
2026-01-27,Furman,SoCon,234,234,266,206,9-8,5-1,4-7,4-6,128.0,64,141,-4.69,220.0,-3.8,7-3,0-2,0-3,0-0,9-3,2026-02-04,9,8,0.529,0,2,0.0,0,3,0.0,0,0,,9,3,0.75,5,1,0.833,4,6,0.4,7,3,0.7,,
2026-01-27,Nevada,Mountain West,235,235,153,175,6-13,3-7,3-6,1-7,321.0,333,309,-11.55,276.0,-5.39,3-7,0-0,0-0,1-4,5-9,2026-02-04,6,13,0.316,0,0,,0,0,,1,4,0.2,5,9,0.357,3,7,0.3,1,7,0.125,3,7,0.3,,
2026-01-27,UTRGV,Southland,236,237,224,195,9-9,8-3,1-6,6-3,143.0,15,166,-5.78,187.0,-3.13,7-3,0-2,0-1,0-2,9-4,2026-02-04,9,9,0.5,0,2,0.0,0,1,0.0,0,2,0.0,9,4,0.692,8,3,0.727,6,3,0.667,7,3,0.7,,
2026-01-27,Stony Brook,CAA,237,236,243,200,7-10,5-2,2-8,3-7,273.0,220,244,-8.31,314.0,-6.49,6-4,0-1,0-1,0-1,7-7,2026-02-04,7,10,0.412,0,1,0.0,0,1,0.0,0,1,0.0,7,7,0.5,5,2,0.714,3,7,0.3,6,4,0.6,,
2026-01-27,UIW,Southland,238,238,219,194,8-8,8-3,0-5,3-6,136.0,4,145,-5.02,139.0,-2.36,7-3,0-2,0-1,0-2,8-3,2026-02-04,8,8,0.5,0,2,0.0,0,1,0.0,0,2,0.0,8,3,0.727,8,3,0.727,3,6,0.333,7,3,0.7,,
2026-01-27,Northern Ariz.,Big Sky,239,239,169,177,5-14,3-5,2-9,3-8,271.0,260,314,-12.1,337.0,-7.56,5-5,0-0,0-1,0-4,5-9,2026-02-04,5,14,0.263,0,0,,0,1,0.0,0,4,0.0,5,9,0.357,3,5,0.375,3,8,0.273,5,5,0.5,,
2026-01-27,UMES,MEAC,240,241,160,176,9-10,4-0,5-10,4-5,157.0,143,205,-6.86,327.0,-6.93,5-5,0-2,0-1,0-2,9-5,2026-02-04,9,10,0.474,0,2,0.0,0,1,0.0,0,2,0.0,9,5,0.643,4,0,1.0,4,5,0.444,5,5,0.5,,
2026-01-27,Fordham,Atlantic 10,241,240,273,208,8-11,1-8,7-3,2-6,220.0,336,246,-8.56,142.0,-2.37,3-7,0-1,0-3,0-1,8-6,2026-02-04,8,11,0.421,0,1,0.0,0,3,0.0,0,1,0.0,8,6,0.571,1,8,0.111,2,6,0.25,3,7,0.3,,
2026-01-27,Air Force,Mountain West,242,242,209,191,7-12,2-8,5-4,3-8,280.0,330,277,-10.17,198.0,-3.35,2-8,0-0,0-1,0-5,7-6,2026-02-04,7,12,0.368,0,0,,0,1,0.0,0,5,0.0,7,6,0.538,2,8,0.2,3,8,0.273,2,8,0.2,,
2026-01-27,Radford,Big South,243,243,315,225,11-9,5-2,6-7,3-6,256.0,217,202,-6.8,259.0,-5.03,6-4,0-2,0-0,0-3,11-4,2026-02-04,11,9,0.55,0,2,0.0,0,0,,0,3,0.0,11,4,0.733,5,2,0.714,3,6,0.333,6,4,0.6,,
2026-01-27,Towson,CAA,244,244,287,214,10-8,4-3,6-5,3-6,224.0,161,164,-5.73,176.0,-2.89,7-3,0-2,0-1,0-0,10-5,2026-02-04,10,8,0.556,0,2,0.0,0,1,0.0,0,0,,10,5,0.667,4,3,0.571,3,6,0.333,7,3,0.7,,
2026-01-27,Texas St.,Sun Belt,245,246,195,187,7-10,5-4,2-6,2-5,205.0,244,231,-7.67,256.0,-4.89,5-5,0-1,0-2,0-2,7-5,2026-02-04,7,10,0.412,0,1,0.0,0,2,0.0,0,2,0.0,7,5,0.583,5,4,0.556,2,5,0.286,5,5,0.5,,
2026-01-27,IU Indy,Horizon,246,247,181,183,6-11,4-6,2-5,1-8,300.0,255,269,-9.51,233.0,-4.06,4-6,0-0,0-1,0-4,6-6,2026-02-04,6,11,0.353,0,0,,0,1,0.0,0,4,0.0,6,6,0.5,4,6,0.4,1,8,0.111,4,6,0.4,,
2026-01-27,Norfolk St.,MEAC,247,248,243,200,6-11,5-1,1-10,4-9,86.0,27,206,-6.88,299.0,-5.9,5-5,0-4,0-0,0-2,6-5,2026-02-04,6,11,0.353,0,4,0.0,0,0,,0,2,0.0,6,5,0.545,5,1,0.833,4,9,0.308,5,5,0.5,,
2026-01-27,St. Thomas (MN),Summit League,248,249,209,191,7-11,3-4,4-7,2-3,211.0,277,247,-8.58,290.0,-5.72,5-5,0-2,0-1,0-1,7-7,2026-02-04,7,11,0.389,0,2,0.0,0,1,0.0,0,1,0.0,7,7,0.5,3,4,0.429,2,3,0.4,5,5,0.5,,
2026-01-27,Fla. Atlantic,American,249,245,136,170,8-12,3-6,5-6,4-5,261.0,281,274,-9.87,252.0,-4.74,4-6,0-0,0-2,1-3,7-7,2026-02-04,8,12,0.4,0,0,,0,2,0.0,1,3,0.25,7,7,0.5,3,6,0.333,4,5,0.444,4,6,0.4,,
2026-01-27,Merrimack,MAAC,250,250,328,229,9-9,7-3,2-6,5-6,296.0,288,220,-7.39,263.0,-5.11,7-3,0-0,0-2,0-2,9-5,2026-02-04,9,9,0.5,0,0,,0,2,0.0,0,2,0.0,9,5,0.643,7,3,0.7,5,6,0.455,7,3,0.7,,
2026-01-27,Oakland,Horizon,251,251,107,160,6-13,4-6,2-7,4-8,130.0,40,264,-9.33,231.0,-4.0,4-6,0-2,0-1,1-3,5-7,2026-02-04,6,13,0.316,0,2,0.0,0,1,0.0,1,3,0.25,5,7,0.417,4,6,0.4,4,8,0.333,4,6,0.4,,
2026-01-27,Montana,Big Sky,252,253,83,149,5-13,3-5,2-8,3-7,101.0,39,256,-8.97,249.0,-4.66,4-6,0-2,0-4,1-1,4-6,2026-02-04,5,13,0.278,0,2,0.0,0,4,0.0,1,1,0.5,4,6,0.4,3,5,0.375,3,7,0.3,4,6,0.4,,
2026-01-27,Mercer,SoCon,253,252,349,248,10-8,2-3,8-5,5-5,335.0,311,201,-6.76,221.0,-3.81,5-5,0-0,0-2,0-1,10-5,2026-02-04,10,8,0.556,0,0,,0,2,0.0,0,1,0.0,10,5,0.667,2,3,0.4,5,5,0.5,5,5,0.5,,
2026-01-27,N.C. A&T,CAA,254,254,122,166,3-11,2-5,1-6,2-7,64.0,8,210,-7.09,146.0,-2.42,3-7,0-4,0-0,0-2,3-5,2026-02-04,3,11,0.214,0,4,0.0,0,0,,0,2,0.0,3,5,0.375,2,5,0.286,2,7,0.222,3,7,0.3,,
2026-01-27,UNC Greensboro,SoCon,255,255,313,224,8-9,2-4,6-5,3-7,198.0,137,195,-6.6,162.0,-2.71,5-5,0-2,0-1,0-1,8-5,2026-02-04,8,9,0.471,0,2,0.0,0,1,0.0,0,1,0.0,8,5,0.615,2,4,0.333,3,7,0.3,5,5,0.5,,
2026-01-27,Boston College,ACC,256,256,55,133,4-18,0-9,4-9,0-6,52.0,300,300,-11.16,340.0,-7.72,0-10,0-5,0-3,0-5,4-5,2026-02-04,4,18,0.182,0,5,0.0,0,3,0.0,0,5,0.0,4,5,0.444,0,9,0.0,0,6,0.0,0,10,0.0,,
2026-01-27,Duquesne,Atlantic 10,257,257,195,187,5-13,0-9,5-4,2-7,276.0,349,302,-11.22,214.0,-3.63,1-9,0-0,0-2,1-1,4-10,2026-02-04,5,13,0.278,0,0,,0,2,0.0,1,1,0.5,4,10,0.286,0,9,0.0,2,7,0.222,1,9,0.1,,
2026-01-27,North Ala.,ASUN,258,258,306,221,7-9,4-3,3-6,3-7,262.0,208,216,-7.31,248.0,-4.59,4-6,0-1,0-1,0-0,7-7,2026-02-04,7,9,0.438,0,1,0.0,0,1,0.0,0,0,,7,7,0.5,4,3,0.571,3,7,0.3,4,6,0.4,,
2026-01-27,ETSU,SoCon,259,259,280,212,7-11,2-3,5-8,3-4,167.0,127,239,-8.14,271.0,-5.21,5-5,0-3,0-0,0-0,7-8,2026-02-04,7,11,0.389,0,3,0.0,0,0,,0,0,,7,8,0.467,2,3,0.4,3,4,0.429,5,5,0.5,,
2026-01-27,Wyoming,Mountain West,260,260,153,175,6-12,4-6,2-6,1-9,168.0,89,261,-9.14,229.0,-3.95,4-6,0-1,0-2,0-4,6-5,2026-02-04,6,12,0.333,0,1,0.0,0,2,0.0,0,4,0.0,6,5,0.545,4,6,0.4,1,9,0.1,4,6,0.4,,
2026-01-27,Utah St.,Mountain West,261,262,160,176,5-13,2-8,3-5,1-9,175.0,124,280,-10.22,195.0,-3.25,2-8,0-1,0-2,0-3,5-7,2026-02-04,5,13,0.278,0,1,0.0,0,2,0.0,0,3,0.0,5,7,0.417,2,8,0.2,1,9,0.1,2,8,0.2,,
2026-01-27,Pittsburgh,ACC,262,261,180,182,8-13,1-8,7-5,1-6,73.0,307,228,-7.6,225.0,-3.87,2-8,0-6,0-0,0-1,8-6,2026-02-04,8,13,0.381,0,6,0.0,0,0,,0,1,0.0,8,6,0.571,1,8,0.111,1,6,0.143,2,8,0.2,,
2026-01-27,Nicholls,Southland,263,263,354,255,9-8,6-5,3-3,5-4,356.0,347,217,-7.32,163.0,-2.74,6-4,0-0,0-0,0-2,9-6,2026-02-04,9,8,0.529,0,0,,0,0,,0,2,0.0,9,6,0.6,6,5,0.545,5,4,0.556,6,4,0.6,,
2026-01-27,Southeast Mo. St.,OVC,264,264,243,200,5-12,3-7,2-5,1-7,247.0,142,275,-10.05,212.0,-3.57,3-7,0-1,0-1,0-2,5-8,2026-02-04,5,12,0.294,0,1,0.0,0,1,0.0,0,2,0.0,5,8,0.385,3,7,0.3,1,7,0.125,3,7,0.3,,
2026-01-27,Kansas City,Summit League,265,265,132,168,3-15,3-5,0-10,1-9,123.0,107,305,-11.4,339.0,-7.61,3-7,0-2,0-3,0-2,3-8,2026-02-04,3,15,0.167,0,2,0.0,0,3,0.0,0,2,0.0,3,8,0.273,3,5,0.375,1,9,0.1,3,7,0.3,,
2026-01-27,Lipscomb,ASUN,266,266,219,194,5-12,4-4,1-8,3-9,266.0,253,281,-10.23,322.0,-6.78,4-6,0-0,0-2,1-2,4-8,2026-02-04,5,12,0.294,0,0,,0,2,0.0,1,2,0.333,4,8,0.333,4,4,0.5,3,9,0.25,4,6,0.4,,
2026-01-27,SIUE,OVC,267,267,283,213,7-10,3-7,4-3,3-5,334.0,313,252,-8.82,140.0,-2.36,3-7,0-0,0-1,1-3,6-6,2026-02-04,7,10,0.412,0,0,,0,1,0.0,1,3,0.25,6,6,0.5,3,7,0.3,3,5,0.375,3,7,0.3,,
2026-01-27,Wichita St.,American,268,280,132,168,4-16,2-6,2-10,1-6,251.0,268,344,-13.73,350.0,-8.49,3-7,0-1,0-1,1-2,3-12,2026-02-04,4,16,0.2,0,1,0.0,0,1,0.0,1,2,0.333,3,12,0.2,2,6,0.25,1,6,0.143,3,7,0.3,,
2026-01-27,Marist,MAAC,269,268,234,197,7-14,4-7,3-7,2-7,252.0,214,310,-11.64,278.0,-5.47,4-6,0-1,0-1,0-3,7-9,2026-02-04,7,14,0.333,0,1,0.0,0,1,0.0,0,3,0.0,7,9,0.438,4,7,0.364,2,7,0.222,4,6,0.4,,
2026-01-27,Weber St.,Big Sky,270,269,122,166,3-15,0-8,3-7,1-9,145.0,82,312,-11.83,238.0,-4.3,2-8,0-1,0-4,0-2,3-8,2026-02-04,3,15,0.167,0,1,0.0,0,4,0.0,0,2,0.0,3,8,0.273,0,8,0.0,1,9,0.1,2,8,0.2,,
2026-01-27,San Diego,WCC,271,270,153,175,7-14,2-7,5-7,0-9,233.0,273,307,-11.42,281.0,-5.53,3-7,0-0,0-5,0-1,7-8,2026-02-04,7,14,0.333,0,0,,0,5,0.0,0,1,0.0,7,8,0.467,2,7,0.222,0,9,0.0,3,7,0.3,,
2026-01-27,UTEP,CUSA,272,271,261,204,7-10,1-7,6-3,1-6,239.0,164,236,-7.99,93.0,-1.29,1-9,0-1,0-1,0-1,7-7,2026-02-04,7,10,0.412,0,1,0.0,0,1,0.0,0,1,0.0,7,7,0.5,1,7,0.125,1,6,0.143,1,9,0.1,,
2026-01-27,Utah Tech,WAC,273,274,258,203,5-12,1-7,4-5,0-6,325.0,309,288,-10.73,235.0,-4.16,2-8,0-0,0-1,0-1,5-10,2026-02-04,5,12,0.294,0,0,,0,1,0.0,0,1,0.0,5,10,0.333,1,7,0.125,0,6,0.0,2,8,0.2,,
2026-01-27,Boston U.,Patriot,274,272,297,218,6-12,3-5,3-7,4-6,286.0,248,284,-10.34,287.0,-5.62,3-7,0-1,0-0,0-2,6-9,2026-02-04,6,12,0.333,0,1,0.0,0,0,,0,2,0.0,6,9,0.4,3,5,0.375,4,6,0.4,3,7,0.3,,
2026-01-27,Loyola Maryland,Patriot,275,273,324,228,8-11,4-4,4-7,5-6,268.0,194,258,-9.05,268.0,-5.18,6-4,0-2,0-0,0-0,8-9,2026-02-04,8,11,0.421,0,2,0.0,0,0,,0,0,,8,9,0.471,4,4,0.5,5,6,0.455,6,4,0.6,,
2026-01-27,New Hampshire,America East,276,276,217,193,5-13,1-6,4-7,2-10,230.0,228,290,-10.75,275.0,-5.38,4-6,0-1,0-0,0-3,5-9,2026-02-04,5,13,0.278,0,1,0.0,0,0,,0,3,0.0,5,9,0.357,1,6,0.143,2,10,0.167,4,6,0.4,,
2026-01-27,LIU,NEC,277,275,363,287,9-8,6-2,3-6,5-5,360.0,344,225,-7.48,282.0,-5.54,6-4,0-0,0-1,0-0,9-7,2026-02-04,9,8,0.529,0,0,,0,1,0.0,0,0,,9,7,0.562,6,2,0.75,5,5,0.5,6,4,0.6,,
2026-01-27,Mount St. Mary's,MAAC,278,277,344,244,9-11,5-6,4-5,2-8,263.0,177,253,-8.89,200.0,-3.39,4-6,0-2,0-0,0-2,9-7,2026-02-04,9,11,0.45,0,2,0.0,0,0,,0,2,0.0,9,7,0.562,5,6,0.455,2,8,0.2,4,6,0.4,,
2026-01-27,Iona,MAAC,279,278,360,267,12-8,6-5,6-3,6-4,344.0,304,203,-6.8,127.0,-2.13,6-4,0-0,0-1,1-2,11-5,2026-02-04,12,8,0.6,0,0,,0,1,0.0,1,2,0.333,11,5,0.688,6,5,0.545,6,4,0.6,6,4,0.6,,
2026-01-27,Yale,Ivy League,280,279,209,191,5-13,1-4,4-9,4-6,250.0,328,298,-10.95,346.0,-8.02,4-6,0-0,0-2,0-4,5-7,2026-02-04,5,13,0.278,0,0,,0,2,0.0,0,4,0.0,5,7,0.417,1,4,0.2,4,6,0.4,4,6,0.4,,
2026-01-27,East Texas A&M,Southland,281,282,279,210,5-10,3-7,2-3,2-7,164.0,24,229,-7.6,85.0,-1.08,4-6,0-2,0-0,0-1,5-7,2026-02-04,5,10,0.333,0,2,0.0,0,0,,0,1,0.0,5,7,0.417,3,7,0.3,2,7,0.222,4,6,0.4,,
2026-01-27,Manhattan,MAAC,282,281,178,181,5-14,5-5,0-9,3-7,155.0,134,295,-10.83,332.0,-7.11,5-5,0-1,0-3,0-4,5-6,2026-02-04,5,14,0.263,0,1,0.0,0,3,0.0,0,4,0.0,5,6,0.455,5,5,0.5,3,7,0.3,5,5,0.5,,
2026-01-27,Evansville,MVC,283,283,236,198,5-15,3-6,2-9,2-12,231.0,203,324,-12.52,335.0,-7.22,3-7,0-1,0-1,1-2,4-11,2026-02-04,5,15,0.25,0,1,0.0,0,1,0.0,1,2,0.333,4,11,0.267,3,6,0.333,2,12,0.143,3,7,0.3,,
2026-01-27,Siena,MAAC,284,284,359,263,7-12,5-5,2-7,3-8,347.0,341,297,-10.9,313.0,-6.47,5-5,0-0,0-1,0-2,7-9,2026-02-04,7,12,0.368,0,0,,0,1,0.0,0,2,0.0,7,9,0.438,5,5,0.5,3,8,0.273,5,5,0.5,,
2026-01-27,CSU Bakersfield,Big West,285,288,258,203,5-13,1-8,4-5,3-6,324.0,335,311,-11.65,242.0,-4.43,3-7,0-0,0-1,0-2,5-10,2026-02-04,5,13,0.278,0,0,,0,1,0.0,0,2,0.0,5,10,0.333,1,8,0.111,3,6,0.333,3,7,0.3,,
2026-01-27,Denver,Summit League,286,285,139,171,6-11,3-4,3-7,1-8,214.0,299,250,-8.75,301.0,-6.01,4-6,0-1,0-2,0-1,6-7,2026-02-04,6,11,0.353,0,1,0.0,0,2,0.0,0,1,0.0,6,7,0.462,3,4,0.429,1,8,0.111,4,6,0.4,,
2026-01-27,Western Mich.,MAC,287,286,184,184,5-12,2-6,3-6,2-7,139.0,80,255,-8.91,211.0,-3.55,2-8,0-2,0-1,0-2,5-7,2026-02-04,5,12,0.294,0,2,0.0,0,1,0.0,0,2,0.0,5,7,0.417,2,6,0.25,2,7,0.222,2,8,0.2,,
2026-01-27,Lafayette,Patriot,288,287,349,248,7-12,3-5,4-7,5-8,339.0,314,292,-10.78,300.0,-6.0,3-7,0-1,0-0,0-0,7-11,2026-02-04,7,12,0.368,0,1,0.0,0,0,,0,0,,7,11,0.389,3,5,0.375,5,8,0.385,3,7,0.3,,
2026-01-27,Houston Christian,Southland,289,289,217,193,3-13,3-8,0-5,1-9,199.0,26,289,-10.75,184.0,-3.12,1-9,0-1,0-2,0-2,3-8,2026-02-04,3,13,0.188,0,1,0.0,0,2,0.0,0,2,0.0,3,8,0.273,3,8,0.273,1,9,0.1,1,9,0.1,,
2026-01-27,New Mexico St.,CUSA,290,290,160,176,4-13,3-5,1-8,2-7,264.0,196,301,-11.22,315.0,-6.52,3-7,0-1,0-0,0-2,4-10,2026-02-04,4,13,0.235,0,1,0.0,0,0,,0,2,0.0,4,10,0.286,3,5,0.375,2,7,0.222,3,7,0.3,,
2026-01-27,Alabama St.,SWAC,291,291,224,195,5-10,4-3,1-7,4-7,49.0,3,147,-5.11,130.0,-2.16,5-5,0-5,0-1,0-0,5-4,2026-02-04,5,10,0.333,0,5,0.0,0,1,0.0,0,0,,5,4,0.556,4,3,0.571,4,7,0.364,5,5,0.5,,
2026-01-27,Eastern Ill.,OVC,292,292,153,175,3-18,2-8,1-10,1-12,138.0,56,348,-14.17,320.0,-6.72,2-8,0-2,0-2,0-3,3-11,2026-02-04,3,18,0.143,0,2,0.0,0,2,0.0,0,3,0.0,3,11,0.214,2,8,0.2,1,12,0.077,2,8,0.2,,
2026-01-27,Milwaukee,Horizon,293,293,266,206,5-15,3-8,2-7,3-7,338.0,306,342,-13.67,307.0,-6.15,3-7,0-0,0-1,0-2,5-12,2026-02-04,5,15,0.25,0,0,,0,1,0.0,0,2,0.0,5,12,0.294,3,8,0.273,3,7,0.3,3,7,0.3,,
2026-01-27,Western Ky.,CUSA,294,296,238,199,4-14,1-7,3-7,2-8,195.0,131,306,-11.41,255.0,-4.88,2-8,0-2,0-0,0-2,4-10,2026-02-04,4,14,0.222,0,2,0.0,0,0,,0,2,0.0,4,10,0.286,1,7,0.125,2,8,0.2,2,8,0.2,,
2026-01-27,Akron,MAC,295,294,99,157,1-16,0-7,1-9,0-9,149.0,132,332,-13.04,325.0,-6.88,1-9,0-2,0-0,0-3,1-11,2026-02-04,1,16,0.059,0,2,0.0,0,0,,0,3,0.0,1,11,0.083,0,7,0.0,0,9,0.0,1,9,0.1,,
2026-01-27,Detroit Mercy,Horizon,296,295,243,200,4-15,2-9,2-6,0-8,245.0,159,329,-12.79,244.0,-4.46,1-9,0-1,0-1,0-2,4-11,2026-02-04,4,15,0.211,0,1,0.0,0,1,0.0,0,2,0.0,4,11,0.267,2,9,0.182,0,8,0.0,1,9,0.1,,
2026-01-27,Northeastern,CAA,297,297,341,236,6-11,2-5,4-6,4-5,357.0,356,286,-10.36,288.0,-5.66,3-7,0-0,0-0,0-1,6-10,2026-02-04,6,11,0.353,0,0,,0,0,,0,1,0.0,6,10,0.375,2,5,0.286,4,5,0.444,3,7,0.3,,
2026-01-27,Dartmouth,Ivy League,298,298,264,205,6-9,0-5,6-4,4-6,212.0,346,209,-7.01,209.0,-3.52,3-7,0-1,0-1,0-3,6-4,2026-02-04,6,9,0.4,0,1,0.0,0,1,0.0,0,3,0.0,6,4,0.6,0,5,0.0,4,6,0.4,3,7,0.3,,
2026-01-27,Coppin St.,MEAC,299,299,107,160,3-18,2-4,1-14,1-11,63.0,23,315,-12.12,348.0,-8.22,2-8,0-5,0-1,0-1,3-11,2026-02-04,3,18,0.143,0,5,0.0,0,1,0.0,0,1,0.0,3,11,0.214,2,4,0.333,1,11,0.083,2,8,0.2,,
2026-01-27,Sacred Heart,MAAC,300,300,351,251,9-10,8-3,1-7,4-7,291.0,181,243,-8.28,286.0,-5.61,7-3,0-1,0-1,0-2,9-6,2026-02-04,9,10,0.474,0,1,0.0,0,1,0.0,0,2,0.0,9,6,0.6,8,3,0.727,4,7,0.364,7,3,0.7,,
2026-01-27,Alcorn,SWAC,301,301,231,196,6-9,6-1,0-8,4-6,67.0,10,143,-4.96,232.0,-4.02,6-4,0-4,0-1,0-0,6-4,2026-02-04,6,9,0.4,0,4,0.0,0,1,0.0,0,0,,6,4,0.6,6,1,0.857,4,6,0.4,6,4,0.6,,
2026-01-27,North Florida,ASUN,302,302,199,189,5-12,2-6,3-6,3-8,150.0,71,259,-9.07,204.0,-3.46,3-7,0-2,0-2,0-1,5-7,2026-02-04,5,12,0.294,0,2,0.0,0,2,0.0,0,1,0.0,5,7,0.417,2,6,0.25,3,8,0.273,3,7,0.3,,
2026-01-27,Hampton,CAA,303,303,306,221,5-11,2-5,3-6,2-5,355.0,345,282,-10.3,283.0,-5.55,2-8,0-0,0-0,0-2,5-9,2026-02-04,5,11,0.312,0,0,,0,0,,0,2,0.0,5,9,0.357,2,5,0.286,2,5,0.286,2,8,0.2,,
2026-01-27,Indiana St.,MVC,304,304,270,207,5-13,2-7,3-6,1-8,277.0,231,303,-11.24,251.0,-4.7,2-8,0-1,0-0,0-1,5-11,2026-02-04,5,13,0.278,0,1,0.0,0,0,,0,1,0.0,5,11,0.312,2,7,0.222,1,8,0.111,2,8,0.2,,
2026-01-27,Jackson St.,SWAC,305,305,224,195,4-14,3-4,1-10,2-9,113.0,36,278,-10.19,308.0,-6.25,3-7,0-3,0-2,0-3,4-6,2026-02-04,4,14,0.222,0,3,0.0,0,2,0.0,0,3,0.0,4,6,0.4,3,4,0.429,2,9,0.182,3,7,0.3,,
2026-01-27,CSUN,Big West,306,306,224,195,4-12,2-7,2-5,2-6,320.0,293,291,-10.78,237.0,-4.27,2-8,0-0,0-1,0-3,4-8,2026-02-04,4,12,0.25,0,0,,0,1,0.0,0,3,0.0,4,8,0.333,2,7,0.222,2,6,0.25,2,8,0.2,,
2026-01-27,Buffalo,MAC,307,307,160,176,2-17,0-8,2-9,0-9,194.0,197,349,-14.27,334.0,-7.19,0-10,0-1,0-1,0-4,2-11,2026-02-04,2,17,0.105,0,1,0.0,0,1,0.0,0,4,0.0,2,11,0.154,0,8,0.0,0,9,0.0,0,10,0.0,,
2026-01-27,Southern Ill.,MVC,308,308,243,200,4-12,3-6,1-6,0-6,322.0,310,293,-10.79,273.0,-5.35,4-6,0-0,0-1,0-1,4-10,2026-02-04,4,12,0.25,0,0,,0,1,0.0,0,1,0.0,4,10,0.286,3,6,0.333,0,6,0.0,4,6,0.4,,
2026-01-27,Bucknell,Patriot,309,309,270,207,5-13,2-6,3-7,1-8,281.0,236,304,-11.27,285.0,-5.58,2-8,0-1,0-0,0-3,5-9,2026-02-04,5,13,0.278,0,1,0.0,0,0,,0,3,0.0,5,9,0.357,2,6,0.25,1,8,0.111,2,8,0.2,,
2026-01-27,Samford,SoCon,310,310,207,190,5-14,1-4,4-10,3-10,95.0,52,273,-9.63,289.0,-5.7,3-7,0-4,0-1,0-1,5-8,2026-02-04,5,14,0.263,0,4,0.0,0,1,0.0,0,1,0.0,5,8,0.385,1,4,0.2,3,10,0.231,3,7,0.3,,
2026-01-27,American,Patriot,311,311,287,214,5-14,3-5,2-9,1-9,331.0,308,326,-12.65,344.0,-7.97,4-6,0-1,0-0,0-1,5-12,2026-02-04,5,14,0.263,0,1,0.0,0,0,,0,1,0.0,5,12,0.294,3,5,0.375,1,9,0.1,4,6,0.4,,
2026-01-27,Winthrop,Big South,312,312,306,221,7-11,3-4,4-7,3-8,127.0,59,226,-7.49,219.0,-3.75,3-7,0-3,0-1,0-1,7-6,2026-02-04,7,11,0.389,0,3,0.0,0,1,0.0,0,1,0.0,7,6,0.538,3,4,0.429,3,8,0.273,3,7,0.3,,
2026-01-27,Portland St.,Big Sky,313,313,238,199,4-14,1-6,3-8,1-8,337.0,324,328,-12.79,330.0,-7.09,2-8,0-0,0-1,0-0,4-13,2026-02-04,4,14,0.222,0,0,,0,1,0.0,0,0,,4,13,0.235,1,6,0.143,1,8,0.111,2,8,0.2,,
2026-01-27,Texas Southern,SWAC,314,314,219,194,4-12,4-4,0-8,2-8,94.0,14,245,-8.32,240.0,-4.41,4-6,0-3,0-0,0-3,4-6,2026-02-04,4,12,0.25,0,3,0.0,0,0,,0,3,0.0,4,6,0.4,4,4,0.5,2,8,0.2,4,6,0.4,,
2026-01-27,NIU,MAC,315,315,261,204,4-15,2-6,2-9,2-11,275.0,290,334,-13.13,342.0,-7.8,2-8,0-1,0-0,0-2,4-12,2026-02-04,4,15,0.211,0,1,0.0,0,0,,0,2,0.0,4,12,0.25,2,6,0.25,2,11,0.154,2,8,0.2,,
2026-01-27,Wagner,NEC,316,316,346,247,7-10,4-3,3-7,3-7,254.0,171,237,-8.1,266.0,-5.17,6-4,0-1,0-2,0-0,7-7,2026-02-04,7,10,0.412,0,1,0.0,0,2,0.0,0,0,,7,7,0.5,4,3,0.571,3,7,0.3,6,4,0.6,,
2026-01-27,Wright St.,Horizon,317,317,287,214,4-15,2-8,2-7,1-9,299.0,262,339,-13.32,295.0,-5.84,1-9,0-1,0-0,0-1,4-13,2026-02-04,4,15,0.211,0,1,0.0,0,0,,0,1,0.0,4,13,0.235,2,8,0.2,1,9,0.1,1,9,0.1,,
2026-01-27,Hofstra,CAA,318,318,176,180,2-16,1-7,1-9,2-7,140.0,65,327,-12.73,305.0,-6.1,1-9,0-2,0-1,0-2,2-11,2026-02-04,2,16,0.111,0,2,0.0,0,1,0.0,0,2,0.0,2,11,0.154,1,7,0.125,2,7,0.222,1,9,0.1,,
2026-01-27,Cornell,Ivy League,319,319,292,215,6-11,2-3,4-8,5-5,255.0,305,260,-9.11,324.0,-6.86,2-8,0-1,1-0,0-2,5-8,2026-02-04,6,11,0.353,0,1,0.0,1,0,1.0,0,2,0.0,5,8,0.385,2,3,0.4,5,5,0.5,2,8,0.2,,
2026-01-27,San Jose St.,Mountain West,320,321,103,159,2-18,1-9,1-9,0-12,154.0,119,353,-14.64,321.0,-6.74,2-8,0-1,0-4,0-1,2-12,2026-02-04,2,18,0.1,0,1,0.0,0,4,0.0,0,1,0.0,2,12,0.143,1,9,0.1,0,12,0.0,2,8,0.2,,
2026-01-27,N.C. Central,MEAC,321,320,209,191,2-14,0-4,2-10,1-8,109.0,70,287,-10.54,317.0,-6.61,1-9,0-3,0-0,0-2,2-9,2026-02-04,2,14,0.125,0,3,0.0,0,0,,0,2,0.0,2,9,0.182,0,4,0.0,1,8,0.111,1,9,0.1,,
2026-01-27,Colgate,Patriot,322,322,280,212,4-14,1-7,3-7,2-8,284.0,219,320,-12.33,279.0,-5.49,1-9,0-1,0-0,0-2,4-11,2026-02-04,4,14,0.222,0,1,0.0,0,0,,0,2,0.0,4,11,0.267,1,7,0.125,2,8,0.2,1,9,0.1,,
2026-01-27,UNCW,CAA,323,324,324,228,4-14,1-7,3-7,1-9,312.0,276,325,-12.53,294.0,-5.82,1-9,0-1,0-0,0-1,4-12,2026-02-04,4,14,0.222,0,1,0.0,0,0,,0,1,0.0,4,12,0.25,1,7,0.125,1,9,0.1,1,9,0.1,,
2026-01-27,Charleston So.,Big South,324,323,252,202,5-14,4-3,1-11,3-8,153.0,87,294,-10.81,343.0,-7.87,4-6,0-2,0-1,0-4,5-7,2026-02-04,5,14,0.263,0,2,0.0,0,1,0.0,0,4,0.0,5,7,0.417,4,3,0.571,3,8,0.273,4,6,0.4,,
2026-01-27,Grambling,SWAC,325,325,252,202,3-13,3-3,0-10,1-8,236.0,162,299,-11.06,347.0,-8.08,3-7,0-1,0-0,0-3,3-9,2026-02-04,3,13,0.188,0,1,0.0,0,0,,0,3,0.0,3,9,0.25,3,3,0.5,1,8,0.111,3,7,0.3,,
2026-01-27,Louisiana,Sun Belt,326,326,144,173,1-17,1-9,0-8,0-7,241.0,207,357,-14.87,319.0,-6.72,1-9,0-1,0-0,0-3,1-13,2026-02-04,1,17,0.056,0,1,0.0,0,0,,0,3,0.0,1,13,0.071,1,9,0.1,0,7,0.0,1,9,0.1,,
2026-01-27,Rider,MAAC,327,327,343,242,4-16,2-9,2-7,2-10,345.0,332,356,-14.81,310.0,-6.35,2-8,0-0,0-2,0-2,4-12,2026-02-04,4,16,0.2,0,0,,0,2,0.0,0,2,0.0,4,12,0.25,2,9,0.182,2,10,0.167,2,8,0.2,,
2026-01-27,Tennessee St.,OVC,328,328,199,189,3-16,2-8,1-8,0-11,183.0,112,336,-13.18,297.0,-5.88,2-8,0-2,0-0,0-2,3-12,2026-02-04,3,16,0.158,0,2,0.0,0,0,,0,2,0.0,3,12,0.2,2,8,0.2,0,11,0.0,2,8,0.2,,
2026-01-27,Seattle U,WCC,329,330,173,179,3-15,1-8,2-7,0-9,192.0,254,322,-12.4,292.0,-5.78,1-9,0-1,0-1,0-4,3-9,2026-02-04,3,15,0.167,0,1,0.0,0,1,0.0,0,4,0.0,3,9,0.25,1,8,0.111,0,9,0.0,1,9,0.1,,
2026-01-27,A&M-Corpus Christi,Southland,330,331,261,204,2-15,2-9,0-6,0-10,258.0,106,335,-13.16,247.0,-4.56,2-8,0-1,0-0,0-3,2-11,2026-02-04,2,15,0.118,0,1,0.0,0,0,,0,3,0.0,2,11,0.154,2,9,0.182,0,10,0.0,2,8,0.2,,
2026-01-27,Gardner-Webb,Big South,331,329,353,254,6-15,3-4,3-11,2-10,342.0,327,343,-13.7,359.0,-9.94,4-6,0-1,0-0,0-3,6-11,2026-02-04,6,15,0.286,0,1,0.0,0,0,,0,3,0.0,6,11,0.353,3,4,0.429,2,10,0.167,4,6,0.4,,
2026-01-27,North Dakota,Summit League,332,332,171,178,2-16,1-6,1-10,0-8,181.0,172,340,-13.32,345.0,-8.0,1-9,0-1,0-2,0-3,2-10,2026-02-04,2,16,0.111,0,1,0.0,0,2,0.0,0,3,0.0,2,10,0.167,1,6,0.143,0,8,0.0,1,9,0.1,,
2026-01-27,Ark.-Pine Bluff,SWAC,333,333,287,214,5-12,3-5,2-7,3-9,253.0,145,276,-10.1,267.0,-5.17,3-7,0-1,0-0,0-4,5-7,2026-02-04,5,12,0.294,0,1,0.0,0,0,,0,4,0.0,5,7,0.417,3,5,0.375,3,9,0.25,3,7,0.3,,
2026-01-27,UNC Asheville,Big South,334,334,361,268,5-13,3-5,2-8,3-6,361.0,361,323,-12.51,341.0,-7.76,3-7,0-0,0-0,0-2,5-11,2026-02-04,5,13,0.278,0,0,,0,0,,0,2,0.0,5,11,0.312,3,5,0.375,3,6,0.333,3,7,0.3,,
2026-01-27,Queens (NC),ASUN,335,335,346,247,5-12,1-7,4-5,3-7,265.0,199,279,-10.22,210.0,-3.53,2-8,0-1,0-1,0-1,5-9,2026-02-04,5,12,0.294,0,1,0.0,0,1,0.0,0,1,0.0,5,9,0.357,1,7,0.125,3,7,0.3,2,8,0.2,,
2026-01-27,Stonehill,NEC,336,336,356,258,6-12,3-5,3-7,1-8,288.0,202,285,-10.36,274.0,-5.38,3-7,0-1,0-1,0-0,6-10,2026-02-04,6,12,0.333,0,1,0.0,0,1,0.0,0,0,,6,10,0.375,3,5,0.375,1,8,0.111,3,7,0.3,,
2026-01-27,Florida A&M,SWAC,337,337,313,224,4-13,4-3,0-10,1-9,301.0,234,308,-11.53,351.0,-8.56,4-6,0-0,0-2,0-2,4-9,2026-02-04,4,13,0.235,0,0,,0,2,0.0,0,2,0.0,4,9,0.308,4,3,0.571,1,9,0.1,4,6,0.4,,
2026-01-27,Long Beach St.,Big West,338,338,135,169,1-17,1-8,0-9,0-9,209.0,141,351,-14.57,333.0,-7.16,1-9,0-1,0-1,0-3,1-12,2026-02-04,1,17,0.056,0,1,0.0,0,1,0.0,0,3,0.0,1,12,0.077,1,8,0.111,0,9,0.0,1,9,0.1,,
2026-01-27,Cal Poly,Big West,339,339,122,166,1-16,1-8,0-8,0-11,105.0,16,319,-12.28,254.0,-4.76,1-9,0-3,0-1,0-0,1-12,2026-02-04,1,16,0.059,0,3,0.0,0,1,0.0,0,0,,1,12,0.077,1,8,0.111,0,11,0.0,1,9,0.1,,
2026-01-27,New Haven,NEC,340,340,362,273,4-13,4-3,0-10,1-7,350.0,331,318,-12.16,353.0,-9.28,4-6,0-0,0-1,0-0,4-12,2026-02-04,4,13,0.235,0,0,,0,1,0.0,0,0,,4,12,0.25,4,3,0.571,1,7,0.125,4,6,0.4,,
2026-01-27,Chicago St.,NEC,341,341,310,222,4-17,3-5,1-12,1-12,259.0,189,355,-14.74,357.0,-9.81,3-7,0-1,0-1,0-1,4-14,2026-02-04,4,17,0.19,0,1,0.0,0,1,0.0,0,1,0.0,4,14,0.222,3,5,0.375,1,12,0.077,3,7,0.3,,
2026-01-27,Southeastern La.,Southland,342,342,184,184,1-16,1-10,0-6,0-10,110.0,5,321,-12.33,175.0,-2.89,0-10,0-3,0-0,0-3,1-10,2026-02-04,1,16,0.059,0,3,0.0,0,0,,0,3,0.0,1,10,0.091,1,10,0.091,0,10,0.0,0,10,0.0,,
2026-01-27,New Orleans,Southland,343,343,199,189,1-17,1-10,0-7,1-9,158.0,28,346,-14.03,243.0,-4.45,1-9,0-2,0-1,0-3,1-11,2026-02-04,1,17,0.056,0,2,0.0,0,1,0.0,0,3,0.0,1,11,0.083,1,10,0.091,1,9,0.1,1,9,0.1,,
2026-01-27,Delaware St.,MEAC,344,344,277,209,1-16,1-4,0-12,1-9,246.0,212,347,-14.04,362.0,-10.15,1-9,0-1,0-1,0-1,1-13,2026-02-04,1,16,0.059,0,1,0.0,0,1,0.0,0,1,0.0,1,13,0.071,1,4,0.2,1,9,0.1,1,9,0.1,,
2026-01-27,Canisius,MAAC,345,346,319,226,3-16,1-9,2-7,1-8,188.0,130,337,-13.22,262.0,-5.09,1-9,0-2,0-2,0-1,3-11,2026-02-04,3,16,0.158,0,2,0.0,0,2,0.0,0,1,0.0,3,11,0.214,1,9,0.1,1,8,0.111,1,9,0.1,,
2026-01-27,Mercyhurst,NEC,346,345,324,228,6-13,6-2,0-11,4-7,137.0,51,270,-9.51,338.0,-7.58,6-4,0-4,0-0,0-0,6-9,2026-02-04,6,13,0.316,0,4,0.0,0,0,,0,0,,6,9,0.4,6,2,0.75,4,7,0.364,6,4,0.6,,
2026-01-27,UMass Lowell,America East,347,347,297,218,3-14,0-7,3-7,2-9,348.0,352,333,-13.06,318.0,-6.63,1-9,0-0,0-0,0-2,3-12,2026-02-04,3,14,0.176,0,0,,0,0,,0,2,0.0,3,12,0.2,0,7,0.0,2,9,0.182,1,9,0.1,,
2026-01-27,Saint Peter's,MAAC,348,348,299,219,4-15,4-7,0-8,3-7,323.0,287,341,-13.57,331.0,-7.11,3-7,0-0,0-2,0-1,4-12,2026-02-04,4,15,0.211,0,0,,0,2,0.0,0,1,0.0,4,12,0.25,4,7,0.364,3,7,0.3,3,7,0.3,,
2026-01-27,USC Upstate,Big South,349,349,334,233,3-15,1-6,2-9,1-10,171.0,101,317,-12.16,309.0,-6.32,1-9,0-3,0-0,0-1,3-11,2026-02-04,3,15,0.167,0,3,0.0,0,0,,0,1,0.0,3,11,0.214,1,6,0.143,1,10,0.091,1,9,0.1,,
2026-01-27,Bethune-Cookman,SWAC,350,351,296,216,1-16,1-6,0-10,0-9,146.0,61,331,-13.02,328.0,-7.05,1-9,0-2,0-2,0-1,1-11,2026-02-04,1,16,0.059,0,2,0.0,0,2,0.0,0,1,0.0,1,11,0.083,1,6,0.143,0,9,0.0,1,9,0.1,,
2026-01-27,Western Caro.,SoCon,351,350,283,213,0-17,0-6,0-11,0-7,206.0,148,354,-14.67,352.0,-8.78,0-10,0-1,0-2,0-1,0-13,2026-02-04,0,17,0.0,0,1,0.0,0,2,0.0,0,1,0.0,0,13,0.0,0,6,0.0,0,7,0.0,0,10,0.0,,
2026-01-27,Morgan St.,MEAC,352,352,176,180,2-18,2-4,0-14,1-12,118.0,75,345,-13.94,361.0,-10.09,2-8,0-3,0-2,0-1,2-12,2026-02-04,2,18,0.1,0,3,0.0,0,2,0.0,0,1,0.0,2,12,0.143,2,4,0.333,1,12,0.077,2,8,0.2,,
2026-01-27,Mississippi Val.,SWAC,353,353,238,199,4-14,3-4,1-10,1-11,117.0,46,283,-10.34,311.0,-6.41,3-7,0-3,0-2,0-1,4-8,2026-02-04,4,14,0.222,0,3,0.0,0,2,0.0,0,1,0.0,4,8,0.333,3,4,0.429,1,11,0.083,3,7,0.3,,
2026-01-27,South Carolina St.,MEAC,354,354,334,233,3-15,2-3,1-12,2-8,244.0,209,330,-12.91,360.0,-9.97,3-7,0-1,0-1,0-2,3-11,2026-02-04,3,15,0.167,0,1,0.0,0,1,0.0,0,2,0.0,3,11,0.214,2,3,0.4,2,8,0.2,3,7,0.3,,
2026-01-27,Prairie View,SWAC,355,355,273,208,0-17,0-8,0-9,0-13,172.0,68,350,-14.34,312.0,-6.42,0-10,0-2,0-0,0-3,0-12,2026-02-04,0,17,0.0,0,2,0.0,0,0,,0,3,0.0,0,12,0.0,0,8,0.0,0,13,0.0,0,10,0.0,,
2026-01-27,Le Moyne,NEC,356,356,340,235,4-16,3-5,1-11,3-10,201.0,120,338,-13.23,349.0,-8.3,3-7,0-2,0-2,0-1,4-11,2026-02-04,4,16,0.2,0,2,0.0,0,2,0.0,0,1,0.0,4,11,0.267,3,5,0.375,3,10,0.231,3,7,0.3,,
2026-01-27,Saint Francis,NEC,357,357,356,258,2-16,2-6,0-10,1-9,363.0,357,358,-15.6,355.0,-9.66,2-8,0-0,0-0,0-0,2-16,2026-02-04,2,16,0.111,0,0,,0,0,,0,0,,2,16,0.111,2,6,0.25,1,9,0.1,2,8,0.2,,
2026-01-27,Bellarmine,ASUN,358,358,129,167,1-19,0-8,1-11,1-9,107.0,44,352,-14.63,329.0,-7.05,0-10,0-4,0-0,0-2,1-13,2026-02-04,1,19,0.05,0,4,0.0,0,0,,0,2,0.0,1,13,0.071,0,8,0.0,1,9,0.1,0,10,0.0,,
2026-01-27,Valparaiso,MVC,359,359,273,208,0-20,0-9,0-11,0-11,311.0,286,363,-18.37,356.0,-9.77,0-10,0-1,0-0,0-1,0-18,2026-02-04,0,20,0.0,0,1,0.0,0,0,,0,1,0.0,0,18,0.0,0,9,0.0,0,11,0.0,0,10,0.0,,
2026-01-27,Omaha,Summit League,360,360,113,161,0-20,0-7,0-13,0-11,133.0,153,360,-16.24,363.0,-10.45,0-10,0-2,0-3,0-3,0-12,2026-02-04,0,20,0.0,0,2,0.0,0,3,0.0,0,3,0.0,0,12,0.0,0,7,0.0,0,11,0.0,0,10,0.0,,
2026-01-27,Central Conn. St.,NEC,361,361,352,252,0-19,0-8,0-11,0-10,302.0,249,362,-17.37,354.0,-9.49,0-10,0-1,0-0,0-2,0-16,2026-02-04,0,19,0.0,0,1,0.0,0,0,,0,2,0.0,0,16,0.0,0,8,0.0,0,10,0.0,0,10,0.0,,
2026-01-27,Presbyterian,Big South,362,362,315,225,1-17,1-6,0-11,1-8,330.0,296,359,-15.71,358.0,-9.88,1-9,0-1,0-0,0-2,1-14,2026-02-04,1,17,0.056,0,1,0.0,0,0,,0,2,0.0,1,14,0.067,1,6,0.143,1,8,0.111,1,9,0.1,,
2026-01-27,Niagara,MAAC,363,363,319,226,0-19,0-10,0-9,0-10,204.0,157,361,-16.38,336.0,-7.26,0-10,0-2,0-2,0-0,0-15,2026-02-04,0,19,0.0,0,2,0.0,0,2,0.0,0,0,,0,15,0.0,0,10,0.0,0,10,0.0,0,10,0.0,,
,UConn,Big East,1,1,10,92,25-0,14-0,11-0,9-0,32.0,1,4,9.56,1.0,6.9,10-0,6-0,5-0,4-0,10-0,2026-02-11,25,0,1.0,6,0,1.0,5,0,1.0,4,0,1.0,10,0,1.0,14,0,1.0,9,0,1.0,10,0,1.0,2026-02-09,
,UCLA,Big Ten,2,2,1,77,23-1,13-0,10-1,7-0,1.0,12,1,12.37,3.0,4.03,10-0,13-1,0-0,5-0,5-0,2026-02-11,23,1,0.958,13,1,0.929,0,0,,5,0,1.0,5,0,1.0,13,0,1.0,7,0,1.0,10,0,1.0,2026-02-09,
,South Carolina,SEC,3,3,20,101,24-2,10-1,14-1,8-1,12.0,45,3,9.74,4.0,3.91,9-1,6-2,7-0,2-0,9-0,2026-02-11,24,2,0.923,6,2,0.75,7,0,1.0,2,0,1.0,9,0,1.0,10,1,0.909,8,1,0.889,9,1,0.9,2026-02-09,
,Texas,SEC,4,4,26,108,23-2,8-2,15-0,4-2,8.0,40,2,9.81,2.0,5.09,8-2,8-2,5-0,2-0,8-0,2026-02-11,23,2,0.92,8,2,0.8,5,0,1.0,2,0,1.0,8,0,1.0,8,2,0.8,4,2,0.667,8,2,0.8,2026-02-09,
,LSU,SEC,5,5,78,143,22-3,8-3,14-0,8-2,46.0,282,10,5.97,19.0,1.7,8-2,4-3,3-0,3-0,12-0,2026-02-11,22,3,0.88,4,3,0.571,3,0,1.0,3,0,1.0,12,0,1.0,8,3,0.727,8,2,0.8,8,2,0.8,2026-02-09,
,Michigan,Big Ten,6,6,9,91,20-4,11-2,9-2,6-1,7.0,41,5,7.54,15.0,1.73,8-2,6-4,3-0,4-0,7-0,2026-02-11,20,4,0.833,6,4,0.6,3,0,1.0,4,0,1.0,7,0,1.0,11,2,0.846,6,1,0.857,8,2,0.8,2026-02-09,
,Vanderbilt,SEC,7,8,45,118,23-2,9-2,14-0,6-1,35.0,140,6,7.5,6.0,2.9,8-2,5-2,4-0,6-0,8-0,2026-02-11,23,2,0.92,5,2,0.714,4,0,1.0,6,0,1.0,8,0,1.0,9,2,0.818,6,1,0.857,8,2,0.8,2026-02-09,
,Louisville,ACC,8,7,34,111,22-4,12-1,10-3,8-0,14.0,37,7,7.48,22.0,1.45,9-1,7-4,4-0,1-0,10-0,2026-02-11,22,4,0.846,7,4,0.636,4,0,1.0,1,0,1.0,10,0,1.0,12,1,0.923,8,0,1.0,9,1,0.9,2026-02-09,
,Duke,ACC,9,9,6,87,18-6,13-0,5-6,9-1,9.0,7,13,5.14,61.0,-0.33,10-0,4-5,5-1,1-0,8-0,2026-02-11,18,6,0.75,4,5,0.444,5,1,0.833,1,0,1.0,8,0,1.0,13,0,1.0,9,1,0.9,10,0,1.0,2026-02-09,
,Minnesota,Big Ten,10,10,39,115,18-6,9-4,9-2,6-3,29.0,184,25,3.45,50.0,-0.06,8-2,3-5,1-1,5-0,9-0,2026-02-11,18,6,0.75,3,5,0.375,1,1,0.5,5,0,1.0,9,0,1.0,9,4,0.692,6,3,0.667,8,2,0.8,2026-02-09,
,Michigan State,Big Ten,11,11,45,118,20-4,9-4,11-0,6-2,27.0,213,11,5.71,17.0,1.71,7-3,5-3,4-1,1-0,10-0,2026-02-11,20,4,0.833,5,3,0.625,4,1,0.8,1,0,1.0,10,0,1.0,9,4,0.692,6,2,0.75,7,3,0.7,2026-02-09,
,Oklahoma,SEC,12,12,52,122,17-6,5-5,12-1,3-3,20.0,131,22,3.86,10.0,1.82,5-5,3-6,2-0,3-0,9-0,2026-02-11,17,6,0.739,3,6,0.333,2,0,1.0,3,0,1.0,9,0,1.0,5,5,0.5,3,3,0.5,5,5,0.5,2026-02-09,
,TCU,Big 12,13,13,61,130,21-4,9-3,12-1,4-3,56.0,156,21,3.88,21.0,1.54,7-3,2-3,5-1,2-0,12-0,2026-02-11,21,4,0.84,2,3,0.4,5,1,0.833,2,0,1.0,12,0,1.0,9,3,0.75,4,3,0.571,7,3,0.7,2026-02-09,
,Maryland,Big Ten,14,14,51,121,19-6,7-6,12-0,5-2,18.0,236,14,4.82,13.0,1.77,5-5,5-5,1-1,4-0,9-0,2026-02-11,19,6,0.76,5,5,0.5,1,1,0.5,4,0,1.0,9,0,1.0,7,6,0.538,5,2,0.714,5,5,0.5,2026-02-09,
,Iowa,Big Ten,15,15,1,77,18-5,9-3,9-2,5-3,5.0,39,9,6.45,14.0,1.75,7-3,6-5,3-0,2-0,7-0,2026-02-11,18,5,0.783,6,5,0.545,3,0,1.0,2,0,1.0,7,0,1.0,9,3,0.75,5,3,0.625,7,3,0.7,2026-02-09,
,Kentucky,SEC,16,16,38,114,18-7,5-6,13-1,7-4,19.0,113,23,3.79,8.0,2.25,4-6,3-6,2-1,5-0,8-0,2026-02-11,18,7,0.72,3,6,0.333,2,1,0.667,5,0,1.0,8,0,1.0,5,6,0.455,7,4,0.636,4,6,0.4,2026-02-09,
,Ohio State,Big Ten,17,17,41,116,22-3,11-2,11-1,6-2,25.0,93,8,7.22,9.0,2.05,9-1,7-3,1-0,4-0,10-0,2026-02-11,22,3,0.88,7,3,0.7,1,0,1.0,4,0,1.0,10,0,1.0,11,2,0.846,6,2,0.75,9,1,0.9,2026-02-09,
,Ole Miss,SEC,18,18,58,126,19-5,6-3,13-2,4-3,39.0,172,20,4.04,32.0,0.77,7-3,2-4,4-1,3-0,10-0,2026-02-11,19,5,0.792,2,4,0.333,4,1,0.8,3,0,1.0,10,0,1.0,6,3,0.667,4,3,0.571,7,3,0.7,2026-02-09,
,UNC,ACC,19,19,53,123,20-5,9-3,11-2,6-2,45.0,66,19,4.07,16.0,1.71,8-2,1-4,7-1,4-0,8-0,2026-02-11,20,5,0.8,1,4,0.2,7,1,0.875,4,0,1.0,8,0,1.0,9,3,0.75,6,2,0.75,8,2,0.8,2026-02-09,
,USC,Big Ten,20,20,4,78,15-9,7-6,8-3,3-5,2.0,21,18,4.23,26.0,1.26,5-5,4-9,2-0,2-0,7-0,2026-02-11,15,9,0.625,4,9,0.308,2,0,1.0,2,0,1.0,7,0,1.0,7,6,0.538,3,5,0.375,5,5,0.5,2026-02-09,
,Tennessee,SEC,21,21,8,90,15-6,7-2,8-4,7-3,6.0,20,16,4.29,35.0,0.76,7-3,5-5,2-1,0-0,8-0,2026-02-11,15,6,0.714,5,5,0.5,2,1,0.667,0,0,,8,0,1.0,7,2,0.778,7,3,0.7,7,3,0.7,2026-02-09,
,West Virginia,Big 12,22,22,12,97,20-5,10-3,10-2,7-1,31.0,82,15,4.63,27.0,1.2,7-3,3-2,5-3,3-0,9-0,2026-02-11,20,5,0.8,3,2,0.6,5,3,0.625,3,0,1.0,9,0,1.0,10,3,0.769,7,1,0.875,7,3,0.7,2026-02-09,
,Oregon,Big Ten,23,23,12,97,18-8,6-7,12-1,5-3,30.0,266,31,2.23,36.0,0.71,5-5,2-6,2-2,1-0,13-0,2026-02-11,18,8,0.692,2,6,0.25,2,2,0.5,1,0,1.0,13,0,1.0,6,7,0.462,5,3,0.625,5,5,0.5,2026-02-09,
,NC State,ACC,24,24,1,77,17-7,10-3,7-4,6-2,17.0,14,26,3.41,29.0,0.94,7-3,3-6,4-1,3-0,7-0,2026-02-11,17,7,0.708,3,6,0.333,4,1,0.8,3,0,1.0,7,0,1.0,10,3,0.769,6,2,0.75,7,3,0.7,2026-02-09,
,Nebraska,Big Ten,25,25,15,98,16-8,5-8,11-0,1-5,26.0,226,33,1.81,20.0,1.66,4-6,0-7,3-1,3-0,10-0,2026-02-11,16,8,0.667,0,7,0.0,3,1,0.75,3,0,1.0,10,0,1.0,5,8,0.385,1,5,0.167,4,6,0.4,2026-02-09,
,Baylor,Big 12,26,26,34,111,21-4,10-2,11-2,6-1,36.0,61,12,5.49,11.0,1.82,9-1,3-3,5-1,4-0,9-0,2026-02-11,21,4,0.84,3,3,0.5,5,1,0.833,4,0,1.0,9,0,1.0,10,2,0.833,6,1,0.857,9,1,0.9,2026-02-09,
,Alabama,SEC,27,28,34,111,20-5,6-5,14-0,2-4,43.0,200,17,4.24,7.0,2.36,6-4,4-3,4-1,2-1,10-0,2026-02-11,20,5,0.8,4,3,0.571,4,1,0.8,2,1,0.667,10,0,1.0,6,5,0.545,2,4,0.333,6,4,0.6,2026-02-09,
,Texas Tech,Big 12,28,27,48,119,23-3,10-3,13-0,7-1,75.0,291,24,3.78,23.0,1.41,7-3,3-0,3-2,2-1,15-0,2026-02-11,23,3,0.885,3,0,1.0,3,2,0.6,2,1,0.667,15,0,1.0,10,3,0.769,7,1,0.875,7,3,0.7,2026-02-09,
,Notre Dame,ACC,29,30,25,106,15-9,7-6,8-3,3-6,13.0,19,34,1.67,24.0,1.38,5-5,3-6,2-2,2-1,8-0,2026-02-11,15,9,0.625,3,6,0.333,2,2,0.5,2,1,0.667,8,0,1.0,7,6,0.538,3,6,0.333,5,5,0.5,2026-02-09,
,Washington,Big Ten,30,31,31,110,18-6,8-5,10-1,6-3,33.0,217,27,3.14,37.0,0.71,6-4,3-4,3-2,2-0,10-0,2026-02-11,18,6,0.75,3,4,0.429,3,2,0.6,2,0,1.0,10,0,1.0,8,5,0.615,6,3,0.667,6,4,0.6,2026-02-09,
,Oklahoma State,Big 12,31,29,68,133,18-7,8-5,10-2,4-5,64.0,216,45,0.49,52.0,-0.13,6-4,0-3,5-3,2-1,11-0,2026-02-11,18,7,0.72,0,3,0.0,5,3,0.625,2,1,0.667,11,0,1.0,8,5,0.615,4,5,0.444,6,4,0.6,2026-02-09,
,Iowa State,Big 12,32,32,76,140,19-6,7-6,12-0,4-4,66.0,243,36,1.36,18.0,1.71,5-5,2-3,4-2,0-1,13-0,2026-02-11,19,6,0.76,2,3,0.4,4,2,0.667,0,1,0.0,13,0,1.0,7,6,0.538,4,4,0.5,5,5,0.5,2026-02-09,
,Georgia,SEC,33,33,90,149,19-5,5-5,14-0,5-2,55.0,337,29,2.83,28.0,1.0,5-5,2-4,2-1,3-0,12-0,2026-02-11,19,5,0.792,2,4,0.333,2,1,0.667,3,0,1.0,12,0,1.0,5,5,0.5,5,2,0.714,5,5,0.5,2026-02-09,
,Illinois,Big Ten,34,34,37,113,16-8,6-7,10-1,5-5,22.0,298,32,2.02,46.0,0.13,3-7,2-7,2-0,3-1,9-0,2026-02-11,16,8,0.667,2,7,0.222,2,0,1.0,3,1,0.75,9,0,1.0,6,7,0.462,5,5,0.5,3,7,0.3,2026-02-09,
,Mississippi State,SEC,35,35,71,134,16-8,3-7,13-1,2-5,44.0,309,38,0.81,43.0,0.36,3-7,2-7,0-0,2-1,12-0,2026-02-11,16,8,0.667,2,7,0.222,0,0,,2,1,0.667,12,0,1.0,3,7,0.3,2,5,0.286,3,7,0.3,2026-02-09,
,Virginia,ACC,36,36,82,146,17-7,9-4,8-3,4-3,67.0,193,53,-0.13,87.0,-1.11,6-4,0-5,2-1,4-0,11-1,2026-02-11,17,7,0.708,0,5,0.0,2,1,0.667,4,0,1.0,11,1,0.917,9,4,0.692,4,3,0.571,6,4,0.6,2026-02-09,
,Syracuse,ACC,37,37,68,133,19-5,9-4,10-1,5-1,60.0,205,30,2.36,33.0,0.77,7-3,1-4,4-1,2-0,12-0,2026-02-11,19,5,0.792,1,4,0.2,4,1,0.8,2,0,1.0,12,0,1.0,9,4,0.692,5,1,0.833,7,3,0.7,2026-02-09,
,Villanova,Big East,38,38,49,120,19-5,12-3,7-2,7-3,88.0,73,42,0.56,41.0,0.48,7-3,1-1,1-3,4-1,13-0,2026-02-11,19,5,0.792,1,1,0.5,1,3,0.25,4,1,0.8,13,0,1.0,12,3,0.8,7,3,0.7,7,3,0.7,2026-02-09,
,Clemson,ACC,39,39,103,157,17-8,8-5,9-3,6-6,52.0,109,41,0.56,53.0,-0.15,7-3,2-7,1-0,0-1,14-0,2026-02-11,17,8,0.68,2,7,0.222,1,0,1.0,0,1,0.0,14,0,1.0,8,5,0.615,6,6,0.5,7,3,0.7,2026-02-09,
,North Dakota St.,Summit League,40,40,254,206,20-2,11-0,9-2,10-0,234.0,223,43,0.56,60.0,-0.32,10-0,0-1,1-0,3-1,16-0,2026-02-11,20,2,0.909,0,1,0.0,1,0,1.0,3,1,0.75,16,0,1.0,11,0,1.0,10,0,1.0,10,0,1.0,2026-02-09,
,Richmond,Atlantic 10,41,41,97,155,20-4,10-1,10-3,7-2,106.0,88,40,0.67,42.0,0.36,9-1,0-2,1-2,4-0,15-0,2026-02-11,20,4,0.833,0,2,0.0,1,2,0.333,4,0,1.0,15,0,1.0,10,1,0.909,7,2,0.778,9,1,0.9,2026-02-09,
,Stanford,ACC,42,42,41,116,16-9,5-7,11-2,5-4,37.0,95,46,0.46,25.0,1.29,4-6,2-5,3-2,2-1,9-1,2026-02-11,16,9,0.64,2,5,0.286,3,2,0.6,2,1,0.667,9,1,0.9,5,7,0.417,5,4,0.556,4,6,0.4,2026-02-09,
,Princeton,Ivy League,43,43,60,129,19-2,7-1,12-1,8-1,86.0,51,28,2.96,5.0,3.04,9-1,1-1,2-0,7-1,9-0,2026-02-11,19,2,0.905,1,1,0.5,2,0,1.0,7,1,0.875,9,0,1.0,7,1,0.875,8,1,0.889,9,1,0.9,2026-02-09,
,Virginia Tech,ACC,44,44,80,144,18-7,8-5,10-2,4-3,65.0,264,47,0.45,63.0,-0.41,7-3,1-4,3-2,3-1,11-0,2026-02-11,18,7,0.72,1,4,0.2,3,2,0.6,3,1,0.75,11,0,1.0,8,5,0.615,4,3,0.571,7,3,0.7,2026-02-09,
,Colorado,Big 12,45,45,18,99,16-8,7-5,9-3,2-5,49.0,197,44,0.52,80.0,-0.97,6-4,1-4,4-1,1-3,10-0,2026-02-11,16,8,0.667,1,4,0.2,4,1,0.8,1,3,0.25,10,0,1.0,7,5,0.583,2,5,0.286,6,4,0.6,2026-02-09,
,South Dakota St.,Summit League,46,46,111,161,18-6,8-2,10-4,7-2,84.0,33,54,-0.28,30.0,0.92,8-2,0-3,2-2,4-1,12-0,2026-02-11,18,6,0.75,0,3,0.0,2,2,0.5,4,1,0.8,12,0,1.0,8,2,0.8,7,2,0.778,8,2,0.8,2026-02-09,
,Rhode Island,Atlantic 10,47,47,121,167,20-2,12-0,8-2,10-1,176.0,195,37,1.19,58.0,-0.3,10-0,1-0,1-1,3-0,15-1,2026-02-11,20,2,0.909,1,0,1.0,1,1,0.5,3,0,1.0,15,1,0.938,12,0,1.0,10,1,0.909,10,0,1.0,2026-02-09,
,Utah,Big 12,48,48,24,105,15-8,7-5,8-3,8-1,34.0,90,39,0.76,54.0,-0.18,6-4,2-1,2-7,2-0,9-0,2026-02-11,15,8,0.652,2,1,0.667,2,7,0.222,2,0,1.0,9,0,1.0,7,5,0.583,8,1,0.889,6,4,0.6,2026-02-09,
,Arizona State,Big 12,49,49,43,117,19-6,6-6,13-0,6-5,63.0,258,35,1.55,12.0,1.78,4-6,0-3,6-1,4-2,9-0,2026-02-11,19,6,0.76,0,3,0.0,6,1,0.857,4,2,0.667,9,0,1.0,6,6,0.5,6,5,0.545,4,6,0.4,2026-02-09,
,Kansas,Big 12,50,50,18,99,14-11,5-9,9-2,4-5,40.0,142,68,-1.59,45.0,0.26,4-6,1-6,1-4,4-0,8-1,2026-02-11,14,11,0.56,1,6,0.143,1,4,0.2,4,0,1.0,8,1,0.889,5,9,0.357,4,5,0.444,4,6,0.4,2026-02-09,
,California,ACC,51,51,39,115,15-10,6-6,9-4,3-5,38.0,116,56,-0.58,83.0,-1.03,6-4,0-8,2-1,2-1,11-0,2026-02-11,15,10,0.6,0,8,0.0,2,1,0.667,2,1,0.667,11,0,1.0,6,6,0.5,3,5,0.375,6,4,0.6,2026-02-09,
,James Madison,Sun Belt,52,52,78,143,18-8,9-4,9-4,5-5,104.0,72,89,-2.81,62.0,-0.41,7-3,0-1,1-2,4-4,13-1,2026-02-11,18,8,0.692,0,1,0.0,1,2,0.333,4,4,0.5,13,1,0.929,9,4,0.692,5,5,0.5,7,3,0.7,2026-02-09,
,Fairfield,MAAC,53,53,309,226,20-4,14-1,6-3,9-2,147.0,18,52,-0.12,40.0,0.6,9-1,2-2,0-0,1-1,17-1,2026-02-11,20,4,0.833,2,2,0.5,0,0,,1,1,0.5,17,1,0.944,14,1,0.933,9,2,0.818,9,1,0.9,2026-02-09,
,Florida,SEC,54,54,61,130,15-11,3-8,12-3,1-7,58.0,325,93,-2.94,110.0,-1.67,3-7,0-7,0-1,3-2,12-1,2026-02-11,15,11,0.577,0,7,0.0,0,1,0.0,3,2,0.6,12,1,0.923,3,8,0.273,1,7,0.125,3,7,0.3,2026-02-09,
,BYU,Big 12,55,57,55,124,17-8,6-7,11-1,4-4,53.0,220,48,0.44,31.0,0.84,4-6,0-4,5-3,2-0,10-1,2026-02-11,17,8,0.68,0,4,0.0,5,3,0.625,2,0,1.0,10,1,0.909,6,7,0.462,4,4,0.5,4,6,0.4,2026-02-09,
,Miami (FL),ACC,56,55,26,108,12-12,4-9,8-3,3-4,23.0,85,71,-1.99,51.0,-0.08,2-8,1-9,0-2,2-1,9-0,2026-02-11,12,12,0.5,1,9,0.1,0,2,0.0,2,1,0.667,9,0,1.0,4,9,0.308,3,4,0.429,2,8,0.2,2026-02-09,
,Seton Hall,Big East,57,56,55,124,15-8,9-5,6-3,6-5,72.0,112,69,-1.6,79.0,-0.89,6-4,0-5,0-0,5-2,10-1,2026-02-11,15,8,0.652,0,5,0.0,0,0,,5,2,0.714,10,1,0.909,9,5,0.643,6,5,0.545,6,4,0.6,2026-02-09,
,Kansas St.,Big 12,58,60,7,88,14-12,7-6,7-6,5-4,41.0,54,79,-2.32,124.0,-2.06,6-4,2-3,4-4,2-3,6-2,2026-02-11,14,12,0.538,2,3,0.4,4,4,0.5,2,3,0.4,6,2,0.75,7,6,0.538,5,4,0.556,6,4,0.6,2026-02-09,
,Indiana,Big Ten,59,58,23,103,14-11,3-10,11-1,3-5,24.0,254,57,-0.7,38.0,0.65,3-7,0-9,2-2,2-0,10-0,2026-02-11,14,11,0.56,0,9,0.0,2,2,0.5,2,0,1.0,10,0,1.0,3,10,0.231,3,5,0.375,3,7,0.3,2026-02-09,
,Columbia,Ivy League,60,59,96,154,15-6,6-2,9-4,8-1,94.0,97,64,-1.41,72.0,-0.72,8-2,1-1,3-2,0-1,11-2,2026-02-11,15,6,0.714,1,1,0.5,3,2,0.6,0,1,0.0,11,2,0.846,6,2,0.75,8,1,0.889,8,2,0.8,2026-02-09,
,Harvard,Ivy League,61,61,97,155,13-8,6-2,7-6,5-4,98.0,94,100,-3.57,159.0,-2.71,7-3,0-3,0-1,1-3,12-1,2026-02-11,13,8,0.619,0,3,0.0,0,1,0.0,1,3,0.25,12,1,0.923,6,2,0.75,5,4,0.556,7,3,0.7,2026-02-09,
,Gonzaga,WCC,62,62,73,139,18-7,10-2,8-5,7-2,128.0,101,87,-2.61,115.0,-1.77,8-2,1-0,1-5,0-2,16-0,2026-02-11,18,7,0.72,1,0,1.0,1,5,0.167,0,2,0.0,16,0,1.0,10,2,0.833,7,2,0.778,8,2,0.8,2026-02-09,
,Marquette,Big East,63,63,68,133,15-8,10-5,5-3,6-4,81.0,71,76,-2.23,75.0,-0.78,7-3,0-3,1-2,3-2,11-1,2026-02-11,15,8,0.652,0,3,0.0,1,2,0.333,3,2,0.6,11,1,0.917,10,5,0.667,6,4,0.6,7,3,0.7,2026-02-09,
,Rice,American,64,64,129,169,21-3,11-0,10-3,8-2,226.0,257,51,-0.11,91.0,-1.22,10-0,0-1,1-1,3-0,17-1,2026-02-11,21,3,0.875,0,1,0.0,1,1,0.5,3,0,1.0,17,1,0.944,11,0,1.0,8,2,0.8,10,0,1.0,2026-02-09,
,Troy,Sun Belt,65,65,114,164,18-5,10-2,8-3,8-4,155.0,115,62,-1.38,65.0,-0.48,8-2,0-1,1-2,3-1,14-1,2026-02-11,18,5,0.783,0,1,0.0,1,2,0.333,3,1,0.75,14,1,0.933,10,2,0.833,8,4,0.667,8,2,0.8,2026-02-09,
,Montana St.,Big Sky,66,67,109,160,15-6,10-2,5-4,6-5,122.0,34,74,-2.13,78.0,-0.86,8-2,1-2,0-1,2-3,12-0,2026-02-11,15,6,0.714,1,2,0.333,0,1,0.0,2,3,0.4,12,0,1.0,10,2,0.833,6,5,0.545,8,2,0.8,2026-02-09,
,George Mason,Atlantic 10,67,66,87,148,15-7,10-1,5-6,6-3,91.0,57,73,-2.02,156.0,-2.69,9-1,0-3,2-1,2-1,11-2,2026-02-11,15,7,0.682,0,3,0.0,2,1,0.667,2,1,0.667,11,2,0.846,10,1,0.909,6,3,0.667,9,1,0.9,2026-02-09,
,Ball St.,MAC,68,68,151,176,19-5,11-1,8-4,9-3,175.0,118,66,-1.51,93.0,-1.3,9-1,0-1,0-2,3-1,16-1,2026-02-11,19,5,0.792,0,1,0.0,0,2,0.0,3,1,0.75,16,1,0.941,11,1,0.917,9,3,0.75,9,1,0.9,2026-02-09,
,Davidson,Atlantic 10,69,69,90,149,16-10,8-5,8-5,5-6,96.0,98,117,-4.48,112.0,-1.72,5-5,0-4,0-2,2-2,14-2,2026-02-11,16,10,0.615,0,4,0.0,0,2,0.0,2,2,0.5,14,2,0.875,8,5,0.615,5,6,0.455,5,5,0.5,2026-02-09,
,Quinnipiac,MAAC,70,70,351,255,20-4,15-0,5-4,13-1,354.0,347,92,-2.89,210.0,-3.55,10-0,0-0,1-0,0-0,19-4,2026-02-11,20,4,0.833,0,0,,1,0,1.0,0,0,,19,4,0.826,15,0,1.0,13,1,0.929,10,0,1.0,2026-02-09,
,Missouri,SEC,71,72,31,110,16-10,4-7,12-3,4-3,51.0,235,59,-1.06,76.0,-0.78,4-6,1-4,1-5,3-1,11-0,2026-02-11,16,10,0.615,1,4,0.2,1,5,0.167,3,1,0.75,11,0,1.0,4,7,0.364,4,3,0.571,4,6,0.4,2026-02-09,
,Purdue,Big Ten,72,71,20,101,11-13,3-10,8-3,1-9,15.0,241,86,-2.56,99.0,-1.42,3-7,0-8,2-2,2-1,7-2,2026-02-11,11,13,0.458,0,8,0.0,2,2,0.5,2,1,0.667,7,2,0.778,3,10,0.231,1,9,0.1,3,7,0.3,2026-02-09,
,Auburn,SEC,73,73,30,109,13-12,2-9,11-3,2-6,10.0,153,55,-0.53,56.0,-0.23,2-8,0-10,3-2,0-0,10-0,2026-02-11,13,12,0.52,0,10,0.0,3,2,0.6,0,0,,10,0,1.0,2,9,0.182,2,6,0.25,2,8,0.2,2026-02-09,
,Santa Clara,WCC,74,74,135,171,16-7,8-4,8-3,9-3,200.0,146,107,-3.95,73.0,-0.75,6-4,0-1,1-1,3-1,12-4,2026-02-11,16,7,0.696,0,1,0.0,1,1,0.5,3,1,0.75,12,4,0.75,8,4,0.667,9,3,0.75,6,4,0.6,2026-02-09,
,San Diego St.,Mountain West,75,77,160,179,17-4,12-1,5-3,7-1,174.0,107,58,-0.94,86.0,-1.09,9-1,0-1,1-0,2-2,14-1,2026-02-11,17,4,0.81,0,1,0.0,1,0,1.0,2,2,0.5,14,1,0.933,12,1,0.923,7,1,0.875,9,1,0.9,2026-02-09,
,South Fla.,American,76,76,65,132,14-10,7-4,7-6,2-4,57.0,8,83,-2.48,39.0,0.6,7-3,1-5,1-1,0-2,12-2,2026-02-11,14,10,0.583,1,5,0.167,1,1,0.5,0,2,0.0,12,2,0.857,7,4,0.636,2,4,0.333,7,3,0.7,2026-02-09,
,UC Irvine,Big West,77,78,305,224,19-4,10-2,9-2,6-3,360.0,352,96,-3.13,102.0,-1.54,8-2,0-0,0-0,0-1,19-3,2026-02-11,19,4,0.826,0,0,,0,0,,0,1,0.0,19,3,0.864,10,2,0.833,6,3,0.667,8,2,0.8,2026-02-09,
,Miami (OH),MAC,78,75,192,191,18-4,11-0,7-4,9-3,243.0,227,67,-1.51,137.0,-2.34,10-0,0-1,1-1,3-0,14-2,2026-02-11,18,4,0.818,0,1,0.0,1,1,0.5,3,0,1.0,14,2,0.875,11,0,1.0,9,3,0.75,10,0,1.0,2026-02-09,
,Wisconsin,Big Ten,79,79,31,110,13-11,5-8,8-3,2-6,28.0,179,63,-1.4,82.0,-1.01,3-7,3-5,0-3,1-3,9-0,2026-02-11,13,11,0.542,3,5,0.375,0,3,0.0,1,3,0.25,9,0,1.0,5,8,0.385,2,6,0.25,3,7,0.3,2026-02-09,
,McNeese,Southland,80,80,302,223,18-4,14-1,4-3,9-2,213.0,31,60,-1.19,66.0,-0.5,10-0,0-2,0-1,1-0,17-1,2026-02-11,18,4,0.818,0,2,0.0,0,1,0.0,1,0,1.0,17,1,0.944,14,1,0.933,9,2,0.818,10,0,1.0,2026-02-09,
,Georgetown,Big East,81,81,73,139,12-12,5-10,7-2,4-7,79.0,186,145,-5.94,64.0,-0.44,4-6,0-3,1-3,1-3,10-3,2026-02-11,12,12,0.5,0,3,0.0,1,3,0.25,1,3,0.25,10,3,0.769,5,10,0.333,4,7,0.364,4,6,0.4,2026-02-09,
,Louisiana Tech,CUSA,82,82,192,191,15-5,8-1,7-4,6-3,191.0,124,78,-2.28,104.0,-1.56,10-0,0-2,0-0,0-1,15-2,2026-02-11,15,5,0.75,0,2,0.0,0,0,,0,1,0.0,15,2,0.882,8,1,0.889,6,3,0.667,10,0,1.0,2026-02-09,
,Ga. Southern,Sun Belt,83,83,114,164,16-6,10-2,6-4,7-5,141.0,177,81,-2.38,128.0,-2.18,8-2,0-1,2-2,0-1,14-2,2026-02-11,16,6,0.727,0,1,0.0,2,2,0.5,0,1,0.0,14,2,0.875,10,2,0.833,7,5,0.583,8,2,0.8,2026-02-09,
,Texas A&M,SEC,84,84,10,92,9-10,2-8,7-2,2-4,3.0,125,49,0.0,49.0,-0.01,2-8,0-8,4-1,0-0,5-1,2026-02-11,9,10,0.474,0,8,0.0,4,1,0.8,0,0,,5,1,0.833,2,8,0.2,2,4,0.333,2,8,0.2,2026-02-09,
,Colorado St.,Mountain West,85,85,156,178,17-6,9-4,8-2,7-2,211.0,181,94,-3.04,55.0,-0.22,6-4,0-0,1-2,1-3,15-1,2026-02-11,17,6,0.739,0,0,,1,2,0.333,1,3,0.25,15,1,0.938,9,4,0.692,7,2,0.778,6,4,0.6,2026-02-09,
,UNLV,Mountain West,86,86,100,156,16-7,11-2,5-5,7-5,159.0,83,99,-3.41,138.0,-2.34,8-2,0-0,0-4,2-3,14-0,2026-02-11,16,7,0.696,0,0,,0,4,0.0,2,3,0.4,14,0,1.0,11,2,0.846,7,5,0.583,8,2,0.8,2026-02-09,
,Arkansas St.,Sun Belt,87,87,126,168,19-5,11-1,8-4,7-4,260.0,292,84,-2.5,160.0,-2.72,8-2,0-0,1-2,1-2,17-1,2026-02-11,19,5,0.792,0,0,,1,2,0.333,1,2,0.333,17,1,0.944,11,1,0.917,7,4,0.636,8,2,0.8,2026-02-09,
,Saint Joseph's,Atlantic 10,88,88,82,146,13-8,6-6,7-2,6-4,127.0,162,115,-4.25,57.0,-0.28,5-5,0-1,1-3,1-1,11-3,2026-02-11,13,8,0.619,0,1,0.0,1,3,0.25,1,1,0.5,11,3,0.786,6,6,0.5,6,4,0.6,5,5,0.5,2026-02-09,
,Vermont,America East,89,89,234,201,18-6,9-2,9-4,10-4,272.0,252,102,-3.63,129.0,-2.19,8-2,0-1,0-0,1-2,17-3,2026-02-11,18,6,0.75,0,1,0.0,0,0,,1,2,0.333,17,3,0.85,9,2,0.818,10,4,0.714,8,2,0.8,2026-02-09,
,Green Bay,Horizon,90,91,192,191,19-5,15-0,4-5,9-3,160.0,29,61,-1.27,113.0,-1.75,10-0,0-2,0-3,1-0,18-0,2026-02-11,19,5,0.792,0,2,0.0,0,3,0.0,1,0,1.0,18,0,1.0,15,0,1.0,9,3,0.75,10,0,1.0,2026-02-09,
,Georgia Tech,ACC,91,90,26,108,11-14,6-7,5-7,2-7,42.0,89,120,-4.71,227.0,-3.92,5-5,0-6,3-4,1-3,7-1,2026-02-11,11,14,0.44,0,6,0.0,3,4,0.429,1,3,0.25,7,1,0.875,6,7,0.462,2,7,0.222,5,5,0.5,2026-02-09,
,Lindenwood,OVC,92,92,209,194,16-7,10-4,6-3,8-4,203.0,77,109,-3.97,67.0,-0.57,8-2,0-2,0-0,2-1,14-4,2026-02-11,16,7,0.696,0,2,0.0,0,0,,2,1,0.667,14,4,0.778,10,4,0.714,8,4,0.667,8,2,0.8,2026-02-09,
,Oregon St.,WCC,93,93,87,148,15-8,9-3,6-5,4-4,90.0,36,88,-2.78,90.0,-1.18,7-3,0-2,1-3,3-2,11-1,2026-02-11,15,8,0.652,0,2,0.0,1,3,0.25,3,2,0.6,11,1,0.917,9,3,0.75,4,4,0.5,7,3,0.7,2026-02-09,
,Marshall,Sun Belt,94,94,119,166,18-6,10-3,8-3,8-4,164.0,194,80,-2.34,88.0,-1.12,7-3,0-1,1-2,2-1,15-2,2026-02-11,18,6,0.75,0,1,0.0,1,2,0.333,2,1,0.667,15,2,0.882,10,3,0.769,8,4,0.667,7,3,0.7,2026-02-09,
,Creighton,Big East,95,95,49,120,12-12,8-7,4-5,4-7,76.0,123,140,-5.77,180.0,-3.0,6-4,0-3,1-2,3-4,8-3,2026-02-11,12,12,0.5,0,3,0.0,1,2,0.333,3,4,0.429,8,3,0.727,8,7,0.533,4,7,0.364,6,4,0.6,2026-02-09,
,Penn St.,Big Ten,96,96,5,81,8-16,1-12,7-4,2-6,4.0,65,101,-3.57,77.0,-0.85,1-9,0-10,1-5,2-0,5-1,2026-02-11,8,16,0.333,0,10,0.0,1,5,0.167,2,0,1.0,5,1,0.833,1,12,0.077,2,6,0.25,1,9,0.1,2026-02-09,
,Massachusetts,MAC,97,98,209,194,17-5,9-2,8-3,7-3,276.0,310,90,-2.84,122.0,-1.94,7-3,0-0,0-3,1-1,16-1,2026-02-11,17,5,0.773,0,0,,0,3,0.0,1,1,0.5,16,1,0.941,9,2,0.818,7,3,0.7,7,3,0.7,2026-02-09,
,Belmont,MVC,98,97,77,142,14-9,10-2,4-7,7-3,74.0,11,91,-2.88,111.0,-1.67,8-2,0-5,0-1,1-2,13-1,2026-02-11,14,9,0.609,0,5,0.0,0,1,0.0,1,2,0.333,13,1,0.929,10,2,0.833,7,3,0.7,8,2,0.8,2026-02-09,
,Murray St.,MVC,99,99,142,173,19-3,11-1,8-2,8-3,206.0,138,50,-0.1,47.0,0.09,9-1,0-1,0-1,3-1,16-0,2026-02-11,19,3,0.864,0,1,0.0,0,1,0.0,3,1,0.75,16,0,1.0,11,1,0.917,8,3,0.727,9,1,0.9,2026-02-09,
,Western Ill.,OVC,100,103,339,237,17-4,12-3,5-1,8-4,310.0,192,77,-2.26,48.0,0.03,8-2,0-1,0-0,2-0,15-3,2026-02-11,17,4,0.81,0,1,0.0,0,0,,2,0,1.0,15,3,0.833,12,3,0.8,8,4,0.667,8,2,0.8,2026-02-09,
,Col. of Charleston,CAA,101,100,311,227,17-3,11-0,6-3,8-1,316.0,225,65,-1.41,107.0,-1.63,10-0,0-1,1-0,1-0,15-2,2026-02-11,17,3,0.85,0,1,0.0,1,0,1.0,1,0,1.0,15,2,0.882,11,0,1.0,8,1,0.889,10,0,1.0,2026-02-09,
,South Dakota,Summit League,102,101,287,219,16-6,9-2,7-4,8-4,264.0,317,105,-3.75,177.0,-2.99,8-2,0-1,2-0,1-1,13-4,2026-02-11,16,6,0.727,0,1,0.0,2,0,1.0,1,1,0.5,13,4,0.765,9,2,0.818,8,4,0.667,8,2,0.8,2026-02-09,
,Florida St.,ACC,103,104,15,98,8-16,3-9,5-7,2-6,21.0,30,149,-5.97,157.0,-2.69,3-7,0-6,0-7,2-1,6-2,2026-02-11,8,16,0.333,0,6,0.0,0,7,0.0,2,1,0.667,6,2,0.75,3,9,0.25,2,6,0.25,3,7,0.3,2026-02-09,
,St. John's (NY),Big East,104,102,97,155,19-8,9-7,10-1,6-6,93.0,206,72,-2.02,34.0,0.77,6-4,0-2,4-1,2-3,13-2,2026-02-11,19,8,0.704,0,2,0.0,4,1,0.8,2,3,0.4,13,2,0.867,9,7,0.562,6,6,0.5,6,4,0.6,2026-02-09,
,Arkansas,SEC,105,105,59,128,11-14,0-10,11-4,1-7,48.0,283,127,-5.09,131.0,-2.21,0-10,0-7,0-3,1-3,10-1,2026-02-11,11,14,0.44,0,7,0.0,0,3,0.0,1,3,0.25,10,1,0.909,0,10,0.0,1,7,0.125,0,10,0.0,2026-02-09,
,Central Mich.,MAC,106,106,168,181,13-8,8-3,5-5,8-5,103.0,32,106,-3.79,100.0,-1.48,7-3,0-3,0-0,1-3,12-2,2026-02-11,13,8,0.619,0,3,0.0,0,0,,1,3,0.25,12,2,0.857,8,3,0.727,8,5,0.615,7,3,0.7,2026-02-09,
,Abilene Christian,WAC,107,107,222,197,14-7,8-3,6-4,5-3,313.0,274,131,-5.28,164.0,-2.75,7-3,0-1,0-0,2-0,12-6,2026-02-11,14,7,0.667,0,1,0.0,0,0,,2,0,1.0,12,6,0.667,8,3,0.727,5,3,0.625,7,3,0.7,2026-02-09,
,Eastern Ky.,ASUN,108,108,334,234,19-4,12-0,7-4,9-2,321.0,273,75,-2.22,153.0,-2.61,10-0,0-1,0-0,1-0,18-3,2026-02-11,19,4,0.826,0,1,0.0,0,0,,1,0,1.0,18,3,0.857,12,0,1.0,9,2,0.818,10,0,1.0,2026-02-09,
,Boise St.,Mountain West,109,109,171,182,18-5,10-3,8-2,4-4,249.0,249,82,-2.46,68.0,-0.59,9-1,0-1,0-2,1-1,17-1,2026-02-11,18,5,0.783,0,1,0.0,0,2,0.0,1,1,0.5,17,1,0.944,10,3,0.769,4,4,0.5,9,1,0.9,2026-02-09,
,Idaho,Big Sky,110,110,272,213,17-5,10-1,7-4,7-4,317.0,336,97,-3.26,190.0,-3.21,9-1,0-0,0-2,1-0,16-3,2026-02-11,17,5,0.773,0,0,,0,2,0.0,1,0,1.0,16,3,0.842,10,1,0.909,7,4,0.636,9,1,0.9,2026-02-09,
,New Mexico,Mountain West,111,111,177,185,16-8,8-5,8-3,6-4,199.0,230,122,-4.78,95.0,-1.35,6-4,0-1,0-2,2-2,14-3,2026-02-11,16,8,0.667,0,1,0.0,0,2,0.0,2,2,0.5,14,3,0.824,8,5,0.615,6,4,0.6,6,4,0.6,2026-02-09,
,Cincinnati,Big 12,112,114,20,101,8-16,4-9,4-7,1-8,54.0,248,194,-7.9,279.0,-5.44,4-6,0-3,2-6,2-3,4-4,2026-02-11,8,16,0.333,0,3,0.0,2,6,0.25,2,3,0.4,4,4,0.5,4,9,0.308,1,8,0.111,4,6,0.4,2026-02-09,
,North Texas,American,113,112,86,147,11-11,7-5,4-6,5-4,107.0,84,160,-6.72,200.0,-3.34,6-4,0-2,0-3,0-3,11-3,2026-02-11,11,11,0.5,0,2,0.0,0,3,0.0,0,3,0.0,11,3,0.786,7,5,0.583,5,4,0.556,6,4,0.6,2026-02-09,
,Central Ark.,ASUN,114,113,243,203,12-10,7-5,5-5,5-7,315.0,268,209,-8.23,217.0,-3.71,6-4,0-0,0-1,1-2,11-7,2026-02-11,12,10,0.545,0,0,,0,1,0.0,1,2,0.333,11,7,0.611,7,5,0.583,5,7,0.417,6,4,0.6,2026-02-09,
,High Point,Big South,115,116,351,255,19-3,10-1,9-2,6-3,353.0,327,70,-1.95,85.0,-1.09,9-1,0-0,0-1,2-0,17-2,2026-02-11,19,3,0.864,0,0,,0,1,0.0,2,0,1.0,17,2,0.895,10,1,0.909,6,3,0.667,9,1,0.9,2026-02-09,
,Southern Ind.,OVC,116,115,230,200,13-7,10-4,3-3,6-4,279.0,154,126,-5.06,116.0,-1.81,7-3,0-1,0-0,0-1,13-5,2026-02-11,13,7,0.65,0,1,0.0,0,0,,0,1,0.0,13,5,0.722,10,4,0.714,6,4,0.6,7,3,0.7,2026-02-09,
,East Carolina,American,117,118,189,190,18-7,10-2,8-5,5-3,331.0,338,128,-5.17,235.0,-4.12,8-2,0-0,0-1,2-2,16-4,2026-02-11,18,7,0.72,0,0,,0,1,0.0,2,2,0.5,16,4,0.8,10,2,0.833,5,3,0.625,8,2,0.8,2026-02-09,
,Portland,WCC,118,117,114,164,12-10,8-4,4-6,4-7,126.0,91,152,-5.99,204.0,-3.44,7-3,0-2,1-2,0-2,11-4,2026-02-11,12,10,0.545,0,2,0.0,1,2,0.333,0,2,0.0,11,4,0.733,8,4,0.667,4,7,0.364,7,3,0.7,2026-02-09,
,UCF,Big 12,119,120,73,139,10-13,2-10,8-3,1-5,61.0,342,151,-5.98,140.0,-2.36,2-8,0-5,2-4,0-0,8-4,2026-02-11,10,13,0.435,0,5,0.0,2,4,0.333,0,0,,8,4,0.667,2,10,0.167,1,5,0.167,2,8,0.2,2026-02-09,
,Army West Point,Patriot,120,121,332,233,17-5,9-3,8-2,9-4,324.0,267,98,-3.31,71.0,-0.71,8-2,0-1,0-0,0-2,17-2,2026-02-11,17,5,0.773,0,1,0.0,0,0,,0,2,0.0,17,2,0.895,9,3,0.75,9,4,0.692,8,2,0.8,2026-02-09,
,Idaho St.,Big Sky,121,122,213,195,15-7,9-3,6-4,8-3,295.0,269,125,-5.01,162.0,-2.72,7-3,0-0,0-1,2-1,13-5,2026-02-11,15,7,0.682,0,0,,0,1,0.0,2,1,0.667,13,5,0.722,9,3,0.75,8,3,0.727,7,3,0.7,2026-02-09,
,UTSA,American,122,126,82,146,11-11,7-5,4-6,4-7,123.0,70,166,-6.95,191.0,-3.22,5-5,0-2,0-2,0-3,11-4,2026-02-11,11,11,0.5,0,2,0.0,0,2,0.0,0,3,0.0,11,4,0.733,7,5,0.583,4,7,0.364,5,5,0.5,2026-02-09,
,Brown,Ivy League,123,123,239,202,12-7,5-3,7-4,7-6,246.0,341,123,-4.89,199.0,-3.34,6-4,0-0,0-3,0-1,12-3,2026-02-11,12,7,0.632,0,0,,0,3,0.0,0,1,0.0,12,3,0.8,5,3,0.625,7,6,0.538,6,4,0.6,2026-02-09,
,Pepperdine,WCC,124,124,148,175,13-9,6-6,7-3,4-6,185.0,182,146,-5.95,92.0,-1.23,6-4,0-1,1-2,0-0,12-6,2026-02-11,13,9,0.591,0,1,0.0,1,2,0.333,0,0,,12,6,0.667,6,6,0.5,4,6,0.4,6,4,0.6,2026-02-09,
,UC Santa Barbara,Big West,125,125,284,218,15-6,8-5,7-1,8-4,277.0,204,108,-3.96,44.0,0.29,6-4,0-1,0-1,1-0,14-4,2026-02-11,15,6,0.714,0,1,0.0,0,1,0.0,1,0,1.0,14,4,0.778,8,5,0.615,8,4,0.667,6,4,0.6,2026-02-09,
,Navy,Patriot,126,127,311,227,15-6,10-1,5-5,7-3,309.0,234,116,-4.26,208.0,-3.52,9-1,0-1,1-1,0-0,14-4,2026-02-11,15,6,0.714,0,1,0.0,1,1,0.5,0,0,,14,4,0.778,10,1,0.909,7,3,0.7,9,1,0.9,2026-02-09,
,California Baptist,WAC,127,129,224,198,16-8,10-1,6-7,8-5,280.0,260,138,-5.68,269.0,-5.25,9-1,0-1,0-1,1-2,15-4,2026-02-11,16,8,0.667,0,1,0.0,0,1,0.0,1,2,0.333,15,4,0.789,10,1,0.909,8,5,0.615,9,1,0.9,2026-02-09,
,UNI,MVC,128,128,94,153,11-12,7-6,4-6,6-7,110.0,46,180,-7.54,167.0,-2.76,4-6,0-2,0-2,1-3,10-5,2026-02-11,11,12,0.478,0,2,0.0,0,2,0.0,1,3,0.25,10,5,0.667,7,6,0.538,6,7,0.462,4,6,0.4,2026-02-09,
,Northwestern,Big Ten,129,130,12,97,8-15,2-10,6-5,1-8,16.0,242,124,-5.0,203.0,-3.43,2-8,0-9,0-3,1-1,7-2,2026-02-11,8,15,0.348,0,9,0.0,0,3,0.0,1,1,0.5,7,2,0.778,2,10,0.167,1,8,0.111,2,8,0.2,2026-02-09,
,Wake Forest,ACC,130,131,107,159,13-12,3-10,10-2,2-4,73.0,358,130,-5.22,105.0,-1.58,1-9,0-5,0-4,0-2,13-1,2026-02-11,13,12,0.52,0,5,0.0,0,4,0.0,0,2,0.0,13,1,0.929,3,10,0.231,2,4,0.333,1,9,0.1,2026-02-09,
,Arizona,Big 12,131,119,63,131,11-13,2-11,9-2,0-7,62.0,353,139,-5.68,103.0,-1.54,2-8,0-5,1-4,2-1,8-3,2026-02-11,11,13,0.458,0,5,0.0,1,4,0.2,2,1,0.667,8,3,0.727,2,11,0.154,0,7,0.0,2,8,0.2,2026-02-09,
,Penn,Ivy League,132,132,144,174,11-8,3-5,8-3,3-4,133.0,259,121,-4.76,101.0,-1.52,5-5,0-2,0-1,1-3,10-2,2026-02-11,11,8,0.579,0,2,0.0,0,1,0.0,1,3,0.25,10,2,0.833,3,5,0.375,3,4,0.429,5,5,0.5,2026-02-09,
,UC San Diego,Big West,133,133,294,221,16-6,12-1,4-5,8-3,303.0,271,113,-4.1,224.0,-3.86,9-1,0-1,1-0,2-0,13-5,2026-02-11,16,6,0.727,0,1,0.0,1,0,1.0,2,0,1.0,13,5,0.722,12,1,0.923,8,3,0.727,9,1,0.9,2026-02-09,
,Coastal Carolina,Sun Belt,134,134,138,172,9-14,4-8,5-6,3-8,129.0,133,243,-9.98,215.0,-3.63,4-6,0-2,0-2,0-5,9-5,2026-02-11,9,14,0.391,0,2,0.0,0,2,0.0,0,5,0.0,9,5,0.643,4,8,0.333,3,8,0.273,4,6,0.4,2026-02-09,
,Maine,America East,135,135,148,175,13-11,8-3,5-8,6-7,142.0,106,169,-7.06,255.0,-4.88,7-3,0-1,2-2,1-3,10-5,2026-02-11,13,11,0.542,0,1,0.0,2,2,0.5,1,3,0.25,10,5,0.667,8,3,0.727,6,7,0.462,7,3,0.7,2026-02-09,
,Grand Canyon,Mountain West,136,136,65,132,9-15,8-6,1-9,4-7,97.0,43,242,-9.93,288.0,-5.69,6-4,0-2,0-3,3-5,6-5,2026-02-11,9,15,0.375,0,2,0.0,0,3,0.0,3,5,0.375,6,5,0.545,8,6,0.571,4,7,0.364,6,4,0.6,2026-02-09,
,Missouri St.,CUSA,137,137,174,184,15-8,6-1,9-7,6-3,314.0,296,155,-6.13,276.0,-5.33,7-3,0-0,0-1,1-3,14-4,2026-02-11,15,8,0.652,0,0,,0,1,0.0,1,3,0.25,14,4,0.778,6,1,0.857,6,3,0.667,7,3,0.7,2026-02-09,
,LMU (CA),WCC,138,138,217,196,14-8,9-3,5-5,5-5,333.0,357,157,-6.4,249.0,-4.63,8-2,0-0,0-1,2-0,12-7,2026-02-11,14,8,0.636,0,0,,0,1,0.0,2,0,1.0,12,7,0.632,9,3,0.75,5,5,0.5,8,2,0.8,2026-02-09,
,Illinois St.,MVC,139,140,189,190,14-9,8-4,6-5,2-6,189.0,139,142,-5.85,161.0,-2.72,7-3,0-2,0-1,0-3,14-3,2026-02-11,14,9,0.609,0,2,0.0,0,1,0.0,0,3,0.0,14,3,0.824,8,4,0.667,2,6,0.25,7,3,0.7,2026-02-09,
,Temple,American,140,139,72,135,10-13,4-7,6-6,2-8,83.0,35,177,-7.46,117.0,-1.81,4-6,0-5,0-1,2-2,8-5,2026-02-11,10,13,0.435,0,5,0.0,0,1,0.0,2,2,0.5,8,5,0.615,4,7,0.364,2,8,0.2,4,6,0.4,2026-02-09,
,Butler,Big East,141,141,65,132,9-15,3-11,6-4,0-8,70.0,202,207,-8.21,139.0,-2.35,2-8,0-4,0-4,0-5,9-2,2026-02-11,9,15,0.375,0,4,0.0,0,4,0.0,0,5,0.0,9,2,0.818,3,11,0.214,0,8,0.0,2,8,0.2,2026-02-09,
,Bradley,MVC,142,142,234,201,15-8,9-4,6-4,4-7,236.0,187,132,-5.34,132.0,-2.27,8-2,0-1,0-0,0-5,15-2,2026-02-11,15,8,0.652,0,1,0.0,0,0,,0,5,0.0,15,2,0.882,9,4,0.692,4,7,0.364,8,2,0.8,2026-02-09,
,Old Dominion,Sun Belt,143,143,107,159,14-10,6-6,8-4,4-4,116.0,103,134,-5.46,84.0,-1.05,5-5,0-3,0-0,2-4,12-3,2026-02-11,14,10,0.583,0,3,0.0,0,0,,2,4,0.333,12,3,0.8,6,6,0.5,4,4,0.5,5,5,0.5,2026-02-09,
,Purdue Fort Wayne,Horizon,144,144,239,202,14-10,9-6,5-4,3-8,232.0,117,173,-7.2,123.0,-1.97,5-5,0-2,0-0,1-1,13-7,2026-02-11,14,10,0.583,0,2,0.0,0,0,,1,1,0.5,13,7,0.65,9,6,0.6,3,8,0.273,5,5,0.5,2026-02-09,
,FDU,NEC,145,145,361,276,19-4,12-0,7-4,10-3,340.0,265,85,-2.51,149.0,-2.55,10-0,0-1,0-1,0-0,19-2,2026-02-11,19,4,0.826,0,1,0.0,0,1,0.0,0,0,,19,2,0.905,12,0,1.0,10,3,0.769,10,0,1.0,2026-02-09,
,Tulsa,American,146,146,199,192,16-7,8-3,8-4,6-3,222.0,212,114,-4.2,126.0,-2.13,7-3,0-1,1-0,1-3,14-3,2026-02-11,16,7,0.696,0,1,0.0,1,0,1.0,1,3,0.25,14,3,0.824,8,3,0.727,6,3,0.667,7,3,0.7,2026-02-09,
,Jacksonville,ASUN,147,147,217,196,14-7,8-4,6-3,7-5,156.0,59,104,-3.7,59.0,-0.31,7-3,0-2,0-1,1-1,13-3,2026-02-11,14,7,0.667,0,2,0.0,0,1,0.0,1,1,0.5,13,3,0.812,8,4,0.667,7,5,0.583,7,3,0.7,2026-02-09,
,Binghamton,America East,148,148,209,194,15-6,9-1,6-5,6-4,184.0,126,95,-3.08,151.0,-2.59,9-1,0-2,0-1,1-0,14-3,2026-02-11,15,6,0.714,0,2,0.0,0,1,0.0,1,0,1.0,14,3,0.824,9,1,0.9,6,4,0.6,9,1,0.9,2026-02-09,
,Rutgers,Big Ten,149,149,26,108,9-15,1-12,8-3,1-7,11.0,233,112,-4.09,96.0,-1.36,1-9,0-10,1-2,2-2,6-1,2026-02-11,9,15,0.375,0,10,0.0,1,2,0.333,2,2,0.5,6,1,0.857,1,12,0.077,1,7,0.125,1,9,0.1,2026-02-09,
,Youngstown St.,Horizon,150,150,287,219,15-8,10-5,5-3,8-4,298.0,210,148,-5.97,114.0,-1.75,6-4,0-1,0-0,1-2,14-5,2026-02-11,15,8,0.652,0,1,0.0,0,0,,1,2,0.333,14,5,0.737,10,5,0.667,8,4,0.667,6,4,0.6,2026-02-09,
,Austin Peay,ASUN,151,151,259,207,11-9,5-7,6-2,10-2,290.0,222,172,-7.15,74.0,-0.78,3-7,0-1,0-0,0-1,11-7,2026-02-11,11,9,0.55,0,1,0.0,0,0,,0,1,0.0,11,7,0.611,5,7,0.417,10,2,0.833,3,7,0.3,2026-02-09,
,Howard,MEAC,152,152,268,212,17-7,7-1,10-6,8-7,217.0,176,110,-3.99,182.0,-3.06,8-2,0-2,1-1,1-1,15-3,2026-02-11,17,7,0.708,0,2,0.0,1,1,0.5,1,1,0.5,15,3,0.833,7,1,0.875,8,7,0.533,8,2,0.8,2026-02-09,
,Bryant,America East,153,153,336,236,14-8,6-5,8-3,8-5,356.0,363,168,-7.04,168.0,-2.77,5-5,0-0,0-0,0-1,14-7,2026-02-11,14,8,0.636,0,0,,0,0,,0,1,0.0,14,7,0.667,6,5,0.545,8,5,0.615,5,5,0.5,2026-02-09,
,Charlotte,American,154,154,87,148,11-13,5-6,6-7,2-7,101.0,67,199,-7.98,197.0,-3.3,4-6,0-3,0-3,2-2,9-5,2026-02-11,11,13,0.458,0,3,0.0,0,3,0.0,2,2,0.5,9,5,0.643,5,6,0.455,2,7,0.222,4,6,0.4,2026-02-09,
,Middle Tenn.,CUSA,155,155,156,178,12-11,7-4,5-7,5-6,179.0,137,186,-7.74,245.0,-4.49,6-4,0-2,0-1,0-3,12-5,2026-02-11,12,11,0.522,0,2,0.0,0,1,0.0,0,3,0.0,12,5,0.706,7,4,0.636,5,6,0.455,6,4,0.6,2026-02-09,
,UC Davis,Big West,156,156,234,201,15-7,10-3,5-4,8-5,252.0,196,118,-4.62,146.0,-2.47,7-3,0-1,0-2,0-2,15-2,2026-02-11,15,7,0.682,0,1,0.0,0,2,0.0,0,2,0.0,15,2,0.882,10,3,0.769,8,5,0.615,7,3,0.7,2026-02-09,
,Drexel,CAA,157,157,291,220,13-8,7-4,6-4,5-5,346.0,333,163,-6.81,193.0,-3.24,7-3,0-0,0-0,0-3,13-5,2026-02-11,13,8,0.619,0,0,,0,0,,0,3,0.0,13,5,0.722,7,4,0.636,5,5,0.5,7,3,0.7,2026-02-09,
,Northern Colo.,Big Sky,158,158,213,195,14-8,8-4,6-4,6-4,278.0,294,144,-5.87,175.0,-2.94,7-3,0-1,0-1,1-1,13-5,2026-02-11,14,8,0.636,0,1,0.0,0,1,0.0,1,1,0.5,13,5,0.722,8,4,0.667,6,4,0.6,7,3,0.7,2026-02-09,
,Sam Houston,CUSA,159,160,192,191,11-7,6-3,5-4,5-5,145.0,87,111,-4.07,109.0,-1.64,7-3,0-2,0-1,1-0,10-4,2026-02-11,11,7,0.611,0,2,0.0,0,1,0.0,1,0,1.0,10,4,0.714,6,3,0.667,5,5,0.5,7,3,0.7,2026-02-09,
,Hawaii,Big West,160,161,144,174,10-10,6-6,4-4,2-4,271.0,278,200,-8.02,181.0,-3.01,6-4,0-0,0-1,1-3,9-6,2026-02-11,10,10,0.5,0,0,,0,1,0.0,1,3,0.25,9,6,0.6,6,6,0.5,2,4,0.333,6,4,0.6,2026-02-09,
,George Washington,Atlantic 10,161,162,154,177,12-12,5-7,7-5,3-7,254.0,302,231,-9.44,218.0,-3.77,4-6,0-0,0-3,0-2,12-7,2026-02-11,12,12,0.5,0,0,,0,3,0.0,0,2,0.0,12,7,0.632,5,7,0.417,3,7,0.3,4,6,0.4,2026-02-09,
,Kent St.,MAC,162,163,103,157,9-12,5-6,4-6,3-8,111.0,58,197,-7.97,179.0,-3.0,6-4,0-2,0-1,0-5,9-4,2026-02-11,9,12,0.429,0,2,0.0,0,1,0.0,0,5,0.0,9,4,0.692,5,6,0.455,3,8,0.273,6,4,0.6,2026-02-09,
,Toledo,MAC,163,159,192,191,11-10,6-5,5-5,3-7,188.0,170,171,-7.11,188.0,-3.13,6-4,0-1,0-3,0-1,11-5,2026-02-11,11,10,0.524,0,1,0.0,0,3,0.0,0,1,0.0,11,5,0.688,6,5,0.545,3,7,0.3,6,4,0.6,2026-02-09,
,ULM,Sun Belt,164,164,132,170,11-12,5-8,6-4,3-8,134.0,105,202,-8.12,106.0,-1.59,5-5,0-2,0-2,1-3,10-5,2026-02-11,11,12,0.478,0,2,0.0,0,2,0.0,1,3,0.25,10,5,0.667,5,8,0.385,3,8,0.273,5,5,0.5,2026-02-09,
,Fresno St.,Mountain West,165,166,224,198,11-13,6-8,5-5,3-9,192.0,168,234,-9.73,187.0,-3.13,5-5,0-1,0-2,0-5,11-5,2026-02-11,11,13,0.458,0,1,0.0,0,2,0.0,0,5,0.0,11,5,0.688,6,8,0.429,3,9,0.25,5,5,0.5,2026-02-09,
,Lamar University,Southland,166,165,287,219,13-8,11-4,2-4,4-7,284.0,136,154,-6.01,163.0,-2.74,8-2,0-0,0-3,0-1,13-4,2026-02-11,13,8,0.619,0,0,,0,3,0.0,0,1,0.0,13,4,0.765,11,4,0.733,4,7,0.364,8,2,0.8,2026-02-09,
,Providence,Big East,167,167,90,149,11-14,4-10,7-4,1-7,87.0,247,204,-8.15,144.0,-2.44,3-7,0-3,0-4,1-2,10-5,2026-02-11,11,14,0.44,0,3,0.0,0,4,0.0,1,2,0.333,10,5,0.667,4,10,0.286,1,7,0.125,3,7,0.3,2026-02-09,
,Cleveland St.,Horizon,168,168,323,229,16-8,8-7,8-1,3-7,350.0,350,162,-6.77,69.0,-0.59,6-4,0-0,0-0,1-2,15-6,2026-02-11,16,8,0.667,0,0,,0,0,,1,2,0.333,15,6,0.714,8,7,0.533,3,7,0.3,6,4,0.6,2026-02-09,
,Ohio,MAC,169,176,199,192,13-9,8-4,5-5,6-4,302.0,320,170,-7.09,233.0,-4.09,5-5,0-0,0-2,1-1,12-6,2026-02-11,13,9,0.591,0,0,,0,2,0.0,1,1,0.5,12,6,0.667,8,4,0.667,6,4,0.6,5,5,0.5,2026-02-09,
,FGCU,ASUN,170,169,103,157,9-12,7-5,2-7,5-4,118.0,26,201,-8.05,214.0,-3.62,5-5,0-1,1-2,1-4,7-5,2026-02-11,9,12,0.429,0,1,0.0,1,2,0.333,1,4,0.2,7,5,0.583,7,5,0.583,5,4,0.556,5,5,0.5,2026-02-09,
,San Francisco,WCC,171,170,121,167,13-10,7-6,6-4,5-4,210.0,256,167,-7.0,154.0,-2.63,5-5,0-0,0-2,0-6,13-2,2026-02-11,13,10,0.565,0,0,,0,2,0.0,0,6,0.0,13,2,0.867,7,6,0.538,5,4,0.556,5,5,0.5,2026-02-09,
,Holy Cross,Patriot,172,171,206,193,14-9,8-4,6-5,5-6,204.0,119,150,-5.97,148.0,-2.52,6-4,0-1,0-2,2-1,12-5,2026-02-11,14,9,0.609,0,1,0.0,0,2,0.0,2,1,0.667,12,5,0.706,8,4,0.667,5,6,0.455,6,4,0.6,2026-02-09,
,Houston,Big 12,173,172,15,98,7-16,1-11,6-5,1-8,47.0,316,189,-7.8,231.0,-3.98,1-9,0-5,0-5,0-4,7-2,2026-02-11,7,16,0.304,0,5,0.0,0,5,0.0,0,4,0.0,7,2,0.778,1,11,0.083,1,8,0.111,1,9,0.1,2026-02-09,
,Saint Mary's (CA),WCC,174,173,129,169,12-11,5-7,7-4,8-4,157.0,110,175,-7.39,97.0,-1.39,5-5,0-2,0-1,0-3,12-5,2026-02-11,12,11,0.522,0,2,0.0,0,1,0.0,0,3,0.0,12,5,0.706,5,7,0.417,8,4,0.667,5,5,0.5,2026-02-09,
,Oral Roberts,Summit League,175,175,109,160,9-11,5-5,4-6,4-8,77.0,55,143,-5.86,176.0,-2.97,5-5,0-3,0-3,3-1,6-4,2026-02-11,9,11,0.45,0,3,0.0,0,3,0.0,3,1,0.75,6,4,0.6,5,5,0.5,4,8,0.333,5,5,0.5,2026-02-09,
,UAB,American,176,174,174,184,10-13,3-9,7-4,2-7,239.0,270,252,-10.35,152.0,-2.6,3-7,0-1,0-1,0-3,10-8,2026-02-11,10,13,0.435,0,1,0.0,0,1,0.0,0,3,0.0,10,8,0.556,3,9,0.25,2,7,0.222,3,7,0.3,2026-02-09,
,Southern Miss.,Sun Belt,177,178,114,164,10-12,5-7,5-5,3-6,140.0,175,210,-8.38,189.0,-3.16,3-7,0-2,0-1,1-3,9-6,2026-02-11,10,12,0.455,0,2,0.0,0,1,0.0,1,3,0.25,9,6,0.6,5,7,0.417,3,6,0.333,3,7,0.3,2026-02-09,
,Liberty,CUSA,178,180,126,168,9-11,4-5,5-6,5-4,150.0,100,188,-7.78,192.0,-3.23,4-6,0-1,1-2,0-2,8-6,2026-02-11,9,11,0.45,0,1,0.0,1,2,0.333,0,2,0.0,8,6,0.571,4,5,0.444,5,4,0.556,4,6,0.4,2026-02-09,
,Tulane,American,179,177,100,156,8-15,3-8,5-7,2-5,115.0,102,258,-10.63,232.0,-4.04,3-7,0-3,0-2,0-2,8-8,2026-02-11,8,15,0.348,0,3,0.0,0,2,0.0,0,2,0.0,8,8,0.5,3,8,0.273,2,5,0.286,3,7,0.3,2026-02-09,
,Southern Utah,WAC,180,181,230,200,12-8,7-4,5-4,4-7,326.0,305,158,-6.48,186.0,-3.1,6-4,0-0,0-0,0-4,12-4,2026-02-11,12,8,0.6,0,0,,0,0,,0,4,0.0,12,4,0.75,7,4,0.636,4,7,0.364,6,4,0.6,2026-02-09,
,Eastern Mich.,MAC,181,179,144,174,10-12,4-8,6-4,4-9,154.0,173,213,-8.51,127.0,-2.15,4-6,0-1,0-3,1-3,9-5,2026-02-11,10,12,0.455,0,1,0.0,0,3,0.0,1,3,0.25,9,5,0.643,4,8,0.333,4,9,0.308,4,6,0.4,2026-02-09,
,Stetson,ASUN,182,182,275,215,13-8,8-4,5-4,7-5,263.0,180,141,-5.85,141.0,-2.38,7-3,0-1,0-1,2-0,11-6,2026-02-11,13,8,0.619,0,1,0.0,0,1,0.0,2,0,1.0,11,6,0.647,8,4,0.667,7,5,0.583,7,3,0.7,2026-02-09,
,App State,Sun Belt,183,184,144,174,8-13,3-9,5-4,3-9,144.0,134,232,-9.58,125.0,-2.08,3-7,0-2,0-1,0-3,8-7,2026-02-11,8,13,0.381,0,2,0.0,0,1,0.0,0,3,0.0,8,7,0.533,3,9,0.25,3,9,0.25,3,7,0.3,2026-02-09,
,La Salle,Atlantic 10,184,183,168,181,12-11,6-7,6-4,7-4,225.0,244,208,-8.22,150.0,-2.57,3-7,0-0,0-3,0-3,12-5,2026-02-11,12,11,0.522,0,0,,0,3,0.0,0,3,0.0,12,5,0.706,6,7,0.462,7,4,0.636,3,7,0.3,2026-02-09,
,Dayton,Atlantic 10,185,185,165,180,13-11,6-7,7-4,6-5,207.0,289,192,-7.85,165.0,-2.75,5-5,0-0,1-4,1-0,11-7,2026-02-11,13,11,0.542,0,0,,1,4,0.2,1,0,1.0,11,7,0.611,6,7,0.462,6,5,0.545,5,5,0.5,2026-02-09,
,UAlbany,America East,186,186,265,209,11-12,2-9,9-3,5-8,183.0,158,221,-8.8,70.0,-0.67,2-8,0-2,0-1,0-2,11-7,2026-02-11,11,12,0.478,0,2,0.0,0,1,0.0,0,2,0.0,11,7,0.611,2,9,0.182,5,8,0.385,2,8,0.2,2026-02-09,
,Chattanooga,SoCon,187,187,330,231,14-6,8-1,6-5,6-3,335.0,290,119,-4.65,219.0,-3.8,9-1,0-0,0-2,0-0,14-4,2026-02-11,14,6,0.7,0,0,,0,2,0.0,0,0,,14,4,0.778,8,1,0.889,6,3,0.667,9,1,0.9,2026-02-09,
,Northern Ky.,Horizon,188,188,135,171,11-14,8-6,3-8,4-8,171.0,76,251,-10.33,262.0,-5.02,7-3,0-2,0-1,0-2,11-9,2026-02-11,11,14,0.44,0,2,0.0,0,1,0.0,0,2,0.0,11,9,0.55,8,6,0.571,4,8,0.333,7,3,0.7,2026-02-09,
,Loyola Chicago,Atlantic 10,189,189,126,168,12-11,8-4,4-7,7-4,162.0,253,178,-7.48,280.0,-5.48,8-2,0-2,0-2,1-2,11-5,2026-02-11,12,11,0.522,0,2,0.0,0,2,0.0,1,2,0.333,11,5,0.688,8,4,0.667,7,4,0.636,8,2,0.8,2026-02-09,
,FIU,CUSA,190,190,254,206,13-8,7-4,6-4,4-4,343.0,334,161,-6.75,195.0,-3.26,7-3,0-0,0-1,0-2,13-5,2026-02-11,13,8,0.619,0,0,,0,1,0.0,0,2,0.0,13,5,0.722,7,4,0.636,4,4,0.5,7,3,0.7,2026-02-09,
,SMU,ACC,191,191,53,123,8-16,1-11,7-5,2-7,59.0,255,216,-8.61,201.0,-3.36,1-9,0-6,0-2,0-2,8-6,2026-02-11,8,16,0.333,0,6,0.0,0,2,0.0,0,2,0.0,8,6,0.571,1,11,0.083,2,7,0.222,1,9,0.1,2026-02-09,
,Monmouth,CAA,192,192,325,230,12-7,8-3,4-4,7-5,322.0,238,135,-5.53,171.0,-2.85,7-3,0-1,0-0,0-0,12-6,2026-02-11,12,7,0.632,0,1,0.0,0,0,,0,0,,12,6,0.667,8,3,0.727,7,5,0.583,7,3,0.7,2026-02-09,
,Morehead St.,OVC,193,193,189,190,14-10,10-4,4-6,6-7,136.0,50,147,-5.97,172.0,-2.85,8-2,0-3,0-0,1-1,13-6,2026-02-11,14,10,0.583,0,3,0.0,0,0,,1,1,0.5,13,6,0.684,10,4,0.714,6,7,0.462,8,2,0.8,2026-02-09,
,Longwood,Big South,194,194,332,233,14-6,8-2,6-4,4-4,238.0,132,103,-3.69,118.0,-1.84,8-2,0-2,0-0,0-2,14-2,2026-02-11,14,6,0.7,0,2,0.0,0,0,,0,2,0.0,14,2,0.875,8,2,0.8,4,4,0.5,8,2,0.8,2026-02-09,
,SFA,Southland,195,195,317,228,14-8,10-5,4-3,4-4,348.0,297,164,-6.84,133.0,-2.28,7-3,0-0,0-0,0-3,14-5,2026-02-11,14,8,0.636,0,0,,0,0,,0,3,0.0,14,5,0.737,10,5,0.667,4,4,0.5,7,3,0.7,2026-02-09,
,Lehigh,Patriot,196,198,224,198,12-10,8-3,4-7,4-6,269.0,203,191,-7.81,268.0,-5.2,7-3,0-1,0-1,2-1,10-7,2026-02-11,12,10,0.545,0,1,0.0,0,1,0.0,2,1,0.667,10,7,0.588,8,3,0.727,4,6,0.4,7,3,0.7,2026-02-09,
,VCU,Atlantic 10,197,196,63,131,8-16,4-8,4-8,1-7,85.0,96,249,-10.29,258.0,-4.97,4-6,0-2,0-6,0-4,8-4,2026-02-11,8,16,0.333,0,2,0.0,0,6,0.0,0,4,0.0,8,4,0.667,4,8,0.333,1,7,0.125,4,6,0.4,2026-02-09,
,Xavier,Big East,198,199,81,145,11-13,4-11,7-2,3-7,95.0,355,190,-7.8,108.0,-1.64,3-7,0-3,0-1,2-4,9-5,2026-02-11,11,13,0.458,0,3,0.0,0,1,0.0,2,4,0.333,9,5,0.643,4,11,0.267,3,7,0.3,3,7,0.3,2026-02-09,
,Cal St. Fullerton,Big West,199,197,294,221,12-9,10-3,2-6,7-4,351.0,359,196,-7.95,290.0,-5.73,7-3,0-0,0-1,1-0,11-8,2026-02-11,12,9,0.571,0,0,,0,1,0.0,1,0,1.0,11,8,0.579,10,3,0.769,7,4,0.636,7,3,0.7,2026-02-09,
,NJIT,America East,200,202,311,227,14-10,5-6,9-4,8-4,325.0,322,205,-8.16,169.0,-2.82,4-6,0-1,0-0,0-1,14-8,2026-02-11,14,10,0.583,0,1,0.0,0,0,,0,1,0.0,14,8,0.636,5,6,0.455,8,4,0.667,4,6,0.4,2026-02-09,
,Bowling Green,MAC,201,200,148,175,9-11,5-7,4-4,3-7,165.0,81,198,-7.97,120.0,-1.87,5-5,0-1,0-2,0-3,9-5,2026-02-11,9,11,0.45,0,1,0.0,0,2,0.0,0,3,0.0,9,5,0.643,5,7,0.417,3,7,0.3,5,5,0.5,2026-02-09,
,Robert Morris,Horizon,202,201,317,228,14-8,9-6,5-2,7-5,352.0,362,165,-6.94,119.0,-1.85,6-4,0-0,0-0,0-2,14-6,2026-02-11,14,8,0.636,0,0,,0,0,,0,2,0.0,14,6,0.7,9,6,0.6,7,5,0.583,6,4,0.6,2026-02-09,
,South Alabama,Sun Belt,203,203,172,183,9-14,2-10,7-4,2-9,228.0,318,264,-11.27,178.0,-2.99,2-8,0-0,0-2,0-4,9-8,2026-02-11,9,14,0.391,0,0,,0,2,0.0,0,4,0.0,9,8,0.529,2,10,0.167,2,9,0.182,2,8,0.2,2026-02-09,
,Tarleton St.,WAC,204,204,187,189,10-11,6-6,4-5,3-7,231.0,178,214,-8.54,202.0,-3.36,5-5,0-1,0-0,0-6,10-4,2026-02-11,10,11,0.476,0,1,0.0,0,0,,0,6,0.0,10,4,0.714,6,6,0.5,3,7,0.3,5,5,0.5,2026-02-09,
,Delaware,CUSA,205,205,234,201,10-12,4-3,6-9,6-6,332.0,323,253,-10.4,338.0,-7.65,5-5,0-0,0-1,0-2,10-9,2026-02-11,10,12,0.455,0,0,,0,1,0.0,0,2,0.0,10,9,0.526,4,3,0.571,6,6,0.5,5,5,0.5,2026-02-09,
,UMBC,America East,206,206,234,201,9-11,6-4,3-7,5-6,220.0,174,215,-8.54,266.0,-5.16,6-4,1-1,0-0,0-1,8-9,2026-02-11,9,11,0.45,1,1,0.5,0,0,,0,1,0.0,8,9,0.471,6,4,0.6,5,6,0.455,6,4,0.6,2026-02-09,
,UT Arlington,WAC,207,207,160,179,10-13,4-7,6-6,1-10,186.0,147,236,-9.81,211.0,-3.55,4-6,0-1,0-2,1-3,9-7,2026-02-11,10,13,0.435,0,1,0.0,0,2,0.0,1,3,0.25,9,7,0.562,4,7,0.364,1,10,0.091,4,6,0.4,2026-02-09,
,DePaul,Big East,208,214,57,125,6-20,3-12,3-8,0-11,69.0,161,287,-12.64,300.0,-5.89,3-7,0-5,0-2,1-5,5-8,2026-02-11,6,20,0.231,0,5,0.0,0,2,0.0,1,5,0.167,5,8,0.385,3,12,0.2,0,11,0.0,3,7,0.3,2026-02-09,
,Eastern Wash.,Big Sky,209,208,184,187,10-12,5-6,5-6,5-7,229.0,232,230,-9.39,240.0,-4.35,5-5,0-0,0-3,1-3,9-6,2026-02-11,10,12,0.455,0,0,,0,3,0.0,1,3,0.25,9,6,0.6,5,6,0.455,5,7,0.417,5,5,0.5,2026-02-09,
,Elon,CAA,210,209,275,215,10-12,6-5,4-7,3-7,285.0,245,241,-9.92,278.0,-5.43,6-4,0-1,0-0,0-3,10-8,2026-02-11,10,12,0.455,0,1,0.0,0,0,,0,3,0.0,10,8,0.556,6,5,0.545,3,7,0.3,6,4,0.6,2026-02-09,
,Tennessee Tech,OVC,211,210,294,221,11-10,6-8,5-2,2-7,297.0,240,203,-8.14,81.0,-1.0,3-7,0-1,0-0,0-2,11-7,2026-02-11,11,10,0.524,0,1,0.0,0,0,,0,2,0.0,11,7,0.611,6,8,0.429,2,7,0.222,3,7,0.3,2026-02-09,
,Saint Louis,Atlantic 10,212,211,103,157,10-15,5-8,5-7,4-7,216.0,321,274,-11.86,301.0,-5.91,3-7,0-0,0-3,0-3,10-9,2026-02-11,10,15,0.4,0,0,,0,3,0.0,0,3,0.0,10,9,0.526,5,8,0.385,4,7,0.364,3,7,0.3,2026-02-09,
,Georgia St.,Sun Belt,213,213,82,146,7-15,4-8,3-7,3-10,112.0,171,259,-10.79,265.0,-5.15,3-7,0-1,1-4,0-3,6-7,2026-02-11,7,15,0.318,0,1,0.0,1,4,0.2,0,3,0.0,6,7,0.462,4,8,0.333,3,10,0.231,3,7,0.3,2026-02-09,
,UTRGV,Southland,214,212,275,215,13-9,12-3,1-6,9-3,161.0,15,137,-5.63,183.0,-3.07,9-1,0-2,0-1,0-3,13-3,2026-02-11,13,9,0.591,0,2,0.0,0,1,0.0,0,3,0.0,13,3,0.812,12,3,0.8,9,3,0.75,9,1,0.9,2026-02-09,
,Campbell,CAA,215,215,302,223,13-9,8-3,5-6,5-6,339.0,312,181,-7.55,257.0,-4.95,8-2,0-0,0-1,0-1,13-7,2026-02-11,13,9,0.591,0,0,,0,1,0.0,0,1,0.0,13,7,0.65,8,3,0.727,5,6,0.455,8,2,0.8,2026-02-09,
,Utah Valley,WAC,216,216,172,183,8-12,3-8,5-4,3-8,306.0,304,250,-10.32,185.0,-3.08,3-7,0-0,0-1,0-2,8-9,2026-02-11,8,12,0.4,0,0,,0,1,0.0,0,2,0.0,8,9,0.471,3,8,0.273,3,8,0.273,3,7,0.3,2026-02-09,
,St. Bonaventure,Atlantic 10,217,217,259,207,13-11,5-8,8-3,5-7,281.0,360,219,-8.69,155.0,-2.64,4-6,0-0,0-2,2-1,11-8,2026-02-11,13,11,0.542,0,0,,0,2,0.0,2,1,0.667,11,8,0.579,5,8,0.385,5,7,0.417,4,6,0.4,2026-02-09,
,Memphis,American,218,219,121,167,7-15,2-8,5-7,3-8,172.0,190,273,-11.78,256.0,-4.93,2-8,0-1,0-1,0-7,7-6,2026-02-11,7,15,0.318,0,1,0.0,0,1,0.0,0,7,0.0,7,6,0.538,2,8,0.2,3,8,0.273,2,8,0.2,2026-02-09,
,Jacksonville St.,CUSA,219,218,267,211,9-11,5-4,4-7,4-7,299.0,295,229,-9.24,297.0,-5.84,5-5,0-1,0-0,0-1,9-9,2026-02-11,9,11,0.45,0,1,0.0,0,0,,0,1,0.0,9,9,0.5,5,4,0.556,4,7,0.364,5,5,0.5,2026-02-09,
,UIC,MVC,220,220,262,208,11-12,6-6,5-6,3-6,318.0,275,247,-10.19,248.0,-4.63,5-5,0-0,1-1,0-1,10-10,2026-02-11,11,12,0.478,0,0,,1,1,0.5,0,1,0.0,10,10,0.5,6,6,0.5,3,6,0.333,5,5,0.5,2026-02-09,
,Alabama A&M,SWAC,221,221,294,221,11-9,10-1,1-8,5-5,114.0,16,129,-5.19,238.0,-4.26,10-0,0-3,0-1,0-1,11-4,2026-02-11,11,9,0.55,0,3,0.0,0,1,0.0,0,1,0.0,11,4,0.733,10,1,0.909,5,5,0.5,10,0,1.0,2026-02-09,
,UT Martin,OVC,222,222,199,192,10-10,9-5,1-5,4-8,244.0,128,187,-7.75,216.0,-3.69,6-4,0-1,0-0,0-4,10-5,2026-02-11,10,10,0.5,0,1,0.0,0,0,,0,4,0.0,10,5,0.667,9,5,0.643,4,8,0.333,6,4,0.6,2026-02-09,
,Air Force,Mountain West,223,223,199,192,10-12,5-8,5-4,4-8,282.0,328,239,-9.9,196.0,-3.26,4-6,0-0,0-1,0-5,10-6,2026-02-11,10,12,0.455,0,0,,0,1,0.0,0,5,0.0,10,6,0.625,5,8,0.385,4,8,0.333,4,6,0.4,2026-02-09,
,Merrimack,MAAC,224,224,330,231,12-10,10-4,2-6,5-7,286.0,288,195,-7.92,264.0,-5.09,7-3,0-0,0-3,0-2,12-5,2026-02-11,12,10,0.545,0,0,,0,3,0.0,0,2,0.0,12,5,0.706,10,4,0.714,5,7,0.417,7,3,0.7,2026-02-09,
,West Ga.,ASUN,225,225,317,228,13-8,8-4,5-4,3-7,240.0,165,136,-5.59,136.0,-2.3,7-3,0-1,0-1,0-3,13-3,2026-02-11,13,8,0.619,0,1,0.0,0,1,0.0,0,3,0.0,13,3,0.812,8,4,0.667,3,7,0.3,7,3,0.7,2026-02-09,
,Washington St.,WCC,226,226,45,118,5-21,4-9,1-12,3-8,82.0,24,317,-14.49,329.0,-7.04,3-7,0-2,0-5,1-6,4-8,2026-02-11,5,21,0.192,0,2,0.0,0,5,0.0,1,6,0.143,4,8,0.333,4,9,0.308,3,8,0.273,3,7,0.3,2026-02-09,
,Pacific,WCC,227,227,93,152,8-14,4-8,4-6,0-8,143.0,144,254,-10.4,229.0,-3.95,2-8,0-0,0-4,1-4,7-6,2026-02-11,8,14,0.364,0,0,,0,4,0.0,1,4,0.2,7,6,0.538,4,8,0.333,0,8,0.0,2,8,0.2,2026-02-09,
,Radford,Big South,228,229,311,227,14-10,8-3,6-7,4-7,273.0,214,182,-7.63,259.0,-4.98,7-3,0-2,0-0,0-3,14-5,2026-02-11,14,10,0.583,0,2,0.0,0,0,,0,3,0.0,14,5,0.737,8,3,0.727,4,7,0.364,7,3,0.7,2026-02-09,
,Southern U.,SWAC,229,228,249,205,9-11,7-4,2-7,5-9,71.0,2,133,-5.36,98.0,-1.42,6-4,0-6,0-0,0-0,9-5,2026-02-11,9,11,0.45,0,6,0.0,0,0,,0,0,,9,5,0.643,7,4,0.636,5,9,0.357,6,4,0.6,2026-02-09,
,Drake,MVC,230,230,100,156,6-17,5-8,1-9,4-6,121.0,53,289,-12.75,303.0,-5.95,2-8,0-2,0-1,0-3,6-11,2026-02-11,6,17,0.261,0,2,0.0,0,1,0.0,0,3,0.0,6,11,0.353,5,8,0.385,4,6,0.4,2,8,0.2,2026-02-09,
,William & Mary,CAA,231,231,305,224,11-10,5-6,6-4,8-4,329.0,276,211,-8.44,166.0,-2.75,4-6,0-0,0-2,1-0,10-8,2026-02-11,11,10,0.524,0,0,,0,2,0.0,1,0,1.0,10,8,0.556,5,6,0.455,8,4,0.667,4,6,0.4,2026-02-09,
,Northwestern St.,Southland,232,232,222,197,9-11,8-6,1-5,6-7,117.0,5,174,-7.23,121.0,-1.87,5-5,0-2,1-2,0-0,8-7,2026-02-11,9,11,0.45,0,2,0.0,1,2,0.333,0,0,,8,7,0.533,8,6,0.571,6,7,0.462,5,5,0.5,2026-02-09,
,Wofford,SoCon,233,233,272,213,9-11,6-3,3-8,5-7,261.0,189,223,-8.92,305.0,-6.1,6-4,0-1,0-0,0-4,9-6,2026-02-11,9,11,0.45,0,1,0.0,0,0,,0,4,0.0,9,6,0.6,6,3,0.667,5,7,0.417,6,4,0.6,2026-02-09,
,Stony Brook,CAA,234,234,268,212,10-10,8-2,2-8,3-7,294.0,209,206,-8.17,313.0,-6.42,8-2,0-1,0-1,0-0,10-8,2026-02-11,10,10,0.5,0,1,0.0,0,1,0.0,0,0,,10,8,0.556,8,2,0.8,3,7,0.3,8,2,0.8,2026-02-09,
,Sacramento St.,Big Sky,235,235,245,204,9-13,5-6,4-7,4-9,307.0,308,263,-11.15,302.0,-5.93,5-5,0-0,0-2,0-1,9-10,2026-02-11,9,13,0.409,0,0,,0,2,0.0,0,1,0.0,9,10,0.474,5,6,0.455,4,9,0.308,5,5,0.5,2026-02-09,
,Kennesaw St.,CUSA,236,236,224,198,8-11,4-7,4-4,2-7,230.0,167,220,-8.75,147.0,-2.5,4-6,0-1,0-1,0-1,8-8,2026-02-11,8,11,0.421,0,1,0.0,0,1,0.0,0,1,0.0,8,8,0.5,4,7,0.364,2,7,0.222,4,6,0.4,2026-02-09,
,Little Rock,OVC,237,237,177,185,10-12,8-6,2-6,4-8,182.0,79,224,-8.93,225.0,-3.86,5-5,0-1,0-1,0-4,10-6,2026-02-11,10,12,0.455,0,1,0.0,0,1,0.0,0,4,0.0,10,6,0.625,8,6,0.571,4,8,0.333,5,5,0.5,2026-02-09,
,Nevada,Mountain West,238,239,121,167,6-16,3-10,3-6,1-9,275.0,331,306,-13.84,273.0,-5.3,3-7,0-0,0-1,1-5,5-10,2026-02-11,6,16,0.273,0,0,,0,1,0.0,1,5,0.167,5,10,0.333,3,10,0.231,1,9,0.1,3,7,0.3,2026-02-09,
,Furman,SoCon,239,238,265,209,10-10,6-3,4-7,5-6,135.0,64,159,-6.64,221.0,-3.84,6-4,0-2,0-2,0-1,10-5,2026-02-11,10,10,0.5,0,2,0.0,0,2,0.0,0,1,0.0,10,5,0.667,6,3,0.667,5,6,0.455,6,4,0.6,2026-02-09,
,Norfolk St.,MEAC,240,240,239,202,7-12,6-2,1-10,4-10,89.0,25,184,-7.68,296.0,-5.82,6-4,0-4,0-0,0-1,7-7,2026-02-11,7,12,0.368,0,4,0.0,0,0,,0,1,0.0,7,7,0.5,6,2,0.75,4,10,0.286,6,4,0.6,2026-02-09,
,North Ala.,ASUN,241,241,268,212,10-11,7-5,3-6,4-8,267.0,207,222,-8.9,246.0,-4.56,7-3,0-1,0-1,0-1,10-8,2026-02-11,10,11,0.476,0,1,0.0,0,1,0.0,0,1,0.0,10,8,0.556,7,5,0.583,4,8,0.333,7,3,0.7,2026-02-09,
,Fla. Atlantic,American,242,245,138,172,10-13,5-7,5-6,5-6,258.0,287,257,-10.59,251.0,-4.74,5-5,0-0,0-2,1-3,9-8,2026-02-11,10,13,0.435,0,0,,0,2,0.0,1,3,0.25,9,8,0.529,5,7,0.417,5,6,0.455,5,5,0.5,2026-02-09,
,Northern Ariz.,Big Sky,243,242,151,176,6-17,4-8,2-9,3-9,256.0,237,319,-14.57,334.0,-7.41,3-7,0-0,0-2,0-5,6-10,2026-02-11,6,17,0.261,0,0,,0,2,0.0,0,5,0.0,6,10,0.375,4,8,0.333,3,9,0.25,3,7,0.3,2026-02-09,
,IU Indy,Horizon,244,243,206,193,8-13,6-8,2-5,2-9,311.0,231,265,-11.27,230.0,-3.95,5-5,0-0,0-1,0-4,8-8,2026-02-11,8,13,0.381,0,0,,0,1,0.0,0,4,0.0,8,8,0.5,6,8,0.429,2,9,0.182,5,5,0.5,2026-02-09,
,Texas St.,Sun Belt,245,244,177,185,8-13,6-6,2-7,3-7,197.0,272,246,-10.17,298.0,-5.86,4-6,0-1,0-2,0-3,8-7,2026-02-11,8,13,0.381,0,1,0.0,0,2,0.0,0,3,0.0,8,7,0.533,6,6,0.5,3,7,0.3,4,6,0.4,2026-02-09,
,Towson,CAA,246,246,287,219,12-10,6-5,6-5,4-7,253.0,164,183,-7.64,174.0,-2.92,5-5,0-2,0-0,0-1,12-7,2026-02-11,12,10,0.545,0,2,0.0,0,0,,0,1,0.0,12,7,0.632,6,5,0.545,4,7,0.364,5,5,0.5,2026-02-09,
,UMES,MEAC,247,247,254,206,12-11,7-1,5-10,7-6,193.0,150,193,-7.87,326.0,-6.96,7-3,0-2,0-1,0-2,12-6,2026-02-11,12,11,0.522,0,2,0.0,0,1,0.0,0,2,0.0,12,6,0.667,7,1,0.875,7,6,0.538,7,3,0.7,2026-02-09,
,UC Riverside,Big West,248,249,187,189,5-16,5-8,0-8,2-10,233.0,159,304,-13.55,315.0,-6.45,3-7,0-0,0-2,0-5,5-9,2026-02-11,5,16,0.238,0,0,,0,2,0.0,0,5,0.0,5,9,0.357,5,8,0.385,2,10,0.167,3,7,0.3,2026-02-09,
,Fordham,Atlantic 10,249,251,230,200,8-15,1-12,7-3,2-8,214.0,343,278,-12.08,143.0,-2.43,1-9,0-1,0-4,0-1,8-9,2026-02-11,8,15,0.348,0,1,0.0,0,4,0.0,0,1,0.0,8,9,0.471,1,12,0.077,2,8,0.2,1,9,0.1,2026-02-09,
,St. Thomas (MN),Summit League,250,250,181,186,8-13,4-6,4-7,3-4,168.0,285,237,-9.87,289.0,-5.7,4-6,0-1,0-3,0-2,8-7,2026-02-11,8,13,0.381,0,1,0.0,0,3,0.0,0,2,0.0,8,7,0.533,4,6,0.4,3,4,0.429,4,6,0.4,2026-02-09,
,Mercer,SoCon,251,254,350,254,13-9,5-4,8-5,6-6,344.0,326,185,-7.71,223.0,-3.86,6-4,0-0,0-1,0-2,13-6,2026-02-11,13,9,0.591,0,0,,0,1,0.0,0,2,0.0,13,6,0.684,5,4,0.556,6,6,0.5,6,4,0.6,2026-02-09,
,Boston College,ACC,252,252,43,117,4-22,0-13,4-9,0-8,50.0,286,290,-12.79,335.0,-7.48,0-10,0-7,0-5,0-5,4-5,2026-02-11,4,22,0.154,0,7,0.0,0,5,0.0,0,5,0.0,4,5,0.444,0,13,0.0,0,8,0.0,0,10,0.0,2026-02-09,
,ETSU,SoCon,253,248,294,221,10-12,5-4,5-8,5-4,205.0,135,226,-9.1,270.0,-5.26,6-4,0-3,0-0,0-0,10-9,2026-02-11,10,12,0.455,0,3,0.0,0,0,,0,0,,10,9,0.526,5,4,0.556,5,4,0.556,6,4,0.6,2026-02-09,
,N.C. A&T,CAA,254,253,174,184,5-13,4-7,1-6,3-8,92.0,9,225,-8.99,145.0,-2.45,4-6,0-4,0-0,0-2,5-7,2026-02-11,5,13,0.278,0,4,0.0,0,0,,0,2,0.0,5,7,0.417,4,7,0.364,3,8,0.273,4,6,0.4,2026-02-09,
,Oakland,Horizon,255,255,132,170,7-16,5-9,2-7,4-9,132.0,38,277,-12.08,228.0,-3.93,4-6,0-2,0-2,1-2,6-10,2026-02-11,7,16,0.304,0,2,0.0,0,2,0.0,1,2,0.333,6,10,0.375,5,9,0.357,4,9,0.308,4,6,0.4,2026-02-09,
,Pittsburgh,ACC,256,256,114,164,8-16,1-11,7-5,1-7,68.0,311,227,-9.13,222.0,-3.84,1-9,0-7,0-2,0-1,8-6,2026-02-11,8,16,0.333,0,7,0.0,0,2,0.0,0,1,0.0,8,6,0.571,1,11,0.083,1,7,0.125,1,9,0.1,2026-02-09,
,Wyoming,Mountain West,257,257,119,166,7-15,5-9,2-6,1-11,146.0,86,268,-11.44,226.0,-3.9,4-6,0-2,0-1,0-5,7-7,2026-02-11,7,15,0.318,0,2,0.0,0,1,0.0,0,5,0.0,7,7,0.5,5,9,0.357,1,11,0.083,4,6,0.4,2026-02-09,
,Montana,Big Sky,258,258,111,161,6-16,4-8,2-8,3-9,108.0,48,272,-11.72,253.0,-4.81,4-6,0-2,0-4,1-2,5-8,2026-02-11,6,16,0.273,0,2,0.0,0,4,0.0,1,2,0.333,5,8,0.385,4,8,0.333,3,9,0.25,4,6,0.4,2026-02-09,
,Duquesne,Atlantic 10,259,259,165,180,5-16,0-12,5-4,2-9,227.0,349,301,-13.48,213.0,-3.58,0-10,0-1,0-2,1-1,4-12,2026-02-11,5,16,0.238,0,1,0.0,0,2,0.0,1,1,0.5,4,12,0.25,0,12,0.0,2,9,0.182,0,10,0.0,2026-02-09,
,East Texas A&M,Southland,260,260,305,224,9-10,7-7,2-3,3-7,208.0,27,179,-7.52,89.0,-1.14,6-4,0-2,0-1,0-0,9-7,2026-02-11,9,10,0.474,0,2,0.0,0,1,0.0,0,0,,9,7,0.562,7,7,0.5,3,7,0.3,6,4,0.6,2026-02-09,
,UIW,Southland,261,261,249,205,8-12,8-7,0-5,3-9,138.0,4,217,-8.64,142.0,-2.38,4-6,0-2,0-2,0-2,8-6,2026-02-11,8,12,0.4,0,2,0.0,0,2,0.0,0,2,0.0,8,6,0.571,8,7,0.533,3,9,0.25,4,6,0.4,2026-02-09,
,Loyola Maryland,Patriot,262,262,311,227,10-13,6-6,4-7,6-7,292.0,201,262,-10.88,267.0,-5.17,5-5,0-2,0-0,0-0,10-11,2026-02-11,10,13,0.435,0,2,0.0,0,0,,0,0,,10,11,0.476,6,6,0.5,6,7,0.462,5,5,0.5,2026-02-09,
,LIU,NEC,263,263,363,300,13-8,10-2,3-6,8-5,362.0,344,176,-7.42,281.0,-5.49,8-2,0-0,0-1,0-0,13-7,2026-02-11,13,8,0.619,0,0,,0,1,0.0,0,0,,13,7,0.65,10,2,0.833,8,5,0.615,8,2,0.8,2026-02-09,
,Lipscomb,ASUN,264,264,181,186,6-15,5-7,1-8,3-10,262.0,261,291,-12.83,322.0,-6.8,4-6,0-0,0-2,0-3,6-10,2026-02-11,6,15,0.286,0,0,,0,2,0.0,0,3,0.0,6,10,0.375,5,7,0.417,3,10,0.231,4,6,0.4,2026-02-09,
,UNC Greensboro,SoCon,265,265,339,237,9-11,3-6,6-5,3-9,235.0,155,218,-8.68,170.0,-2.83,4-6,0-2,0-1,0-0,9-8,2026-02-11,9,11,0.45,0,2,0.0,0,1,0.0,0,0,,9,8,0.529,3,6,0.333,3,9,0.25,4,6,0.4,2026-02-09,
,Weber St.,Big Sky,266,266,135,171,4-18,1-11,3-7,1-12,148.0,78,316,-14.45,239.0,-4.31,1-9,0-0,0-4,0-4,4-10,2026-02-11,4,18,0.182,0,0,,0,4,0.0,0,4,0.0,4,10,0.286,1,11,0.083,1,12,0.077,1,9,0.1,2026-02-09,
,Southeast Mo. St.,OVC,267,267,217,196,6-15,4-10,2-5,2-8,242.0,141,285,-12.62,212.0,-3.55,3-7,0-1,0-1,0-2,6-11,2026-02-11,6,15,0.286,0,1,0.0,0,1,0.0,0,2,0.0,6,11,0.353,4,10,0.286,2,8,0.2,3,7,0.3,2026-02-09,
,Nicholls,Southland,268,268,353,257,10-11,7-8,3-3,5-6,359.0,346,245,-10.14,158.0,-2.69,4-6,0-0,0-1,0-1,10-9,2026-02-11,10,11,0.476,0,0,,0,1,0.0,0,1,0.0,10,9,0.526,7,8,0.467,5,6,0.455,4,6,0.4,2026-02-09,
,SIUE,OVC,269,269,245,204,7-14,3-11,4-3,3-9,300.0,303,281,-12.15,134.0,-2.28,2-8,0-0,0-1,1-4,6-9,2026-02-11,7,14,0.333,0,0,,0,1,0.0,1,4,0.2,6,9,0.4,3,11,0.214,3,9,0.25,2,8,0.2,2026-02-09,
,San Diego,WCC,270,270,160,179,8-17,3-10,5-7,0-11,221.0,279,309,-13.94,285.0,-5.51,3-7,0-0,0-5,0-3,8-9,2026-02-11,8,17,0.32,0,0,,0,5,0.0,0,3,0.0,8,9,0.471,3,10,0.231,0,11,0.0,3,7,0.3,2026-02-09,
,Mount St. Mary's,MAAC,271,271,349,252,12-12,8-7,4-5,5-8,270.0,166,233,-9.62,198.0,-3.3,6-4,0-2,0-1,0-1,12-8,2026-02-11,12,12,0.5,0,2,0.0,0,1,0.0,0,1,0.0,12,8,0.6,8,7,0.533,5,8,0.385,6,4,0.6,2026-02-09,
,Siena,MAAC,272,272,360,275,11-12,9-5,2-7,5-8,349.0,339,260,-10.8,312.0,-6.4,5-5,0-0,0-1,0-2,11-9,2026-02-11,11,12,0.478,0,0,,0,1,0.0,0,2,0.0,11,9,0.55,9,5,0.643,5,8,0.385,5,5,0.5,2026-02-09,
,Western Mich.,MAC,273,275,160,179,7-14,3-8,4-6,3-8,131.0,92,255,-10.41,206.0,-3.46,3-7,0-2,0-1,0-3,7-8,2026-02-11,7,14,0.333,0,2,0.0,0,1,0.0,0,3,0.0,7,8,0.467,3,8,0.273,3,8,0.273,3,7,0.3,2026-02-09,
,Utah St.,Mountain West,274,274,129,169,5-17,2-12,3-5,1-11,170.0,127,305,-13.74,194.0,-3.24,0-10,0-1,0-1,0-6,5-9,2026-02-11,5,17,0.227,0,1,0.0,0,1,0.0,0,6,0.0,5,9,0.357,2,12,0.143,1,11,0.083,0,10,0.0,2026-02-09,
,Wichita St.,American,275,273,138,172,4-20,2-10,2-10,1-7,250.0,262,353,-17.37,350.0,-8.4,2-8,0-1,0-2,1-0,3-17,2026-02-11,4,20,0.167,0,1,0.0,0,2,0.0,1,0,1.0,3,17,0.15,2,10,0.167,1,7,0.125,2,8,0.2,2026-02-09,
,Utah Tech,WAC,276,276,217,196,5-15,1-10,4-5,0-7,327.0,314,302,-13.49,237.0,-4.15,1-9,0-0,0-1,0-1,5-13,2026-02-11,5,15,0.25,0,0,,0,1,0.0,0,1,0.0,5,13,0.278,1,10,0.091,0,7,0.0,1,9,0.1,2026-02-09,
,Evansville,MVC,277,277,262,208,6-18,4-9,2-9,3-13,251.0,218,333,-15.39,333.0,-7.29,3-7,0-1,0-1,1-2,5-14,2026-02-11,6,18,0.25,0,1,0.0,0,1,0.0,1,2,0.333,5,14,0.263,4,9,0.308,3,13,0.188,3,7,0.3,2026-02-09,
,Kansas City,Summit League,278,278,160,179,4-17,4-7,0-10,2-9,102.0,99,288,-12.72,336.0,-7.48,3-7,0-2,0-4,0-2,4-9,2026-02-11,4,17,0.19,0,2,0.0,0,4,0.0,0,2,0.0,4,9,0.308,4,7,0.364,2,9,0.182,3,7,0.3,2026-02-09,
,New Hampshire,America East,279,279,192,191,6-15,2-8,4-7,3-10,223.0,224,284,-12.45,275.0,-5.32,2-8,0-1,0-0,0-5,6-9,2026-02-11,6,15,0.286,0,1,0.0,0,0,,0,5,0.0,6,9,0.4,2,8,0.2,3,10,0.231,2,8,0.2,2026-02-09,
,New Mexico St.,CUSA,280,280,154,177,5-15,4-7,1-8,2-8,255.0,185,293,-12.87,314.0,-6.42,4-6,0-1,0-0,0-3,5-11,2026-02-11,5,15,0.25,0,1,0.0,0,0,,0,3,0.0,5,11,0.312,4,7,0.364,2,8,0.2,4,6,0.4,2026-02-09,
,Marist,MAAC,281,281,262,208,10-15,7-8,3-7,2-8,219.0,208,275,-11.9,277.0,-5.41,5-5,0-1,0-3,0-2,10-9,2026-02-11,10,15,0.4,0,1,0.0,0,3,0.0,0,2,0.0,10,9,0.526,7,8,0.467,2,8,0.2,5,5,0.5,2026-02-09,
,Iona,MAAC,282,282,353,257,13-11,7-8,6-3,7-6,328.0,324,228,-9.19,130.0,-2.2,6-4,0-0,0-3,1-1,12-7,2026-02-11,13,11,0.542,0,0,,0,3,0.0,1,1,0.5,12,7,0.632,7,8,0.467,7,6,0.538,6,4,0.6,2026-02-09,
,Coppin St.,MEAC,283,283,156,178,5-18,4-4,1-14,1-11,78.0,22,279,-12.1,348.0,-8.21,4-6,0-5,0-1,0-1,5-11,2026-02-11,5,18,0.217,0,5,0.0,0,1,0.0,0,1,0.0,5,11,0.312,4,4,0.5,1,11,0.083,4,6,0.4,2026-02-09,
,Yale,Ivy League,284,284,181,186,5-16,1-7,4-9,4-9,212.0,329,298,-13.31,345.0,-7.95,1-9,0-0,0-3,0-5,5-8,2026-02-11,5,16,0.238,0,0,,0,3,0.0,0,5,0.0,5,8,0.385,1,7,0.125,4,9,0.308,1,9,0.1,2026-02-09,
,Boston U.,Patriot,285,285,275,215,6-16,3-9,3-7,4-9,288.0,229,308,-13.94,283.0,-5.49,3-7,0-1,0-0,0-4,6-11,2026-02-11,6,16,0.273,0,1,0.0,0,0,,0,4,0.0,6,11,0.353,3,9,0.25,4,9,0.308,3,7,0.3,2026-02-09,
,UTEP,CUSA,286,286,239,202,8-12,2-9,6-3,1-6,245.0,169,235,-9.77,94.0,-1.31,1-9,0-1,0-1,0-2,8-8,2026-02-11,8,12,0.4,0,1,0.0,0,1,0.0,0,2,0.0,8,8,0.5,2,9,0.182,1,6,0.143,1,9,0.1,2026-02-09,
,Denver,Summit League,287,288,132,170,6-15,3-8,3-7,1-10,152.0,284,271,-11.64,295.0,-5.81,2-8,0-1,0-3,0-1,6-10,2026-02-11,6,15,0.286,0,1,0.0,0,3,0.0,0,1,0.0,6,10,0.375,3,8,0.273,1,10,0.091,2,8,0.2,2026-02-09,
,Southern Ill.,MVC,288,287,254,206,6-13,5-7,1-6,2-7,308.0,300,267,-11.41,272.0,-5.28,5-5,0-0,0-1,0-3,6-9,2026-02-11,6,13,0.316,0,0,,0,1,0.0,0,3,0.0,6,9,0.4,5,7,0.417,2,7,0.222,5,5,0.5,2026-02-09,
,CSUN,Big West,289,289,229,199,6-14,4-9,2-5,3-8,312.0,280,283,-12.36,236.0,-4.14,3-7,0-0,0-1,0-5,6-8,2026-02-11,6,14,0.3,0,0,,0,1,0.0,0,5,0.0,6,8,0.429,4,9,0.308,3,8,0.273,3,7,0.3,2026-02-09,
,Bucknell,Patriot,290,290,294,221,8-14,5-7,3-7,3-9,305.0,228,280,-12.11,282.0,-5.49,5-5,0-1,0-0,0-3,8-10,2026-02-11,8,14,0.364,0,1,0.0,0,0,,0,3,0.0,8,10,0.444,5,7,0.417,3,9,0.25,5,5,0.5,2026-02-09,
,Lafayette,Patriot,291,291,342,242,8-15,4-8,4-7,5-9,341.0,319,303,-13.52,304.0,-5.99,3-7,0-1,0-0,0-1,8-13,2026-02-11,8,15,0.348,0,1,0.0,0,0,,0,1,0.0,8,13,0.381,4,8,0.333,5,9,0.357,3,7,0.3,2026-02-09,
,Alabama St.,SWAC,292,293,291,220,8-11,7-4,1-7,5-8,80.0,3,156,-6.21,135.0,-2.3,6-4,0-5,0-1,0-0,8-5,2026-02-11,8,11,0.421,0,5,0.0,0,1,0.0,0,0,,8,5,0.615,7,4,0.636,5,8,0.385,6,4,0.6,2026-02-09,
,CSU Bakersfield,Big West,293,292,243,203,6-16,2-11,4-5,4-7,320.0,340,314,-14.29,242.0,-4.41,2-8,0-0,0-2,0-2,6-12,2026-02-11,6,16,0.273,0,0,,0,2,0.0,0,2,0.0,6,12,0.333,2,11,0.154,4,7,0.364,2,8,0.2,2026-02-09,
,Akron,MAC,294,294,142,173,3-18,2-8,1-10,0-10,163.0,157,325,-14.8,343.0,-7.85,2-8,0-2,0-0,0-3,3-13,2026-02-11,3,18,0.143,0,2,0.0,0,0,,0,3,0.0,3,13,0.188,2,8,0.2,0,10,0.0,2,8,0.2,2026-02-09,
,Northeastern,CAA,295,295,325,230,6-15,2-9,4-6,4-8,357.0,354,311,-14.09,286.0,-5.58,2-8,0-0,0-0,0-1,6-14,2026-02-11,6,15,0.286,0,0,,0,0,,0,1,0.0,6,14,0.3,2,9,0.182,4,8,0.333,2,8,0.2,2026-02-09,
,Alcorn,SWAC,296,296,291,220,9-10,9-2,0-8,5-7,99.0,10,153,-6.01,234.0,-4.1,8-2,0-4,0-1,0-0,9-5,2026-02-11,9,10,0.474,0,4,0.0,0,1,0.0,0,0,,9,5,0.643,9,2,0.818,5,7,0.417,8,2,0.8,2026-02-09,
,Dartmouth,Ivy League,297,297,217,196,7-11,1-7,6-4,4-7,181.0,348,212,-8.48,207.0,-3.51,1-9,0-1,0-2,0-2,7-6,2026-02-11,7,11,0.389,0,1,0.0,0,2,0.0,0,2,0.0,7,6,0.538,1,7,0.125,4,7,0.364,1,9,0.1,2026-02-09,
,Detroit Mercy,Horizon,298,298,224,198,5-17,3-11,2-6,1-9,247.0,163,318,-14.57,244.0,-4.48,1-9,0-1,0-1,0-2,5-13,2026-02-11,5,17,0.227,0,1,0.0,0,1,0.0,0,2,0.0,5,13,0.278,3,11,0.214,1,9,0.1,1,9,0.1,2026-02-09,
,Milwaukee,Horizon,299,299,249,205,6-18,4-11,2-7,3-10,337.0,315,345,-16.39,306.0,-6.15,3-7,0-0,0-1,0-2,6-15,2026-02-11,6,18,0.25,0,0,,0,1,0.0,0,2,0.0,6,15,0.286,4,11,0.267,3,10,0.231,3,7,0.3,2026-02-09,
,Cornell,Ivy League,300,301,199,192,7-13,3-5,4-8,6-6,166.0,313,244,-10.0,323.0,-6.86,3-7,0-2,1-0,0-3,6-8,2026-02-11,7,13,0.35,0,2,0.0,1,0,1.0,0,3,0.0,6,8,0.429,3,5,0.375,6,6,0.5,3,7,0.3,2026-02-09,
,North Florida,ASUN,301,300,213,195,6-15,3-9,3-6,4-9,177.0,75,276,-11.97,209.0,-3.53,3-7,0-2,0-1,0-2,6-10,2026-02-11,6,15,0.286,0,2,0.0,0,1,0.0,0,2,0.0,6,10,0.375,3,9,0.25,4,9,0.308,3,7,0.3,2026-02-09,
,Indiana St.,MVC,302,302,268,212,7-15,4-9,3-6,3-8,296.0,246,294,-13.01,250.0,-4.72,3-7,0-1,0-0,0-0,7-14,2026-02-11,7,15,0.318,0,1,0.0,0,0,,0,0,,7,14,0.333,4,9,0.308,3,8,0.273,3,7,0.3,2026-02-09,
,Winthrop,Big South,303,304,317,228,8-14,4-7,4-7,3-10,149.0,63,256,-10.45,220.0,-3.81,4-6,0-3,0-1,0-1,8-9,2026-02-11,8,14,0.364,0,3,0.0,0,1,0.0,0,1,0.0,8,9,0.471,4,7,0.364,3,10,0.231,4,6,0.4,2026-02-09,
,Sacred Heart,MAAC,304,305,346,245,10-13,9-6,1-7,4-8,289.0,198,261,-10.86,287.0,-5.65,5-5,0-1,0-2,0-2,10-8,2026-02-11,10,13,0.435,0,1,0.0,0,2,0.0,0,2,0.0,10,8,0.556,9,6,0.6,4,8,0.333,5,5,0.5,2026-02-09,
,Houston Christian,Southland,305,306,245,204,4-16,4-11,0-5,2-12,195.0,23,297,-13.28,184.0,-3.08,2-8,0-1,0-3,0-1,4-11,2026-02-11,4,16,0.2,0,1,0.0,0,3,0.0,0,1,0.0,4,11,0.267,4,11,0.267,2,12,0.143,2,8,0.2,2026-02-09,
,Manhattan,MAAC,306,307,230,200,5-18,5-9,0-9,3-9,169.0,129,320,-14.58,328.0,-7.04,4-6,0-1,0-4,0-3,5-10,2026-02-11,5,18,0.217,0,1,0.0,0,4,0.0,0,3,0.0,5,10,0.333,5,9,0.357,3,9,0.25,4,6,0.4,2026-02-09,
,Samford,SoCon,307,308,245,204,7-16,3-6,4-10,3-12,113.0,56,270,-11.6,293.0,-5.77,3-7,0-4,0-1,0-0,7-11,2026-02-11,7,16,0.304,0,4,0.0,0,1,0.0,0,0,,7,11,0.389,3,6,0.333,3,12,0.2,3,7,0.3,2026-02-09,
,Jackson St.,SWAC,308,309,280,216,6-16,5-6,1-10,3-10,137.0,44,282,-12.3,311.0,-6.39,5-5,0-3,0-2,0-2,6-9,2026-02-11,6,16,0.273,0,3,0.0,0,2,0.0,0,2,0.0,6,9,0.4,5,6,0.455,3,10,0.231,5,5,0.5,2026-02-09,
,Western Ky.,CUSA,309,310,206,193,4-17,1-10,3-7,2-11,178.0,130,310,-13.97,254.0,-4.83,1-9,0-2,0-1,0-1,4-13,2026-02-11,4,17,0.19,0,2,0.0,0,1,0.0,0,1,0.0,4,13,0.235,1,10,0.091,2,11,0.154,1,9,0.1,2026-02-09,
,Eastern Ill.,OVC,310,303,177,185,4-22,3-12,1-10,2-14,153.0,60,355,-17.84,321.0,-6.77,2-8,0-2,0-2,0-3,4-15,2026-02-11,4,22,0.154,0,2,0.0,0,2,0.0,0,3,0.0,4,15,0.211,3,12,0.2,2,14,0.125,2,8,0.2,2026-02-09,
,Hampton,CAA,311,311,317,228,6-14,3-8,3-6,3-7,355.0,345,295,-13.1,284.0,-5.5,2-8,0-0,0-0,0-2,6-12,2026-02-11,6,14,0.3,0,0,,0,0,,0,2,0.0,6,12,0.333,3,8,0.273,3,7,0.3,2,8,0.2,2026-02-09,
,Wright St.,Horizon,312,312,259,207,5-18,3-11,2-7,1-11,287.0,263,337,-15.84,294.0,-5.8,2-8,0-1,0-0,0-2,5-15,2026-02-11,5,18,0.217,0,1,0.0,0,0,,0,2,0.0,5,15,0.25,3,11,0.214,1,11,0.083,2,8,0.2,2026-02-09,
,American,Patriot,313,314,284,218,6-17,4-8,2-9,2-10,336.0,306,334,-15.45,344.0,-7.91,3-7,0-1,0-0,0-1,6-15,2026-02-11,6,17,0.261,0,1,0.0,0,0,,0,1,0.0,6,15,0.286,4,8,0.333,2,10,0.167,3,7,0.3,2026-02-09,
,Hofstra,CAA,314,313,192,191,3-18,2-9,1-9,2-8,158.0,69,323,-14.71,307.0,-6.19,2-8,0-2,0-1,0-2,3-13,2026-02-11,3,18,0.143,0,2,0.0,0,1,0.0,0,2,0.0,3,13,0.188,2,9,0.182,2,8,0.2,2,8,0.2,2026-02-09,
,Buffalo,MAC,315,316,156,178,2-22,0-12,2-10,0-11,209.0,211,358,-18.87,347.0,-8.12,0-10,0-1,0-2,0-3,2-16,2026-02-11,2,22,0.083,0,1,0.0,0,2,0.0,0,3,0.0,2,16,0.111,0,12,0.0,0,11,0.0,0,10,0.0,2026-02-09,
,Portland St.,Big Sky,316,315,199,192,5-17,2-9,3-8,1-11,291.0,307,328,-14.97,324.0,-6.92,1-9,0-1,0-1,0-1,5-14,2026-02-11,5,17,0.227,0,1,0.0,0,1,0.0,0,1,0.0,5,14,0.263,2,9,0.182,1,11,0.083,1,9,0.1,2026-02-09,
,N.C. Central,MEAC,317,317,249,205,4-15,2-5,2-10,1-9,120.0,68,269,-11.49,318.0,-6.61,3-7,0-3,0-0,0-2,4-10,2026-02-11,4,15,0.211,0,3,0.0,0,0,,0,2,0.0,4,10,0.286,2,5,0.286,1,9,0.1,3,7,0.3,2026-02-09,
,Colgate,Patriot,318,319,254,206,5-17,2-10,3-7,2-10,274.0,188,326,-14.83,271.0,-5.27,1-9,0-1,0-2,0-1,5-13,2026-02-11,5,17,0.227,0,1,0.0,0,2,0.0,0,1,0.0,5,13,0.278,2,10,0.167,2,10,0.167,1,9,0.1,2026-02-09,
,NIU,MAC,319,318,184,187,5-19,2-10,3-9,2-12,241.0,301,344,-16.24,340.0,-7.77,2-8,0-1,0-1,0-3,5-14,2026-02-11,5,19,0.208,0,1,0.0,0,1,0.0,0,3,0.0,5,14,0.263,2,10,0.167,2,12,0.143,2,8,0.2,2026-02-09,
,Wagner,NEC,320,320,355,258,9-12,6-5,3-7,4-9,266.0,160,238,-9.87,263.0,-5.07,5-5,0-1,0-2,0-0,9-9,2026-02-11,9,12,0.429,0,1,0.0,0,2,0.0,0,0,,9,9,0.5,6,5,0.545,4,9,0.308,5,5,0.5,2026-02-09,
,Grambling,SWAC,321,321,282,217,4-16,4-6,0-10,1-10,257.0,149,307,-13.9,346.0,-7.96,4-6,0-1,0-0,0-3,4-12,2026-02-11,4,16,0.2,0,1,0.0,0,0,,0,3,0.0,4,12,0.25,4,6,0.4,1,10,0.091,4,6,0.4,2026-02-09,
,Texas Southern,SWAC,322,322,284,218,5-14,5-6,0-8,3-10,105.0,13,248,-10.29,241.0,-4.39,4-6,0-3,0-1,0-2,5-8,2026-02-11,5,14,0.263,0,3,0.0,0,1,0.0,0,2,0.0,5,8,0.385,5,6,0.455,3,10,0.231,4,6,0.4,2026-02-09,
,Charleston So.,Big South,323,323,280,216,7-16,6-5,1-11,4-8,173.0,80,286,-12.64,341.0,-7.8,5-5,0-2,0-1,0-4,7-9,2026-02-11,7,16,0.304,0,2,0.0,0,1,0.0,0,4,0.0,7,9,0.438,6,5,0.545,4,8,0.333,5,5,0.5,2026-02-09,
,UNCW,CAA,324,324,305,224,4-17,1-10,3-7,1-11,301.0,277,331,-15.16,292.0,-5.76,0-10,0-1,0-0,0-2,4-14,2026-02-11,4,17,0.19,0,1,0.0,0,0,,0,2,0.0,4,14,0.222,1,10,0.091,1,11,0.083,0,10,0.0,2026-02-09,
,Tennessee St.,OVC,325,325,213,195,4-19,3-11,1-8,0-11,202.0,111,340,-15.97,299.0,-5.89,2-8,0-2,0-0,0-2,4-15,2026-02-11,4,19,0.174,0,2,0.0,0,0,,0,2,0.0,4,15,0.211,3,11,0.214,0,11,0.0,2,8,0.2,2026-02-09,
,San Jose St.,Mountain West,326,327,94,153,2-21,1-12,1-9,0-13,139.0,114,351,-17.15,319.0,-6.69,1-9,0-1,0-3,0-6,2-11,2026-02-11,2,21,0.087,0,1,0.0,0,3,0.0,0,6,0.0,2,11,0.154,1,12,0.077,0,13,0.0,1,9,0.1,2026-02-09,
,North Dakota,Summit League,327,326,209,194,4-18,3-8,1-10,1-9,198.0,152,329,-15.04,342.0,-7.82,3-7,0-1,0-2,0-3,4-12,2026-02-11,4,18,0.182,0,1,0.0,0,2,0.0,0,3,0.0,4,12,0.25,3,8,0.273,1,9,0.1,3,7,0.3,2026-02-09,
,Louisiana,Sun Belt,328,328,121,167,2-20,1-12,1-8,1-9,187.0,239,349,-16.96,320.0,-6.71,2-8,0-1,0-1,0-3,2-15,2026-02-11,2,20,0.091,0,1,0.0,0,1,0.0,0,3,0.0,2,15,0.118,1,12,0.077,1,9,0.1,2,8,0.2,2026-02-09,
,Ark.-Pine Bluff,SWAC,329,329,325,230,8-12,6-5,2-7,4-9,259.0,121,240,-9.91,260.0,-4.99,6-4,0-1,0-0,0-3,8-8,2026-02-11,8,12,0.4,0,1,0.0,0,0,,0,3,0.0,8,8,0.5,6,5,0.545,4,9,0.308,6,4,0.6,2026-02-09,
,Queens (NC),ASUN,330,330,335,235,6-15,2-10,4-5,3-7,265.0,191,292,-12.87,205.0,-3.45,1-9,0-1,0-1,0-1,6-12,2026-02-11,6,15,0.286,0,1,0.0,0,1,0.0,0,1,0.0,6,12,0.333,2,10,0.167,3,7,0.3,1,9,0.1,2026-02-09,
,Gardner-Webb,Big South,331,331,355,258,8-16,5-5,3-11,3-10,347.0,332,322,-14.69,359.0,-9.94,5-5,0-1,0-0,0-2,8-13,2026-02-11,8,16,0.333,0,1,0.0,0,0,,0,2,0.0,8,13,0.381,5,5,0.5,3,10,0.231,5,5,0.5,2026-02-09,
,UNC Asheville,Big South,332,332,358,269,6-15,4-7,2-8,4-7,361.0,361,315,-14.41,339.0,-7.72,4-6,0-0,0-0,0-2,6-13,2026-02-11,6,15,0.286,0,0,,0,0,,0,2,0.0,6,13,0.316,4,7,0.364,4,7,0.364,4,6,0.4,2026-02-09,
,Rider,MAAC,333,333,345,244,5-18,3-11,2-7,2-11,342.0,330,347,-16.63,308.0,-6.29,3-7,0-0,0-2,0-2,5-14,2026-02-11,5,18,0.217,0,0,,0,2,0.0,0,2,0.0,5,14,0.263,3,11,0.214,2,11,0.154,3,7,0.3,2026-02-09,
,Florida A&M,SWAC,334,334,341,238,6-15,6-5,0-10,1-11,319.0,219,299,-13.36,351.0,-8.45,6-4,0-0,0-2,0-2,6-11,2026-02-11,6,15,0.286,0,0,,0,2,0.0,0,2,0.0,6,11,0.353,6,5,0.545,1,11,0.083,6,4,0.6,2026-02-09,
,Southeastern La.,Southland,335,335,199,192,3-18,3-12,0-6,0-11,119.0,6,312,-14.12,173.0,-2.87,2-8,0-3,0-1,0-2,3-12,2026-02-11,3,18,0.143,0,3,0.0,0,1,0.0,0,2,0.0,3,12,0.2,3,12,0.2,0,11,0.0,2,8,0.2,2026-02-09,
,Seattle U,WCC,336,336,165,180,3-19,1-12,2-7,0-12,201.0,251,342,-16.08,291.0,-5.75,1-9,0-1,0-1,0-6,3-11,2026-02-11,3,19,0.136,0,1,0.0,0,1,0.0,0,6,0.0,3,11,0.214,1,12,0.077,0,12,0.0,1,9,0.1,2026-02-09,
,Long Beach St.,Big West,337,338,138,172,2-19,2-10,0-9,0-10,218.0,148,346,-16.39,331.0,-7.17,2-8,0-1,0-0,0-4,2-14,2026-02-11,2,19,0.095,0,1,0.0,0,0,,0,4,0.0,2,14,0.125,2,10,0.167,0,10,0.0,2,8,0.2,2026-02-09,
,A&M-Corpus Christi,Southland,338,337,294,221,3-18,3-12,0-6,0-12,293.0,108,341,-16.07,247.0,-4.57,2-8,0-1,0-0,0-3,3-14,2026-02-11,3,18,0.143,0,1,0.0,0,0,,0,3,0.0,3,14,0.176,3,12,0.2,0,12,0.0,2,8,0.2,2026-02-09,
,Stonehill,NEC,339,339,348,250,7-15,4-8,3-7,1-9,304.0,199,296,-13.11,274.0,-5.31,4-6,0-1,0-0,0-1,7-13,2026-02-11,7,15,0.318,0,1,0.0,0,0,,0,1,0.0,7,13,0.35,4,8,0.333,1,9,0.1,4,6,0.4,2026-02-09,
,Mercyhurst,NEC,340,340,336,236,8-15,8-4,0-11,6-8,151.0,49,266,-11.32,337.0,-7.51,7-3,0-4,0-0,0-0,8-11,2026-02-11,8,15,0.348,0,4,0.0,0,0,,0,0,,8,11,0.421,8,4,0.667,6,8,0.429,7,3,0.7,2026-02-09,
,Cal Poly,Big West,341,341,168,181,1-20,1-12,0-8,0-12,125.0,17,343,-16.17,252.0,-4.76,1-9,0-3,0-1,0-0,1-16,2026-02-11,1,20,0.048,0,3,0.0,0,1,0.0,0,0,,1,16,0.059,1,12,0.077,0,12,0.0,1,9,0.1,2026-02-09,
,Canisius,MAAC,342,342,311,227,4-19,2-12,2-7,1-10,194.0,122,338,-15.87,261.0,-5.0,2-8,0-2,0-2,0-2,4-13,2026-02-11,4,19,0.174,0,2,0.0,0,2,0.0,0,2,0.0,4,13,0.235,2,12,0.143,1,10,0.091,2,8,0.2,2026-02-09,
,Chicago St.,NEC,343,343,342,242,8-17,7-5,1-12,3-12,283.0,183,321,-14.62,357.0,-9.71,7-3,0-1,0-1,0-1,8-14,2026-02-11,8,17,0.32,0,1,0.0,0,1,0.0,0,1,0.0,8,14,0.364,7,5,0.583,3,12,0.2,7,3,0.7,2026-02-09,
,Saint Peter's,MAAC,344,344,309,226,5-17,5-9,0-8,4-8,334.0,293,335,-15.49,330.0,-7.15,3-7,0-0,0-2,0-1,5-14,2026-02-11,5,17,0.227,0,0,,0,2,0.0,0,1,0.0,5,14,0.263,5,9,0.357,4,8,0.333,3,7,0.3,2026-02-09,
,UMass Lowell,America East,345,345,272,213,4-17,1-10,3-7,2-10,345.0,351,336,-15.77,317.0,-6.55,1-9,0-0,0-0,0-2,4-15,2026-02-11,4,17,0.19,0,0,,0,0,,0,2,0.0,4,15,0.211,1,10,0.091,2,10,0.167,1,9,0.1,2026-02-09,
,Bethune-Cookman,SWAC,346,347,325,230,3-18,3-8,0-10,0-11,167.0,52,327,-14.85,325.0,-6.94,2-8,0-2,0-2,0-1,3-13,2026-02-11,3,18,0.143,0,2,0.0,0,2,0.0,0,1,0.0,3,13,0.188,3,8,0.273,0,11,0.0,2,8,0.2,2026-02-09,
,New Orleans,Southland,347,346,249,205,2-20,2-13,0-7,1-10,180.0,28,348,-16.92,243.0,-4.47,2-8,0-2,0-2,0-1,2-15,2026-02-11,2,20,0.091,0,2,0.0,0,2,0.0,0,1,0.0,2,15,0.118,2,13,0.133,1,10,0.091,2,8,0.2,2026-02-09,
,New Haven,NEC,348,348,362,284,5-16,5-6,0-10,1-8,358.0,335,330,-15.13,353.0,-9.26,3-7,0-0,0-1,0-0,5-15,2026-02-11,5,16,0.238,0,0,,0,1,0.0,0,0,,5,15,0.25,5,6,0.455,1,8,0.111,3,7,0.3,2026-02-09,
,Delaware St.,MEAC,349,349,294,221,1-19,1-7,0-12,1-11,268.0,221,350,-17.01,362.0,-10.16,1-9,0-1,0-0,0-2,1-16,2026-02-11,1,19,0.05,0,1,0.0,0,0,,0,2,0.0,1,16,0.059,1,7,0.125,1,11,0.083,1,9,0.1,2026-02-09,
,Western Caro.,SoCon,350,350,302,223,0-20,0-9,0-11,0-10,224.0,145,354,-17.58,352.0,-8.75,0-10,0-1,0-2,0-1,0-16,2026-02-11,0,20,0.0,0,1,0.0,0,2,0.0,0,1,0.0,0,16,0.0,0,9,0.0,0,10,0.0,0,10,0.0,2026-02-09,
,Morgan St.,MEAC,351,351,184,187,2-20,2-6,0-14,1-13,124.0,74,339,-15.96,361.0,-10.15,2-8,0-3,0-2,0-1,2-14,2026-02-11,2,20,0.091,0,3,0.0,0,2,0.0,0,1,0.0,2,14,0.125,2,6,0.25,1,13,0.071,2,8,0.2,2026-02-09,
,USC Upstate,Big South,352,352,342,242,4-17,2-8,2-9,2-10,190.0,104,313,-14.13,309.0,-6.3,2-8,0-3,0-0,0-1,4-13,2026-02-11,4,17,0.19,0,3,0.0,0,0,,0,1,0.0,4,13,0.235,2,8,0.2,2,10,0.167,2,8,0.2,2026-02-09,
,Mississippi Val.,SWAC,353,353,282,217,4-17,3-7,1-10,1-11,130.0,47,300,-13.41,316.0,-6.49,3-7,0-3,0-2,0-0,4-12,2026-02-11,4,17,0.19,0,3,0.0,0,2,0.0,0,0,,4,12,0.25,3,7,0.3,1,11,0.083,3,7,0.3,2026-02-09,
,South Carolina St.,MEAC,354,354,323,229,3-17,2-5,1-12,2-9,248.0,215,324,-14.79,360.0,-9.98,2-8,0-1,0-1,0-2,3-13,2026-02-11,3,17,0.15,0,1,0.0,0,1,0.0,0,2,0.0,3,13,0.188,2,5,0.286,2,9,0.182,2,8,0.2,2026-02-09,
,Le Moyne,NEC,355,355,347,247,6-18,5-7,1-11,4-11,237.0,120,332,-15.22,349.0,-8.32,4-6,0-2,0-1,0-2,6-13,2026-02-11,6,18,0.25,0,2,0.0,0,1,0.0,0,2,0.0,6,13,0.316,5,7,0.417,4,11,0.267,4,6,0.4,2026-02-09,
,Prairie View,SWAC,356,356,325,230,0-20,0-11,0-9,0-15,196.0,62,352,-17.29,310.0,-6.39,0-10,0-2,0-0,0-2,0-16,2026-02-11,0,20,0.0,0,2,0.0,0,0,,0,2,0.0,0,16,0.0,0,11,0.0,0,15,0.0,0,10,0.0,2026-02-09,
,Omaha,Summit League,357,358,113,163,1-23,1-10,0-13,0-12,100.0,143,356,-17.98,363.0,-10.33,1-9,0-2,0-5,0-2,1-14,2026-02-11,1,23,0.042,0,2,0.0,0,5,0.0,0,2,0.0,1,14,0.067,1,10,0.091,0,12,0.0,1,9,0.1,2026-02-09,
,Saint Francis,NEC,358,357,359,274,2-20,2-10,0-10,1-10,363.0,356,360,-19.53,355.0,-9.61,2-8,0-0,0-0,0-0,2-20,2026-02-11,2,20,0.091,0,0,,0,0,,0,0,,2,20,0.091,2,10,0.167,1,10,0.091,2,8,0.2,2026-02-09,
,Valparaiso,MVC,359,359,275,215,0-24,0-13,0-11,0-12,323.0,281,363,-22.2,356.0,-9.65,0-10,0-1,0-0,0-1,0-22,2026-02-11,0,24,0.0,0,1,0.0,0,0,,0,1,0.0,0,22,0.0,0,13,0.0,0,12,0.0,0,10,0.0,2026-02-09,
,Bellarmine,ASUN,360,360,151,176,1-23,0-12,1-11,1-13,109.0,42,357,-18.35,327.0,-6.96,0-10,0-4,0-0,0-2,1-17,2026-02-11,1,23,0.042,0,4,0.0,0,0,,0,2,0.0,1,17,0.056,0,12,0.0,1,13,0.071,0,10,0.0,2026-02-09,
,Central Conn. St.,NEC,361,361,357,261,0-23,0-12,0-11,0-13,330.0,250,362,-21.3,354.0,-9.47,0-10,0-1,0-0,0-2,0-20,2026-02-11,0,23,0.0,0,1,0.0,0,0,,0,2,0.0,0,20,0.0,0,12,0.0,0,13,0.0,0,10,0.0,2026-02-09,
,Niagara,MAAC,362,362,317,228,0-23,0-14,0-9,0-13,215.0,151,361,-20.08,332.0,-7.21,0-10,0-2,0-2,0-1,0-18,2026-02-11,0,23,0.0,0,2,0.0,0,2,0.0,0,1,0.0,0,18,0.0,0,14,0.0,0,13,0.0,0,10,0.0,2026-02-09,
,Presbyterian,Big South,363,363,336,236,1-21,1-10,0-11,1-11,338.0,299,359,-19.53,358.0,-9.87,1-9,0-1,0-0,0-2,1-18,2026-02-11,1,21,0.045,0,1,0.0,0,0,,0,2,0.0,1,18,0.053,1,10,0.091,1,11,0.083,1,9,0.1,2026-02-09,
,UConn,Big East,1,1,10,91,27-0,16-0,11-0,10-0,44.0,1,4,9.81,1.0,6.74,10-0,7-0,6-0,3-0,11-0,2026-02-18,27,0,1.0,7,0,1.0,6,0,1.0,3,0,1.0,11,0,1.0,16,0,1.0,10,0,1.0,10,0,1.0,2026-02-16,10-0
,UCLA,Big Ten,2,2,1,74,25-1,15-0,10-1,8-0,1.0,12,1,13.3,3.0,3.98,10-0,14-1,0-0,6-0,5-0,2026-02-18,25,1,0.962,14,1,0.933,0,0,,6,0,1.0,5,0,1.0,15,0,1.0,8,0,1.0,10,0,1.0,2026-02-16,5-0
,South Carolina,SEC,3,3,15,96,25-2,11-1,14-1,9-1,10.0,42,2,10.46,4.0,3.79,9-1,7-2,7-0,2-0,9-0,2026-02-18,25,2,0.926,7,2,0.778,7,0,1.0,2,0,1.0,9,0,1.0,11,1,0.917,9,1,0.9,9,1,0.9,2026-02-16,9-0
,Texas,SEC,4,4,22,101,24-3,9-3,15-0,5-3,6.0,37,3,10.46,2.0,5.05,7-3,10-3,4-0,2-0,8-0,2026-02-18,24,3,0.889,10,3,0.769,4,0,1.0,2,0,1.0,8,0,1.0,9,3,0.75,5,3,0.625,7,3,0.7,2026-02-16,8-0
,LSU,SEC,5,5,76,138,22-4,8-4,14-0,8-2,36.0,274,10,5.74,15.0,1.64,8-2,4-4,4-0,2-0,12-0,2026-02-18,22,4,0.846,4,4,0.5,4,0,1.0,2,0,1.0,12,0,1.0,8,4,0.667,8,2,0.8,8,2,0.8,2026-02-16,12-0
,Michigan,Big Ten,6,6,10,91,22-4,13-2,9-2,7-1,9.0,39,5,8.11,17.0,1.62,8-2,6-4,4-0,5-0,7-0,2026-02-18,22,4,0.846,6,4,0.6,4,0,1.0,5,0,1.0,7,0,1.0,13,2,0.867,7,1,0.875,8,2,0.8,2026-02-16,7-0
,Vanderbilt,SEC,7,7,39,111,24-3,10-3,14-0,6-2,27.0,145,6,7.92,6.0,2.73,7-3,6-3,5-0,5-0,8-0,2026-02-18,24,3,0.889,6,3,0.667,5,0,1.0,5,0,1.0,8,0,1.0,10,3,0.769,6,2,0.75,7,3,0.7,2026-02-16,8-0
,Louisville,ACC,8,8,42,112,24-4,14-1,10-3,8-0,25.0,33,8,7.38,22.0,1.42,9-1,7-4,4-0,1-0,12-0,2026-02-18,24,4,0.857,7,4,0.636,4,0,1.0,1,0,1.0,12,0,1.0,14,1,0.933,8,0,1.0,9,1,0.9,2026-02-16,10-0
,Minnesota,Big Ten,9,9,35,109,20-6,11-4,9-2,7-3,32.0,183,21,4.06,51.0,-0.15,8-2,3-5,2-1,6-0,9-0,2026-02-18,20,6,0.769,3,5,0.375,2,1,0.667,6,0,1.0,9,0,1.0,11,4,0.733,7,3,0.7,8,2,0.8,2026-02-16,8-0
,Duke,ACC,10,10,6,83,19-6,14-0,5-6,9-1,8.0,5,11,5.68,58.0,-0.39,10-0,6-5,4-1,2-0,7-0,2026-02-18,19,6,0.76,6,5,0.545,4,1,0.8,2,0,1.0,7,0,1.0,14,0,1.0,9,1,0.9,10,0,1.0,2026-02-16,9-0
,TCU,Big 12,11,11,58,123,23-4,11-3,12-1,5-3,52.0,155,14,5.08,21.0,1.46,7-3,4-2,5-2,1-0,13-0,2026-02-18,23,4,0.852,4,2,0.667,5,2,0.714,1,0,1.0,13,0,1.0,11,3,0.786,5,3,0.625,7,3,0.7,2026-02-16,10-0
,Iowa,Big Ten,12,14,1,74,20-5,11-3,9-2,6-3,5.0,38,7,7.52,16.0,1.63,7-3,6-5,5-0,2-0,7-0,2026-02-18,20,5,0.8,6,5,0.545,5,0,1.0,2,0,1.0,7,0,1.0,11,3,0.786,6,3,0.667,7,3,0.7,2026-02-16,9-0
,Oklahoma,SEC,13,12,47,115,19-6,7-5,12-1,4-3,16.0,124,16,4.84,10.0,1.76,5-5,4-6,3-0,2-0,10-0,2026-02-18,19,6,0.76,4,6,0.4,3,0,1.0,2,0,1.0,10,0,1.0,7,5,0.583,4,3,0.571,5,5,0.5,2026-02-16,12-0
,Maryland,Big Ten,14,13,49,116,21-6,9-6,12-0,6-2,20.0,235,12,5.5,12.0,1.68,5-5,6-5,1-1,4-0,10-0,2026-02-18,21,6,0.778,6,5,0.545,1,1,0.5,4,0,1.0,10,0,1.0,9,6,0.6,6,2,0.75,5,5,0.5,2026-02-16,9-0
,Michigan State,Big Ten,15,15,39,111,20-6,9-6,11-0,6-3,18.0,217,13,5.26,18.0,1.61,5-5,4-5,5-0,1-1,10-0,2026-02-18,20,6,0.769,4,5,0.444,5,0,1.0,1,1,0.5,10,0,1.0,9,6,0.6,6,3,0.667,5,5,0.5,2026-02-16,7-0
,Kentucky,SEC,16,16,33,108,20-7,7-6,13-1,7-4,21.0,112,17,4.5,8.0,2.14,5-5,4-6,2-1,6-0,8-0,2026-02-18,20,7,0.741,4,6,0.4,2,1,0.667,6,0,1.0,8,0,1.0,7,6,0.538,7,4,0.636,5,5,0.5,2026-02-16,8-0
,Ohio State,Big Ten,17,17,39,111,22-4,11-3,11-1,6-2,23.0,88,9,6.81,9.0,2.03,8-2,6-4,2-0,4-0,10-0,2026-02-18,22,4,0.846,6,4,0.6,2,0,1.0,4,0,1.0,10,0,1.0,11,3,0.786,6,2,0.75,8,2,0.8,2026-02-16,10-0
,UNC,ACC,18,18,54,121,21-6,10-4,11-2,6-3,45.0,60,22,3.78,11.0,1.72,8-2,1-5,7-1,4-0,9-0,2026-02-18,21,6,0.778,1,5,0.167,7,1,0.875,4,0,1.0,9,0,1.0,10,4,0.714,6,3,0.667,8,2,0.8,2026-02-16,10-0
,Ole Miss,SEC,19,19,54,121,20-6,7-4,13-2,4-4,39.0,174,24,3.69,35.0,0.62,6-4,3-5,4-1,2-0,11-0,2026-02-18,20,6,0.769,3,5,0.375,4,1,0.8,2,0,1.0,11,0,1.0,7,4,0.636,4,4,0.5,6,4,0.6,2026-02-16,8-0
,Tennessee,SEC,20,20,7,85,16-7,8-3,8-4,7-3,7.0,20,20,4.18,34.0,0.64,6-4,5-6,1-1,2-0,8-0,2026-02-18,16,7,0.696,5,6,0.455,1,1,0.5,2,0,1.0,8,0,1.0,8,3,0.727,7,3,0.7,6,4,0.6,2026-02-16,7-0
,USC,Big Ten,21,21,4,78,16-9,8-6,8-3,3-5,2.0,21,18,4.2,26.0,1.15,6-4,4-9,2-0,3-0,7-0,2026-02-18,16,9,0.64,4,9,0.308,2,0,1.0,3,0,1.0,7,0,1.0,8,6,0.571,3,5,0.375,6,4,0.6,2026-02-16,8-0
,West Virginia,Big 12,22,22,15,96,21-6,11-4,10-2,7-2,33.0,75,19,4.2,27.0,1.14,7-3,2-3,7-3,3-0,9-0,2026-02-18,21,6,0.778,2,3,0.4,7,3,0.7,3,0,1.0,9,0,1.0,11,4,0.733,7,2,0.778,7,3,0.7,2026-02-16,9-0
,Oregon,Big Ten,23,23,15,96,18-9,6-8,12-1,5-4,29.0,276,33,1.63,40.0,0.51,4-6,2-7,1-1,2-1,13-0,2026-02-18,18,9,0.667,2,7,0.222,1,1,0.5,2,1,0.667,13,0,1.0,6,8,0.429,5,4,0.556,4,6,0.4,2026-02-16,13-0
,NC State,ACC,24,24,3,75,17-8,10-4,7-4,6-3,15.0,14,28,2.88,30.0,0.81,6-4,3-7,5-1,3-0,6-0,2026-02-18,17,8,0.68,3,7,0.3,5,1,0.833,3,0,1.0,6,0,1.0,10,4,0.714,6,3,0.667,6,4,0.6,2026-02-16,7-0
,Notre Dame,ACC,25,26,24,102,16-9,8-6,8-3,3-6,12.0,18,31,2.07,23.0,1.3,5-5,4-6,2-2,2-1,8-0,2026-02-18,16,9,0.64,4,6,0.4,2,2,0.5,2,1,0.667,8,0,1.0,8,6,0.571,3,6,0.333,5,5,0.5,2026-02-16,10-0
,Alabama,SEC,26,27,32,107,20-6,6-6,14-0,2-4,37.0,200,23,3.74,7.0,2.19,5-5,4-4,4-1,2-1,10-0,2026-02-18,20,6,0.769,4,4,0.5,4,1,0.8,2,1,0.667,10,0,1.0,6,6,0.5,2,4,0.333,5,5,0.5,2026-02-16,9-0
,Oklahoma State,Big 12,27,29,63,127,20-7,10-5,10-2,4-5,61.0,214,40,1.1,52.0,-0.21,7-3,0-2,6-4,4-1,10-0,2026-02-18,20,7,0.741,0,2,0.0,6,4,0.6,4,1,0.8,10,0,1.0,10,5,0.667,4,5,0.444,7,3,0.7,2026-02-16,10-0
,Baylor,Big 12,28,28,36,110,22-5,11-3,11-2,7-1,41.0,63,15,4.99,14.0,1.64,8-2,3-4,5-1,4-0,10-0,2026-02-18,22,5,0.815,3,4,0.429,5,1,0.833,4,0,1.0,10,0,1.0,11,3,0.786,7,1,0.875,8,2,0.8,2026-02-16,15-0
,Nebraska,Big Ten,29,25,12,92,16-10,5-10,11-0,1-6,17.0,231,38,1.27,20.0,1.56,2-8,0-9,3-0,3-1,10-0,2026-02-18,16,10,0.615,0,9,0.0,3,0,1.0,3,1,0.75,10,0,1.0,5,10,0.333,1,6,0.143,2,8,0.2,2026-02-16,8-0
,Washington,Big Ten,30,30,25,103,19-7,9-6,10-1,6-4,28.0,238,25,3.32,39.0,0.52,7-3,4-5,2-2,2-0,11-0,2026-02-18,19,7,0.731,4,5,0.444,2,2,0.5,2,0,1.0,11,0,1.0,9,6,0.6,6,4,0.6,7,3,0.7,2026-02-16,10-0
,Texas Tech,Big 12,31,31,50,118,23-4,10-4,13-0,7-2,73.0,295,27,3.2,24.0,1.29,6-4,3-1,3-2,2-1,15-0,2026-02-18,23,4,0.852,3,1,0.75,3,2,0.6,2,1,0.667,15,0,1.0,10,4,0.714,7,2,0.778,6,4,0.6,2026-02-16,11-0
,Illinois,Big Ten,32,32,44,113,17-8,7-7,10-1,5-5,31.0,310,32,1.76,48.0,-0.01,4-6,2-7,2-0,4-1,9-0,2026-02-18,17,8,0.68,2,7,0.222,2,0,1.0,4,1,0.8,9,0,1.0,7,7,0.5,5,5,0.5,4,6,0.4,2026-02-16,13-0
,Iowa State,Big 12,33,33,75,137,20-6,8-6,12-0,4-4,70.0,241,37,1.27,13.0,1.65,6-4,2-2,4-3,1-1,13-0,2026-02-18,20,6,0.769,2,2,0.5,4,3,0.571,1,1,0.5,13,0,1.0,8,6,0.571,4,4,0.5,6,4,0.6,2026-02-16,12-0
,Georgia,SEC,34,34,79,140,20-6,6-6,14-0,5-3,47.0,337,26,3.22,28.0,0.91,5-5,3-5,2-1,4-0,11-0,2026-02-18,20,6,0.769,3,5,0.375,2,1,0.667,4,0,1.0,11,0,1.0,6,6,0.5,5,3,0.625,5,5,0.5,2026-02-16,9-0
,Mississippi State,SEC,35,35,64,129,18-8,5-7,13-1,3-5,46.0,308,36,1.39,43.0,0.28,4-6,2-7,1-0,3-1,12-0,2026-02-18,18,8,0.692,2,7,0.222,1,0,1.0,3,1,0.75,12,0,1.0,5,7,0.417,3,5,0.375,4,6,0.4,2026-02-16,12-0
,Virginia,ACC,36,36,76,138,18-8,10-5,8-3,5-4,62.0,187,50,-0.24,85.0,-1.16,5-5,2-5,1-2,4-0,11-1,2026-02-18,18,8,0.692,2,5,0.286,1,2,0.333,4,0,1.0,11,1,0.917,10,5,0.667,5,4,0.556,5,5,0.5,2026-02-16,11-1
,Villanova,Big East,37,37,54,121,21-5,14-3,7-2,9-3,89.0,71,41,0.66,41.0,0.43,8-2,1-1,2-3,4-1,14-0,2026-02-18,21,5,0.808,1,1,0.5,2,3,0.4,4,1,0.8,14,0,1.0,14,3,0.824,9,3,0.75,8,2,0.8,2026-02-16,12-0
,Syracuse,ACC,38,38,72,135,21-5,11-4,10-1,6-1,65.0,210,29,2.55,32.0,0.67,8-2,1-4,5-1,3-0,12-0,2026-02-18,21,5,0.808,1,4,0.2,5,1,0.833,3,0,1.0,12,0,1.0,11,4,0.733,6,1,0.857,8,2,0.8,2026-02-16,13-0
,Richmond,Atlantic 10,39,39,92,151,22-5,12-2,10-3,8-3,98.0,84,44,0.29,42.0,0.31,9-1,0-3,2-2,4-0,16-0,2026-02-18,22,5,0.815,0,3,0.0,2,2,0.5,4,0,1.0,16,0,1.0,12,2,0.857,8,3,0.727,9,1,0.9,2026-02-16,14-0
,Clemson,ACC,40,40,92,151,18-9,9-6,9-3,6-7,51.0,108,45,0.2,53.0,-0.22,6-4,2-8,1-0,1-1,14-0,2026-02-18,18,9,0.667,2,8,0.2,1,0,1.0,1,1,0.5,14,0,1.0,9,6,0.6,6,7,0.462,6,4,0.6,2026-02-16,16-0
,North Dakota St.,Summit League,41,41,271,214,21-2,12-0,9-2,11-0,245.0,240,43,0.37,61.0,-0.48,10-0,1-1,0-0,2-1,18-0,2026-02-18,21,2,0.913,1,1,0.5,0,0,,2,1,0.667,18,0,1.0,12,0,1.0,11,0,1.0,10,0,1.0,2026-02-16,15-0
,Virginia Tech,ACC,42,42,74,136,20-7,10-5,10-2,6-3,60.0,262,39,1.25,64.0,-0.5,8-2,2-4,4-2,3-1,11-0,2026-02-18,20,7,0.741,2,4,0.333,4,2,0.667,3,1,0.75,11,0,1.0,10,5,0.667,6,3,0.667,8,2,0.8,2026-02-16,9-1
,Rhode Island,Atlantic 10,43,43,116,165,22-2,14-0,8-2,11-1,156.0,195,35,1.39,59.0,-0.4,10-0,1-0,2-1,3-0,16-1,2026-02-18,22,2,0.917,1,0,1.0,2,1,0.667,3,0,1.0,16,1,0.941,14,0,1.0,11,1,0.917,10,0,1.0,2026-02-16,9-0
,Stanford,ACC,44,44,36,110,16-11,5-9,11-2,5-4,35.0,94,54,-0.86,25.0,1.18,2-8,2-6,3-3,2-1,9-1,2026-02-18,16,11,0.593,2,6,0.25,3,3,0.5,2,1,0.667,9,1,0.9,5,9,0.357,5,4,0.556,2,8,0.2,2026-02-16,11-0
,South Dakota St.,Summit League,45,45,139,173,20-6,10-2,10-4,7-2,91.0,34,53,-0.51,31.0,0.75,8-2,0-3,2-2,4-1,14-0,2026-02-18,20,6,0.769,0,3,0.0,2,2,0.5,4,1,0.8,14,0,1.0,10,2,0.833,7,2,0.778,8,2,0.8,2026-02-16,10-0
,Colorado,Big 12,46,46,22,101,18-8,9-5,9-3,3-5,56.0,197,42,0.54,80.0,-1.09,7-3,1-4,4-1,2-2,11-1,2026-02-18,18,8,0.692,1,4,0.2,4,1,0.8,2,2,0.5,11,1,0.917,9,5,0.643,3,5,0.375,7,3,0.7,2026-02-16,12-0
,Princeton,Ivy League,47,47,67,131,20-3,8-2,12-1,9-2,80.0,49,30,2.34,5.0,3.0,8-2,2-1,2-1,7-1,9-0,2026-02-18,20,3,0.87,2,1,0.667,2,1,0.667,7,1,0.875,9,0,1.0,8,2,0.8,9,2,0.818,8,2,0.8,2026-02-16,15-1
,Arizona State,Big 12,48,48,47,115,21-6,8-6,13-0,7-5,68.0,265,34,1.57,19.0,1.61,5-5,0-3,7-1,4-2,10-0,2026-02-18,21,6,0.778,0,3,0.0,7,1,0.875,4,2,0.667,10,0,1.0,8,6,0.571,7,5,0.583,5,5,0.5,2026-02-16,9-0
,Fairfield,MAAC,49,49,291,222,22-4,16-1,6-3,11-2,132.0,17,46,0.15,36.0,0.55,9-1,2-2,1-0,1-1,18-1,2026-02-18,22,4,0.846,2,2,0.5,1,0,1.0,1,1,0.5,18,1,0.947,16,1,0.941,11,2,0.846,9,1,0.9,2026-02-16,9-0
,James Madison,Sun Belt,50,50,83,144,20-8,11-4,9-4,7-5,104.0,70,79,-2.84,62.0,-0.49,9-1,0-2,1-2,6-3,13-1,2026-02-18,20,8,0.714,0,2,0.0,1,2,0.333,6,3,0.667,13,1,0.929,11,4,0.733,7,5,0.583,9,1,0.9,2026-02-16,8-1
,Kansas,Big 12,51,51,28,105,15-11,6-9,9-2,4-5,50.0,149,65,-1.97,45.0,0.14,5-5,1-6,0-4,5-0,9-1,2026-02-18,15,11,0.577,1,6,0.143,0,4,0.0,5,0,1.0,9,1,0.9,6,9,0.4,4,5,0.444,5,5,0.5,2026-02-16,11-0
,Florida,SEC,52,53,62,126,15-12,3-9,12-3,1-8,57.0,313,86,-3.15,107.0,-1.68,3-7,0-8,0-0,3-3,12-1,2026-02-18,15,12,0.556,0,8,0.0,0,0,,3,3,0.5,12,1,0.923,3,9,0.25,1,8,0.111,3,7,0.3,2026-02-16,13-1
,Utah,Big 12,53,52,19,100,16-10,8-7,8-3,8-3,34.0,89,48,-0.2,54.0,-0.24,4-6,2-2,3-8,1-0,10-0,2026-02-18,16,10,0.615,2,2,0.5,3,8,0.273,1,0,1.0,10,0,1.0,8,7,0.533,8,3,0.727,4,6,0.4,2026-02-16,17-1
,Seton Hall,Big East,54,54,60,125,17-8,11-5,6-3,7-5,74.0,114,60,-1.41,78.0,-1.0,7-3,0-4,1-1,5-2,11-1,2026-02-18,17,8,0.68,0,4,0.0,1,1,0.5,5,2,0.714,11,1,0.917,11,5,0.688,7,5,0.583,7,3,0.7,2026-02-16,12-1
,California,ACC,55,55,36,110,16-11,7-7,9-4,3-5,43.0,121,56,-1.06,88.0,-1.22,7-3,1-8,2-2,2-1,11-0,2026-02-18,16,11,0.593,1,8,0.111,2,2,0.5,2,1,0.667,11,0,1.0,7,7,0.5,3,5,0.375,7,3,0.7,2026-02-16,10-1
,Miami (FL),ACC,56,57,46,114,13-12,5-9,8-3,4-4,30.0,79,68,-2.22,50.0,-0.15,3-7,1-9,0-2,2-1,10-0,2026-02-18,13,12,0.52,1,9,0.1,0,2,0.0,2,1,0.667,10,0,1.0,5,9,0.357,4,4,0.5,3,7,0.3,2026-02-16,9-0
,Columbia,Ivy League,57,56,88,147,17-6,8-2,9-4,8-1,95.0,93,57,-1.2,72.0,-0.79,8-2,0-1,5-2,0-2,12-1,2026-02-18,17,6,0.739,0,1,0.0,5,2,0.714,0,2,0.0,12,1,0.923,8,2,0.8,8,1,0.889,8,2,0.8,2026-02-16,10-1
,Kansas St.,Big 12,58,58,8,87,14-13,7-7,7-6,5-5,40.0,57,82,-3.0,128.0,-2.27,5-5,2-4,3-4,3-4,6-1,2026-02-18,14,13,0.519,2,4,0.333,3,4,0.429,3,4,0.429,6,1,0.857,7,7,0.5,5,5,0.5,5,5,0.5,2026-02-16,6-2
,BYU,Big 12,59,59,52,120,17-9,6-8,11-1,4-5,54.0,206,51,-0.3,29.0,0.83,4-6,0-4,5-4,1-1,11-0,2026-02-18,17,9,0.654,0,4,0.0,5,4,0.556,1,1,0.5,11,0,1.0,6,8,0.429,4,5,0.444,4,6,0.4,2026-02-16,10-0
,Indiana,Big Ten,60,60,15,96,14-13,3-12,11-1,3-7,14.0,260,58,-1.22,38.0,0.52,3-7,0-11,1-2,4-0,9-0,2026-02-18,14,13,0.519,0,11,0.0,1,2,0.333,4,0,1.0,9,0,1.0,3,12,0.2,3,7,0.3,3,7,0.3,2026-02-16,11-2
,Rice,American,61,61,146,175,22-3,12-0,10-3,8-2,235.0,261,52,-0.34,92.0,-1.37,10-0,0-1,1-1,2-0,19-1,2026-02-18,22,3,0.88,0,1,0.0,1,1,0.5,2,0,1.0,19,1,0.95,12,0,1.0,8,2,0.8,10,0,1.0,2026-02-16,12-1
,Marquette,Big East,62,62,60,125,15-10,10-7,5-3,6-4,72.0,76,88,-3.2,74.0,-0.91,5-5,0-4,1-3,3-2,11-1,2026-02-18,15,10,0.6,0,4,0.0,1,3,0.25,3,2,0.6,11,1,0.917,10,7,0.588,6,4,0.6,5,5,0.5,2026-02-16,16-0
,George Mason,Atlantic 10,63,68,82,143,17-8,12-2,5-6,7-3,84.0,59,71,-2.36,167.0,-2.85,8-2,0-3,3-2,2-1,12-2,2026-02-18,17,8,0.68,0,3,0.0,3,2,0.6,2,1,0.667,12,2,0.857,12,2,0.857,7,3,0.7,8,2,0.8,2026-02-16,11-1
,Gonzaga,WCC,64,63,81,142,19-8,11-3,8-5,8-3,133.0,103,95,-3.7,116.0,-1.94,8-2,1-0,1-5,0-3,17-0,2026-02-18,19,8,0.704,1,0,1.0,1,5,0.167,0,3,0.0,17,0,1.0,11,3,0.786,8,3,0.727,8,2,0.8,2026-02-16,17-1
,Harvard,Ivy League,65,64,103,159,14-9,7-3,7-6,6-5,101.0,97,109,-4.61,166.0,-2.85,7-3,0-2,0-2,2-4,12-1,2026-02-18,14,9,0.609,0,2,0.0,0,2,0.0,2,4,0.333,12,1,0.923,7,3,0.7,6,5,0.545,7,3,0.7,2026-02-16,14-1
,Montana St.,Big Sky,66,65,120,166,16-6,11-2,5-4,7-5,125.0,41,72,-2.4,81.0,-1.09,8-2,0-2,1-1,1-3,14-0,2026-02-18,16,6,0.727,0,2,0.0,1,1,0.5,1,3,0.25,14,0,1.0,11,2,0.846,7,5,0.583,8,2,0.8,2026-02-16,12-0
,Ball St.,MAC,67,66,152,177,20-5,12-1,8-4,9-3,179.0,123,64,-1.73,96.0,-1.45,9-1,0-2,0-1,3-1,17-1,2026-02-18,20,5,0.8,0,2,0.0,0,1,0.0,3,1,0.75,17,1,0.944,12,1,0.923,9,3,0.75,9,1,0.9,2026-02-16,11-2
,Santa Clara,WCC,68,67,116,165,18-7,10-4,8-3,11-3,187.0,156,98,-3.82,75.0,-0.92,7-3,0-1,1-1,5-2,12-3,2026-02-18,18,7,0.72,0,1,0.0,1,1,0.5,5,2,0.714,12,3,0.8,10,4,0.714,11,3,0.786,7,3,0.7,2026-02-16,16-1
,Troy,Sun Belt,69,69,130,170,20-5,12-2,8-3,8-4,171.0,125,63,-1.59,69.0,-0.67,8-2,0-1,1-2,4-1,15-1,2026-02-18,20,5,0.8,0,1,0.0,1,2,0.333,4,1,0.8,15,1,0.938,12,2,0.857,8,4,0.667,8,2,0.8,2026-02-16,14-2
,Purdue,Big Ten,70,70,26,104,12-13,4-10,8-3,1-9,26.0,242,81,-2.89,97.0,-1.49,4-6,0-8,1-2,3-1,8-2,2026-02-18,12,13,0.48,0,8,0.0,1,2,0.333,3,1,0.75,8,2,0.8,4,10,0.286,1,9,0.1,4,6,0.4,2026-02-16,19-4
,South Fla.,American,71,72,71,133,16-10,9-4,7-6,3-4,64.0,8,75,-2.44,37.0,0.53,7-3,1-5,1-1,1-2,13-2,2026-02-18,16,10,0.615,1,5,0.167,1,1,0.5,1,2,0.333,13,2,0.867,9,4,0.692,3,4,0.429,7,3,0.7,2026-02-16,11-0
,San Diego St.,Mountain West,72,71,152,177,19-4,14-1,5-3,8-1,173.0,104,55,-0.9,82.0,-1.12,9-1,0-1,2-0,2-2,15-1,2026-02-18,19,4,0.826,0,1,0.0,2,0,1.0,2,2,0.5,15,1,0.938,14,1,0.933,8,1,0.889,9,1,0.9,2026-02-16,7-2
,UC Irvine,Big West,73,73,313,228,21-4,12-2,9-2,7-3,360.0,353,87,-3.17,103.0,-1.58,8-2,0-0,0-0,0-2,21-2,2026-02-18,21,4,0.84,0,0,,0,0,,0,2,0.0,21,2,0.913,12,2,0.857,7,3,0.7,8,2,0.8,2026-02-16,10-0
,Davidson,Atlantic 10,74,74,87,145,16-11,8-6,8-5,5-6,90.0,99,119,-5.21,115.0,-1.89,4-6,0-5,0-2,2-2,14-2,2026-02-18,16,11,0.593,0,5,0.0,0,2,0.0,2,2,0.5,14,2,0.875,8,6,0.571,5,6,0.455,4,6,0.4,2026-02-16,12-4
,Quinnipiac,MAAC,75,75,344,246,21-5,16-1,5-4,13-1,345.0,347,93,-3.57,207.0,-3.58,9-1,0-0,1-1,0-0,20-4,2026-02-18,21,5,0.808,0,0,,1,1,0.5,0,0,,20,4,0.833,16,1,0.941,13,1,0.929,9,1,0.9,2026-02-16,14-1
,Texas A&M,SEC,76,76,9,89,10-11,3-9,7-2,2-5,3.0,120,47,-0.15,49.0,-0.06,3-7,0-9,4-1,2-0,4-1,2026-02-18,10,11,0.476,0,9,0.0,4,1,0.8,2,0,1.0,4,1,0.8,3,9,0.25,2,5,0.286,3,7,0.3,2026-02-16,12-2
,Colorado St.,Mountain West,77,77,134,172,18-7,10-5,8-2,8-3,198.0,201,101,-3.95,60.0,-0.44,6-4,0-0,1-3,2-3,15-1,2026-02-18,18,7,0.72,0,0,,1,3,0.25,2,3,0.4,15,1,0.938,10,5,0.667,8,3,0.727,6,4,0.6,2026-02-16,19-3
,Missouri,SEC,78,78,30,106,16-11,4-8,12-3,4-4,48.0,239,62,-1.47,76.0,-0.93,4-6,1-5,1-5,3-1,11-0,2026-02-18,16,11,0.593,1,5,0.167,1,5,0.167,3,1,0.75,11,0,1.0,4,8,0.333,4,4,0.5,4,6,0.4,2026-02-16,14-2
,Ga. Southern,Sun Belt,79,79,108,161,18-6,12-2,6-4,7-5,142.0,176,73,-2.41,127.0,-2.27,8-2,0-1,2-2,2-1,14-2,2026-02-18,18,6,0.75,0,1,0.0,2,2,0.5,2,1,0.667,14,2,0.875,12,2,0.857,7,5,0.583,8,2,0.8,2026-02-16,9-0
,Miami (OH),MAC,80,80,180,187,18-5,11-1,7-4,9-4,225.0,232,77,-2.45,142.0,-2.45,9-1,0-0,1-2,3-1,14-2,2026-02-18,18,5,0.783,0,0,,1,2,0.333,3,1,0.75,14,2,0.875,11,1,0.917,9,4,0.692,9,1,0.9,2026-02-16,17-1
,Auburn,SEC,81,81,33,108,13-13,2-10,11-3,2-7,11.0,157,61,-1.45,56.0,-0.36,2-8,0-10,3-3,0-0,10-0,2026-02-18,13,13,0.5,0,10,0.0,3,3,0.5,0,0,,10,0,1.0,2,10,0.167,2,7,0.222,2,8,0.2,2026-02-16,10-3
,Louisiana Tech,CUSA,82,82,180,187,17-5,9-1,8-4,6-3,190.0,134,69,-2.24,100.0,-1.54,10-0,0-2,0-0,0-1,17-2,2026-02-18,17,5,0.773,0,2,0.0,0,0,,0,1,0.0,17,2,0.895,9,1,0.9,6,3,0.667,10,0,1.0,2026-02-16,15-2
,Saint Joseph's,Atlantic 10,83,83,90,148,15-8,8-6,7-2,7-4,126.0,158,106,-4.24,55.0,-0.32,6-4,0-2,1-2,2-1,12-3,2026-02-18,15,8,0.652,0,2,0.0,1,2,0.333,2,1,0.667,12,3,0.8,8,6,0.571,7,4,0.636,6,4,0.6,2026-02-16,14-2
,McNeese,Southland,84,84,308,226,20-4,16-1,4-3,11-2,217.0,29,59,-1.24,65.0,-0.57,10-0,0-2,0-1,1-0,19-1,2026-02-18,20,4,0.833,0,2,0.0,0,1,0.0,1,0,1.0,19,1,0.95,16,1,0.941,11,2,0.846,10,0,1.0,2026-02-16,5-1
,Georgetown,Big East,85,85,78,139,12-13,5-11,7-2,4-7,78.0,186,157,-7.04,63.0,-0.5,3-7,0-3,1-4,1-2,10-4,2026-02-18,12,13,0.48,0,3,0.0,1,4,0.2,1,2,0.333,10,4,0.714,5,11,0.312,4,7,0.364,3,7,0.3,2026-02-16,15-1
,Georgia Tech,ACC,86,86,26,104,11-15,6-8,5-7,2-8,42.0,91,123,-5.4,227.0,-4.01,4-6,1-7,2-5,1-2,7-1,2026-02-18,11,15,0.423,1,7,0.125,2,5,0.286,1,2,0.333,7,1,0.875,6,8,0.429,2,8,0.2,4,6,0.4,2026-02-16,14-0
,Vermont,America East,87,87,209,196,20-6,11-2,9-4,11-4,269.0,250,94,-3.62,129.0,-2.29,9-1,0-1,0-0,1-2,19-3,2026-02-18,20,6,0.769,0,1,0.0,0,0,,1,2,0.333,19,3,0.864,11,2,0.846,11,4,0.733,9,1,0.9,2026-02-16,17-1
,Wisconsin,Big Ten,88,88,28,105,13-13,5-10,8-3,2-7,22.0,179,66,-2.12,83.0,-1.12,2-8,2-7,1-3,0-3,10-0,2026-02-18,13,13,0.5,2,7,0.222,1,3,0.25,0,3,0.0,10,0,1.0,5,10,0.333,2,7,0.222,2,8,0.2,2026-02-16,11-3
,Arkansas St.,Sun Belt,89,89,111,163,19-7,11-3,8-4,7-6,229.0,296,105,-4.13,161.0,-2.81,6-4,0-0,1-3,1-3,17-1,2026-02-18,19,7,0.731,0,0,,1,3,0.25,1,3,0.25,17,1,0.944,11,3,0.786,7,6,0.538,6,4,0.6,2026-02-16,17-3
,Marshall,Sun Belt,90,90,116,165,20-6,12-3,8-3,8-4,165.0,198,74,-2.42,90.0,-1.25,7-3,0-1,1-2,4-1,15-2,2026-02-18,20,6,0.769,0,1,0.0,1,2,0.333,4,1,0.8,15,2,0.882,12,3,0.8,8,4,0.667,7,3,0.7,2026-02-16,18-0
,Penn St.,Big Ten,91,91,5,80,9-17,2-13,7-4,2-7,4.0,66,102,-3.97,77.0,-0.96,2-8,0-10,1-5,2-1,6-1,2026-02-18,9,17,0.346,0,10,0.0,1,5,0.167,2,1,0.667,6,1,0.857,2,13,0.133,2,7,0.222,2,8,0.2,2026-02-16,7-1
,Lindenwood,OVC,92,92,213,197,18-7,12-4,6-3,8-4,208.0,73,103,-4.03,66.0,-0.63,8-2,0-2,0-0,2-1,16-4,2026-02-18,18,7,0.72,0,2,0.0,0,0,,2,1,0.667,16,4,0.8,12,4,0.75,8,4,0.667,8,2,0.8,2026-02-16,14-4
,Belmont,MVC,93,93,98,154,16-9,12-2,4-7,7-3,79.0,11,84,-3.1,112.0,-1.81,8-2,0-5,0-1,1-2,15-1,2026-02-18,16,9,0.64,0,5,0.0,0,1,0.0,1,2,0.333,15,1,0.938,12,2,0.857,7,3,0.7,8,2,0.8,2026-02-16,11-1
,Oregon St.,WCC,94,94,88,147,16-9,10-4,6-5,5-4,92.0,32,96,-3.76,89.0,-1.23,6-4,0-2,1-3,2-4,13-0,2026-02-18,16,9,0.64,0,2,0.0,1,3,0.25,2,4,0.333,13,0,1.0,10,4,0.714,5,4,0.556,6,4,0.6,2026-02-16,15-2
,Massachusetts,MAC,95,95,186,189,18-5,10-2,8-3,7-3,265.0,311,80,-2.86,122.0,-2.02,8-2,0-0,0-3,2-1,16-1,2026-02-18,18,5,0.783,0,0,,0,3,0.0,2,1,0.667,16,1,0.941,10,2,0.833,7,3,0.7,8,2,0.8,2026-02-16,8-3
,Creighton,Big East,96,96,44,113,12-14,8-9,4-5,4-8,66.0,129,143,-6.51,180.0,-3.12,5-5,0-4,1-4,3-3,8-3,2026-02-18,12,14,0.462,0,4,0.0,1,4,0.2,3,3,0.5,8,3,0.727,8,9,0.471,4,8,0.333,5,5,0.5,2026-02-16,5-1
,UNLV,Mountain West,97,97,106,160,17-8,12-3,5-5,7-5,172.0,90,108,-4.61,144.0,-2.5,7-3,0-0,0-4,2-3,15-1,2026-02-18,17,8,0.68,0,0,,0,4,0.0,2,3,0.4,15,1,0.938,12,3,0.8,7,5,0.583,7,3,0.7,2026-02-16,16-1
,Western Ill.,OVC,98,98,334,236,18-4,13-3,5-1,8-4,307.0,180,70,-2.31,47.0,0.02,8-2,0-1,0-0,2-0,16-3,2026-02-18,18,4,0.818,0,1,0.0,0,0,,2,0,1.0,16,3,0.842,13,3,0.812,8,4,0.667,8,2,0.8,2026-02-16,13-1
,Green Bay,Horizon,99,99,196,191,19-7,15-2,4-5,9-4,164.0,35,91,-3.39,119.0,-1.96,8-2,0-2,0-2,1-1,18-2,2026-02-18,19,7,0.731,0,2,0.0,0,2,0.0,1,1,0.5,18,2,0.9,15,2,0.882,9,4,0.692,8,2,0.8,2026-02-16,16-0
,Murray St.,MVC,100,101,164,182,21-3,13-1,8-2,8-3,215.0,136,49,-0.2,46.0,0.04,9-1,0-2,1-0,2-1,18-0,2026-02-18,21,3,0.875,0,2,0.0,1,0,1.0,2,1,0.667,18,0,1.0,13,1,0.929,8,3,0.727,9,1,0.9,2026-02-16,15-3
,St. John's (NY),Big East,101,100,95,153,20-8,10-7,10-1,7-6,94.0,212,67,-2.15,33.0,0.65,6-4,0-2,5-1,1-3,14-2,2026-02-18,20,8,0.714,0,2,0.0,5,1,0.833,1,3,0.25,14,2,0.875,10,7,0.588,7,6,0.538,6,4,0.6,2026-02-16,15-2
,Col. of Charleston,CAA,102,102,315,230,18-4,12-1,6-3,9-2,324.0,225,76,-2.44,110.0,-1.72,9-1,0-0,1-1,1-0,16-3,2026-02-18,18,4,0.818,0,0,,1,1,0.5,1,0,1.0,16,3,0.842,12,1,0.923,9,2,0.818,9,1,0.9,2026-02-16,13-4
,Central Ark.,ASUN,103,103,245,205,14-10,9-5,5-5,7-7,314.0,275,184,-8.24,216.0,-3.83,7-3,0-0,0-1,2-2,12-7,2026-02-18,14,10,0.583,0,0,,0,1,0.0,2,2,0.5,12,7,0.632,9,5,0.643,7,7,0.5,7,3,0.7,2026-02-16,6-2
,Arkansas,SEC,104,104,52,120,11-16,0-12,11-4,1-8,38.0,283,130,-5.94,132.0,-2.33,0-10,0-8,0-4,1-3,10-1,2026-02-18,11,16,0.407,0,8,0.0,0,4,0.0,1,3,0.25,10,1,0.909,0,12,0.0,1,8,0.111,0,10,0.0,2026-02-16,13-2
,South Dakota,Summit League,105,106,304,225,17-6,10-2,7-4,8-4,266.0,320,99,-3.87,178.0,-3.08,9-1,0-1,2-0,1-0,14-5,2026-02-18,17,6,0.739,0,1,0.0,2,0,1.0,1,0,1.0,14,5,0.737,10,2,0.833,8,4,0.667,9,1,0.9,2026-02-16,10-1
,Florida St.,ACC,106,105,19,100,9-17,4-10,5-7,2-7,24.0,27,139,-6.29,159.0,-2.81,4-6,0-8,0-6,2-2,7-1,2026-02-18,9,17,0.346,0,8,0.0,0,6,0.0,2,2,0.5,7,1,0.875,4,10,0.286,2,7,0.222,4,6,0.4,2026-02-16,12-2
,Abilene Christian,WAC,107,107,209,196,16-7,10-3,6-4,7-3,313.0,273,121,-5.31,162.0,-2.82,8-2,0-1,0-0,1-0,15-6,2026-02-18,16,7,0.696,0,1,0.0,0,0,,1,0,1.0,15,6,0.714,10,3,0.769,7,3,0.7,8,2,0.8,2026-02-16,12-6
,Idaho,Big Sky,108,108,265,213,19-5,12-1,7-4,9-4,318.0,336,89,-3.26,190.0,-3.27,10-0,0-0,0-2,2-0,17-3,2026-02-18,19,5,0.792,0,0,,0,2,0.0,2,0,1.0,17,3,0.85,12,1,0.923,9,4,0.692,10,0,1.0,2026-02-16,18-3
,North Texas,American,109,109,91,149,12-11,8-5,4-6,5-4,106.0,80,152,-6.85,200.0,-3.41,6-4,0-2,0-3,0-3,12-3,2026-02-18,12,11,0.522,0,2,0.0,0,3,0.0,0,3,0.0,12,3,0.8,8,5,0.615,5,4,0.556,6,4,0.6,2026-02-16,17-1
,Central Mich.,MAC,110,110,186,189,15-8,10-3,5-5,8-5,113.0,31,100,-3.9,101.0,-1.55,7-3,0-3,0-1,1-3,14-1,2026-02-18,15,8,0.652,0,3,0.0,0,1,0.0,1,3,0.25,14,1,0.933,10,3,0.769,8,5,0.615,7,3,0.7,2026-02-16,16-3
,Boise St.,Mountain West,111,111,173,185,19-6,11-4,8-2,5-5,252.0,247,92,-3.55,70.0,-0.68,9-1,0-0,0-3,1-1,18-2,2026-02-18,19,6,0.76,0,0,,0,3,0.0,1,1,0.5,18,2,0.9,11,4,0.733,5,5,0.5,9,1,0.9,2026-02-16,14-3
,Eastern Ky.,ASUN,112,112,313,228,20-5,13-1,7-4,9-2,310.0,266,85,-3.13,151.0,-2.65,9-1,0-1,0-0,1-2,19-2,2026-02-18,20,5,0.8,0,1,0.0,0,0,,1,2,0.333,19,2,0.905,13,1,0.929,9,2,0.818,9,1,0.9,2026-02-16,4-4
,Cincinnati,Big 12,113,113,19,100,8-17,4-10,4-7,1-9,58.0,256,197,-8.84,283.0,-5.59,3-7,0-2,2-8,0-3,6-4,2026-02-18,8,17,0.32,0,2,0.0,2,8,0.2,0,3,0.0,6,4,0.6,4,10,0.286,1,9,0.1,3,7,0.3,2026-02-16,11-3
,Southern Ind.,OVC,114,114,245,205,15-7,12-4,3-3,6-4,282.0,146,117,-5.13,113.0,-1.83,7-3,0-1,0-0,0-1,15-5,2026-02-18,15,7,0.682,0,1,0.0,0,0,,0,1,0.0,15,5,0.75,12,4,0.75,6,4,0.6,7,3,0.7,2026-02-16,11-7
,East Carolina,American,115,115,191,190,19-7,11-2,8-5,6-3,328.0,340,120,-5.23,234.0,-4.21,9-1,0-0,0-1,2-2,17-4,2026-02-18,19,7,0.731,0,0,,0,1,0.0,2,2,0.5,17,4,0.81,11,2,0.846,6,3,0.667,9,1,0.9,2026-02-16,17-2
,Army West Point,Patriot,116,116,336,237,19-5,11-3,8-2,10-4,329.0,267,90,-3.37,71.0,-0.78,8-2,0-1,0-0,0-2,19-2,2026-02-18,19,5,0.792,0,1,0.0,0,0,,0,2,0.0,19,2,0.905,11,3,0.786,10,4,0.714,8,2,0.8,2026-02-16,13-5
,Navy,Patriot,117,117,324,232,17-6,12-1,5-5,7-3,311.0,224,107,-4.3,206.0,-3.57,10-0,0-1,1-1,0-0,16-4,2026-02-18,17,6,0.739,0,1,0.0,1,1,0.5,0,0,,16,4,0.8,12,1,0.923,7,3,0.7,10,0,1.0,2026-02-16,16-4
,Brown,Ivy League,118,118,218,199,14-7,7-3,7-4,7-6,247.0,343,113,-4.85,198.0,-3.39,7-3,0-0,0-3,1-1,13-3,2026-02-18,14,7,0.667,0,0,,0,3,0.0,1,1,0.5,13,3,0.812,7,3,0.7,7,6,0.538,7,3,0.7,2026-02-16,11-4
,Portland,WCC,119,119,111,163,13-11,9-5,4-6,5-7,122.0,98,156,-7.01,209.0,-3.59,6-4,0-2,1-1,0-4,12-4,2026-02-18,13,11,0.542,0,2,0.0,1,1,0.5,0,4,0.0,12,4,0.75,9,5,0.643,5,7,0.417,6,4,0.6,2026-02-16,8-4
,LMU (CA),WCC,120,120,186,189,16-8,11-3,5-5,5-5,322.0,357,138,-6.29,248.0,-4.66,9-1,0-0,0-1,2-0,14-7,2026-02-18,16,8,0.667,0,0,,0,1,0.0,2,0,1.0,14,7,0.667,11,3,0.786,5,5,0.5,9,1,0.9,2026-02-16,17-2
,Idaho St.,Big Sky,121,121,201,193,16-8,10-4,6-4,8-3,298.0,278,134,-6.08,165.0,-2.85,7-3,0-0,0-1,2-1,14-6,2026-02-18,16,8,0.667,0,0,,0,1,0.0,2,1,0.667,14,6,0.7,10,4,0.714,8,3,0.727,7,3,0.7,2026-02-16,13-5
,Wake Forest,ACC,122,122,98,154,13-13,3-11,10-2,2-5,67.0,360,127,-5.59,105.0,-1.65,1-9,0-6,0-4,1-2,12-1,2026-02-18,13,13,0.5,0,6,0.0,0,4,0.0,1,2,0.333,12,1,0.923,3,11,0.214,2,5,0.286,1,9,0.1,2026-02-16,11-4
,UTSA,American,123,123,83,144,11-12,7-6,4-6,4-7,116.0,74,179,-8.01,197.0,-3.38,4-6,0-2,0-2,0-3,11-5,2026-02-18,11,12,0.478,0,2,0.0,0,2,0.0,0,3,0.0,11,5,0.688,7,6,0.538,4,7,0.364,4,6,0.4,2026-02-16,12-3
,New Mexico,Mountain West,124,125,184,188,17-9,9-6,8-3,6-4,203.0,227,129,-5.88,94.0,-1.43,5-5,0-0,1-3,1-3,15-3,2026-02-18,17,9,0.654,0,0,,1,3,0.25,1,3,0.25,15,3,0.833,9,6,0.6,6,4,0.6,5,5,0.5,2026-02-16,12-6
,High Point,Big South,125,124,351,253,20-4,11-2,9-2,6-3,356.0,330,83,-3.03,86.0,-1.18,8-2,0-0,0-1,2-0,18-3,2026-02-18,20,4,0.833,0,0,,0,1,0.0,2,0,1.0,18,3,0.857,11,2,0.846,6,3,0.667,8,2,0.8,2026-02-16,14-4
,Northwestern,Big Ten,126,126,13,95,8-17,2-12,6-5,1-9,19.0,259,137,-6.23,211.0,-3.6,2-8,0-10,0-3,1-2,7-2,2026-02-18,8,17,0.32,0,10,0.0,0,3,0.0,1,2,0.333,7,2,0.778,2,12,0.143,1,9,0.1,2,8,0.2,2026-02-16,14-4
,Arizona,Big 12,127,127,64,129,11-14,2-12,9-2,0-7,63.0,354,145,-6.66,104.0,-1.58,1-9,0-4,0-6,3-1,8-3,2026-02-18,11,14,0.44,0,4,0.0,0,6,0.0,3,1,0.75,8,3,0.727,2,12,0.143,0,7,0.0,1,9,0.1,2026-02-16,15-4
,Coastal Carolina,Sun Belt,128,128,125,168,10-15,5-9,5-6,4-9,120.0,132,237,-10.82,214.0,-3.74,4-6,0-2,0-3,0-6,10-4,2026-02-18,10,15,0.4,0,2,0.0,0,3,0.0,0,6,0.0,10,4,0.714,5,9,0.357,4,9,0.308,4,6,0.4,2026-02-16,10-5
,Penn,Ivy League,129,129,139,173,12-9,4-6,8-3,4-5,118.0,245,124,-5.44,99.0,-1.54,4-6,0-1,0-3,1-3,11-2,2026-02-18,12,9,0.571,0,1,0.0,0,3,0.0,1,3,0.25,11,2,0.846,4,6,0.4,4,5,0.444,4,6,0.4,2026-02-16,7-2
,UNI,MVC,130,130,106,160,12-12,8-6,4-6,6-7,115.0,46,172,-7.84,170.0,-2.91,4-6,0-2,0-2,1-3,11-5,2026-02-18,12,12,0.5,0,2,0.0,0,2,0.0,1,3,0.25,11,5,0.688,8,6,0.571,6,7,0.462,4,6,0.4,2026-02-16,13-1
,UC San Diego,Big West,131,131,298,223,17-7,13-2,4-5,9-4,304.0,270,118,-5.13,221.0,-3.92,8-2,0-1,1-0,0-0,16-6,2026-02-18,17,7,0.708,0,1,0.0,1,0,1.0,0,0,,16,6,0.727,13,2,0.867,9,4,0.692,8,2,0.8,2026-02-16,8-3
,Missouri St.,CUSA,132,132,160,179,15-10,6-2,9-8,6-5,287.0,288,174,-7.89,304.0,-6.16,5-5,0-0,0-1,1-3,14-6,2026-02-18,15,10,0.6,0,0,,0,1,0.0,1,3,0.25,14,6,0.7,6,2,0.75,6,5,0.545,5,5,0.5,2026-02-16,10-2
,Pepperdine,WCC,133,133,134,172,13-11,6-8,7-3,4-8,183.0,184,176,-7.92,91.0,-1.32,5-5,0-1,1-2,0-1,12-7,2026-02-18,13,11,0.542,0,1,0.0,1,2,0.333,0,1,0.0,12,7,0.632,6,8,0.429,4,8,0.333,5,5,0.5,2026-02-16,13-5
,FDU,NEC,134,134,361,279,20-4,13-0,7-4,11-3,340.0,258,78,-2.56,148.0,-2.6,10-0,0-1,0-1,0-0,20-2,2026-02-18,20,4,0.833,0,1,0.0,0,1,0.0,0,0,,20,2,0.909,13,0,1.0,11,3,0.786,10,0,1.0,2026-02-16,9-5
,Grand Canyon,Mountain West,135,135,70,132,9-16,8-7,1-9,4-8,97.0,45,241,-11.05,293.0,-5.88,6-4,0-2,0-4,3-3,6-7,2026-02-18,9,16,0.36,0,2,0.0,0,4,0.0,3,3,0.5,6,7,0.462,8,7,0.533,4,8,0.333,6,4,0.6,2026-02-16,10-5
,UCF,Big 12,136,136,64,129,10-15,2-12,8-3,1-6,55.0,342,147,-6.73,134.0,-2.38,2-8,0-6,2-4,1-1,7-4,2026-02-18,10,15,0.4,0,6,0.0,2,4,0.333,1,1,0.5,7,4,0.636,2,12,0.143,1,6,0.143,2,8,0.2,2026-02-16,6-5
,Purdue Fort Wayne,Horizon,137,137,245,205,15-10,10-6,5-4,4-8,240.0,119,165,-7.37,123.0,-2.05,5-5,0-2,0-0,1-1,14-7,2026-02-18,15,10,0.6,0,2,0.0,0,0,,1,1,0.5,14,7,0.667,10,6,0.625,4,8,0.333,5,5,0.5,2026-02-16,14-4
,Bradley,MVC,138,138,253,208,17-8,11-4,6-4,6-7,251.0,194,126,-5.55,136.0,-2.39,8-2,0-1,0-0,0-5,17-2,2026-02-18,17,8,0.68,0,1,0.0,0,0,,0,5,0.0,17,2,0.895,11,4,0.733,6,7,0.462,8,2,0.8,2026-02-16,12-7
,California Baptist,WAC,139,139,231,201,17-9,11-2,6-7,8-5,286.0,264,150,-6.8,274.0,-5.39,8-2,0-1,0-1,1-1,16-6,2026-02-18,17,9,0.654,0,1,0.0,0,1,0.0,1,1,0.5,16,6,0.727,11,2,0.846,8,5,0.615,8,2,0.8,2026-02-16,14-3
,Maine,America East,140,140,143,174,14-12,9-4,5-8,7-8,139.0,110,180,-8.09,256.0,-5.01,7-3,0-1,2-2,1-4,11-5,2026-02-18,14,12,0.538,0,1,0.0,2,2,0.5,1,4,0.2,11,5,0.688,9,4,0.692,7,8,0.467,7,3,0.7,2026-02-16,8-5
,Temple,American,141,141,72,135,10-14,4-8,6-6,2-8,85.0,36,191,-8.61,118.0,-1.95,3-7,0-4,0-2,2-2,8-6,2026-02-18,10,14,0.417,0,4,0.0,0,2,0.0,2,2,0.5,8,6,0.571,4,8,0.333,2,8,0.2,3,7,0.3,2026-02-16,9-2
,Bryant,America East,142,142,324,232,15-9,7-6,8-3,8-5,353.0,362,177,-7.93,157.0,-2.76,4-6,0-0,0-0,0-2,15-7,2026-02-18,15,9,0.625,0,0,,0,0,,0,2,0.0,15,7,0.682,7,6,0.538,8,5,0.615,4,6,0.4,2026-02-16,15-2
,UC Santa Barbara,Big West,143,143,308,226,16-7,9-6,7-1,8-4,289.0,204,115,-5.06,44.0,0.24,5-5,0-1,0-1,0-0,16-5,2026-02-18,16,7,0.696,0,1,0.0,0,1,0.0,0,0,,16,5,0.762,9,6,0.6,8,4,0.667,5,5,0.5,2026-02-16,12-3
,Butler,Big East,144,144,67,131,9-17,3-13,6-4,0-9,75.0,202,226,-10.19,141.0,-2.44,2-8,0-4,0-4,0-5,9-4,2026-02-18,9,17,0.346,0,4,0.0,0,4,0.0,0,5,0.0,9,4,0.692,3,13,0.188,0,9,0.0,2,8,0.2,2026-02-16,13-7
,Jacksonville,ASUN,145,145,218,199,16-7,10-4,6-3,8-5,163.0,56,97,-3.78,57.0,-0.38,8-2,0-2,0-1,1-1,15-3,2026-02-18,16,7,0.696,0,2,0.0,0,1,0.0,1,1,0.5,15,3,0.833,10,4,0.714,8,5,0.615,8,2,0.8,2026-02-16,19-2
,Middle Tenn.,CUSA,146,146,167,183,14-11,9-4,5-7,5-6,184.0,130,171,-7.81,242.0,-4.53,6-4,0-2,0-1,0-3,14-5,2026-02-18,14,11,0.56,0,2,0.0,0,1,0.0,0,3,0.0,14,5,0.737,9,4,0.692,5,6,0.455,6,4,0.6,2026-02-16,14-3
,ULM,Sun Belt,147,147,125,168,12-13,6-9,6-4,4-9,131.0,109,202,-8.97,109.0,-1.69,5-5,0-2,0-3,1-4,11-4,2026-02-18,12,13,0.48,0,2,0.0,0,3,0.0,1,4,0.2,11,4,0.733,6,9,0.4,4,9,0.308,5,5,0.5,2026-02-16,13-3
,Drexel,CAA,148,149,282,218,14-8,8-4,6-4,5-5,348.0,332,153,-6.86,189.0,-3.27,8-2,0-0,0-0,0-3,14-5,2026-02-18,14,8,0.636,0,0,,0,0,,0,3,0.0,14,5,0.737,8,4,0.667,5,5,0.5,8,2,0.8,2026-02-16,14-3
,Youngstown St.,Horizon,149,150,284,220,17-8,12-5,5-3,9-4,308.0,208,135,-6.1,111.0,-1.79,7-3,0-1,0-0,1-1,16-6,2026-02-18,17,8,0.68,0,1,0.0,0,0,,1,1,0.5,16,6,0.727,12,5,0.706,9,4,0.692,7,3,0.7,2026-02-16,6-1
,Howard,MEAC,150,148,284,220,19-7,9-1,10-6,9-7,222.0,173,104,-4.11,186.0,-3.18,9-1,0-2,1-1,1-1,17-3,2026-02-18,19,7,0.731,0,2,0.0,1,1,0.5,1,1,0.5,17,3,0.85,9,1,0.9,9,7,0.562,9,1,0.9,2026-02-16,14-5
,Providence,Big East,151,151,83,144,13-14,6-10,7-4,2-7,82.0,218,173,-7.86,137.0,-2.39,4-6,0-3,0-5,2-1,11-5,2026-02-18,13,14,0.481,0,3,0.0,0,5,0.0,2,1,0.667,11,5,0.688,6,10,0.375,2,7,0.222,4,6,0.4,2026-02-16,11-7
,Tulsa,American,152,152,191,190,16-9,8-5,8-4,6-5,201.0,213,131,-5.98,125.0,-2.21,5-5,0-1,1-1,1-3,14-4,2026-02-18,16,9,0.64,0,1,0.0,1,1,0.5,1,3,0.25,14,4,0.778,8,5,0.615,6,5,0.545,5,5,0.5,2026-02-16,15-3
,Rutgers,Big Ten,153,153,30,106,9-16,1-13,8-3,1-8,13.0,229,114,-5.05,95.0,-1.44,1-9,0-9,1-3,2-3,6-1,2026-02-18,9,16,0.36,0,9,0.0,1,3,0.25,2,3,0.4,6,1,0.857,1,13,0.071,1,8,0.111,1,9,0.1,2026-02-16,14-7
,Illinois St.,MVC,154,154,218,199,15-10,9-5,6-5,3-7,204.0,140,155,-7.0,158.0,-2.8,8-2,0-2,0-1,0-3,15-4,2026-02-18,15,10,0.6,0,2,0.0,0,1,0.0,0,3,0.0,15,4,0.789,9,5,0.643,3,7,0.3,8,2,0.8,2026-02-16,9-5
,Binghamton,America East,155,155,179,186,15-8,9-3,6-5,6-6,159.0,116,111,-4.76,150.0,-2.6,7-3,0-2,0-1,1-1,14-4,2026-02-18,15,8,0.652,0,2,0.0,0,1,0.0,1,1,0.5,14,4,0.778,9,3,0.75,6,6,0.5,7,3,0.7,2026-02-16,12-5
,Old Dominion,Sun Belt,156,156,95,153,14-12,6-8,8-4,4-4,108.0,106,164,-7.32,87.0,-1.19,5-5,0-3,0-2,3-3,11-4,2026-02-18,14,12,0.538,0,3,0.0,0,2,0.0,3,3,0.5,11,4,0.733,6,8,0.429,4,4,0.5,5,5,0.5,2026-02-16,15-2
,Northern Colo.,Big Sky,157,157,241,204,16-8,10-4,6-4,8-4,290.0,293,132,-5.99,175.0,-3.0,7-3,0-0,0-2,1-2,15-4,2026-02-18,16,8,0.667,0,0,,0,2,0.0,1,2,0.333,15,4,0.789,10,4,0.714,8,4,0.667,7,3,0.7,2026-02-16,13-5
,Charlotte,American,158,159,95,153,12-13,6-6,6-7,3-7,99.0,69,183,-8.2,203.0,-3.47,4-6,0-3,0-3,1-2,11-5,2026-02-18,12,13,0.48,0,3,0.0,0,3,0.0,1,2,0.333,11,5,0.688,6,6,0.5,3,7,0.3,4,6,0.4,2026-02-16,13-5
,Fresno St.,Mountain West,159,158,214,198,13-13,8-8,5-5,4-9,200.0,169,222,-9.85,188.0,-3.23,6-4,0-1,0-3,0-4,13-5,2026-02-18,13,13,0.5,0,1,0.0,0,3,0.0,0,4,0.0,13,5,0.722,8,8,0.5,4,9,0.308,6,4,0.6,2026-02-16,10-4
,UC Davis,Big West,160,160,249,206,17-7,12-3,5-4,9-5,271.0,211,112,-4.84,152.0,-2.65,8-2,0-1,0-2,0-1,17-3,2026-02-18,17,7,0.708,0,1,0.0,0,2,0.0,0,1,0.0,17,3,0.85,12,3,0.8,9,5,0.643,8,2,0.8,2026-02-16,9-6
,Austin Peay,ASUN,161,161,274,215,12-10,6-8,6-2,10-2,302.0,221,186,-8.26,73.0,-0.84,4-6,0-1,0-0,0-1,12-8,2026-02-18,12,10,0.545,0,1,0.0,0,0,,0,1,0.0,12,8,0.6,6,8,0.429,10,2,0.833,4,6,0.4,2026-02-16,12-7
,Toledo,MAC,162,162,196,191,12-10,7-5,5-5,3-7,197.0,178,163,-7.32,191.0,-3.28,7-3,0-1,0-3,0-1,12-5,2026-02-18,12,10,0.545,0,1,0.0,0,3,0.0,0,1,0.0,12,5,0.706,7,5,0.583,3,7,0.3,7,3,0.7,2026-02-16,9-4
,Sam Houston,CUSA,163,163,180,187,12-8,7-4,5-4,5-5,149.0,83,116,-5.06,108.0,-1.68,6-4,0-2,0-1,1-0,11-5,2026-02-18,12,8,0.6,0,2,0.0,0,1,0.0,1,0,1.0,11,5,0.688,7,4,0.636,5,5,0.5,6,4,0.6,2026-02-16,11-5
,Cleveland St.,Horizon,164,164,291,222,18-8,10-7,8-1,4-7,351.0,352,149,-6.78,67.0,-0.63,7-3,0-0,0-0,1-2,17-6,2026-02-18,18,8,0.692,0,0,,0,0,,1,2,0.333,17,6,0.739,10,7,0.588,4,7,0.364,7,3,0.7,2026-02-16,10-5
,Kent St.,MAC,165,166,101,157,9-13,5-7,4-6,3-9,112.0,54,207,-9.08,179.0,-3.08,6-4,0-2,0-1,0-5,9-5,2026-02-18,9,13,0.409,0,2,0.0,0,1,0.0,0,5,0.0,9,5,0.643,5,7,0.417,3,9,0.25,6,4,0.6,2026-02-16,11-5
,Hawaii,Big West,166,165,167,183,12-10,8-6,4-4,2-4,285.0,272,181,-8.13,177.0,-3.05,8-2,0-0,0-1,1-3,11-6,2026-02-18,12,10,0.545,0,0,,0,1,0.0,1,3,0.25,11,6,0.647,8,6,0.571,2,4,0.333,8,2,0.8,2026-02-16,13-4
,Ohio,MAC,167,167,196,191,14-9,9-4,5-5,6-4,306.0,321,162,-7.23,231.0,-4.16,5-5,0-0,0-2,1-1,13-6,2026-02-18,14,9,0.609,0,0,,0,2,0.0,1,1,0.5,13,6,0.684,9,4,0.692,6,4,0.6,5,5,0.5,2026-02-16,10-5
,Southern Utah,WAC,168,168,218,199,14-8,9-4,5-4,5-7,326.0,300,142,-6.45,183.0,-3.14,6-4,0-0,0-1,0-4,14-3,2026-02-18,14,8,0.636,0,0,,0,1,0.0,0,4,0.0,14,3,0.824,9,4,0.692,5,7,0.417,6,4,0.6,2026-02-16,15-6
,San Francisco,WCC,169,169,116,165,14-10,8-6,6-4,5-4,210.0,252,161,-7.17,155.0,-2.69,5-5,0-0,0-3,1-5,13-2,2026-02-18,14,10,0.583,0,0,,0,3,0.0,1,5,0.167,13,2,0.867,8,6,0.571,5,4,0.556,5,5,0.5,2026-02-16,12-6
,Holy Cross,Patriot,170,170,218,199,16-9,10-4,6-5,6-6,206.0,115,133,-6.02,147.0,-2.59,7-3,0-2,0-1,2-1,14-5,2026-02-18,16,9,0.64,0,2,0.0,0,1,0.0,2,1,0.667,14,5,0.737,10,4,0.714,6,6,0.5,7,3,0.7,2026-02-16,7-5
,George Washington,Atlantic 10,171,172,143,174,12-14,5-9,7-5,3-8,243.0,304,247,-11.29,220.0,-3.89,4-6,0-0,0-3,0-3,12-8,2026-02-18,12,14,0.462,0,0,,0,3,0.0,0,3,0.0,12,8,0.6,5,9,0.357,3,8,0.273,4,6,0.4,2026-02-16,13-2
,Liberty,CUSA,172,171,158,178,11-11,6-5,5-6,5-4,160.0,96,175,-7.9,193.0,-3.33,5-5,0-1,1-2,0-2,10-6,2026-02-18,11,11,0.5,0,1,0.0,1,2,0.333,0,2,0.0,10,6,0.625,6,5,0.545,5,4,0.556,5,5,0.5,2026-02-16,12-5
,Houston,Big 12,173,173,13,95,7-18,1-13,6-5,1-9,49.0,322,210,-9.31,230.0,-4.1,1-9,0-5,0-6,0-5,7-2,2026-02-18,7,18,0.28,0,5,0.0,0,6,0.0,0,5,0.0,7,2,0.778,1,13,0.071,1,9,0.1,1,9,0.1,2026-02-16,7-2
,FGCU,ASUN,174,174,113,164,10-13,8-6,2-7,6-5,124.0,28,209,-9.21,217.0,-3.86,4-6,0-1,1-1,1-5,8-6,2026-02-18,10,13,0.435,0,1,0.0,1,1,0.5,1,5,0.167,8,6,0.571,8,6,0.571,6,5,0.545,4,6,0.4,2026-02-16,12-5
,UAB,American,175,175,169,184,10-13,3-9,7-4,2-7,231.0,271,231,-10.5,154.0,-2.69,3-7,0-1,0-1,0-3,10-8,2026-02-18,10,13,0.435,0,1,0.0,0,1,0.0,0,3,0.0,10,8,0.556,3,9,0.25,2,7,0.222,3,7,0.3,2026-02-16,6-4
,Saint Mary's (CA),WCC,176,179,152,177,13-12,6-8,7-4,8-4,168.0,111,190,-8.57,98.0,-1.51,5-5,0-2,0-1,0-2,13-7,2026-02-18,13,12,0.52,0,2,0.0,0,1,0.0,0,2,0.0,13,7,0.65,6,8,0.429,8,4,0.667,5,5,0.5,2026-02-16,10-8
,Northern Ky.,Horizon,177,176,139,173,13-14,10-6,3-8,6-8,169.0,77,227,-10.31,264.0,-5.14,7-3,0-2,0-1,1-1,12-10,2026-02-18,13,14,0.481,0,2,0.0,0,1,0.0,1,1,0.5,12,10,0.545,10,6,0.625,6,8,0.429,7,3,0.7,2026-02-16,9-6
,La Salle,Atlantic 10,178,178,164,182,13-11,7-7,6-4,8-4,219.0,234,187,-8.26,149.0,-2.6,4-6,0-0,0-3,0-3,13-5,2026-02-18,13,11,0.542,0,0,,0,3,0.0,0,3,0.0,13,5,0.722,7,7,0.5,8,4,0.667,4,6,0.4,2026-02-16,8-6
,UAlbany,America East,179,177,249,206,12-12,3-9,9-3,5-8,174.0,147,194,-8.78,68.0,-0.66,2-8,0-3,0-0,0-2,12-7,2026-02-18,12,12,0.5,0,3,0.0,0,0,,0,2,0.0,12,7,0.632,3,9,0.25,5,8,0.385,2,8,0.2,2026-02-16,8-8
,Stetson,ASUN,180,180,258,210,14-9,9-5,5-4,7-6,259.0,181,151,-6.8,143.0,-2.47,7-3,0-1,0-1,1-0,13-7,2026-02-18,14,9,0.609,0,1,0.0,0,1,0.0,1,0,1.0,13,7,0.65,9,5,0.643,7,6,0.538,7,3,0.7,2026-02-16,12-4
,Oral Roberts,Summit League,181,181,139,173,10-12,6-6,4-6,4-9,86.0,58,160,-7.11,182.0,-3.13,5-5,0-4,0-2,3-1,7-5,2026-02-18,10,12,0.455,0,4,0.0,0,2,0.0,3,1,0.75,7,5,0.583,6,6,0.5,4,9,0.308,5,5,0.5,2026-02-16,9-5
,SFA,Southland,182,182,329,233,16-8,12-5,4-3,6-4,352.0,299,154,-6.9,131.0,-2.33,7-3,0-0,0-0,0-3,16-5,2026-02-18,16,8,0.667,0,0,,0,0,,0,3,0.0,16,5,0.762,12,5,0.706,6,4,0.6,7,3,0.7,2026-02-16,11-6
,App State,Sun Belt,183,183,128,169,9-14,4-10,5-4,3-9,135.0,137,229,-10.46,124.0,-2.17,3-7,0-2,0-3,0-3,9-6,2026-02-18,9,14,0.391,0,2,0.0,0,3,0.0,0,3,0.0,9,6,0.6,4,10,0.286,3,9,0.25,3,7,0.3,2026-02-16,8-7
,Tulane,American,184,184,100,155,8-16,3-9,5-7,2-6,109.0,102,254,-11.69,233.0,-4.17,2-8,0-3,0-2,0-3,8-8,2026-02-18,8,16,0.333,0,3,0.0,0,2,0.0,0,3,0.0,8,8,0.5,3,9,0.25,2,6,0.25,2,8,0.2,2026-02-16,12-5
,Lamar University,Southland,185,185,291,222,14-9,12-5,2-4,5-8,291.0,142,159,-7.1,160.0,-2.81,7-3,0-0,0-2,0-2,14-5,2026-02-18,14,9,0.609,0,0,,0,2,0.0,0,2,0.0,14,5,0.737,12,5,0.706,5,8,0.385,7,3,0.7,2026-02-16,11-7
,FIU,CUSA,186,186,218,199,14-9,8-5,6-4,5-5,330.0,335,167,-7.46,192.0,-3.32,7-3,0-0,0-1,0-2,14-6,2026-02-18,14,9,0.609,0,0,,0,1,0.0,0,2,0.0,14,6,0.7,8,5,0.615,5,5,0.5,7,3,0.7,2026-02-16,11-7
,Eastern Mich.,MAC,187,187,134,172,10-13,4-9,6-4,4-10,151.0,171,218,-9.67,126.0,-2.23,4-6,0-1,0-3,1-3,9-6,2026-02-18,10,13,0.435,0,1,0.0,0,3,0.0,1,3,0.25,9,6,0.6,4,9,0.308,4,10,0.286,4,6,0.4,2026-02-16,14-4
,Dayton,Atlantic 10,188,188,158,178,14-12,7-8,7-4,6-5,192.0,292,193,-8.77,169.0,-2.88,5-5,0-0,1-4,1-1,12-7,2026-02-18,14,12,0.538,0,0,,1,4,0.2,1,1,0.5,12,7,0.632,7,8,0.467,6,5,0.545,5,5,0.5,2026-02-16,11-9
,NJIT,America East,189,189,304,225,16-10,7-6,9-4,8-4,323.0,309,182,-8.16,163.0,-2.83,5-5,0-1,0-0,0-1,16-8,2026-02-18,16,10,0.615,0,1,0.0,0,0,,0,1,0.0,16,8,0.667,7,6,0.538,8,4,0.667,5,5,0.5,2026-02-16,11-5
,Southern Miss.,Sun Belt,190,190,123,167,11-13,6-8,5-5,3-6,153.0,168,214,-9.54,187.0,-3.23,3-7,0-2,0-2,1-3,10-6,2026-02-18,11,13,0.458,0,2,0.0,0,2,0.0,1,3,0.25,10,6,0.625,6,8,0.429,3,6,0.333,3,7,0.3,2026-02-16,13-5
,Monmouth,CAA,191,191,288,221,13-8,9-4,4-4,7-5,309.0,223,141,-6.43,164.0,-2.85,6-4,0-1,0-0,0-0,13-7,2026-02-18,13,8,0.619,0,1,0.0,0,0,,0,0,,13,7,0.65,9,4,0.692,7,5,0.583,6,4,0.6,2026-02-16,8-6
,Morehead St.,OVC,192,192,205,194,15-11,11-5,4-6,6-7,138.0,48,158,-7.09,171.0,-2.92,7-3,0-3,0-0,2-1,13-7,2026-02-18,15,11,0.577,0,3,0.0,0,0,,2,1,0.667,13,7,0.65,11,5,0.688,6,7,0.462,7,3,0.7,2026-02-16,12-6
,Lehigh,Patriot,193,193,241,204,13-11,9-4,4-7,5-7,273.0,199,198,-8.88,269.0,-5.28,6-4,0-1,0-1,2-1,11-8,2026-02-18,13,11,0.542,0,1,0.0,0,1,0.0,2,1,0.667,11,8,0.579,9,4,0.692,5,7,0.417,6,4,0.6,2026-02-16,13-6
,Chattanooga,SoCon,194,194,329,233,14-7,8-2,6-5,6-3,341.0,297,128,-5.77,222.0,-3.93,8-2,0-0,0-2,0-0,14-5,2026-02-18,14,7,0.667,0,0,,0,2,0.0,0,0,,14,5,0.737,8,2,0.8,6,3,0.667,8,2,0.8,2026-02-16,14-2
,Bowling Green,MAC,195,196,128,169,9-12,5-8,4-4,3-8,136.0,87,195,-8.79,120.0,-1.98,4-6,0-1,0-2,0-4,9-5,2026-02-18,9,12,0.429,0,1,0.0,0,2,0.0,0,4,0.0,9,5,0.643,5,8,0.385,3,8,0.273,4,6,0.4,2026-02-16,14-5
,Longwood,Big South,196,195,317,231,15-7,9-3,6-4,5-5,237.0,131,110,-4.67,117.0,-1.94,7-3,0-2,0-0,1-2,14-3,2026-02-18,15,7,0.682,0,2,0.0,0,0,,1,2,0.333,14,3,0.824,9,3,0.75,5,5,0.5,7,3,0.7,2026-02-16,10-7
,SMU,ACC,197,197,59,124,9-17,2-12,7-5,2-8,59.0,255,200,-8.94,202.0,-3.46,2-8,0-7,0-2,0-3,9-5,2026-02-18,9,17,0.346,0,7,0.0,0,2,0.0,0,3,0.0,9,5,0.643,2,12,0.143,2,8,0.2,2,8,0.2,2026-02-16,8-4
,Cal St. Fullerton,Big West,198,198,288,221,13-10,11-4,2-6,7-4,349.0,358,199,-8.88,288.0,-5.75,8-2,0-0,0-1,0-1,13-8,2026-02-18,13,10,0.565,0,0,,0,1,0.0,0,1,0.0,13,8,0.619,11,4,0.733,7,4,0.636,8,2,0.8,2026-02-16,9-5
,UMBC,America East,199,199,231,201,10-12,7-5,3-7,5-6,227.0,163,216,-9.57,266.0,-5.2,7-3,1-1,0-0,0-1,9-10,2026-02-18,10,12,0.455,1,1,0.5,0,0,,0,1,0.0,9,10,0.474,7,5,0.583,5,6,0.455,7,3,0.7,2026-02-16,11-8
,Loyola Chicago,Atlantic 10,200,200,131,171,12-13,8-6,4-7,7-5,158.0,253,213,-9.47,282.0,-5.57,7-3,0-2,0-2,1-2,11-7,2026-02-18,12,13,0.48,0,2,0.0,0,2,0.0,1,2,0.333,11,7,0.611,8,6,0.571,7,5,0.583,7,3,0.7,2026-02-16,14-8
,Robert Morris,Horizon,201,201,291,222,14-10,9-8,5-2,7-6,354.0,363,201,-8.95,114.0,-1.86,5-5,0-0,0-0,0-1,14-9,2026-02-18,14,10,0.583,0,0,,0,0,,0,1,0.0,14,9,0.609,9,8,0.529,7,6,0.538,5,5,0.5,2026-02-16,9-5
,UTRGV,Southland,202,202,265,213,14-10,13-4,1-6,9-3,167.0,15,146,-6.7,184.0,-3.15,8-2,0-2,0-1,0-3,14-4,2026-02-18,14,10,0.583,0,2,0.0,0,1,0.0,0,3,0.0,14,4,0.778,13,4,0.765,9,3,0.75,8,2,0.8,2026-02-16,14-6
,Xavier,Big East,203,203,79,140,11-14,4-12,7-2,3-7,87.0,355,188,-8.44,106.0,-1.66,2-8,0-3,0-2,2-4,9-5,2026-02-18,11,14,0.44,0,3,0.0,0,2,0.0,2,4,0.333,9,5,0.643,4,12,0.25,3,7,0.3,2,8,0.2,2026-02-16,9-8
,Tennessee Tech,OVC,204,204,271,214,12-11,7-9,5-2,3-8,280.0,236,203,-9.02,79.0,-1.02,4-6,0-1,0-0,0-3,12-7,2026-02-18,12,11,0.522,0,1,0.0,0,0,,0,3,0.0,12,7,0.632,7,9,0.438,3,8,0.273,4,6,0.4,2026-02-16,10-4
,Tarleton St.,WAC,205,205,173,185,10-12,6-7,4-5,3-7,223.0,170,215,-9.56,199.0,-3.41,5-5,0-1,0-1,0-4,10-6,2026-02-18,10,12,0.455,0,1,0.0,0,1,0.0,0,4,0.0,10,6,0.625,6,7,0.462,3,7,0.3,5,5,0.5,2026-02-16,10-9
,St. Bonaventure,Atlantic 10,206,206,225,200,14-12,6-9,8-3,6-8,221.0,359,205,-9.06,153.0,-2.66,4-6,0-2,0-1,2-1,12-8,2026-02-18,14,12,0.538,0,2,0.0,0,1,0.0,2,1,0.667,12,8,0.6,6,9,0.4,6,8,0.429,4,6,0.4,2026-02-16,8-9
,Alabama A&M,SWAC,207,207,324,232,13-9,12-1,1-8,5-5,121.0,16,122,-5.32,238.0,-4.39,10-0,0-3,0-1,0-1,13-4,2026-02-18,13,9,0.591,0,3,0.0,0,1,0.0,0,1,0.0,13,4,0.765,12,1,0.923,5,5,0.5,10,0,1.0,2026-02-16,9-7
,DePaul,Big East,208,208,57,122,6-21,3-13,3-8,0-12,69.0,175,278,-13.44,303.0,-6.09,3-7,0-4,0-5,1-4,5-8,2026-02-18,6,21,0.222,0,4,0.0,0,5,0.0,1,4,0.2,5,8,0.385,3,13,0.188,0,12,0.0,3,7,0.3,2026-02-16,5-8
,UT Arlington,WAC,209,209,152,177,10-15,4-9,6-6,1-11,182.0,139,256,-11.76,210.0,-3.59,4-6,0-1,0-2,1-1,9-11,2026-02-18,10,15,0.4,0,1,0.0,0,2,0.0,1,1,0.5,9,11,0.45,4,9,0.308,1,11,0.083,4,6,0.4,2026-02-16,9-6
,Merrimack,MAAC,210,211,333,235,14-10,12-4,2-6,6-7,284.0,282,178,-7.96,263.0,-5.09,7-3,0-1,0-2,0-2,14-5,2026-02-18,14,10,0.583,0,1,0.0,0,2,0.0,0,2,0.0,14,5,0.737,12,4,0.75,6,7,0.462,7,3,0.7,2026-02-16,10-8
,VCU,Atlantic 10,211,210,67,131,8-18,4-10,4-8,1-8,77.0,92,259,-11.8,258.0,-5.03,3-7,0-3,0-6,0-4,8-5,2026-02-18,8,18,0.308,0,3,0.0,0,6,0.0,0,4,0.0,8,5,0.615,4,10,0.286,1,8,0.111,3,7,0.3,2026-02-16,11-7
,Delaware,CUSA,212,213,253,208,11-13,5-5,6-8,6-6,337.0,319,252,-11.52,320.0,-6.81,6-4,0-0,0-1,0-2,11-10,2026-02-18,11,13,0.458,0,0,,0,1,0.0,0,2,0.0,11,10,0.524,5,5,0.5,6,6,0.5,6,4,0.6,2026-02-16,10-9
,Georgia St.,Sun Belt,213,214,83,144,7-17,4-10,3-7,3-12,107.0,167,270,-12.68,267.0,-5.23,3-7,0-1,1-4,1-4,5-8,2026-02-18,7,17,0.292,0,1,0.0,1,4,0.2,1,4,0.2,5,8,0.385,4,10,0.286,3,12,0.2,3,7,0.3,2026-02-16,6-7
,Radford,Big South,214,212,317,231,15-10,9-3,6-7,5-7,268.0,205,169,-7.71,255.0,-5.0,8-2,0-2,0-0,0-3,15-5,2026-02-18,15,10,0.6,0,2,0.0,0,0,,0,3,0.0,15,5,0.75,9,3,0.75,5,7,0.417,8,2,0.8,2026-02-16,13-3
,South Alabama,Sun Belt,215,216,186,189,9-16,2-12,7-4,2-9,241.0,315,277,-13.38,176.0,-3.04,1-9,0-0,0-2,0-6,9-8,2026-02-18,9,16,0.36,0,0,,0,2,0.0,0,6,0.0,9,8,0.529,2,12,0.143,2,9,0.182,1,9,0.1,2026-02-16,13-7
,West Ga.,ASUN,216,215,304,225,14-9,9-5,5-4,4-7,242.0,162,144,-6.59,133.0,-2.36,6-4,0-1,0-1,0-3,14-4,2026-02-18,14,9,0.609,0,1,0.0,0,1,0.0,0,3,0.0,14,4,0.778,9,5,0.643,4,7,0.364,6,4,0.6,2026-02-16,8-9
,Campbell,CAA,217,217,317,231,15-9,10-3,5-6,6-6,344.0,312,168,-7.64,257.0,-5.02,8-2,0-0,0-1,0-1,15-7,2026-02-18,15,9,0.625,0,0,,0,1,0.0,0,1,0.0,15,7,0.682,10,3,0.769,6,6,0.5,8,2,0.8,2026-02-16,11-8
,Elon,CAA,218,218,271,214,10-13,6-6,4-7,3-8,276.0,243,240,-10.97,277.0,-5.51,5-5,0-1,0-0,0-3,10-9,2026-02-18,10,13,0.435,0,1,0.0,0,0,,0,3,0.0,10,9,0.526,6,6,0.5,3,8,0.273,5,5,0.5,2026-02-16,7-6
,Memphis,American,219,220,120,166,7-16,2-9,5-7,3-8,175.0,193,272,-12.93,261.0,-5.06,2-8,0-1,0-1,0-7,7-7,2026-02-18,7,16,0.304,0,1,0.0,0,1,0.0,0,7,0.0,7,7,0.5,2,9,0.182,3,8,0.273,2,8,0.2,2026-02-16,9-9
,Utah Valley,WAC,220,219,184,188,9-12,4-8,5-4,3-8,315.0,302,230,-10.46,185.0,-3.17,3-7,0-0,0-1,1-1,8-10,2026-02-18,9,12,0.429,0,0,,0,1,0.0,1,1,0.5,8,10,0.444,4,8,0.333,3,8,0.273,3,7,0.3,2026-02-16,10-10
,UIC,MVC,221,221,231,201,11-14,6-8,5-6,3-8,296.0,284,261,-11.97,249.0,-4.78,4-6,0-0,1-1,0-3,10-10,2026-02-18,11,14,0.44,0,0,,1,1,0.5,0,3,0.0,10,10,0.5,6,8,0.429,3,8,0.273,4,6,0.4,2026-02-16,11-4
,Eastern Wash.,Big Sky,222,222,186,189,10-14,5-8,5-6,5-9,244.0,246,251,-11.51,243.0,-4.54,4-6,0-0,0-3,1-3,9-8,2026-02-18,10,14,0.417,0,0,,0,3,0.0,1,3,0.25,9,8,0.529,5,8,0.385,5,9,0.357,4,6,0.4,2026-02-16,10-5
,Pacific,WCC,223,223,92,151,9-15,5-9,4-6,1-8,143.0,150,250,-11.45,228.0,-4.06,3-7,0-0,0-5,1-3,8-7,2026-02-18,9,15,0.375,0,0,,0,5,0.0,1,3,0.25,8,7,0.533,5,9,0.357,1,8,0.111,3,7,0.3,2026-02-16,10-6
,Saint Louis,Atlantic 10,224,225,113,164,10-17,5-10,5-7,4-8,228.0,325,288,-14.02,302.0,-6.05,3-7,0-1,0-2,0-3,10-11,2026-02-18,10,17,0.37,0,1,0.0,0,2,0.0,0,3,0.0,10,11,0.476,5,10,0.333,4,8,0.333,3,7,0.3,2026-02-16,12-5
,Wofford,SoCon,225,224,298,223,11-11,8-3,3-8,7-7,272.0,190,204,-9.03,305.0,-6.2,8-2,0-1,0-0,0-4,11-6,2026-02-18,11,11,0.5,0,1,0.0,0,0,,0,4,0.0,11,6,0.647,8,3,0.727,7,7,0.5,8,2,0.8,2026-02-16,13-3
,Drake,MVC,226,226,108,161,7-17,6-8,1-9,4-6,119.0,52,273,-12.97,300.0,-6.03,3-7,0-2,0-1,0-3,7-11,2026-02-18,7,17,0.292,0,2,0.0,0,1,0.0,0,3,0.0,7,11,0.389,6,8,0.429,4,6,0.4,3,7,0.3,2026-02-16,4-8
,Southern U.,SWAC,227,227,280,217,11-11,9-4,2-7,7-9,76.0,2,125,-5.49,102.0,-1.56,6-4,0-6,0-0,1-0,10-5,2026-02-18,11,11,0.5,0,6,0.0,0,0,,1,0,1.0,10,5,0.667,9,4,0.692,7,9,0.438,6,4,0.6,2026-02-16,7-6
,Washington St.,WCC,228,228,50,118,5-22,4-10,1-12,3-8,83.0,26,323,-15.9,334.0,-7.41,2-8,0-2,0-5,1-6,4-9,2026-02-18,5,22,0.185,0,2,0.0,0,5,0.0,1,6,0.143,4,9,0.308,4,10,0.286,3,8,0.273,2,8,0.2,2026-02-16,14-5
,UT Martin,OVC,229,229,191,190,10-12,9-7,1-5,4-10,234.0,135,217,-9.64,215.0,-3.78,6-4,0-1,0-0,0-5,10-6,2026-02-18,10,12,0.455,0,1,0.0,0,0,,0,5,0.0,10,6,0.625,9,7,0.562,4,10,0.286,6,4,0.6,2026-02-16,9-5
,Northwestern St.,Southland,230,231,231,201,11-12,10-7,1-5,6-7,127.0,7,185,-8.25,121.0,-1.98,5-5,0-2,0-2,1-1,10-7,2026-02-18,11,12,0.478,0,2,0.0,0,2,0.0,1,1,0.5,10,7,0.588,10,7,0.588,6,7,0.462,5,5,0.5,2026-02-16,6-11
,William & Mary,CAA,231,230,304,225,12-10,6-6,6-4,8-4,333.0,279,189,-8.56,168.0,-2.85,5-5,0-0,0-2,1-0,11-8,2026-02-18,12,10,0.545,0,0,,0,2,0.0,1,0,1.0,11,8,0.579,6,6,0.5,8,4,0.667,5,5,0.5,2026-02-16,10-8
,Stony Brook,CAA,232,232,265,213,11-11,9-3,2-8,4-8,294.0,215,208,-9.2,313.0,-6.51,8-2,0-1,0-1,0-1,11-8,2026-02-18,11,11,0.5,0,1,0.0,0,1,0.0,0,1,0.0,11,8,0.579,9,3,0.75,4,8,0.333,8,2,0.8,2026-02-16,8-7
,Little Rock,OVC,233,233,173,185,11-13,9-7,2-6,5-9,180.0,82,223,-9.86,224.0,-3.94,5-5,0-1,0-1,0-5,11-6,2026-02-18,11,13,0.458,0,1,0.0,0,1,0.0,0,5,0.0,11,6,0.647,9,7,0.562,5,9,0.357,5,5,0.5,2026-02-16,9-6
,Air Force,Mountain West,234,234,225,200,11-13,6-9,5-4,4-9,303.0,333,242,-11.12,196.0,-3.36,5-5,0-0,0-1,0-4,11-8,2026-02-18,11,13,0.458,0,0,,0,1,0.0,0,4,0.0,11,8,0.579,6,9,0.4,4,9,0.308,5,5,0.5,2026-02-16,10-8
,Jacksonville St.,CUSA,235,235,265,213,9-13,6-6,3-7,4-9,299.0,290,245,-11.24,297.0,-5.94,4-6,0-1,0-0,0-1,9-11,2026-02-18,9,13,0.409,0,1,0.0,0,0,,0,1,0.0,9,11,0.45,6,6,0.5,4,9,0.308,4,6,0.4,2026-02-16,9-10
,Norfolk St.,MEAC,236,236,265,213,9-12,8-2,1-10,5-10,96.0,24,170,-7.8,298.0,-5.94,8-2,0-4,0-0,0-2,9-6,2026-02-18,9,12,0.429,0,4,0.0,0,0,,0,2,0.0,9,6,0.6,8,2,0.8,5,10,0.333,8,2,0.8,2026-02-16,8-8
,Nevada,Mountain West,237,237,123,167,7-17,4-11,3-6,1-9,275.0,334,305,-14.88,272.0,-5.37,2-8,0-0,0-1,1-5,6-11,2026-02-18,7,17,0.292,0,0,,0,1,0.0,1,5,0.167,6,11,0.353,4,11,0.267,1,9,0.1,2,8,0.2,2026-02-16,10-6
,Towson,CAA,238,238,291,222,13-11,7-6,6-5,5-8,256.0,161,192,-8.67,174.0,-2.98,4-6,0-2,0-0,0-1,13-8,2026-02-18,13,11,0.542,0,2,0.0,0,0,,0,1,0.0,13,8,0.619,7,6,0.538,5,8,0.385,4,6,0.4,2026-02-16,5-10
,Kennesaw St.,CUSA,239,239,225,200,9-12,5-8,4-4,3-8,236.0,166,220,-9.77,145.0,-2.57,4-6,0-1,0-1,0-1,9-9,2026-02-18,9,12,0.429,0,1,0.0,0,1,0.0,0,1,0.0,9,9,0.5,5,8,0.385,3,8,0.273,4,6,0.4,2026-02-16,10-5
,Fla. Atlantic,American,240,240,131,171,11-13,6-7,5-6,5-6,257.0,289,233,-10.69,251.0,-4.81,6-4,0-0,0-2,1-3,10-8,2026-02-18,11,13,0.458,0,0,,0,2,0.0,1,3,0.25,10,8,0.556,6,7,0.462,5,6,0.455,6,4,0.6,2026-02-16,7-7
,Texas St.,Sun Belt,241,241,173,185,9-14,7-7,2-7,4-8,207.0,269,246,-11.26,296.0,-5.92,4-6,0-1,0-2,0-4,9-7,2026-02-18,9,14,0.391,0,1,0.0,0,2,0.0,0,4,0.0,9,7,0.562,7,7,0.5,4,8,0.333,4,6,0.4,2026-02-16,10-8
,Northern Ariz.,Big Sky,242,242,173,185,8-17,6-8,2-9,5-9,270.0,244,302,-14.72,335.0,-7.53,4-6,0-0,0-2,0-6,8-9,2026-02-18,8,17,0.32,0,0,,0,2,0.0,0,6,0.0,8,9,0.471,6,8,0.429,5,9,0.357,4,6,0.4,2026-02-16,9-8
,Furman,SoCon,243,243,282,218,12-10,8-3,4-7,7-6,146.0,64,148,-6.75,226.0,-3.95,7-3,0-2,0-3,0-0,12-5,2026-02-18,12,10,0.545,0,2,0.0,0,3,0.0,0,0,,12,5,0.706,8,3,0.727,7,6,0.538,7,3,0.7,2026-02-16,6-10
,North Ala.,ASUN,244,244,257,209,11-12,8-6,3-6,5-9,258.0,209,221,-9.8,247.0,-4.64,7-3,0-1,0-1,0-2,11-8,2026-02-18,11,12,0.478,0,1,0.0,0,1,0.0,0,2,0.0,11,8,0.579,8,6,0.571,5,9,0.357,7,3,0.7,2026-02-16,8-8
,UC Riverside,Big West,245,245,173,185,6-17,6-9,0-8,3-10,246.0,182,300,-14.64,316.0,-6.65,3-7,0-0,0-2,0-5,6-10,2026-02-18,6,17,0.261,0,0,,0,2,0.0,0,5,0.0,6,10,0.375,6,9,0.4,3,10,0.231,3,7,0.3,2026-02-16,8-7
,Sacramento St.,Big Sky,246,246,241,204,9-15,5-8,4-7,4-9,319.0,317,276,-13.27,301.0,-6.04,3-7,0-0,0-2,0-0,9-13,2026-02-18,9,15,0.375,0,0,,0,2,0.0,0,0,,9,13,0.409,5,8,0.385,4,9,0.308,3,7,0.3,2026-02-16,12-7
,St. Thomas (MN),Summit League,247,247,209,196,10-13,6-6,4-7,3-4,177.0,281,225,-9.95,287.0,-5.74,5-5,0-2,0-2,0-2,10-7,2026-02-18,10,13,0.435,0,2,0.0,0,2,0.0,0,2,0.0,10,7,0.588,6,6,0.5,3,4,0.429,5,5,0.5,2026-02-16,12-6
,IU Indy,Horizon,248,248,201,193,9-14,7-9,2-5,2-9,327.0,248,266,-12.41,229.0,-4.08,6-4,0-0,0-0,0-4,9-10,2026-02-18,9,14,0.391,0,0,,0,0,,0,4,0.0,9,10,0.474,7,9,0.438,2,9,0.182,6,4,0.6,2026-02-16,5-9
,Wyoming,Mountain West,249,249,110,162,8-16,6-10,2-6,2-11,137.0,81,264,-12.34,223.0,-3.93,5-5,0-1,0-3,1-3,7-9,2026-02-18,8,16,0.333,0,1,0.0,0,3,0.0,1,3,0.25,7,9,0.438,6,10,0.375,2,11,0.154,5,5,0.5,2026-02-16,8-9
,ETSU,SoCon,250,250,284,220,11-12,6-4,5-8,6-4,188.0,127,206,-9.07,268.0,-5.27,6-4,0-3,0-0,0-0,11-9,2026-02-18,11,12,0.478,0,3,0.0,0,0,,0,0,,11,9,0.55,6,4,0.6,6,4,0.6,6,4,0.6,2026-02-16,8-7
,Duquesne,Atlantic 10,251,251,169,184,7-16,2-12,5-4,3-9,233.0,349,281,-13.52,212.0,-3.6,2-8,0-2,0-1,1-1,6-12,2026-02-18,7,16,0.304,0,2,0.0,0,1,0.0,1,1,0.5,6,12,0.333,2,12,0.143,3,9,0.25,2,8,0.2,2026-02-16,13-6
,Boston College,ACC,252,252,42,112,4-24,0-15,4-9,0-9,53.0,287,299,-14.63,336.0,-7.58,0-10,0-7,0-5,0-7,4-5,2026-02-18,4,24,0.143,0,7,0.0,0,5,0.0,0,7,0.0,4,5,0.444,0,15,0.0,0,9,0.0,0,10,0.0,2026-02-16,4-5
,UMES,MEAC,253,254,241,204,12-13,7-3,5-10,7-7,194.0,152,224,-9.91,329.0,-7.11,7-3,0-2,0-1,0-2,12-8,2026-02-18,12,13,0.48,0,2,0.0,0,1,0.0,0,2,0.0,12,8,0.6,7,3,0.7,7,7,0.5,7,3,0.7,2026-02-16,10-9
,Fordham,Atlantic 10,254,253,237,202,9-16,2-13,7-3,3-8,218.0,341,274,-13.14,140.0,-2.43,2-8,0-1,0-4,0-1,9-10,2026-02-18,9,16,0.36,0,1,0.0,0,4,0.0,0,1,0.0,9,10,0.474,2,13,0.133,3,8,0.273,2,8,0.2,2026-02-16,5-7
,Pittsburgh,ACC,255,255,103,159,8-18,1-13,7-5,1-8,71.0,301,236,-10.81,218.0,-3.87,0-10,0-7,0-3,0-1,8-7,2026-02-18,8,18,0.308,0,7,0.0,0,3,0.0,0,1,0.0,8,7,0.533,1,13,0.071,1,8,0.111,0,10,0.0,2026-02-16,6-10
,Montana,Big Sky,256,256,103,159,6-17,4-9,2-8,3-9,103.0,50,271,-12.75,254.0,-4.96,4-6,0-2,0-3,1-4,5-8,2026-02-18,6,17,0.261,0,2,0.0,0,3,0.0,1,4,0.2,5,8,0.385,4,9,0.308,3,9,0.25,4,6,0.4,2026-02-16,8-6
,Loyola Maryland,Patriot,257,258,302,224,11-14,7-7,4-7,6-8,274.0,185,258,-11.79,265.0,-5.16,5-5,0-2,0-0,0-0,11-12,2026-02-18,11,14,0.44,0,2,0.0,0,0,,0,0,,11,12,0.478,7,7,0.5,6,8,0.429,5,5,0.5,2026-02-16,7-7
,SIUE,OVC,258,259,253,208,9-14,5-11,4-3,3-9,317.0,314,263,-12.33,135.0,-2.39,4-6,0-0,0-1,1-4,8-9,2026-02-18,9,14,0.391,0,0,,0,1,0.0,1,4,0.2,8,9,0.471,5,11,0.312,3,9,0.25,4,6,0.4,2026-02-16,5-8
,East Texas A&M,Southland,259,257,298,223,10-12,8-9,2-3,3-8,212.0,25,212,-9.42,84.0,-1.16,5-5,0-2,0-0,0-2,10-8,2026-02-18,10,12,0.455,0,2,0.0,0,0,,0,2,0.0,10,8,0.556,8,9,0.471,3,8,0.273,5,5,0.5,2026-02-16,4-12
,Mercer,SoCon,260,260,353,258,13-10,5-5,8-5,6-7,347.0,323,196,-8.8,225.0,-3.95,5-5,0-0,0-2,0-1,13-7,2026-02-18,13,10,0.565,0,0,,0,2,0.0,0,1,0.0,13,7,0.65,5,5,0.5,6,7,0.462,5,5,0.5,2026-02-16,9-7
,Nicholls,Southland,261,261,355,260,11-12,8-9,3-3,6-7,359.0,348,244,-11.2,156.0,-2.72,4-6,0-0,0-0,0-2,11-10,2026-02-18,11,12,0.478,0,0,,0,0,,0,2,0.0,11,10,0.524,8,9,0.471,6,7,0.462,4,6,0.4,2026-02-16,8-6
,Weber St.,Big Sky,262,262,131,171,5-19,2-12,3-7,1-12,154.0,86,318,-15.55,240.0,-4.46,2-8,0-1,0-4,1-3,4-11,2026-02-18,5,19,0.208,0,1,0.0,0,4,0.0,1,3,0.25,4,11,0.267,2,12,0.143,1,12,0.077,2,8,0.2,2026-02-16,10-11
,Southeast Mo. St.,OVC,263,263,201,193,6-17,4-12,2-5,2-10,224.0,138,295,-14.45,208.0,-3.59,3-7,0-1,0-1,0-3,6-12,2026-02-18,6,17,0.261,0,1,0.0,0,1,0.0,0,3,0.0,6,12,0.333,4,12,0.25,2,10,0.167,3,7,0.3,2026-02-16,13-7
,Lipscomb,ASUN,264,264,225,200,7-16,6-8,1-8,4-10,278.0,263,286,-13.99,321.0,-6.88,4-6,0-0,0-2,0-3,7-11,2026-02-18,7,16,0.304,0,0,,0,2,0.0,0,3,0.0,7,11,0.389,6,8,0.429,4,10,0.286,4,6,0.4,2026-02-16,6-10
,N.C. A&T,CAA,265,266,214,198,5-15,4-9,1-6,3-9,100.0,9,243,-11.17,146.0,-2.59,3-7,0-4,0-0,0-2,5-9,2026-02-18,5,15,0.25,0,4,0.0,0,0,,0,2,0.0,5,9,0.357,4,9,0.308,3,9,0.25,3,7,0.3,2026-02-16,9-8
,UIW,Southland,266,265,274,215,9-13,9-8,0-5,3-9,144.0,4,219,-9.75,138.0,-2.41,5-5,0-2,0-1,0-3,9-7,2026-02-18,9,13,0.409,0,2,0.0,0,1,0.0,0,3,0.0,9,7,0.562,9,8,0.529,3,9,0.25,5,5,0.5,2026-02-16,4-10
,LIU,NEC,267,267,363,302,14-8,11-2,3-6,8-5,361.0,344,166,-7.45,278.0,-5.52,8-2,0-0,0-1,0-0,14-7,2026-02-18,14,8,0.636,0,0,,0,1,0.0,0,0,,14,7,0.667,11,2,0.846,8,5,0.615,8,2,0.8,2026-02-16,6-11
,San Diego,WCC,268,268,146,175,8-18,3-11,5-7,0-11,214.0,277,307,-14.96,285.0,-5.62,3-7,0-0,0-5,0-4,8-9,2026-02-18,8,18,0.308,0,0,,0,5,0.0,0,4,0.0,8,9,0.471,3,11,0.214,0,11,0.0,3,7,0.3,2026-02-16,10-9
,Western Mich.,MAC,269,269,149,176,7-15,3-9,4-6,3-9,130.0,95,249,-11.45,205.0,-3.56,2-8,0-2,0-1,0-4,7-8,2026-02-18,7,15,0.318,0,2,0.0,0,1,0.0,0,4,0.0,7,8,0.467,3,9,0.25,3,9,0.25,2,8,0.2,2026-02-16,6-9
,Yale,Ivy League,270,270,169,184,6-17,2-8,4-9,4-9,209.0,328,292,-14.28,344.0,-8.0,2-8,0-0,0-3,0-6,6-8,2026-02-18,6,17,0.261,0,0,,0,3,0.0,0,6,0.0,6,8,0.429,2,8,0.2,4,9,0.308,2,8,0.2,2026-02-16,8-9
,Southern Ill.,MVC,271,271,225,200,7-14,6-8,1-6,2-7,320.0,303,268,-12.49,270.0,-5.35,6-4,0-0,0-1,0-3,7-10,2026-02-18,7,14,0.333,0,0,,0,1,0.0,0,3,0.0,7,10,0.412,6,8,0.429,2,7,0.222,6,4,0.6,2026-02-16,12-8
,Oakland,Horizon,272,272,162,180,7-18,5-11,2-7,4-10,155.0,43,294,-14.43,232.0,-4.17,4-6,0-2,0-1,1-2,6-13,2026-02-18,7,18,0.28,0,2,0.0,0,1,0.0,1,2,0.333,6,13,0.316,5,11,0.312,4,10,0.286,4,6,0.4,2026-02-16,11-9
,Mount St. Mary's,MAAC,273,273,342,243,12-13,8-8,4-5,5-8,238.0,159,228,-10.37,194.0,-3.34,5-5,0-2,0-2,0-1,12-8,2026-02-18,12,13,0.48,0,2,0.0,0,2,0.0,0,1,0.0,12,8,0.6,8,8,0.5,5,8,0.385,5,5,0.5,2026-02-16,7-8
,Siena,MAAC,274,275,356,263,11-14,9-7,2-7,5-10,336.0,338,267,-12.46,310.0,-6.43,5-5,0-0,0-2,0-2,11-10,2026-02-18,11,14,0.44,0,0,,0,2,0.0,0,2,0.0,11,10,0.524,9,7,0.562,5,10,0.333,5,5,0.5,2026-02-16,5-9
,UNC Greensboro,SoCon,275,274,336,237,9-13,3-8,6-5,3-9,250.0,160,235,-10.8,173.0,-2.97,2-8,0-2,0-0,0-2,9-9,2026-02-18,9,13,0.409,0,2,0.0,0,0,,0,2,0.0,9,9,0.5,3,8,0.273,3,9,0.25,2,8,0.2,2026-02-16,3-17
,Utah Tech,WAC,276,276,209,196,5-17,1-12,4-5,0-9,325.0,318,315,-15.45,236.0,-4.22,1-9,0-0,0-1,0-1,5-15,2026-02-18,5,17,0.227,0,0,,0,1,0.0,0,1,0.0,5,15,0.25,1,12,0.077,0,9,0.0,1,9,0.1,2026-02-16,5-13
,Boston U.,Patriot,277,277,263,212,7-17,4-10,3-7,5-9,279.0,219,306,-14.91,280.0,-5.54,4-6,0-1,0-0,0-4,7-12,2026-02-18,7,17,0.292,0,1,0.0,0,0,,0,4,0.0,7,12,0.368,4,10,0.286,5,9,0.357,4,6,0.4,2026-02-16,5-14
,Coppin St.,MEAC,278,278,196,191,7-18,6-4,1-14,3-11,81.0,22,262,-12.25,348.0,-8.36,5-5,0-5,0-1,0-2,7-10,2026-02-18,7,18,0.28,0,5,0.0,0,1,0.0,0,2,0.0,7,10,0.412,6,4,0.6,3,11,0.214,5,5,0.5,2026-02-16,4-9
,Utah St.,Mountain West,279,279,125,168,5-18,2-13,3-5,1-11,181.0,133,308,-15.0,195.0,-3.35,0-10,0-1,0-2,0-5,5-10,2026-02-18,5,18,0.217,0,1,0.0,0,2,0.0,0,5,0.0,5,10,0.333,2,13,0.133,1,11,0.083,0,10,0.0,2026-02-16,6-9
,UTEP,CUSA,280,280,238,203,9-13,3-10,6-3,2-7,248.0,165,234,-10.76,93.0,-1.39,2-8,0-1,0-1,0-2,9-9,2026-02-18,9,13,0.409,0,1,0.0,0,1,0.0,0,2,0.0,9,9,0.5,3,10,0.231,2,7,0.222,2,8,0.2,2026-02-16,5-11
,Wichita St.,American,281,281,120,166,4-21,2-11,2-10,1-8,216.0,257,349,-18.09,350.0,-8.46,2-8,0-1,0-3,1-0,3-17,2026-02-18,4,21,0.16,0,1,0.0,0,3,0.0,1,0,1.0,3,17,0.15,2,11,0.154,1,8,0.111,2,8,0.2,2026-02-16,10-9
,Lafayette,Patriot,282,282,338,239,9-16,5-9,4-7,5-10,338.0,307,296,-14.48,299.0,-5.99,3-7,0-1,0-0,0-1,9-14,2026-02-18,9,16,0.36,0,1,0.0,0,0,,0,1,0.0,9,14,0.391,5,9,0.357,5,10,0.333,3,7,0.3,2026-02-16,12-7
,Evansville,MVC,283,283,238,203,6-20,4-11,2-9,3-13,254.0,216,340,-17.47,333.0,-7.38,2-8,0-1,0-1,1-2,5-16,2026-02-18,6,20,0.231,0,1,0.0,0,1,0.0,1,2,0.333,5,16,0.238,4,11,0.267,3,13,0.188,2,8,0.2,2026-02-16,5-11
,New Hampshire,America East,284,284,191,190,6-17,2-10,4-7,3-12,230.0,226,297,-14.48,275.0,-5.43,2-8,0-1,0-0,0-5,6-11,2026-02-18,6,17,0.261,0,1,0.0,0,0,,0,5,0.0,6,11,0.353,2,10,0.167,3,12,0.2,2,8,0.2,2026-02-16,5-8
,Iona,MAAC,285,285,357,264,15-11,9-8,6-3,7-6,334.0,326,211,-9.31,130.0,-2.29,6-4,0-0,0-3,1-1,14-7,2026-02-18,15,11,0.577,0,0,,0,3,0.0,1,1,0.5,14,7,0.667,9,8,0.529,7,6,0.538,6,4,0.6,2026-02-16,6-11
,Kansas City,Summit League,286,286,134,172,4-19,4-9,0-10,2-11,93.0,105,291,-14.18,338.0,-7.65,3-7,0-3,0-4,0-3,4-9,2026-02-18,4,19,0.174,0,3,0.0,0,4,0.0,0,3,0.0,4,9,0.308,4,9,0.308,2,11,0.154,3,7,0.3,2026-02-16,8-8
,CSUN,Big West,287,287,218,199,6-15,4-10,2-5,3-9,312.0,285,279,-13.45,237.0,-4.23,3-7,0-0,0-1,0-2,6-12,2026-02-18,6,15,0.286,0,0,,0,1,0.0,0,2,0.0,6,12,0.333,4,10,0.286,3,9,0.25,3,7,0.3,2026-02-16,6-10
,Northeastern,CAA,288,288,291,222,7-16,3-10,4-6,4-8,355.0,351,309,-15.02,284.0,-5.59,3-7,0-0,0-0,0-1,7-15,2026-02-18,7,16,0.304,0,0,,0,0,,0,1,0.0,7,15,0.318,3,10,0.231,4,8,0.333,3,7,0.3,2026-02-16,6-9
,Akron,MAC,289,289,149,176,4-19,3-9,1-10,1-11,161.0,153,321,-15.77,341.0,-7.9,3-7,0-2,0-0,0-4,4-13,2026-02-18,4,19,0.174,0,2,0.0,0,0,,0,4,0.0,4,13,0.235,3,9,0.25,1,11,0.083,3,7,0.3,2026-02-16,6-8
,New Mexico St.,CUSA,290,290,152,177,5-17,4-9,1-8,2-10,255.0,188,304,-14.86,312.0,-6.5,2-8,0-1,0-0,0-3,5-13,2026-02-18,5,17,0.227,0,1,0.0,0,0,,0,3,0.0,5,13,0.278,4,9,0.308,2,10,0.167,2,8,0.2,2026-02-16,8-10
,Marist,MAAC,291,291,260,211,10-17,7-10,3-7,2-9,220.0,203,284,-13.94,276.0,-5.45,4-6,0-1,0-3,0-2,10-11,2026-02-18,10,17,0.37,0,1,0.0,0,3,0.0,0,2,0.0,10,11,0.476,7,10,0.412,2,9,0.182,4,6,0.4,2026-02-16,8-13
,CSU Bakersfield,Big West,292,292,238,203,6-17,2-12,4-5,4-8,321.0,339,314,-15.36,239.0,-4.44,2-8,0-0,0-2,0-2,6-13,2026-02-18,6,17,0.261,0,0,,0,2,0.0,0,2,0.0,6,13,0.316,2,12,0.143,4,8,0.333,2,8,0.2,2026-02-16,8-5
,Alcorn,SWAC,293,294,315,230,11-10,11-2,0-8,5-7,102.0,10,136,-6.11,235.0,-4.21,9-1,0-4,0-0,0-1,11-5,2026-02-18,11,10,0.524,0,4,0.0,0,0,,0,1,0.0,11,5,0.688,11,2,0.846,5,7,0.417,9,1,0.9,2026-02-16,6-12
,Alabama St.,SWAC,294,293,317,231,10-11,9-4,1-7,5-8,88.0,3,140,-6.33,139.0,-2.43,7-3,0-5,0-0,0-1,10-5,2026-02-18,10,11,0.476,0,5,0.0,0,0,,0,1,0.0,10,5,0.667,9,4,0.692,5,8,0.385,7,3,0.7,2026-02-16,3-13
,Wright St.,Horizon,295,295,274,215,7-18,5-11,2-7,3-11,301.0,254,325,-16.01,291.0,-5.84,3-7,0-1,0-0,0-1,7-16,2026-02-18,7,18,0.28,0,1,0.0,0,0,,0,1,0.0,7,16,0.304,5,11,0.312,3,11,0.214,3,7,0.3,2026-02-16,6-14
,Samford,SoCon,296,296,249,206,8-16,4-6,4-10,3-12,110.0,53,255,-11.69,292.0,-5.85,4-6,0-4,0-1,0-1,8-10,2026-02-18,8,16,0.333,0,4,0.0,0,1,0.0,0,1,0.0,8,10,0.444,4,6,0.4,3,12,0.2,4,6,0.4,2026-02-16,9-5
,Cornell,Ivy League,297,297,164,182,7-15,3-7,4-8,6-6,147.0,316,257,-11.76,323.0,-6.95,3-7,0-1,1-2,1-3,5-9,2026-02-18,7,15,0.318,0,1,0.0,1,2,0.333,1,3,0.25,5,9,0.357,3,7,0.3,6,6,0.5,3,7,0.3,2026-02-16,7-6
,Bucknell,Patriot,298,298,277,216,8-16,5-9,3-7,3-10,292.0,220,287,-14.01,281.0,-5.55,5-5,0-1,0-0,0-4,8-11,2026-02-18,8,16,0.333,0,1,0.0,0,0,,0,4,0.0,8,11,0.421,5,9,0.357,3,10,0.231,5,5,0.5,2026-02-16,5-13
,North Florida,ASUN,299,299,201,193,6-17,3-11,3-6,4-9,185.0,78,289,-14.06,213.0,-3.66,2-8,0-2,0-2,0-1,6-12,2026-02-18,6,17,0.261,0,2,0.0,0,2,0.0,0,1,0.0,6,12,0.333,3,11,0.214,4,9,0.308,2,8,0.2,2026-02-16,6-15
,Milwaukee,Horizon,300,300,249,206,6-19,4-12,2-7,3-10,343.0,324,341,-17.56,307.0,-6.27,2-8,0-0,0-0,0-2,6-17,2026-02-18,6,19,0.24,0,0,,0,0,,0,2,0.0,6,17,0.261,4,12,0.25,3,10,0.231,2,8,0.2,2026-02-16,6-8
,Western Ky.,CUSA,301,301,214,198,5-18,2-11,3-7,2-11,186.0,126,311,-15.07,252.0,-4.89,2-8,0-2,0-1,0-1,5-14,2026-02-18,5,18,0.217,0,2,0.0,0,1,0.0,0,1,0.0,5,14,0.263,2,11,0.154,2,11,0.154,2,8,0.2,2026-02-16,6-10
,Manhattan,MAAC,302,302,260,211,7-18,7-9,0-9,3-9,166.0,113,298,-14.56,325.0,-6.99,4-6,0-1,0-4,0-3,7-10,2026-02-18,7,18,0.28,0,1,0.0,0,4,0.0,0,3,0.0,7,10,0.412,7,9,0.438,3,9,0.25,4,6,0.4,2026-02-16,7-14
,Sacred Heart,MAAC,303,303,347,248,11-13,10-6,1-7,5-8,281.0,196,239,-10.95,286.0,-5.72,6-4,0-1,0-2,0-2,11-8,2026-02-18,11,13,0.458,0,1,0.0,0,2,0.0,0,2,0.0,11,8,0.579,10,6,0.625,5,8,0.385,6,4,0.6,2026-02-16,8-9
,Hofstra,CAA,304,304,205,194,4-19,3-10,1-9,3-9,157.0,67,320,-15.75,306.0,-6.25,2-8,0-2,0-1,0-2,4-14,2026-02-18,4,19,0.174,0,2,0.0,0,1,0.0,0,2,0.0,4,14,0.222,3,10,0.231,3,9,0.25,2,8,0.2,2026-02-16,10-8
,Dartmouth,Ivy League,305,305,205,194,7-13,1-9,6-4,4-9,193.0,346,232,-10.53,204.0,-3.52,1-9,0-0,0-3,0-4,7-6,2026-02-18,7,13,0.35,0,0,,0,3,0.0,0,4,0.0,7,6,0.538,1,9,0.1,4,9,0.308,1,9,0.1,2026-02-16,4-11
,Indiana St.,MVC,306,306,258,210,7-17,4-11,3-6,3-10,295.0,249,310,-15.03,250.0,-4.81,3-7,0-1,0-0,0-1,7-15,2026-02-18,7,17,0.292,0,1,0.0,0,0,,0,1,0.0,7,15,0.318,4,11,0.267,3,10,0.231,3,7,0.3,2026-02-16,5-10
,Denver,Summit League,307,308,162,180,6-17,3-10,3-7,1-11,162.0,286,282,-13.78,294.0,-5.9,2-8,0-2,0-2,0-2,6-11,2026-02-18,6,17,0.261,0,2,0.0,0,2,0.0,0,2,0.0,6,11,0.353,3,10,0.231,1,11,0.083,2,8,0.2,2026-02-16,7-11
,Winthrop,Big South,308,307,317,231,9-15,5-8,4-7,3-10,152.0,61,253,-11.54,219.0,-3.88,3-7,0-3,0-1,0-1,9-10,2026-02-18,9,15,0.375,0,3,0.0,0,1,0.0,0,1,0.0,9,10,0.474,5,8,0.385,3,10,0.231,3,7,0.3,2026-02-16,6-9
,Detroit Mercy,Horizon,309,309,231,201,5-19,3-13,2-6,1-9,264.0,172,333,-16.77,246.0,-4.59,1-9,0-1,0-0,0-2,5-16,2026-02-18,5,19,0.208,0,1,0.0,0,0,,0,2,0.0,5,16,0.238,3,13,0.188,1,9,0.1,1,9,0.1,2026-02-16,4-13
,Houston Christian,Southland,310,310,265,213,5-17,5-12,0-5,2-12,211.0,23,293,-14.41,181.0,-3.13,3-7,0-1,0-2,0-2,5-12,2026-02-18,5,17,0.227,0,1,0.0,0,2,0.0,0,2,0.0,5,12,0.294,5,12,0.294,2,12,0.143,3,7,0.3,2026-02-16,4-15
,Buffalo,MAC,311,311,152,177,2-22,0-12,2-10,0-11,195.0,207,351,-19.04,347.0,-8.18,0-10,0-1,0-2,0-3,2-16,2026-02-18,2,22,0.083,0,1,0.0,0,2,0.0,0,3,0.0,2,16,0.111,0,12,0.0,0,11,0.0,0,10,0.0,2026-02-16,6-12
,Jackson St.,SWAC,312,312,308,226,7-17,6-7,1-10,3-10,145.0,44,280,-13.46,314.0,-6.55,5-5,0-3,0-1,0-4,7-9,2026-02-18,7,17,0.292,0,3,0.0,0,1,0.0,0,4,0.0,7,9,0.438,6,7,0.462,3,10,0.231,5,5,0.5,2026-02-16,5-15
,Grambling,SWAC,313,313,311,227,6-16,6-6,0-10,3-10,267.0,144,285,-13.96,346.0,-8.04,5-5,0-1,0-0,0-4,6-11,2026-02-18,6,16,0.273,0,1,0.0,0,0,,0,4,0.0,6,11,0.353,6,6,0.5,3,10,0.231,5,5,0.5,2026-02-16,6-15
,Eastern Ill.,OVC,314,314,180,187,4-23,3-13,1-10,2-14,150.0,65,353,-19.08,324.0,-6.96,1-9,0-2,0-2,0-3,4-16,2026-02-18,4,23,0.148,0,2,0.0,0,2,0.0,0,3,0.0,4,16,0.2,3,13,0.188,2,14,0.125,1,9,0.1,2026-02-16,3-13
,Portland St.,Big Sky,315,315,208,195,5-19,2-11,3-8,1-11,297.0,306,335,-17.07,326.0,-6.99,1-9,0-0,0-2,0-1,5-16,2026-02-18,5,19,0.208,0,0,,0,2,0.0,0,1,0.0,5,16,0.238,2,11,0.154,1,11,0.083,1,9,0.1,2026-02-16,2-16
,Hampton,CAA,316,316,311,227,6-15,3-9,3-6,3-7,358.0,345,290,-14.16,279.0,-5.53,2-8,0-0,0-0,0-2,6-13,2026-02-18,6,15,0.286,0,0,,0,0,,0,2,0.0,6,13,0.316,3,9,0.25,3,7,0.3,2,8,0.2,2026-02-16,5-14
,American,Patriot,317,317,260,211,6-19,4-10,2-9,2-11,332.0,305,338,-17.35,343.0,-7.99,2-8,0-1,0-0,0-2,6-16,2026-02-18,6,19,0.24,0,1,0.0,0,0,,0,2,0.0,6,16,0.273,4,10,0.286,2,11,0.154,2,8,0.2,2026-02-16,4-10
,N.C. Central,MEAC,318,319,277,216,5-16,3-6,2-10,1-9,128.0,68,269,-12.59,318.0,-6.72,3-7,0-3,0-0,0-2,5-11,2026-02-18,5,16,0.238,0,3,0.0,0,0,,0,2,0.0,5,11,0.312,3,6,0.333,1,9,0.1,3,7,0.3,2026-02-16,5-13
,Colgate,Patriot,319,318,231,201,5-19,2-12,3-7,2-11,262.0,189,332,-16.75,271.0,-5.36,1-9,0-1,0-2,0-2,5-14,2026-02-18,5,19,0.208,0,1,0.0,0,2,0.0,0,2,0.0,5,14,0.263,2,12,0.143,2,11,0.154,1,9,0.1,2026-02-16,5-14
,Louisiana,Sun Belt,320,320,113,164,3-21,2-13,1-8,2-10,170.0,233,343,-17.72,319.0,-6.74,3-7,0-1,0-2,0-3,3-15,2026-02-18,3,21,0.125,0,1,0.0,0,2,0.0,0,3,0.0,3,15,0.167,2,13,0.133,2,10,0.167,3,7,0.3,2026-02-16,9-9
,NIU,MAC,321,321,196,191,5-20,2-11,3-9,2-12,249.0,298,339,-17.46,340.0,-7.83,2-8,0-1,0-1,0-3,5-15,2026-02-18,5,20,0.2,0,1,0.0,0,1,0.0,0,3,0.0,5,15,0.25,2,11,0.154,2,12,0.143,2,8,0.2,2026-02-16,4-12
,UNCW,CAA,322,322,302,224,5-18,2-11,3-7,1-11,305.0,268,328,-16.22,289.0,-5.79,1-9,0-1,0-0,0-2,5-15,2026-02-18,5,18,0.217,0,1,0.0,0,0,,0,2,0.0,5,15,0.25,2,11,0.154,1,11,0.083,1,9,0.1,2026-02-16,5-8
,Wagner,NEC,323,323,354,259,9-13,6-6,3-7,4-9,253.0,148,238,-10.85,260.0,-5.05,5-5,0-2,0-1,0-0,9-10,2026-02-18,9,13,0.409,0,2,0.0,0,1,0.0,0,0,,9,10,0.474,6,6,0.5,4,9,0.308,5,5,0.5,2026-02-16,7-9
,San Jose St.,Mountain West,324,325,102,158,2-23,1-14,1-9,0-15,148.0,128,355,-19.32,322.0,-6.91,1-9,0-1,0-4,0-3,2-15,2026-02-18,2,23,0.08,0,1,0.0,0,4,0.0,0,3,0.0,2,15,0.118,1,14,0.067,0,15,0.0,1,9,0.1,2026-02-16,4-14
,Charleston So.,Big South,325,324,280,217,7-18,6-7,1-11,4-10,176.0,85,301,-14.67,342.0,-7.95,4-6,0-2,0-1,0-5,7-10,2026-02-18,7,18,0.28,0,2,0.0,0,1,0.0,0,5,0.0,7,10,0.412,6,7,0.462,4,10,0.286,4,6,0.4,2026-02-16,4-15
,Gardner-Webb,Big South,326,326,358,265,10-16,7-5,3-11,4-10,350.0,329,303,-14.73,359.0,-9.95,6-4,0-1,0-0,0-3,10-12,2026-02-18,10,16,0.385,0,1,0.0,0,0,,0,3,0.0,10,12,0.455,7,5,0.583,4,10,0.286,6,4,0.6,2026-02-16,2-11
,Tennessee St.,OVC,327,327,191,190,4-21,3-13,1-8,0-13,189.0,107,344,-17.85,295.0,-5.91,2-8,0-2,0-0,0-3,4-16,2026-02-18,4,21,0.16,0,2,0.0,0,0,,0,3,0.0,4,16,0.2,3,13,0.188,0,13,0.0,2,8,0.2,2026-02-16,4-12
,Rider,MAAC,328,328,346,247,6-19,4-12,2-7,2-11,346.0,327,342,-17.65,308.0,-6.31,3-7,0-0,0-2,0-2,6-15,2026-02-18,6,19,0.24,0,0,,0,2,0.0,0,2,0.0,6,15,0.286,4,12,0.25,2,11,0.154,3,7,0.3,2026-02-16,2-15
,Texas Southern,SWAC,329,329,291,222,5-16,5-8,0-8,3-10,117.0,13,265,-12.36,241.0,-4.47,3-7,0-3,0-0,0-3,5-10,2026-02-18,5,16,0.238,0,3,0.0,0,0,,0,3,0.0,5,10,0.333,5,8,0.385,3,10,0.231,3,7,0.3,2026-02-16,8-8
,Queens (NC),ASUN,330,330,329,233,7-16,3-11,4-5,4-8,260.0,177,283,-13.81,201.0,-3.45,2-8,0-1,0-1,0-1,7-13,2026-02-18,7,16,0.304,0,1,0.0,0,1,0.0,0,1,0.0,7,13,0.35,3,11,0.214,4,8,0.333,2,8,0.2,2026-02-16,6-12
,North Dakota,Summit League,331,331,169,184,4-20,3-10,1-10,1-10,134.0,164,329,-16.24,345.0,-8.03,2-8,0-2,0-3,0-3,4-12,2026-02-18,4,20,0.167,0,2,0.0,0,3,0.0,0,3,0.0,4,12,0.25,3,10,0.231,1,10,0.091,2,8,0.2,2026-02-16,8-13
,Ark.-Pine Bluff,SWAC,332,332,317,231,8-14,6-7,2-7,4-11,263.0,122,260,-11.95,262.0,-5.09,5-5,0-1,0-0,0-3,8-10,2026-02-18,8,14,0.364,0,1,0.0,0,0,,0,3,0.0,8,10,0.444,6,7,0.462,4,11,0.267,5,5,0.5,2026-02-16,6-13
,Stonehill,NEC,333,333,350,251,8-15,5-8,3-7,2-9,300.0,192,275,-13.16,273.0,-5.38,4-6,0-1,0-0,0-1,8-13,2026-02-18,8,15,0.348,0,1,0.0,0,0,,0,1,0.0,8,13,0.381,5,8,0.385,2,9,0.182,4,6,0.4,2026-02-16,5-14
,UNC Asheville,Big South,334,334,359,270,7-16,5-8,2-8,5-7,362.0,361,316,-15.45,339.0,-7.73,4-6,0-0,0-0,0-2,7-14,2026-02-18,7,16,0.304,0,0,,0,0,,0,2,0.0,7,14,0.333,5,8,0.385,5,7,0.417,4,6,0.4,2026-02-16,6-11
,Florida A&M,SWAC,335,335,343,244,6-17,6-7,0-10,1-13,331.0,230,317,-15.47,351.0,-8.58,4-6,0-0,0-2,0-1,6-14,2026-02-18,6,17,0.261,0,0,,0,2,0.0,0,1,0.0,6,14,0.3,6,7,0.462,1,13,0.071,4,6,0.4,2026-02-16,3-12
,Long Beach St.,Big West,336,336,143,174,2-21,2-12,0-9,0-11,226.0,143,350,-18.46,332.0,-7.22,2-8,0-1,0-1,0-2,2-17,2026-02-18,2,21,0.087,0,1,0.0,0,1,0.0,0,2,0.0,2,17,0.105,2,12,0.143,0,11,0.0,2,8,0.2,2026-02-16,3-11
,Southeastern La.,Southland,337,337,214,198,3-20,3-14,0-6,0-13,123.0,6,327,-16.21,172.0,-2.94,2-8,0-3,0-0,0-3,3-14,2026-02-18,3,20,0.13,0,3,0.0,0,0,,0,3,0.0,3,14,0.176,3,14,0.176,0,13,0.0,2,8,0.2,2026-02-16,2-14
,Mercyhurst,NEC,338,338,340,240,9-15,9-4,0-11,6-8,140.0,47,248,-11.4,337.0,-7.6,8-2,0-4,0-0,0-0,9-11,2026-02-18,9,15,0.375,0,4,0.0,0,0,,0,0,,9,11,0.45,9,4,0.692,6,8,0.429,8,2,0.8,2026-02-16,3-14
,Saint Peter's,MAAC,339,340,317,231,6-18,6-10,0-8,5-8,335.0,291,330,-16.5,330.0,-7.16,4-6,0-0,0-2,0-1,6-15,2026-02-18,6,18,0.25,0,0,,0,2,0.0,0,1,0.0,6,15,0.286,6,10,0.375,5,8,0.385,4,6,0.4,2026-02-16,7-13
,Canisius,MAAC,340,341,324,232,4-21,2-14,2-7,1-12,191.0,117,345,-17.89,259.0,-5.04,2-8,0-2,0-2,0-2,4-15,2026-02-18,4,21,0.16,0,2,0.0,0,2,0.0,0,2,0.0,4,15,0.211,2,14,0.125,1,12,0.077,2,8,0.2,2026-02-16,8-11
,Seattle U,WCC,341,339,160,179,3-20,1-13,2-7,0-13,199.0,251,337,-17.2,290.0,-5.82,1-9,0-1,0-1,0-6,3-12,2026-02-18,3,20,0.13,0,1,0.0,0,1,0.0,0,6,0.0,3,12,0.2,1,13,0.071,0,13,0.0,1,9,0.1,2026-02-16,1-16
,Cal Poly,Big West,342,342,149,176,1-22,1-14,0-8,0-14,114.0,19,346,-17.96,253.0,-4.9,0-10,0-3,0-2,0-0,1-17,2026-02-18,1,22,0.043,0,3,0.0,0,2,0.0,0,0,,1,17,0.056,1,14,0.067,0,14,0.0,0,10,0.0,2026-02-16,4-13
,A&M-Corpus Christi,Southland,343,343,277,216,3-20,3-14,0-6,0-12,288.0,100,347,-18.06,244.0,-4.57,2-8,0-1,0-1,0-2,3-16,2026-02-18,3,20,0.13,0,1,0.0,0,1,0.0,0,2,0.0,3,16,0.158,3,14,0.176,0,12,0.0,2,8,0.2,2026-02-16,8-14
,Bethune-Cookman,SWAC,344,344,334,236,4-19,4-9,0-10,1-12,178.0,55,324,-15.98,328.0,-7.09,3-7,0-2,0-2,0-0,4-15,2026-02-18,4,19,0.174,0,2,0.0,0,2,0.0,0,0,,4,15,0.211,4,9,0.308,1,12,0.077,3,7,0.3,2026-02-16,5-14
,Chicago St.,NEC,345,345,344,246,8-18,7-6,1-12,3-12,283.0,191,322,-15.79,357.0,-9.88,7-3,0-1,0-1,0-2,8-14,2026-02-18,8,18,0.308,0,1,0.0,0,1,0.0,0,2,0.0,8,14,0.364,7,6,0.538,3,12,0.2,7,3,0.7,2026-02-16,4-15
,New Orleans,Southland,346,346,263,212,3-21,3-14,0-7,2-11,196.0,30,348,-18.06,245.0,-4.59,2-8,0-2,0-1,0-2,3-16,2026-02-18,3,21,0.125,0,2,0.0,0,1,0.0,0,2,0.0,3,16,0.158,3,14,0.176,2,11,0.154,2,8,0.2,2026-02-16,3-13
,UMass Lowell,America East,347,347,253,208,4-18,1-11,3-7,2-11,342.0,350,331,-16.73,315.0,-6.58,1-9,0-0,0-0,0-2,4-16,2026-02-18,4,18,0.182,0,0,,0,0,,0,2,0.0,4,16,0.2,1,11,0.083,2,11,0.154,1,9,0.1,2026-02-16,2-15
,New Haven,NEC,348,348,362,282,5-17,5-7,0-10,1-9,357.0,331,326,-16.11,353.0,-9.26,3-7,0-0,0-1,0-0,5-16,2026-02-18,5,17,0.227,0,0,,0,1,0.0,0,0,,5,16,0.238,5,7,0.417,1,9,0.1,3,7,0.3,2026-02-16,5-15
,Morgan St.,MEAC,349,352,225,200,3-21,3-7,0-14,2-14,129.0,72,336,-17.12,362.0,-10.3,3-7,0-3,0-2,0-0,3-16,2026-02-18,3,21,0.125,0,3,0.0,0,2,0.0,0,0,,3,16,0.158,3,7,0.3,2,14,0.125,3,7,0.3,2026-02-16,1-16
,USC Upstate,Big South,350,349,349,250,5-18,3-9,2-9,3-10,205.0,101,312,-15.24,309.0,-6.4,3-7,0-3,0-0,0-1,5-14,2026-02-18,5,18,0.217,0,3,0.0,0,0,,0,1,0.0,5,14,0.263,3,9,0.25,3,10,0.231,3,7,0.3,2026-02-16,0-16
,Western Caro.,SoCon,351,350,298,223,0-22,0-11,0-11,0-10,239.0,151,357,-19.69,352.0,-8.87,0-10,0-1,0-2,0-1,0-18,2026-02-18,0,22,0.0,0,1,0.0,0,2,0.0,0,1,0.0,0,18,0.0,0,11,0.0,0,10,0.0,0,10,0.0,2026-02-16,2-14
,Delaware St.,MEAC,352,351,284,220,1-21,1-9,0-12,1-12,277.0,228,352,-19.07,361.0,-10.3,1-9,0-1,0-0,0-1,1-19,2026-02-18,1,21,0.045,0,1,0.0,0,0,,0,1,0.0,1,19,0.05,1,9,0.1,1,12,0.077,1,9,0.1,2026-02-16,4-13
,Le Moyne,NEC,353,353,348,249,7-18,6-7,1-11,5-11,232.0,118,313,-15.29,349.0,-8.39,4-6,0-2,0-1,0-2,7-13,2026-02-18,7,18,0.28,0,2,0.0,0,1,0.0,0,2,0.0,7,13,0.35,6,7,0.462,5,11,0.312,4,6,0.4,2026-02-16,4-12
,Mississippi Val.,SWAC,354,354,288,221,4-19,3-9,1-10,1-13,141.0,51,319,-15.55,317.0,-6.68,2-8,0-3,0-1,0-1,4-14,2026-02-18,4,19,0.174,0,3,0.0,0,1,0.0,0,1,0.0,4,14,0.222,3,9,0.25,1,13,0.071,2,8,0.2,2026-02-16,3-13
,Prairie View,SWAC,355,356,329,233,0-22,0-13,0-9,0-15,202.0,62,356,-19.35,311.0,-6.46,0-10,0-2,0-1,0-1,0-18,2026-02-18,0,22,0.0,0,2,0.0,0,1,0.0,0,1,0.0,0,18,0.0,0,13,0.0,0,15,0.0,0,10,0.0,2026-02-16,6-13
,Omaha,Summit League,356,357,134,172,2-24,2-11,0-13,1-13,105.0,154,354,-19.21,363.0,-10.53,2-8,0-3,0-4,0-2,2-15,2026-02-18,2,24,0.077,0,3,0.0,0,4,0.0,0,2,0.0,2,15,0.118,2,11,0.154,1,13,0.071,2,8,0.2,2026-02-16,0-16
,South Carolina St.,MEAC,357,355,338,239,3-19,2-7,1-12,2-9,261.0,222,334,-16.93,360.0,-10.12,2-8,0-1,0-1,0-1,3-16,2026-02-18,3,19,0.136,0,1,0.0,0,1,0.0,0,1,0.0,3,16,0.158,2,7,0.222,2,9,0.182,2,8,0.2,2026-02-16,1-14
,Valparaiso,MVC,358,358,245,205,0-26,0-15,0-11,0-14,293.0,280,363,-23.86,356.0,-9.74,0-10,0-1,0-0,0-3,0-22,2026-02-18,0,26,0.0,0,1,0.0,0,0,,0,3,0.0,0,22,0.0,0,15,0.0,0,14,0.0,0,10,0.0,2026-02-16,2-20
,Saint Francis,NEC,359,359,360,276,2-21,2-11,0-10,1-11,363.0,356,359,-20.55,355.0,-9.63,1-9,0-0,0-0,0-0,2-21,2026-02-18,2,21,0.087,0,0,,0,0,,0,0,,2,21,0.087,2,11,0.154,1,11,0.083,1,9,0.1,2026-02-16,0-22
,Bellarmine,ASUN,360,360,146,175,1-25,0-14,1-11,1-13,111.0,40,358,-20.36,327.0,-7.06,0-10,0-4,0-0,0-3,1-18,2026-02-18,1,25,0.038,0,4,0.0,0,0,,0,3,0.0,1,18,0.053,0,14,0.0,1,13,0.071,0,10,0.0,2026-02-16,1-17
,Central Conn. St.,NEC,361,361,352,255,0-24,0-13,0-11,0-13,316.0,237,362,-22.25,354.0,-9.47,0-10,0-1,0-0,0-2,0-21,2026-02-18,0,24,0.0,0,1,0.0,0,0,,0,2,0.0,0,21,0.0,0,13,0.0,0,13,0.0,0,10,0.0,2026-02-16,0-20
,Niagara,MAAC,362,362,324,232,0-25,0-16,0-9,0-15,213.0,141,361,-22.06,331.0,-7.22,0-10,0-2,0-2,0-1,0-20,2026-02-18,0,25,0.0,0,2,0.0,0,2,0.0,0,1,0.0,0,20,0.0,0,16,0.0,0,15,0.0,0,10,0.0,2026-02-16,0-18
,Presbyterian,Big South,363,363,341,241,1-22,1-11,0-11,1-11,339.0,294,360,-20.61,358.0,-9.9,1-9,0-1,0-0,0-3,1-18,2026-02-18,1,22,0.043,0,1,0.0,0,0,,0,3,0.0,1,18,0.053,1,11,0.083,1,11,0.083,1,9,0.1,2026-02-16,1-18
,UConn,Big East,1,1,13,90,29-0,18-0,11-0,11-0,48.0,1,4,10.65,1.0,6.7,10-0,8-0,5-0,4-0,12-0,2026-02-24,29,0,1.0,8,0,1.0,5,0,1.0,4,0,1.0,12,0,1.0,18,0,1.0,11,0,1.0,10,0,1.0,2026-02-23,
,UCLA,Big Ten,2,2,3,73,27-1,17-0,10-1,8-0,1.0,12,1,14.25,3.0,3.98,10-0,14-1,1-0,6-0,6-0,2026-02-24,27,1,0.964,14,1,0.933,1,0,1.0,6,0,1.0,6,0,1.0,17,0,1.0,8,0,1.0,10,0,1.0,2026-02-23,
,South Carolina,SEC,3,3,15,91,27-2,13-1,14-1,10-1,10.0,43,2,12.19,4.0,3.87,9-1,9-2,7-0,3-0,8-0,2026-02-24,27,2,0.931,9,2,0.818,7,0,1.0,3,0,1.0,8,0,1.0,13,1,0.929,10,1,0.909,9,1,0.9,2026-02-23,
,Texas,SEC,4,4,26,100,26-3,11-3,15-0,6-3,8.0,38,3,11.22,2.0,5.09,8-2,9-3,5-0,4-0,8-0,2026-02-24,26,3,0.897,9,3,0.75,5,0,1.0,4,0,1.0,8,0,1.0,11,3,0.786,6,3,0.667,8,2,0.8,2026-02-23,
,LSU,SEC,5,5,72,133,24-4,10-4,14-0,9-2,36.0,279,10,6.98,15.0,1.68,8-2,5-4,4-0,3-0,12-0,2026-02-24,24,4,0.857,5,4,0.556,4,0,1.0,3,0,1.0,12,0,1.0,10,4,0.714,9,2,0.818,8,2,0.8,2026-02-23,
,Michigan,Big Ten,6,6,10,88,22-5,13-3,9-2,7-2,7.0,40,7,8.26,19.0,1.65,7-3,6-5,4-0,4-0,8-0,2026-02-24,22,5,0.815,6,5,0.545,4,0,1.0,4,0,1.0,8,0,1.0,13,3,0.812,7,2,0.778,7,3,0.7,2026-02-23,
,Vanderbilt,SEC,7,7,41,109,25-3,11-3,14-0,6-2,26.0,141,6,8.95,6.0,2.85,7-3,7-3,5-0,5-0,8-0,2026-02-24,25,3,0.893,7,3,0.7,5,0,1.0,5,0,1.0,8,0,1.0,11,3,0.786,6,2,0.75,7,3,0.7,2026-02-23,
,Minnesota,Big Ten,8,8,28,102,21-7,12-5,9-2,7-3,25.0,184,18,4.95,51.0,-0.1,9-1,4-6,2-1,6-0,9-0,2026-02-24,21,7,0.75,4,6,0.4,2,1,0.667,6,0,1.0,9,0,1.0,12,5,0.706,7,3,0.7,9,1,0.9,2026-02-23,
,Iowa,Big Ten,9,9,1,71,22-5,13-3,9-2,7-3,3.0,36,5,9.06,11.0,1.77,7-3,7-5,6-0,2-0,7-0,2026-02-24,22,5,0.815,7,5,0.583,6,0,1.0,2,0,1.0,7,0,1.0,13,3,0.812,7,3,0.7,7,3,0.7,2026-02-23,
,Duke,ACC,10,10,5,79,20-7,15-1,5-6,9-2,9.0,6,13,6.22,59.0,-0.36,9-1,6-6,5-1,2-0,7-0,2026-02-24,20,7,0.741,6,6,0.5,5,1,0.833,2,0,1.0,7,0,1.0,15,1,0.938,9,2,0.818,9,1,0.9,2026-02-23,
,TCU,Big 12,11,11,58,121,25-4,13-3,12-1,6-3,54.0,157,15,5.91,21.0,1.49,7-3,4-3,6-1,1-0,14-0,2026-02-24,25,4,0.862,4,3,0.571,6,1,0.857,1,0,1.0,14,0,1.0,13,3,0.812,6,3,0.667,7,3,0.7,2026-02-23,
,Louisville,ACC,12,12,45,110,24-5,14-2,10-3,8-0,30.0,37,9,7.05,22.0,1.43,8-2,6-4,5-1,1-0,12-0,2026-02-24,24,5,0.828,6,4,0.6,5,1,0.833,1,0,1.0,12,0,1.0,14,2,0.875,8,0,1.0,8,2,0.8,2026-02-23,
,Michigan State,Big Ten,13,13,34,106,22-6,11-6,11-0,7-3,20.0,212,11,6.5,16.0,1.68,5-5,5-5,5-0,1-1,11-0,2026-02-24,22,6,0.786,5,5,0.5,5,0,1.0,1,1,0.5,11,0,1.0,11,6,0.647,7,3,0.7,5,5,0.5,2026-02-23,
,Maryland,Big Ten,14,14,47,114,22-6,10-6,12-0,6-2,27.0,226,14,5.93,12.0,1.77,6-4,6-5,1-1,6-0,9-0,2026-02-24,22,6,0.786,6,5,0.545,1,1,0.5,6,0,1.0,9,0,1.0,10,6,0.625,6,2,0.75,6,4,0.6,2026-02-23,
,Oklahoma,SEC,15,15,41,109,21-6,9-5,12-1,5-3,15.0,128,12,6.44,13.0,1.74,7-3,6-6,3-0,2-0,10-0,2026-02-24,21,6,0.778,6,6,0.5,3,0,1.0,2,0,1.0,10,0,1.0,9,5,0.643,5,3,0.625,7,3,0.7,2026-02-23,
,Kentucky,SEC,16,16,31,104,20-8,7-7,13-1,7-5,19.0,114,20,4.51,8.0,2.17,4-6,4-7,2-1,6-0,8-0,2026-02-24,20,8,0.714,4,7,0.364,2,1,0.667,6,0,1.0,8,0,1.0,7,7,0.5,7,5,0.583,4,6,0.4,2026-02-23,
,Ohio State,Big Ten,17,17,31,104,23-5,12-4,11-1,6-3,17.0,91,8,7.69,9.0,2.07,7-3,7-5,2-0,4-0,10-0,2026-02-24,23,5,0.821,7,5,0.583,2,0,1.0,4,0,1.0,10,0,1.0,12,4,0.75,6,3,0.667,7,3,0.7,2026-02-23,
,West Virginia,Big 12,18,19,18,94,22-6,12-4,10-2,7-2,33.0,73,17,5.11,25.0,1.28,8-2,3-3,7-3,3-0,9-0,2026-02-24,22,6,0.786,3,3,0.5,7,3,0.7,3,0,1.0,9,0,1.0,12,4,0.75,7,2,0.778,8,2,0.8,2026-02-23,
,UNC,ACC,19,18,60,123,23-6,12-4,11-2,7-3,49.0,60,19,4.62,10.0,1.78,9-1,2-5,8-1,3-0,10-0,2026-02-24,23,6,0.793,2,5,0.286,8,1,0.889,3,0,1.0,10,0,1.0,12,4,0.75,7,3,0.7,9,1,0.9,2026-02-23,
,Ole Miss,SEC,20,20,41,109,21-8,8-6,13-2,4-5,24.0,167,21,4.5,32.0,0.75,5-5,4-7,3-1,3-0,11-0,2026-02-24,21,8,0.724,4,7,0.364,3,1,0.75,3,0,1.0,11,0,1.0,8,6,0.571,4,5,0.444,5,5,0.5,2026-02-23,
,USC,Big Ten,21,21,4,77,17-10,9-7,8-3,3-6,2.0,21,22,4.43,26.0,1.19,7-3,4-10,2-0,3-0,8-0,2026-02-24,17,10,0.63,4,10,0.286,2,0,1.0,3,0,1.0,8,0,1.0,9,7,0.562,3,6,0.333,7,3,0.7,2026-02-23,
,Tennessee,SEC,22,22,6,82,16-10,8-6,8-4,7-5,5.0,20,28,3.12,37.0,0.6,3-7,4-8,2-1,2-1,8-0,2026-02-24,16,10,0.615,4,8,0.333,2,1,0.667,2,1,0.667,8,0,1.0,8,6,0.571,7,5,0.583,3,7,0.3,2026-02-23,
,NC State,ACC,23,23,2,72,18-9,11-5,7-4,6-4,14.0,14,25,3.45,31.0,0.79,6-4,3-8,5-1,4-0,6-0,2026-02-24,18,9,0.667,3,8,0.273,5,1,0.833,4,0,1.0,6,0,1.0,11,5,0.688,6,4,0.6,6,4,0.6,2026-02-23,
,Oregon,Big Ten,24,24,16,93,19-10,7-9,12-1,5-5,31.0,273,34,1.97,39.0,0.58,5-5,2-7,2-2,4-1,11-0,2026-02-24,19,10,0.655,2,7,0.222,2,2,0.5,4,1,0.8,11,0,1.0,7,9,0.438,5,5,0.5,5,5,0.5,2026-02-23,
,Notre Dame,ACC,25,25,38,107,18-9,10-6,8-3,5-6,29.0,18,31,2.41,23.0,1.31,6-4,3-6,4-2,2-1,9-0,2026-02-24,18,9,0.667,3,6,0.333,4,2,0.667,2,1,0.667,9,0,1.0,10,6,0.625,5,6,0.455,6,4,0.6,2026-02-23,
,Alabama,SEC,26,26,27,101,21-7,7-7,14-0,3-4,32.0,197,23,4.34,7.0,2.29,4-6,4-5,4-1,3-1,10-0,2026-02-24,21,7,0.75,4,5,0.444,4,1,0.8,3,1,0.75,10,0,1.0,7,7,0.5,3,4,0.429,4,6,0.4,2026-02-23,
,Texas Tech,Big 12,27,27,46,112,24-5,11-5,13-0,7-3,68.0,298,24,3.59,24.0,1.31,5-5,3-2,4-2,3-1,14-0,2026-02-24,24,5,0.828,3,2,0.6,4,2,0.667,3,1,0.75,14,0,1.0,11,5,0.688,7,3,0.7,5,5,0.5,2026-02-23,
,Nebraska,Big Ten,28,28,9,87,17-11,6-11,11-0,2-7,11.0,225,32,2.16,20.0,1.62,3-7,1-10,3-0,3-1,10-0,2026-02-24,17,11,0.607,1,10,0.091,3,0,1.0,3,1,0.75,10,0,1.0,6,11,0.353,2,7,0.222,3,7,0.3,2026-02-23,
,Washington,Big Ten,29,29,19,96,19-9,9-8,10-1,6-5,23.0,241,27,3.16,41.0,0.54,5-5,4-5,2-4,3-0,10-0,2026-02-24,19,9,0.679,4,5,0.444,2,4,0.333,3,0,1.0,10,0,1.0,9,8,0.529,6,5,0.545,5,5,0.5,2026-02-23,
,Baylor,Big 12,30,33,34,106,24-6,13-4,11-2,7-2,43.0,67,16,5.34,17.0,1.67,7-3,3-5,5-1,5-0,11-0,2026-02-24,24,6,0.8,3,5,0.375,5,1,0.833,5,0,1.0,11,0,1.0,13,4,0.765,7,2,0.778,7,3,0.7,2026-02-23,
,Oklahoma State,Big 12,31,30,61,124,20-8,10-6,10-2,4-6,56.0,204,39,1.31,50.0,-0.08,6-4,0-4,5-3,5-1,10-0,2026-02-24,20,8,0.714,0,4,0.0,5,3,0.625,5,1,0.833,10,0,1.0,10,6,0.625,4,6,0.4,6,4,0.6,2026-02-23,
,Iowa State,Big 12,32,31,67,128,21-7,9-7,12-0,4-5,65.0,238,35,1.76,14.0,1.71,7-3,2-4,4-2,2-1,13-0,2026-02-24,21,7,0.75,2,4,0.333,4,2,0.667,2,1,0.667,13,0,1.0,9,7,0.562,4,5,0.444,7,3,0.7,2026-02-23,
,Illinois,Big Ten,33,32,47,114,19-8,9-7,10-1,6-5,44.0,304,33,2.12,47.0,0.05,5-5,2-7,1-0,5-1,11-0,2026-02-24,19,8,0.704,2,7,0.222,1,0,1.0,5,1,0.833,11,0,1.0,9,7,0.562,6,5,0.545,5,5,0.5,2026-02-23,
,Georgia,SEC,34,34,74,134,21-7,7-7,14-0,6-3,47.0,337,26,3.34,28.0,0.97,6-4,3-6,1-1,6-0,11-0,2026-02-24,21,7,0.75,3,6,0.333,1,1,0.5,6,0,1.0,11,0,1.0,7,7,0.5,6,3,0.667,6,4,0.6,2026-02-23,
,Villanova,Big East,35,35,47,114,22-6,15-4,7-2,9-3,76.0,64,41,1.12,40.0,0.58,8-2,1-2,1-3,6-1,14-0,2026-02-24,22,6,0.786,1,2,0.333,1,3,0.25,6,1,0.857,14,0,1.0,15,4,0.789,9,3,0.75,8,2,0.8,2026-02-23,
,Virginia,ACC,36,36,76,135,19-8,11-5,8-3,6-4,59.0,192,43,0.86,86.0,-1.15,6-4,2-5,3-2,3-0,11-1,2026-02-24,19,8,0.704,2,5,0.286,3,2,0.6,3,0,1.0,11,1,0.917,11,5,0.688,6,4,0.6,6,4,0.6,2026-02-23,
,Clemson,ACC,37,38,84,146,19-9,10-6,9-3,6-7,50.0,108,40,1.2,54.0,-0.2,7-3,3-8,1-0,1-1,14-0,2026-02-24,19,9,0.679,3,8,0.273,1,0,1.0,1,1,0.5,14,0,1.0,10,6,0.625,6,7,0.462,7,3,0.7,2026-02-23,
,Mississippi State,SEC,38,37,61,124,18-10,5-9,13-1,3-6,38.0,306,44,0.74,43.0,0.33,4-6,2-8,1-1,3-1,12-0,2026-02-24,18,10,0.643,2,8,0.2,1,1,0.5,3,1,0.75,12,0,1.0,5,9,0.357,3,6,0.333,4,6,0.4,2026-02-23,
,Syracuse,ACC,39,39,70,131,21-6,11-5,10-1,6-2,64.0,217,30,2.55,34.0,0.66,7-3,1-5,5-1,3-0,12-0,2026-02-24,21,6,0.778,1,5,0.167,5,1,0.833,3,0,1.0,12,0,1.0,11,5,0.688,6,2,0.75,7,3,0.7,2026-02-23,
,Richmond,Atlantic 10,40,40,93,152,23-6,13-3,10-3,8-4,96.0,80,52,-0.37,42.0,0.44,8-2,0-3,2-2,4-0,17-1,2026-02-24,23,6,0.793,0,3,0.0,2,2,0.5,4,0,1.0,17,1,0.944,13,3,0.812,8,4,0.667,8,2,0.8,2026-02-23,
,North Dakota St.,Summit League,41,41,257,210,23-2,14-0,9-2,12-0,239.0,223,45,0.67,60.0,-0.37,10-0,0-1,1-0,4-1,18-0,2026-02-24,23,2,0.92,0,1,0.0,1,0,1.0,4,1,0.8,18,0,1.0,14,0,1.0,12,0,1.0,10,0,1.0,2026-02-23,
,Virginia Tech,ACC,42,42,69,130,21-8,11-6,10-2,6-3,61.0,254,38,1.44,63.0,-0.39,7-3,1-5,5-3,4-0,11-0,2026-02-24,21,8,0.724,1,5,0.167,5,3,0.625,4,0,1.0,11,0,1.0,11,6,0.647,6,3,0.667,7,3,0.7,2026-02-23,
,Colorado,Big 12,43,43,23,99,20-8,11-5,9-3,4-5,53.0,186,36,1.61,79.0,-0.93,8-2,1-4,5-1,3-2,11-1,2026-02-24,20,8,0.714,1,4,0.2,5,1,0.833,3,2,0.6,11,1,0.917,11,5,0.688,4,5,0.444,8,2,0.8,2026-02-23,
,Princeton,Ivy League,44,44,71,132,21-3,9-2,12-1,9-2,82.0,47,29,2.6,5.0,3.1,8-2,2-1,1-2,8-0,10-0,2026-02-24,21,3,0.875,2,1,0.667,1,2,0.333,8,0,1.0,10,0,1.0,9,2,0.818,9,2,0.818,8,2,0.8,2026-02-23,
,Rhode Island,Atlantic 10,45,45,128,169,23-3,15-1,8-2,11-2,160.0,193,46,0.67,58.0,-0.33,9-1,1-0,3-1,2-0,17-2,2026-02-24,23,3,0.885,1,0,1.0,3,1,0.75,2,0,1.0,17,2,0.895,15,1,0.938,11,2,0.846,9,1,0.9,2026-02-23,
,Stanford,ACC,46,46,41,109,17-12,6-10,11-2,6-5,42.0,98,56,-1.02,27.0,1.19,2-8,2-6,3-4,3-1,9-1,2026-02-24,17,12,0.586,2,6,0.25,3,4,0.429,3,1,0.75,9,1,0.9,6,10,0.375,6,5,0.545,2,8,0.2,2026-02-23,
,South Dakota St.,Summit League,47,47,156,178,22-6,12-2,10-4,9-2,92.0,31,50,-0.26,29.0,0.91,8-2,0-3,2-2,4-1,16-0,2026-02-24,22,6,0.786,0,3,0.0,2,2,0.5,4,1,0.8,16,0,1.0,12,2,0.857,9,2,0.818,8,2,0.8,2026-02-23,
,James Madison,Sun Belt,48,48,84,146,21-8,12-4,9-4,7-5,99.0,66,77,-2.53,56.0,-0.29,9-1,0-2,1-2,4-3,16-1,2026-02-24,21,8,0.724,0,2,0.0,1,2,0.333,4,3,0.571,16,1,0.941,12,4,0.75,7,5,0.583,9,1,0.9,2026-02-23,
,Fairfield,MAAC,49,49,306,228,24-4,18-1,6-3,12-2,139.0,17,47,0.26,35.0,0.62,9-1,2-2,1-0,1-1,20-1,2026-02-24,24,4,0.857,2,2,0.5,1,0,1.0,1,1,0.5,20,1,0.952,18,1,0.947,12,2,0.857,9,1,0.9,2026-02-23,
,Florida,SEC,50,50,56,119,16-13,4-10,12-3,2-8,52.0,314,78,-2.73,106.0,-1.63,4-6,1-8,0-1,3-3,12-1,2026-02-24,16,13,0.552,1,8,0.111,0,1,0.0,3,3,0.5,12,1,0.923,4,10,0.286,2,8,0.2,4,6,0.4,2026-02-23,
,Kansas,Big 12,51,51,31,104,16-11,7-9,9-2,5-5,51.0,152,60,-1.37,45.0,0.17,6-4,1-6,1-3,4-1,10-1,2026-02-24,16,11,0.593,1,6,0.143,1,3,0.25,4,1,0.8,10,1,0.909,7,9,0.438,5,5,0.5,6,4,0.6,2026-02-23,
,Arizona State,Big 12,52,52,51,115,22-7,9-7,13-0,7-6,70.0,264,37,1.55,18.0,1.67,5-5,0-4,6-1,5-2,11-0,2026-02-24,22,7,0.759,0,4,0.0,6,1,0.857,5,2,0.714,11,0,1.0,9,7,0.562,7,6,0.538,5,5,0.5,2026-02-23,
,Miami (FL),ACC,53,53,39,108,15-12,7-9,8-3,4-4,35.0,82,61,-1.38,52.0,-0.1,4-6,1-9,2-2,2-1,10-0,2026-02-24,15,12,0.556,1,9,0.1,2,2,0.5,2,1,0.667,10,0,1.0,7,9,0.438,4,4,0.5,4,6,0.4,2026-02-23,
,Columbia,Ivy League,54,54,98,155,18-6,9-2,9-4,9-1,90.0,94,57,-1.03,71.0,-0.77,9-1,1-1,4-2,0-2,13-1,2026-02-24,18,6,0.75,1,1,0.5,4,2,0.667,0,2,0.0,13,1,0.929,9,2,0.818,9,1,0.9,9,1,0.9,2026-02-23,
,California,ACC,55,55,39,108,17-12,8-8,9-4,4-6,46.0,122,59,-1.25,89.0,-1.2,7-3,1-7,2-3,3-2,11-0,2026-02-24,17,12,0.586,1,7,0.125,2,3,0.4,3,2,0.6,11,0,1.0,8,8,0.5,4,6,0.4,7,3,0.7,2026-02-23,
,Utah,Big 12,56,57,23,99,16-11,8-8,8-3,8-3,40.0,92,55,-0.72,55.0,-0.2,4-6,2-2,3-8,1-1,10-0,2026-02-24,16,11,0.593,2,2,0.5,3,8,0.273,1,1,0.5,10,0,1.0,8,8,0.5,8,3,0.727,4,6,0.4,2026-02-23,
,Seton Hall,Big East,57,58,66,126,18-9,12-6,6-3,8-5,75.0,110,65,-2.05,78.0,-0.91,6-4,0-5,1-1,5-1,12-2,2026-02-24,18,9,0.667,0,5,0.0,1,1,0.5,5,1,0.833,12,2,0.857,12,6,0.667,8,5,0.615,6,4,0.6,2026-02-23,
,Indiana,Big Ten,58,59,16,93,15-13,4-12,11-1,3-7,16.0,256,51,-0.31,36.0,0.6,4-6,1-11,1-2,3-0,10-0,2026-02-24,15,13,0.536,1,11,0.083,1,2,0.333,3,0,1.0,10,0,1.0,4,12,0.25,3,7,0.3,4,6,0.4,2026-02-23,
,Kansas St.,Big 12,59,56,8,86,15-15,8-9,7-6,6-6,37.0,55,88,-3.43,125.0,-2.12,4-6,2-5,3-4,3-5,7-1,2026-02-24,15,15,0.5,2,5,0.286,3,4,0.429,3,5,0.375,7,1,0.875,8,9,0.471,6,6,0.5,4,6,0.4,2026-02-23,
,BYU,Big 12,60,60,55,118,18-10,7-9,11-1,5-5,55.0,208,53,-0.55,30.0,0.85,4-6,0-5,5-3,2-1,11-1,2026-02-24,18,10,0.643,0,5,0.0,5,3,0.625,2,1,0.667,11,1,0.917,7,9,0.438,5,5,0.5,4,6,0.4,2026-02-23,
,Rice,American,61,61,128,169,24-3,14-0,10-3,9-2,219.0,263,48,0.15,92.0,-1.33,10-0,0-1,1-1,3-0,20-1,2026-02-24,24,3,0.889,0,1,0.0,1,1,0.5,3,0,1.0,20,1,0.952,14,0,1.0,9,2,0.818,10,0,1.0,2026-02-23,
,Gonzaga,WCC,62,62,86,147,21-8,13-3,8-5,9-3,131.0,100,91,-3.48,117.0,-1.86,8-2,1-0,0-5,2-3,18-0,2026-02-24,21,8,0.724,1,0,1.0,0,5,0.0,2,3,0.4,18,0,1.0,13,3,0.812,9,3,0.75,8,2,0.8,2026-02-23,
,George Mason,Atlantic 10,63,63,83,145,19-8,14-2,5-6,8-3,89.0,54,66,-2.05,157.0,-2.71,8-2,0-3,4-2,1-1,14-2,2026-02-24,19,8,0.704,0,3,0.0,4,2,0.667,1,1,0.5,14,2,0.875,14,2,0.875,8,3,0.727,8,2,0.8,2026-02-23,
,Montana St.,Big Sky,64,64,123,168,18-6,13-2,5-4,7-5,128.0,41,71,-2.18,81.0,-1.04,8-2,1-2,0-1,1-3,16-0,2026-02-24,18,6,0.75,1,2,0.333,0,1,0.0,1,3,0.25,16,0,1.0,13,2,0.867,7,5,0.583,8,2,0.8,2026-02-23,
,Harvard,Ivy League,65,65,117,166,15-9,8-3,7-6,6-5,100.0,95,103,-4.47,163.0,-2.79,7-3,0-3,0-2,2-3,13-1,2026-02-24,15,9,0.625,0,3,0.0,0,2,0.0,2,3,0.4,13,1,0.929,8,3,0.727,6,5,0.545,7,3,0.7,2026-02-23,
,Texas A&M,SEC,66,66,10,88,12-11,5-9,7-2,3-5,4.0,115,42,0.93,49.0,0.01,4-6,1-9,4-0,2-1,5-1,2026-02-24,12,11,0.522,1,9,0.1,4,0,1.0,2,1,0.667,5,1,0.833,5,9,0.357,3,5,0.375,4,6,0.4,2026-02-23,
,Marquette,Big East,67,67,57,120,15-11,10-8,5-3,6-5,66.0,72,86,-3.24,75.0,-0.81,5-5,0-5,1-2,3-3,11-1,2026-02-24,15,11,0.577,0,5,0.0,1,2,0.333,3,3,0.5,11,1,0.917,10,8,0.556,6,5,0.545,5,5,0.5,2026-02-23,
,Ball St.,MAC,68,68,155,177,21-6,13-2,8-4,10-4,168.0,121,73,-2.28,96.0,-1.4,8-2,0-1,0-3,3-1,18-1,2026-02-24,21,6,0.778,0,1,0.0,0,3,0.0,3,1,0.75,18,1,0.947,13,2,0.867,10,4,0.714,8,2,0.8,2026-02-23,
,San Diego St.,Mountain West,69,69,135,172,21-4,16-1,5-3,8-1,177.0,103,54,-0.64,83.0,-1.1,9-1,0-1,2-0,2-2,17-1,2026-02-24,21,4,0.84,0,1,0.0,2,0,1.0,2,2,0.5,17,1,0.944,16,1,0.941,8,1,0.889,9,1,0.9,2026-02-23,
,Davidson,Atlantic 10,70,70,91,150,18-11,10-6,8-5,6-6,91.0,101,109,-5.03,118.0,-1.86,5-5,0-5,0-3,2-1,16-2,2026-02-24,18,11,0.621,0,5,0.0,0,3,0.0,2,1,0.667,16,2,0.889,10,6,0.625,6,6,0.5,5,5,0.5,2026-02-23,
,Ga. Southern,Sun Belt,71,71,101,158,20-6,14-2,6-4,7-5,142.0,176,68,-2.1,128.0,-2.24,8-2,0-1,2-2,0-1,18-2,2026-02-24,20,6,0.769,0,1,0.0,2,2,0.5,0,1,0.0,18,2,0.9,14,2,0.875,7,5,0.583,8,2,0.8,2026-02-23,
,Purdue,Big Ten,72,72,21,97,12-15,4-12,8-3,1-10,18.0,245,80,-2.89,98.0,-1.48,2-8,0-10,1-2,3-2,8-1,2026-02-24,12,15,0.444,0,10,0.0,1,2,0.333,3,2,0.6,8,1,0.889,4,12,0.25,1,10,0.091,2,8,0.2,2026-02-23,
,Troy,Sun Belt,73,73,142,174,22-5,14-2,8-3,8-4,184.0,125,62,-1.47,68.0,-0.65,8-2,0-1,0-2,3-1,19-1,2026-02-24,22,5,0.815,0,1,0.0,0,2,0.0,3,1,0.75,19,1,0.95,14,2,0.875,8,4,0.667,8,2,0.8,2026-02-23,
,South Fla.,American,74,74,74,134,17-11,10-5,7-6,3-5,71.0,8,79,-2.85,38.0,0.59,6-4,1-5,1-2,0-2,15-2,2026-02-24,17,11,0.607,1,5,0.167,1,2,0.333,0,2,0.0,15,2,0.882,10,5,0.667,3,5,0.375,6,4,0.6,2026-02-23,
,Miami (OH),MAC,75,75,160,179,20-5,13-1,7-4,9-4,204.0,214,64,-1.96,134.0,-2.33,9-1,0-1,1-1,3-1,16-2,2026-02-24,20,5,0.8,0,1,0.0,1,1,0.5,3,1,0.75,16,2,0.889,13,1,0.929,9,4,0.692,9,1,0.9,2026-02-23,
,UC Irvine,Big West,76,76,302,226,23-4,14-2,9-2,8-3,359.0,352,82,-2.93,102.0,-1.53,8-2,0-0,0-0,1-2,22-2,2026-02-24,23,4,0.852,0,0,,0,0,,1,2,0.333,22,2,0.917,14,2,0.875,8,3,0.727,8,2,0.8,2026-02-23,
,Quinnipiac,MAAC,77,77,346,249,22-5,17-1,5-4,14-1,344.0,346,90,-3.47,210.0,-3.55,9-1,0-0,1-1,0-0,21-4,2026-02-24,22,5,0.815,0,0,,1,1,0.5,0,0,,21,4,0.84,17,1,0.944,14,1,0.933,9,1,0.9,2026-02-23,
,Santa Clara,WCC,78,78,112,163,19-8,11-5,8-3,11-4,183.0,150,102,-4.44,77.0,-0.82,6-4,0-0,1-2,5-3,13-3,2026-02-24,19,8,0.704,0,0,,1,2,0.333,5,3,0.625,13,3,0.812,11,5,0.688,11,4,0.733,6,4,0.6,2026-02-23,
,Colorado St.,Mountain West,79,80,149,176,20-7,12-5,8-2,9-3,205.0,198,95,-3.73,61.0,-0.38,7-3,0-0,1-2,2-4,17-1,2026-02-24,20,7,0.741,0,0,,1,2,0.333,2,4,0.333,17,1,0.944,12,5,0.706,9,3,0.75,7,3,0.7,2026-02-23,
,Saint Joseph's,Atlantic 10,80,81,99,156,17-8,10-6,7-2,8-4,127.0,146,98,-3.99,53.0,-0.19,7-3,0-2,1-2,2-2,14-2,2026-02-24,17,8,0.68,0,2,0.0,1,2,0.333,2,2,0.5,14,2,0.875,10,6,0.625,8,4,0.667,7,3,0.7,2026-02-23,
,Wisconsin,Big Ten,81,82,22,98,13-15,5-12,8-3,2-9,12.0,178,67,-2.07,82.0,-1.07,2-8,2-9,1-3,1-2,9-1,2026-02-24,13,15,0.464,2,9,0.182,1,3,0.25,1,2,0.333,9,1,0.9,5,12,0.294,2,9,0.182,2,8,0.2,2026-02-23,
,Auburn,SEC,82,79,34,106,14-14,3-11,11-3,3-7,22.0,161,63,-1.53,62.0,-0.38,2-8,0-10,3-4,1-0,10-0,2026-02-24,14,14,0.5,0,10,0.0,3,4,0.429,1,0,1.0,10,0,1.0,3,11,0.214,3,7,0.3,2,8,0.2,2026-02-23,
,Georgia Tech,ACC,83,83,34,106,12-16,7-9,5-7,3-9,41.0,76,115,-5.35,216.0,-3.77,4-6,1-8,2-5,1-2,8-1,2026-02-24,12,16,0.429,1,8,0.111,2,5,0.286,1,2,0.333,8,1,0.889,7,9,0.438,3,9,0.25,4,6,0.4,2026-02-23,
,Louisiana Tech,CUSA,84,84,186,189,19-5,11-1,8-4,8-3,209.0,138,69,-2.11,103.0,-1.54,10-0,0-2,0-0,0-1,19-2,2026-02-24,19,5,0.792,0,2,0.0,0,0,,0,1,0.0,19,2,0.905,11,1,0.917,8,3,0.727,10,0,1.0,2026-02-23,
,Vermont,America East,85,85,219,198,21-7,12-3,9-4,11-4,275.0,255,104,-4.5,130.0,-2.26,8-2,0-1,0-0,1-2,20-4,2026-02-24,21,7,0.75,0,1,0.0,0,0,,1,2,0.333,20,4,0.833,12,3,0.8,11,4,0.733,8,2,0.8,2026-02-23,
,Missouri,SEC,86,86,28,102,16-13,4-10,12-3,4-5,45.0,229,70,-2.15,74.0,-0.81,4-6,1-6,1-5,2-2,12-0,2026-02-24,16,13,0.552,1,6,0.143,1,5,0.167,2,2,0.5,12,0,1.0,4,10,0.286,4,5,0.444,4,6,0.4,2026-02-23,
,Oregon St.,WCC,87,87,89,149,18-9,12-4,6-5,5-4,93.0,29,92,-3.49,85.0,-1.13,7-3,0-2,2-3,2-4,14-0,2026-02-24,18,9,0.667,0,2,0.0,2,3,0.4,2,4,0.333,14,0,1.0,12,4,0.75,5,4,0.556,7,3,0.7,2026-02-23,
,Penn St.,Big Ten,88,88,7,84,10-17,3-13,7-4,3-7,6.0,63,93,-3.62,76.0,-0.82,3-7,0-10,2-5,1-1,7-1,2026-02-24,10,17,0.37,0,10,0.0,2,5,0.286,1,1,0.5,7,1,0.875,3,13,0.188,3,7,0.3,3,7,0.3,2026-02-23,
,Georgetown,Big East,89,89,77,137,13-14,6-12,7-2,5-7,80.0,183,155,-7.57,64.0,-0.44,3-7,0-3,1-3,2-3,10-5,2026-02-24,13,14,0.481,0,3,0.0,1,3,0.25,2,3,0.4,10,5,0.667,6,12,0.333,5,7,0.417,3,7,0.3,2026-02-23,
,McNeese,Southland,90,90,312,230,22-4,18-1,4-3,11-2,234.0,33,58,-1.16,65.0,-0.55,10-0,0-2,0-1,1-0,21-1,2026-02-24,22,4,0.846,0,2,0.0,0,1,0.0,1,0,1.0,21,1,0.955,18,1,0.947,11,2,0.846,10,0,1.0,2026-02-23,
,Arkansas St.,Sun Belt,91,91,140,173,21-7,13-3,8-4,9-6,240.0,300,99,-4.01,166.0,-2.81,7-3,0-0,1-2,1-4,19-1,2026-02-24,21,7,0.75,0,0,,1,2,0.333,1,4,0.2,19,1,0.95,13,3,0.812,9,6,0.6,7,3,0.7,2026-02-23,
,Western Ill.,OVC,92,92,318,233,20-4,15-3,5-1,8-4,318.0,188,72,-2.23,48.0,0.02,8-2,0-1,0-0,2-0,18-3,2026-02-24,20,4,0.833,0,1,0.0,0,0,,2,0,1.0,18,3,0.857,15,3,0.833,8,4,0.667,8,2,0.8,2026-02-23,
,Murray St.,MVC,93,93,167,181,23-3,15-1,8-2,10-3,218.0,134,49,0.04,46.0,0.07,9-1,0-1,1-1,2-1,20-0,2026-02-24,23,3,0.885,0,1,0.0,1,1,0.5,2,1,0.667,20,0,1.0,15,1,0.938,10,3,0.769,9,1,0.9,2026-02-23,
,Creighton,Big East,94,94,47,114,13-14,9-9,4-5,5-8,72.0,131,135,-6.27,185.0,-3.11,6-4,0-4,1-3,3-4,9-3,2026-02-24,13,14,0.481,0,4,0.0,1,3,0.25,3,4,0.429,9,3,0.75,9,9,0.5,5,8,0.385,6,4,0.6,2026-02-23,
,Massachusetts,MAC,95,95,173,183,19-6,11-3,8-3,8-3,251.0,299,89,-3.47,120.0,-1.91,7-3,0-0,0-3,3-1,16-2,2026-02-24,19,6,0.76,0,0,,0,3,0.0,3,1,0.75,16,2,0.889,11,3,0.786,8,3,0.727,7,3,0.7,2026-02-23,
,Lindenwood,OVC,96,96,239,205,20-7,14-4,6-3,10-4,228.0,81,96,-3.96,67.0,-0.63,9-1,0-2,0-0,2-1,18-4,2026-02-24,20,7,0.741,0,2,0.0,0,0,,2,1,0.667,18,4,0.818,14,4,0.778,10,4,0.714,9,1,0.9,2026-02-23,
,Marshall,Sun Belt,97,97,115,165,21-7,13-4,8-3,9-5,151.0,201,81,-2.9,90.0,-1.24,8-2,0-1,1-3,2-1,18-2,2026-02-24,21,7,0.75,0,1,0.0,1,3,0.25,2,1,0.667,18,2,0.9,13,4,0.765,9,5,0.643,8,2,0.8,2026-02-23,
,Green Bay,Horizon,98,98,199,193,20-7,16-2,4-5,9-4,162.0,35,85,-3.21,116.0,-1.86,8-2,0-2,0-2,2-1,18-2,2026-02-24,20,7,0.741,0,2,0.0,0,2,0.0,2,1,0.667,18,2,0.9,16,2,0.889,9,4,0.692,8,2,0.8,2026-02-23,
,Belmont,MVC,99,99,96,154,16-11,12-4,4-7,7-5,83.0,10,106,-4.79,113.0,-1.8,6-4,0-5,0-1,1-2,15-3,2026-02-24,16,11,0.593,0,5,0.0,0,1,0.0,1,2,0.333,15,3,0.833,12,4,0.75,7,5,0.583,6,4,0.6,2026-02-23,
,St. John's (NY),Big East,100,100,86,147,21-9,11-8,10-1,8-6,87.0,213,74,-2.34,33.0,0.68,6-4,0-2,5-1,2-4,14-2,2026-02-24,21,9,0.7,0,2,0.0,5,1,0.833,2,4,0.333,14,2,0.875,11,8,0.579,8,6,0.571,6,4,0.6,2026-02-23,
,UNLV,Mountain West,101,101,102,159,18-9,13-4,5-5,7-6,149.0,86,110,-5.04,140.0,-2.41,6-4,0-0,0-5,1-3,17-1,2026-02-24,18,9,0.667,0,0,,0,5,0.0,1,3,0.25,17,1,0.944,13,4,0.765,7,6,0.538,6,4,0.6,2026-02-23,
,Col. of Charleston,CAA,102,102,311,229,19-4,13-1,6-3,10-2,325.0,228,75,-2.35,109.0,-1.68,9-1,0-1,1-0,1-0,17-3,2026-02-24,19,4,0.826,0,1,0.0,1,0,1.0,1,0,1.0,17,3,0.85,13,1,0.929,10,2,0.833,9,1,0.9,2026-02-23,
,Central Ark.,ASUN,103,103,237,204,16-10,11-5,5-5,8-7,327.0,288,173,-8.15,221.0,-3.87,8-2,0-0,0-0,1-3,15-7,2026-02-24,16,10,0.615,0,0,,0,0,,1,3,0.25,15,7,0.682,11,5,0.688,8,7,0.533,8,2,0.8,2026-02-23,
,North Texas,American,104,104,93,152,14-11,10-5,4-6,6-4,109.0,83,143,-6.63,201.0,-3.39,6-4,0-2,0-3,0-2,14-4,2026-02-24,14,11,0.56,0,2,0.0,0,3,0.0,0,2,0.0,14,4,0.778,10,5,0.667,6,4,0.6,6,4,0.6,2026-02-23,
,Cincinnati,Big 12,105,105,23,99,10-17,6-10,4-7,2-9,57.0,243,170,-8.06,278.0,-5.47,4-6,0-3,3-8,0-2,7-4,2026-02-24,10,17,0.37,0,3,0.0,3,8,0.273,0,2,0.0,7,4,0.636,6,10,0.375,2,9,0.182,4,6,0.4,2026-02-23,
,Idaho,Big Sky,106,106,270,217,21-5,14-1,7-4,9-4,319.0,336,84,-3.09,190.0,-3.23,10-0,0-0,0-2,2-0,19-3,2026-02-24,21,5,0.808,0,0,,0,2,0.0,2,0,1.0,19,3,0.864,14,1,0.933,9,4,0.692,10,0,1.0,2026-02-23,
,Abilene Christian,WAC,107,107,206,195,16-8,10-4,6-4,7-4,309.0,267,132,-6.11,161.0,-2.75,7-3,0-1,0-0,1-0,15-7,2026-02-24,16,8,0.667,0,1,0.0,0,0,,1,0,1.0,15,7,0.682,10,4,0.714,7,4,0.636,7,3,0.7,2026-02-23,
,Arkansas,SEC,108,108,54,117,11-18,0-14,11-4,1-9,34.0,286,140,-6.56,131.0,-2.27,0-10,0-9,0-4,1-3,10-2,2026-02-24,11,18,0.379,0,9,0.0,0,4,0.0,1,3,0.25,10,2,0.833,0,14,0.0,1,9,0.1,0,10,0.0,2026-02-23,
,Florida St.,ACC,109,109,19,96,9-19,4-12,5-7,2-7,28.0,25,150,-7.16,152.0,-2.62,3-7,0-8,1-8,1-2,7-1,2026-02-24,9,19,0.321,0,8,0.0,1,8,0.111,1,2,0.333,7,1,0.875,4,12,0.25,2,7,0.222,3,7,0.3,2026-02-23,
,Boise St.,Mountain West,110,110,189,190,21-6,13-4,8-2,6-5,259.0,250,87,-3.4,69.0,-0.65,9-1,0-1,0-2,1-1,20-2,2026-02-24,21,6,0.778,0,1,0.0,0,2,0.0,1,1,0.5,20,2,0.909,13,4,0.765,6,5,0.545,9,1,0.9,2026-02-23,
,South Dakota,Summit League,111,111,286,221,18-7,11-3,7-4,8-4,241.0,321,101,-4.33,178.0,-3.04,8-2,0-1,2-1,1-1,15-4,2026-02-24,18,7,0.72,0,1,0.0,2,1,0.667,1,1,0.5,15,4,0.789,11,3,0.786,8,4,0.667,8,2,0.8,2026-02-23,
,East Carolina,American,112,112,175,185,20-8,12-3,8-5,6-3,311.0,339,123,-5.81,233.0,-4.13,8-2,0-0,0-1,1-3,19-4,2026-02-24,20,8,0.714,0,0,,0,1,0.0,1,3,0.25,19,4,0.826,12,3,0.8,6,3,0.667,8,2,0.8,2026-02-23,
,Idaho St.,Big Sky,113,113,189,190,17-9,11-5,6-4,9-4,263.0,284,139,-6.54,168.0,-2.82,7-3,0-0,0-2,2-1,15-6,2026-02-24,17,9,0.654,0,0,,0,2,0.0,2,1,0.667,15,6,0.714,11,5,0.688,9,4,0.692,7,3,0.7,2026-02-23,
,Central Mich.,MAC,114,114,167,181,15-10,10-5,5-5,8-6,102.0,30,114,-5.32,99.0,-1.49,6-4,0-3,0-2,1-2,14-3,2026-02-24,15,10,0.6,0,3,0.0,0,2,0.0,1,2,0.333,14,3,0.824,10,5,0.667,8,6,0.571,6,4,0.6,2026-02-23,
,LMU (CA),WCC,115,115,204,194,18-8,13-3,5-5,6-5,320.0,356,131,-6.09,246.0,-4.61,9-1,0-0,0-1,4-0,14-7,2026-02-24,18,8,0.692,0,0,,0,1,0.0,4,0,1.0,14,7,0.667,13,3,0.812,6,5,0.545,9,1,0.9,2026-02-23,
,Eastern Ky.,ASUN,116,116,293,223,20-7,13-3,7-4,9-4,312.0,269,107,-4.92,154.0,-2.64,7-3,0-1,0-0,1-1,19-5,2026-02-24,20,7,0.741,0,1,0.0,0,0,,1,1,0.5,19,5,0.792,13,3,0.812,9,4,0.692,7,3,0.7,2026-02-23,
,Army West Point,Patriot,117,117,319,234,20-6,12-4,8-2,10-4,334.0,272,100,-4.26,72.0,-0.78,7-3,0-1,0-0,0-2,20-3,2026-02-24,20,6,0.769,0,1,0.0,0,0,,0,2,0.0,20,3,0.87,12,4,0.75,10,4,0.714,7,3,0.7,2026-02-23,
,New Mexico,Mountain West,118,118,183,188,19-9,11-6,8-3,7-4,202.0,216,117,-5.55,93.0,-1.33,7-3,0-1,1-2,1-4,17-2,2026-02-24,19,9,0.679,0,1,0.0,1,2,0.333,1,4,0.2,17,2,0.895,11,6,0.647,7,4,0.636,7,3,0.7,2026-02-23,
,Pepperdine,WCC,119,119,135,172,15-11,8-8,7-3,4-8,188.0,189,159,-7.64,91.0,-1.3,6-4,0-1,1-2,1-2,13-6,2026-02-24,15,11,0.577,0,1,0.0,1,2,0.333,1,2,0.333,13,6,0.684,8,8,0.5,4,8,0.333,6,4,0.6,2026-02-23,
,Arizona,Big 12,120,121,59,122,11-16,2-14,9-2,0-8,62.0,355,151,-7.26,104.0,-1.55,1-9,0-6,0-5,3-2,8-3,2026-02-24,11,16,0.407,0,6,0.0,0,5,0.0,3,2,0.6,8,3,0.727,2,14,0.125,0,8,0.0,1,9,0.1,2026-02-23,
,Navy,Patriot,121,120,303,227,18-7,13-2,5-5,8-4,308.0,224,108,-5.02,208.0,-3.52,9-1,0-1,1-1,1-0,16-5,2026-02-24,18,7,0.72,0,1,0.0,1,1,0.5,1,0,1.0,16,5,0.762,13,2,0.867,8,4,0.667,9,1,0.9,2026-02-23,
,Southern Ind.,OVC,122,122,251,207,16-8,13-5,3-3,7-5,266.0,155,125,-5.83,114.0,-1.83,6-4,0-1,0-0,0-2,16-5,2026-02-24,16,8,0.667,0,1,0.0,0,0,,0,2,0.0,16,5,0.762,13,5,0.722,7,5,0.583,6,4,0.6,2026-02-23,
,Wake Forest,ACC,123,123,96,154,14-14,4-12,10-2,3-5,69.0,360,120,-5.71,107.0,-1.65,2-8,0-6,0-6,1-1,13-1,2026-02-24,14,14,0.5,0,6,0.0,0,6,0.0,1,1,0.5,13,1,0.929,4,12,0.25,3,5,0.375,2,8,0.2,2026-02-23,
,High Point,Big South,124,124,355,261,22-4,13-2,9-2,8-3,358.0,329,83,-2.97,84.0,-1.12,8-2,0-0,0-1,2-0,20-3,2026-02-24,22,4,0.846,0,0,,0,1,0.0,2,0,1.0,20,3,0.87,13,2,0.867,8,3,0.727,8,2,0.8,2026-02-23,
,Penn,Ivy League,125,125,160,179,13-9,5-6,8-3,4-5,116.0,248,112,-5.23,100.0,-1.5,5-5,0-2,1-2,0-3,12-2,2026-02-24,13,9,0.591,0,2,0.0,1,2,0.333,0,3,0.0,12,2,0.857,5,6,0.455,4,5,0.444,5,5,0.5,2026-02-23,
,UNI,MVC,126,126,123,168,13-13,9-7,4-6,7-8,121.0,44,181,-8.64,167.0,-2.81,5-5,0-2,0-2,1-3,12-6,2026-02-24,13,13,0.5,0,2,0.0,0,2,0.0,1,3,0.25,12,6,0.667,9,7,0.562,7,8,0.467,5,5,0.5,2026-02-23,
,UC San Diego,Big West,127,127,263,215,17-8,13-3,4-5,9-4,290.0,274,126,-5.86,224.0,-3.9,7-3,0-1,1-0,0-1,16-6,2026-02-24,17,8,0.68,0,1,0.0,1,0,1.0,0,1,0.0,16,6,0.727,13,3,0.812,9,4,0.692,7,3,0.7,2026-02-23,
,Portland,WCC,128,128,117,166,14-12,10-6,4-6,6-8,118.0,96,157,-7.61,209.0,-3.53,6-4,0-2,1-1,1-6,12-3,2026-02-24,14,12,0.538,0,2,0.0,1,1,0.5,1,6,0.143,12,3,0.8,10,6,0.625,6,8,0.429,6,4,0.6,2026-02-23,
,Brown,Ivy League,129,129,199,193,14-8,7-4,7-4,7-7,179.0,342,111,-5.07,199.0,-3.36,6-4,0-1,0-3,1-1,13-3,2026-02-24,14,8,0.636,0,1,0.0,0,3,0.0,1,1,0.5,13,3,0.812,7,4,0.636,7,7,0.5,6,4,0.6,2026-02-23,
,Youngstown St.,Horizon,130,130,263,215,19-8,14-5,5-3,11-4,299.0,205,124,-5.81,111.0,-1.73,8-2,0-1,0-0,1-1,18-6,2026-02-24,19,8,0.704,0,1,0.0,0,0,,1,1,0.5,18,6,0.75,14,5,0.737,11,4,0.733,8,2,0.8,2026-02-23,
,Northwestern,Big Ten,131,131,10,88,8-19,2-14,6-5,1-10,13.0,261,138,-6.53,212.0,-3.57,1-9,0-11,0-4,1-2,7-2,2026-02-24,8,19,0.296,0,11,0.0,0,4,0.0,1,2,0.333,7,2,0.778,2,14,0.125,1,10,0.091,1,9,0.1,2026-02-23,
,UTSA,American,132,132,89,149,11-13,7-7,4-6,4-8,114.0,79,185,-8.84,198.0,-3.33,4-6,0-2,0-2,0-3,11-6,2026-02-24,11,13,0.458,0,2,0.0,0,2,0.0,0,3,0.0,11,6,0.647,7,7,0.5,4,8,0.333,4,6,0.4,2026-02-23,
,Missouri St.,CUSA,133,133,164,180,16-11,7-2,9-9,6-5,286.0,290,182,-8.68,328.0,-7.0,4-6,0-0,0-1,1-3,15-7,2026-02-24,16,11,0.593,0,0,,0,1,0.0,1,3,0.25,15,7,0.682,7,2,0.778,6,5,0.545,4,6,0.4,2026-02-23,
,Grand Canyon,Mountain West,134,134,78,138,10-17,9-8,1-9,4-8,98.0,46,242,-11.79,293.0,-5.84,5-5,0-2,0-4,3-3,7-8,2026-02-24,10,17,0.37,0,2,0.0,0,4,0.0,3,3,0.5,7,8,0.467,9,8,0.529,4,8,0.333,5,5,0.5,2026-02-23,
,Coastal Carolina,Sun Belt,135,135,120,167,11-16,6-10,5-6,4-9,123.0,129,237,-11.55,214.0,-3.68,4-6,0-2,0-3,0-5,11-6,2026-02-24,11,16,0.407,0,2,0.0,0,3,0.0,0,5,0.0,11,6,0.647,6,10,0.375,4,9,0.308,4,6,0.4,2026-02-23,
,Jacksonville,ASUN,136,136,231,202,18-7,12-4,6-3,8-5,176.0,53,94,-3.63,57.0,-0.3,9-1,0-2,0-1,1-1,17-3,2026-02-24,18,7,0.72,0,2,0.0,0,1,0.0,1,1,0.5,17,3,0.85,12,4,0.75,8,5,0.615,9,1,0.9,2026-02-23,
,FDU,NEC,137,137,362,284,22-4,15-0,7-4,12-3,343.0,260,76,-2.52,148.0,-2.57,10-0,0-1,0-1,0-0,22-2,2026-02-24,22,4,0.846,0,1,0.0,0,1,0.0,0,0,,22,2,0.917,15,0,1.0,12,3,0.8,10,0,1.0,2026-02-23,
,Temple,American,138,138,79,139,12-14,6-8,6-6,3-8,88.0,32,174,-8.25,112.0,-1.79,5-5,0-5,0-1,2-1,10-7,2026-02-24,12,14,0.462,0,5,0.0,0,1,0.0,2,1,0.667,10,7,0.588,6,8,0.429,3,8,0.273,5,5,0.5,2026-02-23,
,Bryant,America East,139,139,315,231,16-9,8-6,8-3,9-5,352.0,362,164,-7.8,160.0,-2.74,4-6,0-0,0-0,0-2,16-7,2026-02-24,16,9,0.64,0,0,,0,0,,0,2,0.0,16,7,0.696,8,6,0.571,9,5,0.643,4,6,0.4,2026-02-23,
,Butler,Big East,140,140,67,128,10-18,4-14,6-4,1-9,74.0,194,221,-10.54,135.0,-2.34,2-8,0-4,0-5,1-4,9-5,2026-02-24,10,18,0.357,0,4,0.0,0,5,0.0,1,4,0.2,9,5,0.643,4,14,0.222,1,9,0.1,2,8,0.2,2026-02-23,
,California Baptist,WAC,141,141,216,197,17-10,11-3,6-7,8-5,282.0,262,160,-7.65,269.0,-5.31,7-3,0-1,0-1,1-2,16-6,2026-02-24,17,10,0.63,0,1,0.0,0,1,0.0,1,2,0.333,16,6,0.727,11,3,0.786,8,5,0.615,7,3,0.7,2026-02-23,
,Northern Colo.,Big Sky,142,142,239,205,17-8,11-4,6-4,9-4,279.0,292,122,-5.79,172.0,-2.94,7-3,0-1,0-1,1-2,16-4,2026-02-24,17,8,0.68,0,1,0.0,0,1,0.0,1,2,0.333,16,4,0.8,11,4,0.733,9,4,0.692,7,3,0.7,2026-02-23,
,UCF,Big 12,143,143,63,125,10-17,2-14,8-3,1-7,58.0,341,171,-8.06,133.0,-2.32,1-9,0-6,2-3,1-4,7-4,2026-02-24,10,17,0.37,0,6,0.0,2,3,0.4,1,4,0.2,7,4,0.636,2,14,0.125,1,7,0.125,1,9,0.1,2026-02-23,
,Maine,America East,144,144,160,179,15-12,10-4,5-8,7-8,146.0,107,168,-7.99,257.0,-4.95,7-3,0-1,2-2,1-4,12-5,2026-02-24,15,12,0.556,0,1,0.0,2,2,0.5,1,4,0.2,12,5,0.706,10,4,0.714,7,8,0.467,7,3,0.7,2026-02-23,
,Providence,Big East,145,145,82,142,14-15,7-11,7-4,2-8,77.0,230,161,-7.71,138.0,-2.39,5-5,0-4,0-4,2-2,12-5,2026-02-24,14,15,0.483,0,4,0.0,0,4,0.0,2,2,0.5,12,5,0.706,7,11,0.389,2,8,0.2,5,5,0.5,2026-02-23,
,Old Dominion,Sun Belt,146,146,99,156,16-12,8-8,8-4,6-4,107.0,105,147,-7.01,87.0,-1.15,5-5,0-3,0-2,2-3,14-4,2026-02-24,16,12,0.571,0,3,0.0,0,2,0.0,2,3,0.4,14,4,0.778,8,8,0.5,6,4,0.6,5,5,0.5,2026-02-23,
,UC Santa Barbara,Big West,147,147,297,224,17-8,10-7,7-1,9-4,297.0,207,128,-5.93,44.0,0.25,5-5,0-1,0-1,0-0,17-6,2026-02-24,17,8,0.68,0,1,0.0,0,1,0.0,0,0,,17,6,0.739,10,7,0.588,9,4,0.692,5,5,0.5,2026-02-23,
,Tulsa,American,148,148,186,189,17-9,9-5,8-4,6-5,200.0,210,121,-5.78,126.0,-2.15,6-4,0-1,1-1,1-3,15-4,2026-02-24,17,9,0.654,0,1,0.0,1,1,0.5,1,3,0.25,15,4,0.789,9,5,0.643,6,5,0.545,6,4,0.6,2026-02-23,
,Illinois St.,MVC,149,149,186,189,16-11,10-6,6-5,3-7,196.0,136,156,-7.6,159.0,-2.73,7-3,0-2,0-1,0-3,16-5,2026-02-24,16,11,0.593,0,2,0.0,0,1,0.0,0,3,0.0,16,5,0.762,10,6,0.625,3,7,0.3,7,3,0.7,2026-02-23,
,Bradley,MVC,150,151,225,200,18-9,12-5,6-4,6-7,247.0,200,133,-6.21,137.0,-2.38,8-2,0-1,0-0,0-5,18-3,2026-02-24,18,9,0.667,0,1,0.0,0,0,,0,5,0.0,18,3,0.857,12,5,0.706,6,7,0.462,8,2,0.8,2026-02-23,
,Cleveland St.,Horizon,151,150,297,224,19-8,11-7,8-1,4-7,351.0,354,144,-6.67,66.0,-0.62,7-3,0-0,0-0,1-2,18-6,2026-02-24,19,8,0.704,0,0,,0,0,,1,2,0.333,18,6,0.75,11,7,0.611,4,7,0.364,7,3,0.7,2026-02-23,
,ULM,Sun Belt,152,152,115,165,12-14,6-10,6-4,4-10,115.0,112,198,-9.55,110.0,-1.71,5-5,0-2,0-4,1-2,11-6,2026-02-24,12,14,0.462,0,2,0.0,0,4,0.0,1,2,0.333,11,6,0.647,6,10,0.375,4,10,0.286,5,5,0.5,2026-02-23,
,Toledo,MAC,153,153,180,187,13-11,8-6,5-5,4-8,187.0,174,166,-7.89,189.0,-3.22,6-4,0-1,0-3,2-1,11-6,2026-02-24,13,11,0.542,0,1,0.0,0,3,0.0,2,1,0.667,11,6,0.647,8,6,0.571,4,8,0.333,6,4,0.6,2026-02-23,
,Howard,MEAC,154,155,290,222,20-7,10-1,10-6,9-7,229.0,166,97,-3.96,180.0,-3.05,9-1,0-2,1-1,1-1,18-3,2026-02-24,20,7,0.741,0,2,0.0,1,1,0.5,1,1,0.5,18,3,0.857,10,1,0.909,9,7,0.562,9,1,0.9,2026-02-23,
,Purdue Fort Wayne,Horizon,155,154,237,204,15-12,10-8,5-4,4-8,243.0,116,193,-9.16,123.0,-2.0,5-5,0-2,0-0,1-2,14-8,2026-02-24,15,12,0.556,0,2,0.0,0,0,,1,2,0.333,14,8,0.636,10,8,0.556,4,8,0.333,5,5,0.5,2026-02-23,
,Austin Peay,ASUN,156,156,261,213,13-11,7-9,6-2,10-3,289.0,215,190,-8.95,73.0,-0.79,4-6,0-1,0-0,0-2,13-8,2026-02-24,13,11,0.542,0,1,0.0,0,0,,0,2,0.0,13,8,0.619,7,9,0.438,10,3,0.769,4,6,0.4,2026-02-23,
,Drexel,CAA,157,157,290,222,16-8,10-4,6-4,7-5,349.0,330,145,-6.72,188.0,-3.21,9-1,0-0,0-1,0-2,16-5,2026-02-24,16,8,0.667,0,0,,0,1,0.0,0,2,0.0,16,5,0.762,10,4,0.714,7,5,0.583,9,1,0.9,2026-02-23,
,UC Davis,Big West,158,158,239,205,19-7,14-3,5-4,9-5,277.0,206,105,-4.68,151.0,-2.59,9-1,0-0,0-3,1-1,18-3,2026-02-24,19,7,0.731,0,0,,0,3,0.0,1,1,0.5,18,3,0.857,14,3,0.824,9,5,0.643,9,1,0.9,2026-02-23,
,Hawaii,Big West,159,159,183,188,14-10,10-6,4-4,4-4,284.0,268,167,-7.92,177.0,-3.01,9-1,0-0,0-2,1-3,13-5,2026-02-24,14,10,0.583,0,0,,0,2,0.0,1,3,0.25,13,5,0.722,10,6,0.625,4,4,0.5,9,1,0.9,2026-02-23,
,Fresno St.,Mountain West,160,160,199,193,13-14,8-9,5-5,4-10,178.0,175,220,-10.4,191.0,-3.23,5-5,0-1,0-4,0-4,13-5,2026-02-24,13,14,0.481,0,1,0.0,0,4,0.0,0,4,0.0,13,5,0.722,8,9,0.471,4,10,0.286,5,5,0.5,2026-02-23,
,Middle Tenn.,CUSA,161,161,176,186,14-12,9-5,5-7,5-7,206.0,151,186,-8.85,247.0,-4.63,5-5,0-1,0-2,0-3,14-6,2026-02-24,14,12,0.538,0,1,0.0,0,2,0.0,0,3,0.0,14,6,0.7,9,5,0.643,5,7,0.417,5,5,0.5,2026-02-23,
,Rutgers,Big Ten,162,162,30,103,9-18,1-15,8-3,1-9,21.0,231,130,-5.96,95.0,-1.39,1-9,0-11,1-2,2-3,6-2,2026-02-24,9,18,0.333,0,11,0.0,1,2,0.333,2,3,0.4,6,2,0.75,1,15,0.062,1,9,0.1,1,9,0.1,2026-02-23,
,Southern Utah,WAC,163,163,206,195,16-8,11-4,5-4,5-7,322.0,297,134,-6.27,183.0,-3.09,8-2,0-0,0-1,0-4,16-3,2026-02-24,16,8,0.667,0,0,,0,1,0.0,0,4,0.0,16,3,0.842,11,4,0.733,5,7,0.417,8,2,0.8,2026-02-23,
,Sam Houston,CUSA,164,164,189,190,13-9,8-5,5-4,6-6,163.0,84,127,-5.92,108.0,-1.65,5-5,0-2,0-1,1-0,12-6,2026-02-24,13,9,0.591,0,2,0.0,0,1,0.0,1,0,1.0,12,6,0.667,8,5,0.615,6,6,0.5,5,5,0.5,2026-02-23,
,Binghamton,America East,165,165,189,190,16-9,10-4,6-5,6-6,175.0,120,118,-5.63,150.0,-2.58,6-4,0-2,0-1,1-1,15-5,2026-02-24,16,9,0.64,0,2,0.0,0,1,0.0,1,1,0.5,15,5,0.75,10,4,0.714,6,6,0.5,6,4,0.6,2026-02-23,
,Charlotte,American,166,166,91,150,12-15,6-8,6-7,3-7,104.0,75,210,-10.0,204.0,-3.5,4-6,0-3,0-3,1-1,11-8,2026-02-24,12,15,0.444,0,3,0.0,0,3,0.0,1,1,0.5,11,8,0.579,6,8,0.429,3,7,0.3,4,6,0.4,2026-02-23,
,Holy Cross,Patriot,167,168,248,206,18-9,12-4,6-5,7-6,227.0,118,129,-5.95,147.0,-2.56,8-2,0-2,0-1,2-1,16-5,2026-02-24,18,9,0.667,0,2,0.0,0,1,0.0,2,1,0.667,16,5,0.762,12,4,0.75,7,6,0.538,8,2,0.8,2026-02-23,
,George Washington,Atlantic 10,168,169,123,168,13-15,6-10,7-5,3-9,181.0,303,229,-11.28,220.0,-3.85,4-6,0-0,1-5,0-2,12-8,2026-02-24,13,15,0.464,0,0,,1,5,0.167,0,2,0.0,12,8,0.6,6,10,0.375,3,9,0.25,4,6,0.4,2026-02-23,
,Kent St.,MAC,169,167,123,168,11-13,7-7,4-6,4-9,117.0,56,189,-8.94,179.0,-3.04,7-3,0-2,0-1,0-5,11-5,2026-02-24,11,13,0.458,0,2,0.0,0,1,0.0,0,5,0.0,11,5,0.688,7,7,0.5,4,9,0.308,7,3,0.7,2026-02-23,
,Liberty,CUSA,170,170,147,175,12-12,6-6,6-6,6-5,155.0,99,177,-8.55,182.0,-3.09,6-4,0-1,1-2,0-2,11-7,2026-02-24,12,12,0.5,0,1,0.0,1,2,0.333,0,2,0.0,11,7,0.611,6,6,0.5,6,5,0.545,6,4,0.6,2026-02-23,
,FIU,CUSA,171,171,219,198,16-9,10-5,6-4,5-5,335.0,333,152,-7.35,193.0,-3.27,7-3,0-0,0-1,0-2,16-6,2026-02-24,16,9,0.64,0,0,,0,1,0.0,0,2,0.0,16,6,0.727,10,5,0.667,5,5,0.5,7,3,0.7,2026-02-23,
,Ohio,MAC,172,172,199,193,14-10,9-5,5-5,6-5,305.0,311,172,-8.07,232.0,-4.09,5-5,0-0,0-3,1-0,13-7,2026-02-24,14,10,0.583,0,0,,0,3,0.0,1,0,1.0,13,7,0.65,9,5,0.643,6,5,0.545,5,5,0.5,2026-02-23,
,FGCU,ASUN,173,173,103,160,11-14,9-7,2-7,6-6,122.0,27,207,-9.81,215.0,-3.73,4-6,0-1,1-2,1-4,9-7,2026-02-24,11,14,0.44,0,1,0.0,1,2,0.333,1,4,0.2,9,7,0.562,9,7,0.562,6,6,0.5,4,6,0.4,2026-02-23,
,San Francisco,WCC,174,174,117,166,15-11,9-7,6-4,6-5,210.0,253,165,-7.87,156.0,-2.66,6-4,0-0,0-2,1-7,14-2,2026-02-24,15,11,0.577,0,0,,0,2,0.0,1,7,0.125,14,2,0.875,9,7,0.562,6,5,0.545,6,4,0.6,2026-02-23,
,Tulane,American,175,175,103,160,10-16,5-9,5-7,3-6,113.0,104,235,-11.49,234.0,-4.15,4-6,0-3,0-2,0-2,10-9,2026-02-24,10,16,0.385,0,3,0.0,0,2,0.0,0,2,0.0,10,9,0.526,5,9,0.357,3,6,0.333,4,6,0.4,2026-02-23,
,Stetson,ASUN,176,177,253,209,16-9,11-5,5-4,7-6,260.0,179,141,-6.59,141.0,-2.42,8-2,0-1,0-1,1-0,15-7,2026-02-24,16,9,0.64,0,1,0.0,0,1,0.0,1,0,1.0,15,7,0.682,11,5,0.688,7,6,0.538,8,2,0.8,2026-02-23,
,Houston,Big 12,177,176,13,90,7-20,1-15,6-5,1-10,39.0,320,200,-9.67,229.0,-4.02,1-9,0-6,0-6,0-6,7-2,2026-02-24,7,20,0.259,0,6,0.0,0,6,0.0,0,6,0.0,7,2,0.778,1,15,0.062,1,10,0.091,1,9,0.1,2026-02-23,
,Saint Mary's (CA),WCC,178,178,135,172,13-14,6-10,7-4,8-5,152.0,111,213,-10.07,97.0,-1.46,4-6,0-2,0-2,0-5,13-5,2026-02-24,13,14,0.481,0,2,0.0,0,2,0.0,0,5,0.0,13,5,0.722,6,10,0.375,8,5,0.615,4,6,0.4,2026-02-23,
,La Salle,Atlantic 10,179,179,132,171,14-12,8-8,6-4,8-5,140.0,239,169,-8.05,149.0,-2.57,5-5,0-1,1-4,0-2,13-5,2026-02-24,14,12,0.538,0,1,0.0,1,4,0.2,0,2,0.0,13,5,0.722,8,8,0.5,8,5,0.615,5,5,0.5,2026-02-23,
,Oral Roberts,Summit League,180,180,135,172,11-13,7-7,4-6,5-9,85.0,59,158,-7.64,181.0,-3.06,5-5,0-3,0-4,3-1,8-5,2026-02-24,11,13,0.458,0,3,0.0,0,4,0.0,3,1,0.75,8,5,0.615,7,7,0.5,5,9,0.357,5,5,0.5,2026-02-23,
,SFA,Southland,181,181,336,242,18-8,14-5,4-3,6-4,355.0,308,146,-6.89,136.0,-2.35,7-3,0-0,0-0,0-3,18-5,2026-02-24,18,8,0.692,0,0,,0,0,,0,3,0.0,18,5,0.783,14,5,0.737,6,4,0.6,7,3,0.7,2026-02-23,
,Lamar University,Southland,182,182,315,231,16-9,14-5,2-4,5-8,310.0,137,148,-7.04,162.0,-2.77,7-3,0-0,0-2,0-2,16-5,2026-02-24,16,9,0.64,0,0,,0,2,0.0,0,2,0.0,16,5,0.762,14,5,0.737,5,8,0.385,7,3,0.7,2026-02-23,
,UAB,American,183,183,160,179,10-15,3-11,7-4,2-9,215.0,266,248,-12.03,153.0,-2.62,3-7,0-1,0-1,0-4,10-9,2026-02-24,10,15,0.4,0,1,0.0,0,1,0.0,0,4,0.0,10,9,0.526,3,11,0.214,2,9,0.182,3,7,0.3,2026-02-23,
,UAlbany,America East,184,184,248,206,13-13,4-10,9-3,5-8,195.0,156,203,-9.71,70.0,-0.69,3-7,0-3,0-0,0-2,13-8,2026-02-24,13,13,0.5,0,3,0.0,0,0,,0,2,0.0,13,8,0.619,4,10,0.286,5,8,0.385,3,7,0.3,2026-02-23,
,Dayton,Atlantic 10,185,185,140,173,14-13,7-9,7-4,6-6,165.0,291,195,-9.25,169.0,-2.82,5-5,0-0,2-5,0-1,12-7,2026-02-24,14,13,0.519,0,0,,2,5,0.286,0,1,0.0,12,7,0.632,7,9,0.438,6,6,0.5,5,5,0.5,2026-02-23,
,Lehigh,Patriot,186,186,239,205,15-11,11-4,4-7,6-7,281.0,199,183,-8.71,268.0,-5.22,7-3,0-0,0-2,2-1,13-8,2026-02-24,15,11,0.577,0,0,,0,2,0.0,2,1,0.667,13,8,0.619,11,4,0.733,6,7,0.462,7,3,0.7,2026-02-23,
,App State,Sun Belt,187,187,110,162,9-16,4-12,5-4,3-11,108.0,126,239,-11.62,124.0,-2.09,3-7,0-2,0-4,0-2,9-8,2026-02-24,9,16,0.36,0,2,0.0,0,4,0.0,0,2,0.0,9,8,0.529,4,12,0.25,3,11,0.214,3,7,0.3,2026-02-23,
,Southern Miss.,Sun Belt,188,188,132,171,12-14,7-9,5-5,4-7,143.0,185,215,-10.12,192.0,-3.27,3-7,0-2,0-3,1-1,11-8,2026-02-24,12,14,0.462,0,2,0.0,0,3,0.0,1,1,0.5,11,8,0.579,7,9,0.438,4,7,0.364,3,7,0.3,2026-02-23,
,Monmouth,CAA,189,190,303,227,15-8,11-4,4-4,9-5,323.0,233,136,-6.34,170.0,-2.84,7-3,0-1,0-0,0-0,15-7,2026-02-24,15,8,0.652,0,1,0.0,0,0,,0,0,,15,7,0.682,11,4,0.733,9,5,0.643,7,3,0.7,2026-02-23,
,Eastern Mich.,MAC,190,189,156,178,11-13,5-9,6-4,4-10,153.0,170,197,-9.52,127.0,-2.18,5-5,0-1,0-3,0-3,11-6,2026-02-24,11,13,0.458,0,1,0.0,0,3,0.0,0,3,0.0,11,6,0.647,5,9,0.357,4,10,0.286,5,5,0.5,2026-02-23,
,Northern Ky.,Horizon,191,191,149,176,14-15,11-7,3-8,6-8,180.0,85,228,-11.15,265.0,-5.14,6-4,0-2,0-1,2-1,12-11,2026-02-24,14,15,0.483,0,2,0.0,0,1,0.0,2,1,0.667,12,11,0.522,11,7,0.611,6,8,0.429,6,4,0.6,2026-02-23,
,NJIT,America East,192,192,279,219,17-11,8-7,9-4,9-5,306.0,310,184,-8.76,165.0,-2.81,5-5,0-1,0-0,0-2,17-8,2026-02-24,17,11,0.607,0,1,0.0,0,0,,0,2,0.0,17,8,0.68,8,7,0.533,9,5,0.643,5,5,0.5,2026-02-23,
,Bowling Green,MAC,193,193,142,174,11-12,7-8,4-4,3-8,147.0,88,180,-8.62,122.0,-1.94,5-5,0-1,0-2,0-4,11-5,2026-02-24,11,12,0.478,0,1,0.0,0,2,0.0,0,4,0.0,11,5,0.688,7,8,0.467,3,8,0.273,5,5,0.5,2026-02-23,
,UMBC,America East,194,194,216,197,11-13,8-6,3-7,6-7,214.0,163,216,-10.14,266.0,-5.14,6-4,1-1,0-0,1-1,9-11,2026-02-24,11,13,0.458,1,1,0.5,0,0,,1,1,0.5,9,11,0.45,8,6,0.571,6,7,0.462,6,4,0.6,2026-02-23,
,Loyola Chicago,Atlantic 10,195,196,120,167,13-14,9-7,4-7,8-5,150.0,251,212,-10.05,281.0,-5.52,7-3,0-2,0-2,0-3,13-7,2026-02-24,13,14,0.481,0,2,0.0,0,2,0.0,0,3,0.0,13,7,0.65,9,7,0.562,8,5,0.615,7,3,0.7,2026-02-23,
,Morehead St.,OVC,196,197,216,197,16-12,12-6,4-6,7-8,141.0,49,163,-7.78,171.0,-2.9,7-3,0-3,0-0,1-2,15-7,2026-02-24,16,12,0.571,0,3,0.0,0,0,,1,2,0.333,15,7,0.682,12,6,0.667,7,8,0.467,7,3,0.7,2026-02-23,
,Chattanooga,SoCon,197,195,329,240,16-7,10-2,6-5,6-3,345.0,295,119,-5.7,222.0,-3.88,8-2,0-0,0-2,0-0,16-5,2026-02-24,16,7,0.696,0,0,,0,2,0.0,0,0,,16,5,0.762,10,2,0.833,6,3,0.667,8,2,0.8,2026-02-23,
,UTRGV,Southland,198,198,263,215,15-11,14-5,1-6,10-4,166.0,16,154,-7.4,187.0,-3.16,8-2,0-2,0-1,0-3,15-5,2026-02-24,15,11,0.577,0,2,0.0,0,1,0.0,0,3,0.0,15,5,0.75,14,5,0.737,10,4,0.714,8,2,0.8,2026-02-23,
,Cal St. Fullerton,Big West,199,199,276,218,14-11,12-5,2-6,7-5,348.0,358,201,-9.67,287.0,-5.69,8-2,0-0,0-1,0-1,14-9,2026-02-24,14,11,0.56,0,0,,0,1,0.0,0,1,0.0,14,9,0.609,12,5,0.706,7,5,0.583,8,2,0.8,2026-02-23,
,Alabama A&M,SWAC,200,200,332,241,15-9,14-1,1-8,7-5,130.0,15,113,-5.25,238.0,-4.33,10-0,0-3,0-1,0-2,15-3,2026-02-24,15,9,0.625,0,3,0.0,0,1,0.0,0,2,0.0,15,3,0.833,14,1,0.933,7,5,0.583,10,0,1.0,2026-02-23,
,Utah Valley,WAC,201,201,176,186,11-12,6-8,5-4,4-8,314.0,301,218,-10.27,186.0,-3.14,4-6,0-0,0-1,1-1,10-10,2026-02-24,11,12,0.478,0,0,,0,1,0.0,1,1,0.5,10,10,0.5,6,8,0.429,4,8,0.333,4,6,0.4,2026-02-23,
,Xavier,Big East,202,202,79,139,11-16,4-14,7-2,3-8,84.0,353,208,-9.89,105.0,-1.61,1-9,0-3,0-2,2-5,9-6,2026-02-24,11,16,0.407,0,3,0.0,0,2,0.0,2,5,0.286,9,6,0.6,4,14,0.222,3,8,0.273,1,9,0.1,2026-02-23,
,DePaul,Big East,203,203,63,125,7-22,4-14,3-8,0-13,73.0,171,273,-14.09,303.0,-6.01,3-7,0-5,0-3,1-5,6-9,2026-02-24,7,22,0.241,0,5,0.0,0,3,0.0,1,5,0.167,6,9,0.4,4,14,0.222,0,13,0.0,3,7,0.3,2026-02-23,
,UIC,MVC,204,204,239,205,13-14,8-8,5-6,5-8,298.0,281,241,-11.77,250.0,-4.68,5-5,0-0,1-1,0-3,12-10,2026-02-24,13,14,0.481,0,0,,1,1,0.5,0,3,0.0,12,10,0.545,8,8,0.5,5,8,0.385,5,5,0.5,2026-02-23,
,Elon,CAA,205,205,276,218,12-13,8-6,4-7,3-8,293.0,247,225,-10.9,279.0,-5.49,6-4,0-1,0-0,0-3,12-9,2026-02-24,12,13,0.48,0,1,0.0,0,0,,0,3,0.0,12,9,0.571,8,6,0.571,3,8,0.273,6,4,0.6,2026-02-23,
,Pacific,WCC,206,206,88,148,10-16,6-10,4-6,1-8,134.0,147,247,-11.98,228.0,-3.99,4-6,0-0,0-4,1-7,9-5,2026-02-24,10,16,0.385,0,0,,0,4,0.0,1,7,0.125,9,5,0.643,6,10,0.375,1,8,0.111,4,6,0.4,2026-02-23,
,Robert Morris,Horizon,207,207,299,225,15-11,10-9,5-2,8-7,353.0,363,206,-9.8,115.0,-1.84,5-5,0-0,0-0,0-2,15-9,2026-02-24,15,11,0.577,0,0,,0,0,,0,2,0.0,15,9,0.625,10,9,0.526,8,7,0.533,5,5,0.5,2026-02-23,
,SMU,ACC,208,208,63,125,9-19,2-14,7-5,2-8,63.0,252,211,-10.04,200.0,-3.39,2-8,0-8,0-3,0-2,9-6,2026-02-24,9,19,0.321,0,8,0.0,0,3,0.0,0,2,0.0,9,6,0.6,2,14,0.125,2,8,0.2,2,8,0.2,2026-02-23,
,St. Bonaventure,Atlantic 10,209,209,222,199,14-13,6-10,8-3,6-8,225.0,359,209,-9.93,155.0,-2.64,3-7,0-2,0-1,2-1,12-9,2026-02-24,14,13,0.519,0,2,0.0,0,1,0.0,2,1,0.667,12,9,0.571,6,10,0.375,6,8,0.429,3,7,0.3,2026-02-23,
,South Alabama,Sun Belt,210,210,183,188,10-17,3-13,7-4,3-10,222.0,316,270,-13.89,176.0,-3.01,1-9,0-0,0-3,0-3,10-11,2026-02-24,10,17,0.37,0,0,,0,3,0.0,0,3,0.0,10,11,0.476,3,13,0.188,3,10,0.231,1,9,0.1,2026-02-23,
,Wofford,SoCon,211,211,303,227,13-11,10-3,3-8,7-7,285.0,191,188,-8.93,304.0,-6.14,8-2,0-1,0-0,0-4,13-6,2026-02-24,13,11,0.542,0,1,0.0,0,0,,0,4,0.0,13,6,0.684,10,3,0.769,7,7,0.5,8,2,0.8,2026-02-23,
,Georgia St.,Sun Belt,212,212,81,141,7-19,4-12,3-7,3-12,105.0,172,281,-14.33,267.0,-5.2,2-8,0-1,1-4,0-3,6-11,2026-02-24,7,19,0.269,0,1,0.0,1,4,0.2,0,3,0.0,6,11,0.353,4,12,0.25,3,12,0.2,2,8,0.2,2026-02-23,
,Tarleton St.,WAC,213,213,176,186,10-14,6-9,4-5,3-9,231.0,165,232,-11.32,197.0,-3.33,4-6,0-1,0-1,0-3,10-9,2026-02-24,10,14,0.417,0,1,0.0,0,1,0.0,0,3,0.0,10,9,0.526,6,9,0.4,3,9,0.25,4,6,0.4,2026-02-23,
,Longwood,Big South,214,214,328,239,15-9,9-5,6-4,5-6,253.0,130,142,-6.6,119.0,-1.89,5-5,0-2,0-0,1-2,14-5,2026-02-24,15,9,0.625,0,2,0.0,0,0,,1,2,0.333,14,5,0.737,9,5,0.643,5,6,0.455,5,5,0.5,2026-02-23,
,West Ga.,ASUN,215,215,286,221,15-10,10-6,5-4,5-7,242.0,158,153,-7.37,132.0,-2.31,5-5,0-1,0-1,0-3,15-5,2026-02-24,15,10,0.6,0,1,0.0,0,1,0.0,0,3,0.0,15,5,0.75,10,6,0.625,5,7,0.417,5,5,0.5,2026-02-23,
,Tennessee Tech,OVC,216,216,261,213,12-13,7-11,5-2,3-8,283.0,242,224,-10.83,80.0,-1.02,4-6,0-1,0-0,0-3,12-9,2026-02-24,12,13,0.48,0,1,0.0,0,0,,0,3,0.0,12,9,0.571,7,11,0.389,3,8,0.273,4,6,0.4,2026-02-23,
,UT Arlington,WAC,217,217,164,180,10-17,4-11,6-6,1-13,189.0,132,268,-13.52,203.0,-3.47,3-7,0-1,0-2,1-1,9-13,2026-02-24,10,17,0.37,0,1,0.0,0,2,0.0,1,1,0.5,9,13,0.409,4,11,0.267,1,13,0.071,3,7,0.3,2026-02-23,
,Saint Louis,Atlantic 10,218,218,108,161,10-18,5-11,5-7,4-8,217.0,324,285,-14.7,301.0,-5.99,2-8,0-1,0-2,0-4,10-11,2026-02-24,10,18,0.357,0,1,0.0,0,2,0.0,0,4,0.0,10,11,0.476,5,11,0.312,4,8,0.333,2,8,0.2,2026-02-23,
,Memphis,American,219,219,120,167,7-19,2-12,5-7,3-10,174.0,187,301,-15.49,256.0,-4.93,1-9,0-1,0-1,0-7,7-10,2026-02-24,7,19,0.269,0,1,0.0,0,1,0.0,0,7,0.0,7,10,0.412,2,12,0.143,3,10,0.231,1,9,0.1,2026-02-23,
,Campbell,CAA,220,220,306,228,15-10,10-4,5-6,6-7,341.0,309,176,-8.51,258.0,-4.97,7-3,0-0,0-1,0-1,15-8,2026-02-24,15,10,0.6,0,0,,0,1,0.0,0,1,0.0,15,8,0.652,10,4,0.714,6,7,0.462,7,3,0.7,2026-02-23,
,Jacksonville St.,CUSA,221,221,239,205,10-14,7-7,3-7,4-9,292.0,289,246,-11.96,295.0,-5.88,4-6,0-1,0-0,0-2,10-11,2026-02-24,10,14,0.417,0,1,0.0,0,0,,0,2,0.0,10,11,0.476,7,7,0.5,4,9,0.308,4,6,0.4,2026-02-23,
,Merrimack,MAAC,222,222,336,242,15-11,13-5,2-6,7-8,302.0,287,187,-8.9,262.0,-5.09,8-2,0-1,0-2,0-2,15-6,2026-02-24,15,11,0.577,0,1,0.0,0,2,0.0,0,2,0.0,15,6,0.714,13,5,0.722,7,8,0.467,8,2,0.8,2026-02-23,
,Norfolk St.,MEAC,223,223,279,219,10-12,9-2,1-10,5-10,97.0,24,162,-7.73,296.0,-5.89,8-2,0-4,0-0,0-2,10-6,2026-02-24,10,12,0.455,0,4,0.0,0,0,,0,2,0.0,10,6,0.625,9,2,0.818,5,10,0.333,8,2,0.8,2026-02-23,
,VCU,Atlantic 10,224,225,72,133,8-20,4-12,4-8,1-9,79.0,78,264,-13.26,252.0,-4.79,2-8,0-4,0-6,0-4,8-6,2026-02-24,8,20,0.286,0,4,0.0,0,6,0.0,0,4,0.0,8,6,0.571,4,12,0.25,1,9,0.1,2,8,0.2,2026-02-23,
,Radford,Big South,225,224,329,240,16-11,10-4,6-7,6-7,280.0,202,179,-8.62,255.0,-4.92,8-2,0-2,0-0,0-3,16-6,2026-02-24,16,11,0.593,0,2,0.0,0,0,,0,3,0.0,16,6,0.727,10,4,0.714,6,7,0.462,8,2,0.8,2026-02-23,
,Southern U.,SWAC,226,227,293,223,12-11,10-4,2-7,7-9,78.0,2,116,-5.45,101.0,-1.53,7-3,0-6,0-0,1-0,11-5,2026-02-24,12,11,0.522,0,6,0.0,0,0,,1,0,1.0,11,5,0.688,10,4,0.714,7,9,0.438,7,3,0.7,2026-02-23,
,Eastern Wash.,Big Sky,227,226,206,195,11-15,6-9,5-6,5-9,250.0,258,252,-12.37,243.0,-4.54,4-6,0-0,0-3,1-3,10-9,2026-02-24,11,15,0.423,0,0,,0,3,0.0,1,3,0.25,10,9,0.526,6,9,0.4,5,9,0.357,4,6,0.4,2026-02-23,
,Delaware,CUSA,228,228,231,202,11-15,5-7,6-8,6-8,329.0,315,263,-13.21,318.0,-6.73,5-5,0-0,0-2,0-1,11-12,2026-02-24,11,15,0.423,0,0,,0,2,0.0,0,1,0.0,11,12,0.478,5,7,0.417,6,8,0.429,5,5,0.5,2026-02-23,
,William & Mary,CAA,229,229,285,220,12-12,6-8,6-4,8-4,333.0,277,219,-10.38,164.0,-2.79,5-5,0-0,0-2,1-0,11-10,2026-02-24,12,12,0.5,0,0,,0,2,0.0,1,0,1.0,11,10,0.524,6,8,0.429,8,4,0.667,5,5,0.5,2026-02-23,
,Nevada,Mountain West,230,230,103,160,7-19,4-13,3-6,1-11,235.0,334,312,-16.18,272.0,-5.36,1-9,0-0,0-2,1-6,6-11,2026-02-24,7,19,0.269,0,0,,0,2,0.0,1,6,0.143,6,11,0.353,4,13,0.235,1,11,0.083,1,9,0.1,2026-02-23,
,Air Force,Mountain West,231,231,194,191,11-15,6-11,5-4,4-11,273.0,332,256,-12.68,196.0,-3.31,4-6,0-0,0-1,0-7,11-7,2026-02-24,11,15,0.423,0,0,,0,1,0.0,0,7,0.0,11,7,0.611,6,11,0.353,4,11,0.267,4,6,0.4,2026-02-23,
,Stony Brook,CAA,232,232,276,218,12-12,10-4,2-8,4-9,307.0,211,214,-10.09,312.0,-6.46,7-3,0-1,0-1,0-1,12-9,2026-02-24,12,12,0.5,0,1,0.0,0,1,0.0,0,1,0.0,12,9,0.571,10,4,0.714,4,9,0.308,7,3,0.7,2026-02-23,
,Drake,MVC,233,233,131,170,8-18,7-9,1-9,4-6,124.0,50,269,-13.77,299.0,-5.93,4-6,0-2,0-1,0-2,8-13,2026-02-24,8,18,0.308,0,2,0.0,0,1,0.0,0,2,0.0,8,13,0.381,7,9,0.438,4,6,0.4,4,6,0.4,2026-02-23,
,Kennesaw St.,CUSA,234,234,204,194,9-14,5-10,4-4,3-8,233.0,160,234,-11.48,145.0,-2.5,4-6,0-1,0-1,0-2,9-10,2026-02-24,9,14,0.391,0,1,0.0,0,1,0.0,0,2,0.0,9,10,0.474,5,10,0.333,3,8,0.273,4,6,0.4,2026-02-23,
,Washington St.,WCC,235,235,51,115,5-24,4-12,1-12,3-10,81.0,28,321,-17.1,334.0,-7.36,2-8,0-2,0-6,1-9,4-7,2026-02-24,5,24,0.172,0,2,0.0,0,6,0.0,1,9,0.1,4,7,0.364,4,12,0.25,3,10,0.231,2,8,0.2,2026-02-23,
,North Ala.,ASUN,236,237,268,216,13-12,10-6,3-6,6-9,270.0,220,205,-9.76,248.0,-4.65,7-3,0-1,0-0,0-3,13-8,2026-02-24,13,12,0.52,0,1,0.0,0,0,,0,3,0.0,13,8,0.619,10,6,0.625,6,9,0.4,7,3,0.7,2026-02-23,
,St. Thomas (MN),Summit League,237,236,213,196,11-14,7-7,4-7,4-5,144.0,282,217,-10.27,288.0,-5.69,5-5,0-2,0-3,0-2,11-7,2026-02-24,11,14,0.44,0,2,0.0,0,3,0.0,0,2,0.0,11,7,0.611,7,7,0.5,4,5,0.444,5,5,0.5,2026-02-23,
,Towson,CAA,238,238,270,217,14-12,8-7,6-5,5-8,258.0,162,196,-9.49,173.0,-2.95,5-5,0-2,0-0,0-1,14-9,2026-02-24,14,12,0.538,0,2,0.0,0,0,,0,1,0.0,14,9,0.609,8,7,0.533,5,8,0.385,5,5,0.5,2026-02-23,
,Sacramento St.,Big Sky,239,239,225,200,10-16,6-9,4-7,5-10,303.0,313,271,-13.9,302.0,-6.0,3-7,0-0,0-2,1-1,9-13,2026-02-24,10,16,0.385,0,0,,0,2,0.0,1,1,0.5,9,13,0.409,6,9,0.4,5,10,0.333,3,7,0.3,2026-02-23,
,Fla. Atlantic,American,240,240,110,162,11-15,6-9,5-6,5-8,216.0,271,244,-11.93,249.0,-4.66,4-6,0-0,0-3,1-4,10-8,2026-02-24,11,15,0.423,0,0,,0,3,0.0,1,4,0.2,10,8,0.556,6,9,0.4,5,8,0.385,4,6,0.4,2026-02-23,
,Northwestern St.,Southland,241,241,253,209,12-13,11-8,1-5,6-7,137.0,5,192,-9.16,121.0,-1.92,5-5,0-2,0-2,1-1,11-8,2026-02-24,12,13,0.48,0,2,0.0,0,2,0.0,1,1,0.5,11,8,0.579,11,8,0.579,6,7,0.462,5,5,0.5,2026-02-23,
,Little Rock,OVC,242,242,197,192,12-14,10-8,2-6,5-9,199.0,87,223,-10.77,226.0,-3.93,5-5,0-1,0-1,0-5,12-7,2026-02-24,12,14,0.462,0,1,0.0,0,1,0.0,0,5,0.0,12,7,0.632,10,8,0.556,5,9,0.357,5,5,0.5,2026-02-23,
,UC Riverside,Big West,243,243,180,187,7-18,7-10,0-8,4-11,246.0,177,298,-15.42,315.0,-6.59,3-7,0-0,0-2,0-6,7-10,2026-02-24,7,18,0.28,0,0,,0,2,0.0,0,6,0.0,7,10,0.412,7,10,0.412,4,11,0.267,3,7,0.3,2026-02-23,
,UT Martin,OVC,244,244,206,195,10-14,9-9,1-5,4-11,249.0,143,236,-11.55,217.0,-3.79,4-6,0-1,0-0,0-5,10-8,2026-02-24,10,14,0.417,0,1,0.0,0,0,,0,5,0.0,10,8,0.556,9,9,0.5,4,11,0.267,4,6,0.4,2026-02-23,
,Boston College,ACC,245,245,53,116,5-25,1-16,4-9,1-9,60.0,278,293,-15.2,336.0,-7.43,1-9,0-7,0-6,0-6,5-6,2026-02-24,5,25,0.167,0,7,0.0,0,6,0.0,0,6,0.0,5,6,0.455,1,16,0.059,1,9,0.1,1,9,0.1,2026-02-23,
,Texas St.,Sun Belt,246,246,173,183,9-16,7-9,2-7,4-8,207.0,270,258,-12.98,297.0,-5.89,4-6,0-1,0-2,0-2,9-11,2026-02-24,9,16,0.36,0,1,0.0,0,2,0.0,0,2,0.0,9,11,0.45,7,9,0.438,4,8,0.333,4,6,0.4,2026-02-23,
,Duquesne,Atlantic 10,247,247,170,182,8-17,3-13,5-4,3-10,221.0,348,275,-14.12,213.0,-3.59,3-7,0-2,0-2,1-1,7-12,2026-02-24,8,17,0.32,0,2,0.0,0,2,0.0,1,1,0.5,7,12,0.368,3,13,0.188,3,10,0.231,3,7,0.3,2026-02-23,
,Northern Ariz.,Big Sky,248,248,164,180,8-18,6-9,2-9,5-9,256.0,237,299,-15.46,335.0,-7.43,4-6,0-0,0-2,1-6,7-10,2026-02-24,8,18,0.308,0,0,,0,2,0.0,1,6,0.143,7,10,0.412,6,9,0.4,5,9,0.357,4,6,0.4,2026-02-23,
,ETSU,SoCon,249,249,306,228,13-12,8-4,5-8,6-4,220.0,135,191,-9.1,270.0,-5.32,8-2,0-3,0-0,0-0,13-9,2026-02-24,13,12,0.52,0,3,0.0,0,0,,0,0,,13,9,0.591,8,4,0.667,6,4,0.6,8,2,0.8,2026-02-23,
,Wyoming,Mountain West,250,250,103,160,8-17,6-11,2-6,2-11,129.0,89,260,-13.06,227.0,-3.95,5-5,0-2,0-2,1-4,7-9,2026-02-24,8,17,0.32,0,2,0.0,0,2,0.0,1,4,0.2,7,9,0.438,6,11,0.353,2,11,0.154,5,5,0.5,2026-02-23,
,UMES,MEAC,251,251,248,206,13-13,8-3,5-10,8-7,198.0,145,204,-9.75,326.0,-6.98,7-3,0-2,0-1,0-1,13-9,2026-02-24,13,13,0.5,0,2,0.0,0,1,0.0,0,1,0.0,13,9,0.591,8,3,0.727,8,7,0.533,7,3,0.7,2026-02-23,
,IU Indy,Horizon,252,252,206,195,10-15,8-10,2-5,2-10,324.0,246,262,-13.2,230.0,-4.04,6-4,0-0,0-0,1-3,9-12,2026-02-24,10,15,0.4,0,0,,0,0,,1,3,0.25,9,12,0.429,8,10,0.444,2,10,0.167,6,4,0.6,2026-02-23,
,SIUE,OVC,253,253,263,215,11-14,7-11,4-3,5-9,332.0,327,251,-12.31,142.0,-2.43,6-4,0-0,0-0,1-4,10-10,2026-02-24,11,14,0.44,0,0,,0,0,,1,4,0.2,10,10,0.5,7,11,0.389,5,9,0.357,6,4,0.6,2026-02-23,
,Southeast Mo. St.,OVC,254,254,222,199,8-17,6-12,2-5,4-10,238.0,140,280,-14.32,211.0,-3.57,4-6,0-1,0-1,0-3,8-12,2026-02-24,8,17,0.32,0,1,0.0,0,1,0.0,0,3,0.0,8,12,0.4,6,12,0.333,4,10,0.286,4,6,0.4,2026-02-23,
,Furman,SoCon,255,255,290,222,12-12,8-5,4-7,7-6,156.0,61,178,-8.58,218.0,-3.81,6-4,0-2,0-3,0-0,12-7,2026-02-24,12,12,0.5,0,2,0.0,0,3,0.0,0,0,,12,7,0.632,8,5,0.615,7,6,0.538,6,4,0.6,2026-02-23,
,Fordham,Atlantic 10,256,256,206,195,9-17,2-14,7-3,3-9,171.0,343,266,-13.47,143.0,-2.45,2-8,0-2,0-4,0-1,9-10,2026-02-24,9,17,0.346,0,2,0.0,0,4,0.0,0,1,0.0,9,10,0.474,2,14,0.125,3,9,0.25,2,8,0.2,2026-02-23,
,Oakland,Horizon,257,257,156,178,9-18,7-11,2-7,5-10,154.0,42,274,-14.09,231.0,-4.05,4-6,0-2,0-1,1-3,8-12,2026-02-24,9,18,0.333,0,2,0.0,0,1,0.0,1,3,0.25,8,12,0.4,7,11,0.389,5,10,0.333,4,6,0.4,2026-02-23,
,Pittsburgh,ACC,258,258,95,153,8-20,1-15,7-5,1-9,67.0,312,240,-11.7,225.0,-3.9,0-10,0-8,0-3,0-2,8-7,2026-02-24,8,20,0.286,0,8,0.0,0,3,0.0,0,2,0.0,8,7,0.533,1,15,0.062,1,9,0.1,0,10,0.0,2026-02-23,
,UIW,Southland,259,259,286,221,11-13,11-8,0-5,5-9,167.0,4,202,-9.69,139.0,-2.4,5-5,0-2,0-1,0-3,11-7,2026-02-24,11,13,0.458,0,2,0.0,0,1,0.0,0,3,0.0,11,7,0.611,11,8,0.579,5,9,0.357,5,5,0.5,2026-02-23,
,Mercer,SoCon,260,260,348,254,14-11,6-6,8-5,7-8,346.0,318,199,-9.62,219.0,-3.84,5-5,0-0,0-2,0-1,14-8,2026-02-24,14,11,0.56,0,0,,0,2,0.0,0,1,0.0,14,8,0.636,6,6,0.5,7,8,0.467,5,5,0.5,2026-02-23,
,Loyola Maryland,Patriot,261,261,299,225,12-15,8-8,4-7,6-9,269.0,190,253,-12.58,264.0,-5.13,4-6,0-2,0-0,0-1,12-12,2026-02-24,12,15,0.444,0,2,0.0,0,0,,0,1,0.0,12,12,0.5,8,8,0.5,6,9,0.4,4,6,0.4,2026-02-23,
,Weber St.,Big Sky,262,262,128,169,6-20,3-13,3-7,2-13,136.0,90,309,-16.0,241.0,-4.44,3-7,0-0,0-6,1-3,5-11,2026-02-24,6,20,0.231,0,0,,0,6,0.0,1,3,0.25,5,11,0.312,3,13,0.188,2,13,0.133,3,7,0.3,2026-02-23,
,Utah Tech,WAC,263,263,222,199,7-17,3-12,4-5,0-9,331.0,322,297,-15.37,236.0,-4.22,2-8,0-0,0-1,0-1,7-15,2026-02-24,7,17,0.292,0,0,,0,1,0.0,0,1,0.0,7,15,0.318,3,12,0.2,0,9,0.0,2,8,0.2,2026-02-23,
,N.C. A&T,CAA,264,265,225,200,6-15,5-9,1-6,3-9,103.0,9,226,-11.07,146.0,-2.53,4-6,0-4,0-0,0-2,6-9,2026-02-24,6,15,0.286,0,4,0.0,0,0,,0,2,0.0,6,9,0.4,5,9,0.357,3,9,0.25,4,6,0.4,2026-02-23,
,Nicholls,Southland,265,264,349,255,11-14,8-11,3-3,6-9,360.0,349,259,-13.05,158.0,-2.73,4-6,0-0,0-0,0-2,11-12,2026-02-24,11,14,0.44,0,0,,0,0,,0,2,0.0,11,12,0.478,8,11,0.421,6,9,0.4,4,6,0.4,2026-02-23,
,Lipscomb,ASUN,266,266,231,202,7-18,6-10,1-8,4-11,288.0,265,307,-15.85,321.0,-6.86,3-7,0-0,0-2,0-3,7-13,2026-02-24,7,18,0.28,0,0,,0,2,0.0,0,3,0.0,7,13,0.35,6,10,0.375,4,11,0.267,3,7,0.3,2026-02-23,
,Western Mich.,MAC,267,267,170,182,8-16,4-10,4-6,3-10,132.0,93,250,-12.27,205.0,-3.51,3-7,0-2,0-1,0-4,8-9,2026-02-24,8,16,0.333,0,2,0.0,0,1,0.0,0,4,0.0,8,9,0.471,4,10,0.286,3,10,0.231,3,7,0.3,2026-02-23,
,San Diego,WCC,268,268,132,171,8-20,3-13,5-7,0-13,197.0,275,315,-16.49,283.0,-5.54,2-8,0-0,0-5,0-6,8-9,2026-02-24,8,20,0.286,0,0,,0,5,0.0,0,6,0.0,8,9,0.471,3,13,0.188,0,13,0.0,2,8,0.2,2026-02-23,
,Montana,Big Sky,269,269,108,161,6-19,4-11,2-8,3-9,106.0,51,284,-14.55,259.0,-4.97,4-6,0-2,0-2,1-5,5-10,2026-02-24,6,19,0.24,0,2,0.0,0,2,0.0,1,5,0.167,5,10,0.333,4,11,0.267,3,9,0.25,4,6,0.4,2026-02-23,
,Yale,Ivy League,270,270,170,182,6-18,2-9,4-9,4-10,191.0,325,290,-14.93,343.0,-7.91,2-8,0-0,0-3,0-7,6-8,2026-02-24,6,18,0.25,0,0,,0,3,0.0,0,7,0.0,6,8,0.429,2,9,0.182,4,10,0.286,2,8,0.2,2026-02-23,
,Wichita St.,American,271,271,113,164,5-21,3-11,2-10,1-8,213.0,257,329,-17.9,350.0,-8.4,3-7,0-1,0-3,1-0,4-17,2026-02-24,5,21,0.192,0,1,0.0,0,3,0.0,1,0,1.0,4,17,0.19,3,11,0.214,1,8,0.111,3,7,0.3,2026-02-23,
,LIU,NEC,272,272,363,306,15-9,12-3,3-6,8-5,362.0,344,175,-8.42,280.0,-5.5,7-3,0-0,0-1,0-0,15-8,2026-02-24,15,9,0.625,0,0,,0,1,0.0,0,0,,15,8,0.652,12,3,0.8,8,5,0.615,7,3,0.7,2026-02-23,
,UTEP,CUSA,273,273,253,209,10-13,4-10,6-3,3-7,254.0,173,222,-10.71,94.0,-1.38,3-7,0-1,0-1,0-2,10-9,2026-02-24,10,13,0.435,0,1,0.0,0,1,0.0,0,2,0.0,10,9,0.526,4,10,0.286,3,7,0.3,3,7,0.3,2026-02-23,
,Evansville,MVC,274,274,219,198,7-20,5-11,2-9,3-13,255.0,218,324,-17.32,333.0,-7.34,3-7,0-1,0-1,1-2,6-16,2026-02-24,7,20,0.259,0,1,0.0,0,1,0.0,1,2,0.333,6,16,0.273,5,11,0.312,3,13,0.188,3,7,0.3,2026-02-23,
,UNC Greensboro,SoCon,275,275,322,235,9-15,3-10,6-5,3-11,262.0,168,257,-12.72,175.0,-2.99,1-9,0-1,0-1,0-1,9-12,2026-02-24,9,15,0.375,0,1,0.0,0,1,0.0,0,1,0.0,9,12,0.429,3,10,0.231,3,11,0.214,1,9,0.1,2026-02-23,
,Mount St. Mary's,MAAC,276,276,347,251,13-14,9-9,4-5,6-9,252.0,159,230,-11.29,195.0,-3.31,5-5,0-2,0-2,0-1,13-9,2026-02-24,13,14,0.481,0,2,0.0,0,2,0.0,0,1,0.0,13,9,0.591,9,9,0.5,6,9,0.4,5,5,0.5,2026-02-23,
,Iona,MAAC,277,277,358,268,17-11,11-8,6-3,9-6,338.0,326,194,-9.23,129.0,-2.25,7-3,0-0,0-3,1-1,16-7,2026-02-24,17,11,0.607,0,0,,0,3,0.0,1,1,0.5,16,7,0.696,11,8,0.579,9,6,0.6,7,3,0.7,2026-02-23,
,East Texas A&M,Southland,278,278,312,230,10-14,8-11,2-3,3-8,236.0,26,233,-11.41,88.0,-1.18,5-5,0-2,0-0,0-2,10-10,2026-02-24,10,14,0.417,0,2,0.0,0,0,,0,2,0.0,10,10,0.5,8,11,0.421,3,8,0.273,5,5,0.5,2026-02-23,
,Coppin St.,MEAC,279,279,199,193,7-19,6-5,1-14,3-11,86.0,23,261,-13.2,348.0,-8.33,5-5,0-5,0-1,0-1,7-12,2026-02-24,7,19,0.269,0,5,0.0,0,1,0.0,0,1,0.0,7,12,0.368,6,5,0.545,3,11,0.214,5,5,0.5,2026-02-23,
,Lafayette,Patriot,280,280,332,241,10-17,6-10,4-7,6-10,339.0,305,296,-15.36,300.0,-5.95,3-7,0-1,0-0,0-1,10-15,2026-02-24,10,17,0.37,0,1,0.0,0,0,,0,1,0.0,10,15,0.4,6,10,0.375,6,10,0.375,3,7,0.3,2026-02-23,
,Boston U.,Patriot,281,281,270,217,8-18,5-11,3-7,6-9,296.0,232,306,-15.84,284.0,-5.54,4-6,0-1,0-0,0-4,8-13,2026-02-24,8,18,0.308,0,1,0.0,0,0,,0,4,0.0,8,13,0.381,5,11,0.312,6,9,0.4,4,6,0.4,2026-02-23,
,Southern Ill.,MVC,282,282,225,200,7-16,6-10,1-6,2-8,326.0,323,282,-14.36,275.0,-5.4,5-5,0-0,0-0,0-3,7-13,2026-02-24,7,16,0.304,0,0,,0,0,,0,3,0.0,7,13,0.35,6,10,0.375,2,8,0.2,5,5,0.5,2026-02-23,
,Siena,MAAC,283,283,352,258,11-16,9-9,2-7,5-10,321.0,340,272,-14.04,310.0,-6.43,4-6,0-0,0-3,0-2,11-11,2026-02-24,11,16,0.407,0,0,,0,3,0.0,0,2,0.0,11,11,0.5,9,9,0.5,5,10,0.333,4,6,0.4,2026-02-23,
,Utah St.,Mountain West,284,284,135,172,5-20,2-15,3-5,1-13,185.0,127,318,-16.73,194.0,-3.31,0-10,0-1,0-1,0-6,5-12,2026-02-24,5,20,0.2,0,1,0.0,0,1,0.0,0,6,0.0,5,12,0.294,2,15,0.118,1,13,0.071,0,10,0.0,2026-02-23,
,Wright St.,Horizon,285,285,270,217,8-19,6-12,2-7,3-12,301.0,259,319,-16.82,292.0,-5.82,4-6,0-1,0-0,0-2,8-16,2026-02-24,8,19,0.296,0,1,0.0,0,0,,0,2,0.0,8,16,0.333,6,12,0.333,3,12,0.2,4,6,0.4,2026-02-23,
,Akron,MAC,286,286,149,176,5-20,4-10,1-10,1-11,170.0,154,316,-16.59,342.0,-7.86,4-6,0-2,0-0,0-4,5-14,2026-02-24,5,20,0.2,0,2,0.0,0,0,,0,4,0.0,5,14,0.263,4,10,0.286,1,11,0.083,4,6,0.4,2026-02-23,
,CSUN,Big West,287,287,230,201,7-16,5-11,2-5,3-9,313.0,280,277,-14.25,235.0,-4.16,3-7,0-0,0-1,0-4,7-11,2026-02-24,7,16,0.304,0,0,,0,1,0.0,0,4,0.0,7,11,0.389,5,11,0.312,3,9,0.25,3,7,0.3,2026-02-23,
,CSU Bakersfield,Big West,288,288,236,203,6-19,2-14,4-5,4-9,317.0,338,323,-17.15,239.0,-4.38,1-9,0-0,0-2,0-3,6-14,2026-02-24,6,19,0.24,0,0,,0,2,0.0,0,3,0.0,6,14,0.3,2,14,0.125,4,9,0.308,1,9,0.1,2026-02-23,
,New Hampshire,America East,289,289,206,195,6-19,2-12,4-7,3-13,237.0,236,313,-16.31,276.0,-5.42,2-8,0-1,0-0,0-5,6-13,2026-02-24,6,19,0.24,0,1,0.0,0,0,,0,5,0.0,6,13,0.316,2,12,0.143,3,13,0.188,2,8,0.2,2026-02-23,
,Manhattan,MAAC,290,290,268,216,9-18,9-9,0-9,4-9,182.0,113,283,-14.43,325.0,-6.96,5-5,0-1,0-5,0-2,9-10,2026-02-24,9,18,0.333,0,1,0.0,0,5,0.0,0,2,0.0,9,10,0.474,9,9,0.5,4,9,0.308,5,5,0.5,2026-02-23,
,Hofstra,CAA,291,291,225,200,5-19,4-10,1-9,3-9,161.0,65,303,-15.62,305.0,-6.15,3-7,0-2,0-1,0-2,5-14,2026-02-24,5,19,0.208,0,2,0.0,0,1,0.0,0,2,0.0,5,14,0.263,4,10,0.286,3,9,0.25,3,7,0.3,2026-02-23,
,Samford,SoCon,292,292,253,209,9-17,5-7,4-10,4-13,119.0,57,254,-12.62,294.0,-5.86,4-6,0-4,0-1,0-1,9-11,2026-02-24,9,17,0.346,0,4,0.0,0,1,0.0,0,1,0.0,9,11,0.45,5,7,0.417,4,13,0.235,4,6,0.4,2026-02-23,
,Northeastern,CAA,293,293,293,223,7-18,3-12,4-6,4-10,354.0,351,320,-16.89,285.0,-5.56,2-8,0-0,0-0,0-1,7-17,2026-02-24,7,18,0.28,0,0,,0,0,,0,1,0.0,7,17,0.292,3,12,0.2,4,10,0.286,2,8,0.2,2026-02-23,
,Kansas City,Summit League,294,294,149,176,4-21,4-11,0-10,2-11,95.0,106,311,-16.14,338.0,-7.64,2-8,0-2,0-4,0-4,4-11,2026-02-24,4,21,0.16,0,2,0.0,0,4,0.0,0,4,0.0,4,11,0.267,4,11,0.267,2,11,0.154,2,8,0.2,2026-02-23,
,Marist,MAAC,295,295,263,215,10-18,7-11,3-7,2-9,226.0,203,287,-14.82,274.0,-5.4,4-6,0-1,0-3,0-2,10-12,2026-02-24,10,18,0.357,0,1,0.0,0,3,0.0,0,2,0.0,10,12,0.455,7,11,0.389,2,9,0.182,4,6,0.4,2026-02-23,
,Western Ky.,CUSA,296,296,213,196,6-18,3-11,3-7,2-11,193.0,123,291,-14.95,253.0,-4.85,2-8,0-2,0-1,0-1,6-14,2026-02-24,6,18,0.25,0,2,0.0,0,1,0.0,0,1,0.0,6,14,0.3,3,11,0.214,2,11,0.154,2,8,0.2,2026-02-23,
,North Florida,ASUN,297,299,213,196,7-18,4-12,3-6,4-10,190.0,71,286,-14.8,207.0,-3.52,3-7,0-2,0-2,0-1,7-13,2026-02-24,7,18,0.28,0,2,0.0,0,2,0.0,0,1,0.0,7,13,0.35,4,12,0.25,4,10,0.286,3,7,0.3,2026-02-23,
,New Mexico St.,CUSA,298,298,167,181,5-18,4-10,1-8,2-10,257.0,182,305,-15.76,311.0,-6.44,2-8,0-1,0-0,0-3,5-14,2026-02-24,5,18,0.217,0,1,0.0,0,0,,0,3,0.0,5,14,0.263,4,10,0.286,2,10,0.167,2,8,0.2,2026-02-23,
,Denver,Summit League,299,297,156,178,7-18,4-11,3-7,2-11,145.0,283,279,-14.28,291.0,-5.81,3-7,0-1,0-4,0-3,7-10,2026-02-24,7,18,0.28,0,1,0.0,0,4,0.0,0,3,0.0,7,10,0.412,4,11,0.267,2,11,0.154,3,7,0.3,2026-02-23,
,Alabama St.,SWAC,300,300,332,241,12-11,11-4,1-7,7-8,94.0,3,137,-6.37,144.0,-2.48,9-1,0-5,0-0,0-1,12-5,2026-02-24,12,11,0.522,0,5,0.0,0,0,,0,1,0.0,12,5,0.706,11,4,0.733,7,8,0.467,9,1,0.9,2026-02-23,
,Bucknell,Patriot,301,301,279,219,9-17,6-10,3-7,4-11,294.0,209,288,-14.82,277.0,-5.46,5-5,0-1,0-0,0-5,9-11,2026-02-24,9,17,0.346,0,1,0.0,0,0,,0,5,0.0,9,11,0.45,6,10,0.375,4,11,0.267,5,5,0.5,2026-02-23,
,Alcorn,SWAC,302,302,322,235,11-11,11-3,0-8,5-7,110.0,11,149,-7.16,237.0,-4.27,8-2,0-3,0-1,0-1,11-6,2026-02-24,11,11,0.5,0,3,0.0,0,1,0.0,0,1,0.0,11,6,0.647,11,3,0.786,5,7,0.417,8,2,0.8,2026-02-23,
,Indiana St.,MVC,303,303,260,212,8-18,5-12,3-6,3-10,300.0,244,308,-15.89,251.0,-4.75,3-7,0-1,0-0,0-1,8-16,2026-02-24,8,18,0.308,0,1,0.0,0,0,,0,1,0.0,8,16,0.333,5,12,0.294,3,10,0.231,3,7,0.3,2026-02-23,
,Houston Christian,Southland,304,304,279,219,6-18,6-13,0-5,3-13,232.0,22,295,-15.32,184.0,-3.1,3-7,0-1,0-2,0-2,6-13,2026-02-24,6,18,0.25,0,1,0.0,0,2,0.0,0,2,0.0,6,13,0.316,6,13,0.316,3,13,0.188,3,7,0.3,2026-02-23,
,Cornell,Ivy League,305,305,149,176,7-16,3-8,4-8,6-7,120.0,317,249,-12.13,322.0,-6.92,2-8,0-1,1-4,1-2,5-9,2026-02-24,7,16,0.304,0,1,0.0,1,4,0.2,1,2,0.333,5,9,0.357,3,8,0.273,6,7,0.462,2,8,0.2,2026-02-23,
,Sacred Heart,MAAC,306,306,332,241,11-15,10-8,1-7,5-8,271.0,196,255,-12.68,286.0,-5.69,5-5,0-1,0-2,0-3,11-9,2026-02-24,11,15,0.423,0,1,0.0,0,2,0.0,0,3,0.0,11,9,0.55,10,8,0.556,5,8,0.385,5,5,0.5,2026-02-23,
,Milwaukee,Horizon,307,307,231,202,6-21,4-14,2-7,3-12,330.0,319,345,-19.15,306.0,-6.19,2-8,0-0,0-0,0-4,6-17,2026-02-24,6,21,0.222,0,0,,0,0,,0,4,0.0,6,17,0.261,4,14,0.222,3,12,0.2,2,8,0.2,2026-02-23,
,Winthrop,Big South,308,308,329,240,10-15,6-8,4-7,4-10,169.0,68,238,-11.56,223.0,-3.9,3-7,0-3,0-1,0-1,10-10,2026-02-24,10,15,0.4,0,3,0.0,0,1,0.0,0,1,0.0,10,10,0.5,6,8,0.429,4,10,0.286,3,7,0.3,2026-02-23,
,Dartmouth,Ivy League,309,309,189,190,7-14,1-10,6-4,4-9,164.0,347,227,-11.08,206.0,-3.51,1-9,0-1,0-3,0-4,7-6,2026-02-24,7,14,0.333,0,1,0.0,0,3,0.0,0,4,0.0,7,6,0.538,1,10,0.091,4,9,0.308,1,9,0.1,2026-02-23,
,Detroit Mercy,Horizon,310,310,231,202,5-21,3-15,2-6,1-10,264.0,169,336,-18.59,244.0,-4.54,1-9,0-1,0-0,0-2,5-18,2026-02-24,5,21,0.192,0,1,0.0,0,0,,0,2,0.0,5,18,0.217,3,15,0.167,1,10,0.091,1,9,0.1,2026-02-23,
,Jackson St.,SWAC,311,311,315,231,8-17,7-7,1-10,4-10,159.0,48,267,-13.47,314.0,-6.59,6-4,0-3,0-1,0-2,8-11,2026-02-24,8,17,0.32,0,3,0.0,0,1,0.0,0,2,0.0,8,11,0.421,7,7,0.5,4,10,0.286,6,4,0.6,2026-02-23,
,Grambling,SWAC,312,316,319,234,7-17,7-7,0-10,3-11,274.0,142,289,-14.86,346.0,-7.98,5-5,0-1,0-0,0-4,7-12,2026-02-24,7,17,0.292,0,1,0.0,0,0,,0,4,0.0,7,12,0.368,7,7,0.5,3,11,0.214,5,5,0.5,2026-02-23,
,Buffalo,MAC,313,312,147,175,2-24,0-14,2-10,0-12,192.0,219,354,-20.68,347.0,-8.2,0-10,0-1,0-2,0-4,2-17,2026-02-24,2,24,0.077,0,1,0.0,0,2,0.0,0,4,0.0,2,17,0.105,0,14,0.0,0,12,0.0,0,10,0.0,2026-02-23,
,Eastern Ill.,OVC,314,313,180,187,4-25,3-15,1-10,2-14,158.0,69,355,-20.9,323.0,-6.92,1-9,0-2,0-2,0-3,4-18,2026-02-24,4,25,0.138,0,2,0.0,0,2,0.0,0,3,0.0,4,18,0.182,3,15,0.167,2,14,0.125,1,9,0.1,2026-02-23,
,Portland St.,Big Sky,315,314,194,191,5-21,2-13,3-8,1-13,276.0,307,338,-18.68,324.0,-6.95,1-9,0-1,0-1,0-2,5-17,2026-02-24,5,21,0.192,0,1,0.0,0,1,0.0,0,2,0.0,5,17,0.227,2,13,0.133,1,13,0.071,1,9,0.1,2026-02-23,
,Hampton,CAA,316,315,286,221,6-17,3-11,3-6,3-7,356.0,345,310,-16.04,282.0,-5.53,1-9,0-0,0-0,0-2,6-15,2026-02-24,6,17,0.261,0,0,,0,0,,0,2,0.0,6,15,0.286,3,11,0.214,3,7,0.3,1,9,0.1,2026-02-23,
,NIU,MAC,317,317,197,192,5-22,2-13,3-9,2-14,245.0,294,346,-19.2,340.0,-7.76,2-8,0-1,0-1,0-3,5-17,2026-02-24,5,22,0.185,0,1,0.0,0,1,0.0,0,3,0.0,5,17,0.227,2,13,0.133,2,14,0.125,2,8,0.2,2026-02-23,
,N.C. Central,MEAC,318,318,279,219,6-17,4-7,2-10,2-10,133.0,70,265,-13.44,316.0,-6.68,4-6,0-3,0-0,0-2,6-12,2026-02-24,6,17,0.261,0,3,0.0,0,0,,0,2,0.0,6,12,0.333,4,7,0.364,2,10,0.167,4,6,0.4,2026-02-23,
,Colgate,Patriot,319,319,252,208,5-21,2-14,3-7,2-12,272.0,195,337,-18.68,271.0,-5.34,1-9,0-1,0-2,0-2,5-16,2026-02-24,5,21,0.192,0,1,0.0,0,2,0.0,0,2,0.0,5,16,0.238,2,14,0.125,2,12,0.143,1,9,0.1,2026-02-23,
,American,Patriot,320,320,279,219,6-21,4-12,2-9,2-11,337.0,302,347,-19.27,344.0,-7.95,2-8,0-1,0-0,0-2,6-18,2026-02-24,6,21,0.222,0,1,0.0,0,0,,0,2,0.0,6,18,0.25,4,12,0.25,2,11,0.154,2,8,0.2,2026-02-23,
,San Jose St.,Mountain West,321,321,103,160,3-24,2-15,1-9,0-15,148.0,124,353,-20.04,320.0,-6.85,2-8,0-1,0-4,0-4,3-15,2026-02-24,3,24,0.111,0,1,0.0,0,4,0.0,0,4,0.0,3,15,0.167,2,15,0.118,0,15,0.0,2,8,0.2,2026-02-23,
,Louisiana,Sun Belt,322,322,113,164,3-23,2-15,1-8,2-10,172.0,240,348,-19.47,317.0,-6.72,3-7,0-1,0-2,0-3,3-17,2026-02-24,3,23,0.115,0,1,0.0,0,2,0.0,0,3,0.0,3,17,0.15,2,15,0.118,2,10,0.167,3,7,0.3,2026-02-23,
,Charleston So.,Big South,323,323,270,217,7-19,6-8,1-11,4-10,173.0,77,300,-15.48,341.0,-7.79,4-6,0-2,0-1,0-5,7-11,2026-02-24,7,19,0.269,0,2,0.0,0,1,0.0,0,5,0.0,7,11,0.389,6,8,0.429,4,10,0.286,4,6,0.4,2026-02-23,
,Gardner-Webb,Big South,324,324,352,258,11-17,8-6,3-11,5-10,350.0,331,302,-15.59,358.0,-9.93,6-4,0-1,0-0,0-2,11-14,2026-02-24,11,17,0.393,0,1,0.0,0,0,,0,2,0.0,11,14,0.44,8,6,0.571,5,10,0.333,6,4,0.6,2026-02-23,
,Wagner,NEC,325,325,357,267,10-14,7-7,3-7,4-9,267.0,153,243,-11.84,261.0,-5.05,6-4,0-2,0-1,0-0,10-11,2026-02-24,10,14,0.417,0,2,0.0,0,1,0.0,0,0,,10,11,0.476,7,7,0.5,4,9,0.308,6,4,0.6,2026-02-23,
,UNCW,CAA,326,327,306,228,5-20,2-13,3-7,1-13,315.0,276,333,-18.13,290.0,-5.79,1-9,0-1,0-0,0-2,5-17,2026-02-24,5,20,0.2,0,1,0.0,0,0,,0,2,0.0,5,17,0.227,2,13,0.133,1,13,0.071,1,9,0.1,2026-02-23,
,Tennessee St.,OVC,327,326,194,191,4-23,3-15,1-8,0-13,201.0,109,349,-19.67,298.0,-5.91,1-9,0-2,0-0,0-3,4-18,2026-02-24,4,23,0.148,0,2,0.0,0,0,,0,3,0.0,4,18,0.182,3,15,0.167,0,13,0.0,1,9,0.1,2026-02-23,
,Ark.-Pine Bluff,SWAC,328,328,336,242,10-14,8-7,2-7,4-11,291.0,133,245,-11.96,263.0,-5.11,6-4,0-1,0-0,0-3,10-10,2026-02-24,10,14,0.417,0,1,0.0,0,0,,0,3,0.0,10,10,0.5,8,7,0.533,4,11,0.267,6,4,0.6,2026-02-23,
,Mercyhurst,NEC,329,329,341,245,11-15,11-4,0-11,8-8,157.0,45,231,-11.3,337.0,-7.52,8-2,0-4,0-0,0-0,11-11,2026-02-24,11,15,0.423,0,4,0.0,0,0,,0,0,,11,11,0.5,11,4,0.733,8,8,0.5,8,2,0.8,2026-02-23,
,Rider,MAAC,330,331,350,256,7-20,5-13,2-7,3-12,347.0,328,335,-18.56,307.0,-6.27,3-7,0-0,0-2,0-2,7-16,2026-02-24,7,20,0.259,0,0,,0,2,0.0,0,2,0.0,7,16,0.304,5,13,0.278,3,12,0.2,3,7,0.3,2026-02-23,
,North Dakota,Summit League,331,330,176,186,4-21,3-11,1-10,1-10,135.0,164,322,-17.15,345.0,-7.96,2-8,0-1,0-4,0-3,4-13,2026-02-24,4,21,0.16,0,1,0.0,0,4,0.0,0,3,0.0,4,13,0.235,3,11,0.214,1,10,0.091,2,8,0.2,2026-02-23,
,Queens (NC),ASUN,332,332,312,230,7-18,3-13,4-5,4-10,261.0,180,304,-15.62,202.0,-3.43,2-8,0-1,0-1,0-1,7-15,2026-02-24,7,18,0.28,0,1,0.0,0,1,0.0,0,1,0.0,7,15,0.318,3,13,0.188,4,10,0.286,2,8,0.2,2026-02-23,
,UNC Asheville,Big South,333,333,359,270,8-17,6-9,2-8,5-7,361.0,361,314,-16.37,339.0,-7.71,5-5,0-0,0-0,0-2,8-15,2026-02-24,8,17,0.32,0,0,,0,0,,0,2,0.0,8,15,0.348,6,9,0.4,5,7,0.417,5,5,0.5,2026-02-23,
,Long Beach St.,Big West,334,334,142,174,2-23,2-14,0-9,0-13,208.0,139,352,-19.98,330.0,-7.16,2-8,0-1,0-2,0-3,2-17,2026-02-24,2,23,0.08,0,1,0.0,0,2,0.0,0,3,0.0,2,17,0.105,2,14,0.125,0,13,0.0,2,8,0.2,2026-02-23,
,Stonehill,NEC,335,335,354,260,9-16,5-9,4-7,2-10,316.0,221,276,-14.15,273.0,-5.36,4-6,0-1,0-0,0-1,9-14,2026-02-24,9,16,0.36,0,1,0.0,0,0,,0,1,0.0,9,14,0.391,5,9,0.357,2,10,0.167,4,6,0.4,2026-02-23,
,Texas Southern,SWAC,336,336,319,234,5-18,5-10,0-8,3-12,125.0,13,278,-14.28,240.0,-4.41,1-9,0-3,0-0,0-3,5-12,2026-02-24,5,18,0.217,0,3,0.0,0,0,,0,3,0.0,5,12,0.294,5,10,0.333,3,12,0.2,1,9,0.1,2026-02-23,
,Canisius,MAAC,337,337,324,236,5-22,3-15,2-7,1-12,212.0,117,340,-18.78,260.0,-5.0,2-8,0-2,0-2,0-2,5-16,2026-02-24,5,22,0.185,0,2,0.0,0,2,0.0,0,2,0.0,5,16,0.238,3,15,0.167,1,12,0.077,2,8,0.2,2026-02-23,
,Florida A&M,SWAC,338,338,341,245,6-19,6-9,0-10,1-13,336.0,222,325,-17.37,351.0,-8.51,3-7,0-0,0-2,0-1,6-16,2026-02-24,6,19,0.24,0,0,,0,2,0.0,0,1,0.0,6,16,0.273,6,9,0.4,1,13,0.071,3,7,0.3,2026-02-23,
,Seattle U,WCC,339,339,142,174,3-22,1-15,2-7,0-13,203.0,249,343,-18.93,289.0,-5.78,0-10,0-1,0-1,0-7,3-13,2026-02-24,3,22,0.12,0,1,0.0,0,1,0.0,0,7,0.0,3,13,0.188,1,15,0.062,0,13,0.0,0,10,0.0,2026-02-23,
,A&M-Corpus Christi,Southland,340,340,270,217,4-21,4-15,0-6,1-13,265.0,97,339,-18.69,242.0,-4.52,2-8,0-1,0-1,0-3,4-16,2026-02-24,4,21,0.16,0,1,0.0,0,1,0.0,0,3,0.0,4,16,0.2,4,15,0.211,1,13,0.071,2,8,0.2,2026-02-23,
,Southeastern La.,Southland,341,341,239,205,3-22,3-16,0-6,0-13,138.0,7,334,-18.18,174.0,-2.95,2-8,0-3,0-0,0-3,3-16,2026-02-24,3,22,0.12,0,3,0.0,0,0,,0,3,0.0,3,16,0.158,3,16,0.158,0,13,0.0,2,8,0.2,2026-02-23,
,Cal Poly,Big West,342,342,142,174,1-23,1-15,0-8,0-14,111.0,19,341,-18.83,254.0,-4.88,0-10,0-2,0-3,0-1,1-17,2026-02-24,1,23,0.042,0,2,0.0,0,3,0.0,0,1,0.0,1,17,0.056,1,15,0.062,0,14,0.0,0,10,0.0,2026-02-23,
,Saint Peter's,MAAC,343,343,306,228,6-20,6-12,0-8,5-9,304.0,293,330,-17.91,331.0,-7.17,4-6,0-0,0-3,0-1,6-16,2026-02-24,6,20,0.231,0,0,,0,3,0.0,0,1,0.0,6,16,0.273,6,12,0.333,5,9,0.357,4,6,0.4,2026-02-23,
,Bethune-Cookman,SWAC,344,344,327,238,4-21,4-11,0-10,1-12,194.0,52,328,-17.83,327.0,-6.98,3-7,0-2,0-2,0-0,4-17,2026-02-24,4,21,0.16,0,2,0.0,0,2,0.0,0,0,,4,17,0.19,4,11,0.267,1,12,0.077,3,7,0.3,2026-02-23,
,UMass Lowell,America East,345,345,257,210,5-19,2-12,3-7,3-12,340.0,350,327,-17.56,313.0,-6.55,2-8,0-0,0-0,0-2,5-17,2026-02-24,5,19,0.208,0,0,,0,0,,0,2,0.0,5,17,0.227,2,12,0.143,3,12,0.2,2,8,0.2,2026-02-23,
,Chicago St.,NEC,346,346,341,245,8-20,7-8,1-12,3-14,278.0,181,326,-17.52,356.0,-9.73,6-4,0-1,0-1,0-2,8-16,2026-02-24,8,20,0.286,0,1,0.0,0,1,0.0,0,2,0.0,8,16,0.333,7,8,0.467,3,14,0.176,6,4,0.6,2026-02-23,
,USC Upstate,Big South,347,347,344,248,7-18,5-9,2-9,4-10,223.0,102,292,-15.14,308.0,-6.36,5-5,0-3,0-0,0-1,7-14,2026-02-24,7,18,0.28,0,3,0.0,0,0,,0,1,0.0,7,14,0.333,5,9,0.357,4,10,0.286,5,5,0.5,2026-02-23,
,New Haven,NEC,348,348,361,279,5-19,5-8,0-11,1-10,357.0,335,332,-18.01,361.0,-10.22,2-8,0-0,0-1,0-0,5-18,2026-02-24,5,19,0.208,0,0,,0,1,0.0,0,0,,5,18,0.217,5,8,0.385,1,10,0.091,2,8,0.2,2026-02-23,
,New Orleans,Southland,349,349,257,210,3-23,3-16,0-7,2-13,211.0,34,350,-19.88,245.0,-4.55,2-8,0-2,0-1,0-2,3-18,2026-02-24,3,23,0.115,0,2,0.0,0,1,0.0,0,2,0.0,3,18,0.143,3,16,0.158,2,13,0.133,2,8,0.2,2026-02-23,
,Delaware St.,MEAC,350,350,299,225,2-21,2-9,0-12,2-12,287.0,234,344,-19.03,362.0,-10.27,2-8,0-1,0-0,0-1,2-19,2026-02-24,2,21,0.087,0,1,0.0,0,0,,0,1,0.0,2,19,0.095,2,9,0.182,2,12,0.143,2,8,0.2,2026-02-23,
,Western Caro.,SoCon,351,351,293,223,0-24,0-13,0-11,0-12,244.0,144,357,-21.5,352.0,-8.78,0-10,0-1,0-2,0-1,0-20,2026-02-24,0,24,0.0,0,1,0.0,0,2,0.0,0,1,0.0,0,20,0.0,0,13,0.0,0,12,0.0,0,10,0.0,2026-02-23,
,Morgan St.,MEAC,352,352,239,205,3-22,3-8,0-14,2-14,126.0,74,331,-17.99,360.0,-10.19,3-7,0-3,0-2,0-0,3-17,2026-02-24,3,22,0.12,0,3,0.0,0,2,0.0,0,0,,3,17,0.15,3,8,0.273,2,14,0.125,3,7,0.3,2026-02-23,
,Le Moyne,NEC,353,353,351,257,9-18,8-7,1-11,5-11,248.0,119,294,-15.24,349.0,-8.34,5-5,0-2,0-2,0-1,9-13,2026-02-24,9,18,0.333,0,2,0.0,0,2,0.0,0,1,0.0,9,13,0.409,8,7,0.533,5,11,0.312,5,5,0.5,2026-02-23,
,Mississippi Val.,SWAC,354,354,324,236,6-20,5-10,1-10,2-14,186.0,58,317,-16.61,319.0,-6.76,3-7,0-3,0-1,0-1,6-15,2026-02-24,6,20,0.231,0,3,0.0,0,1,0.0,0,1,0.0,6,15,0.286,5,10,0.333,2,14,0.125,3,7,0.3,2026-02-23,
,Omaha,Summit League,355,355,123,168,2-25,2-12,0-13,1-14,101.0,149,351,-19.92,363.0,-10.42,2-8,0-2,0-5,0-3,2-15,2026-02-24,2,25,0.074,0,2,0.0,0,5,0.0,0,3,0.0,2,15,0.118,2,12,0.143,1,14,0.067,2,8,0.2,2026-02-23,
,Valparaiso,MVC,356,356,239,205,0-27,0-16,0-11,0-15,295.0,285,363,-24.74,355.0,-9.72,0-10,0-1,0-0,0-3,0-23,2026-02-24,0,27,0.0,0,1,0.0,0,0,,0,3,0.0,0,23,0.0,0,16,0.0,0,15,0.0,0,10,0.0,2026-02-23,
,South Carolina St.,MEAC,357,357,336,242,3-21,2-9,1-12,2-10,268.0,227,342,-18.85,359.0,-10.09,2-8,0-1,0-1,0-1,3-18,2026-02-24,3,21,0.125,0,1,0.0,0,1,0.0,0,1,0.0,3,18,0.143,2,9,0.182,2,10,0.167,2,8,0.2,2026-02-23,
,Saint Francis,NEC,358,358,360,278,2-23,2-13,0-10,1-13,363.0,357,359,-22.5,354.0,-9.61,1-9,0-0,0-0,0-0,2-23,2026-02-24,2,23,0.08,0,0,,0,0,,0,0,,2,23,0.08,2,13,0.133,1,13,0.071,1,9,0.1,2026-02-23,
,Prairie View,SWAC,359,359,336,242,0-24,0-15,0-9,0-16,224.0,62,356,-21.26,309.0,-6.39,0-10,0-2,0-1,0-0,0-21,2026-02-24,0,24,0.0,0,2,0.0,0,1,0.0,0,0,,0,21,0.0,0,15,0.0,0,16,0.0,0,10,0.0,2026-02-23,
,Bellarmine,ASUN,360,360,149,176,1-27,0-16,1-11,1-14,112.0,39,358,-22.14,329.0,-7.01,0-10,0-4,0-0,0-3,1-20,2026-02-24,1,27,0.036,0,4,0.0,0,0,,0,3,0.0,1,20,0.048,0,16,0.0,1,14,0.067,0,10,0.0,2026-02-23,
,Niagara,MAAC,361,361,326,237,1-26,1-17,0-9,0-15,230.0,148,361,-22.96,332.0,-7.19,1-9,0-2,0-2,0-1,1-21,2026-02-24,1,26,0.037,0,2,0.0,0,2,0.0,0,1,0.0,1,21,0.045,1,17,0.056,0,15,0.0,1,9,0.1,2026-02-23,
,Central Conn. St.,NEC,362,362,356,263,1-25,1-14,0-11,0-14,328.0,235,362,-23.19,353.0,-9.41,1-9,0-1,0-0,0-2,1-22,2026-02-24,1,25,0.038,0,1,0.0,0,0,,0,2,0.0,1,22,0.043,1,14,0.067,0,14,0.0,1,9,0.1,2026-02-23,
,Presbyterian,Big South,363,363,344,248,1-24,1-13,0-11,1-12,342.0,296,360,-22.58,357.0,-9.88,1-9,0-1,0-0,0-2,1-21,2026-02-24,1,24,0.04,0,1,0.0,0,0,,0,2,0.0,1,21,0.045,1,13,0.071,1,12,0.077,1,9,0.1,2026-02-23,
